ID,Level,Garden,Theme,Objective,Materials,DIY,Steps,Evidence,Challenge,Safety
FF-201,Primary 4-6,Raised Food Garden,Food Origin,"Investigate food origin in the Raised Food Garden using measurable evidence and explain how production decisions affect food quantity, quality or handling.","Journal, labels, ruler/tape, balance where available, clean containers, tally sheet, calculator, handwashing supplies.","Use locally available baskets, clean reused food-grade containers, handmade labels, paper process cards and simple balances/measuring vessels where suitable.","1. Frame a question about food origin. 2. Select samples. 3. Measure or classify evidence. 4. Record quantities and quality observations. 5. Trace the product through at least four farm-to-food stages. 6. Explain one risk, loss point or improvement.","Data table plus process sequence, calculation or evidence-based explanation.","Recommend one practical change that could improve quality, handling efficiency or reduce loss.","No tasting unless the school has separately approved a supervised food activity. Wash hands before and after handling produce. Use only clean, teacher-approved samples and containers. Teachers control knives, heat, electrical equipment, chemicals and any processing machinery."
FF-202,Primary 4-6,Raised Food Garden,Harvest Readiness,"Investigate harvest readiness in the Raised Food Garden using measurable evidence and explain how production decisions affect food quantity, quality or handling.","Journal, labels, ruler/tape, balance where available, clean containers, tally sheet, calculator, handwashing supplies.","Use locally available baskets, clean reused food-grade containers, handmade labels, paper process cards and simple balances/measuring vessels where suitable.","1. Frame a question about harvest readiness. 2. Select samples. 3. Measure or classify evidence. 4. Record quantities and quality observations. 5. Trace the product through at least four farm-to-food stages. 6. Explain one risk, loss point or improvement.","Data table plus process sequence, calculation or evidence-based explanation.","Recommend one practical change that could improve quality, handling efficiency or reduce loss.","No tasting unless the school has separately approved a supervised food activity. Wash hands before and after handling produce. Use only clean, teacher-approved samples and containers. Teachers control knives, heat, electrical equipment, chemicals and any processing machinery."
FF-203,Primary 4-6,Raised Food Garden,Safe Handling,"Investigate safe handling in the Raised Food Garden using measurable evidence and explain how production decisions affect food quantity, quality or handling.","Journal, labels, ruler/tape, balance where available, clean containers, tally sheet, calculator, handwashing supplies.","Use locally available baskets, clean reused food-grade containers, handmade labels, paper process cards and simple balances/measuring vessels where suitable.","1. Frame a question about safe handling. 2. Select samples. 3. Measure or classify evidence. 4. Record quantities and quality observations. 5. Trace the product through at least four farm-to-food stages. 6. Explain one risk, loss point or improvement.","Data table plus process sequence, calculation or evidence-based explanation.","Recommend one practical change that could improve quality, handling efficiency or reduce loss.","No tasting unless the school has separately approved a supervised food activity. Wash hands before and after handling produce. Use only clean, teacher-approved samples and containers. Teachers control knives, heat, electrical equipment, chemicals and any processing machinery."
FF-204,Primary 4-6,Raised Food Garden,Sorting & Quality,"Investigate sorting & quality in the Raised Food Garden using measurable evidence and explain how production decisions affect food quantity, quality or handling.","Journal, labels, ruler/tape, balance where available, clean containers, tally sheet, calculator, handwashing supplies.","Use locally available baskets, clean reused food-grade containers, handmade labels, paper process cards and simple balances/measuring vessels where suitable.","1. Frame a question about sorting & quality. 2. Select samples. 3. Measure or classify evidence. 4. Record quantities and quality observations. 5. Trace the product through at least four farm-to-food stages. 6. Explain one risk, loss point or improvement.","Data table plus process sequence, calculation or evidence-based explanation.","Recommend one practical change that could improve quality, handling efficiency or reduce loss.","No tasting unless the school has separately approved a supervised food activity. Wash hands before and after handling produce. Use only clean, teacher-approved samples and containers. Teachers control knives, heat, electrical equipment, chemicals and any processing machinery."
FF-205,Primary 4-6,Raised Food Garden,Farm-to-Food Journey,"Investigate farm-to-food journey in the Raised Food Garden using measurable evidence and explain how production decisions affect food quantity, quality or handling.","Journal, labels, ruler/tape, balance where available, clean containers, tally sheet, calculator, handwashing supplies.","Use locally available baskets, clean reused food-grade containers, handmade labels, paper process cards and simple balances/measuring vessels where suitable.","1. Frame a question about farm-to-food journey. 2. Select samples. 3. Measure or classify evidence. 4. Record quantities and quality observations. 5. Trace the product through at least four farm-to-food stages. 6. Explain one risk, loss point or improvement.","Data table plus process sequence, calculation or evidence-based explanation.","Recommend one practical change that could improve quality, handling efficiency or reduce loss.","No tasting unless the school has separately approved a supervised food activity. Wash hands before and after handling produce. Use only clean, teacher-approved samples and containers. Teachers control knives, heat, electrical equipment, chemicals and any processing machinery."
FF-206,Primary 4-6,Raised Food Garden,Measurement & Yield,"Investigate measurement & yield in the Raised Food Garden using measurable evidence and explain how production decisions affect food quantity, quality or handling.","Journal, labels, ruler/tape, balance where available, clean containers, tally sheet, calculator, handwashing supplies.","Use locally available baskets, clean reused food-grade containers, handmade labels, paper process cards and simple balances/measuring vessels where suitable.","1. Frame a question about measurement & yield. 2. Select samples. 3. Measure or classify evidence. 4. Record quantities and quality observations. 5. Trace the product through at least four farm-to-food stages. 6. Explain one risk, loss point or improvement.","Data table plus process sequence, calculation or evidence-based explanation.","Recommend one practical change that could improve quality, handling efficiency or reduce loss.","No tasting unless the school has separately approved a supervised food activity. Wash hands before and after handling produce. Use only clean, teacher-approved samples and containers. Teachers control knives, heat, electrical equipment, chemicals and any processing machinery."
FF-207,Primary 4-6,Raised Food Garden,Storage & Loss,"Investigate storage & loss in the Raised Food Garden using measurable evidence and explain how production decisions affect food quantity, quality or handling.","Journal, labels, ruler/tape, balance where available, clean containers, tally sheet, calculator, handwashing supplies.","Use locally available baskets, clean reused food-grade containers, handmade labels, paper process cards and simple balances/measuring vessels where suitable.","1. Frame a question about storage & loss. 2. Select samples. 3. Measure or classify evidence. 4. Record quantities and quality observations. 5. Trace the product through at least four farm-to-food stages. 6. Explain one risk, loss point or improvement.","Data table plus process sequence, calculation or evidence-based explanation.","Recommend one practical change that could improve quality, handling efficiency or reduce loss.","No tasting unless the school has separately approved a supervised food activity. Wash hands before and after handling produce. Use only clean, teacher-approved samples and containers. Teachers control knives, heat, electrical equipment, chemicals and any processing machinery."
FF-208,Primary 4-6,Raised Food Garden,Preparation Pathway,"Investigate preparation pathway in the Raised Food Garden using measurable evidence and explain how production decisions affect food quantity, quality or handling.","Journal, labels, ruler/tape, balance where available, clean containers, tally sheet, calculator, handwashing supplies.","Use locally available baskets, clean reused food-grade containers, handmade labels, paper process cards and simple balances/measuring vessels where suitable.","1. Frame a question about preparation pathway. 2. Select samples. 3. Measure or classify evidence. 4. Record quantities and quality observations. 5. Trace the product through at least four farm-to-food stages. 6. Explain one risk, loss point or improvement.","Data table plus process sequence, calculation or evidence-based explanation.","Recommend one practical change that could improve quality, handling efficiency or reduce loss.","No tasting unless the school has separately approved a supervised food activity. Wash hands before and after handling produce. Use only clean, teacher-approved samples and containers. Teachers control knives, heat, electrical equipment, chemicals and any processing machinery."
FF-209,Primary 4-6,Raised Food Garden,Food Choice & Literacy,"Investigate food choice & literacy in the Raised Food Garden using measurable evidence and explain how production decisions affect food quantity, quality or handling.","Journal, labels, ruler/tape, balance where available, clean containers, tally sheet, calculator, handwashing supplies.","Use locally available baskets, clean reused food-grade containers, handmade labels, paper process cards and simple balances/measuring vessels where suitable.","1. Frame a question about food choice & literacy. 2. Select samples. 3. Measure or classify evidence. 4. Record quantities and quality observations. 5. Trace the product through at least four farm-to-food stages. 6. Explain one risk, loss point or improvement.","Data table plus process sequence, calculation or evidence-based explanation.","Recommend one practical change that could improve quality, handling efficiency or reduce loss.","No tasting unless the school has separately approved a supervised food activity. Wash hands before and after handling produce. Use only clean, teacher-approved samples and containers. Teachers control knives, heat, electrical equipment, chemicals and any processing machinery."
FF-210,Primary 4-6,Raised Food Garden,Waste-to-Resource,"Investigate waste-to-resource in the Raised Food Garden using measurable evidence and explain how production decisions affect food quantity, quality or handling.","Journal, labels, ruler/tape, balance where available, clean containers, tally sheet, calculator, handwashing supplies.","Use locally available baskets, clean reused food-grade containers, handmade labels, paper process cards and simple balances/measuring vessels where suitable.","1. Frame a question about waste-to-resource. 2. Select samples. 3. Measure or classify evidence. 4. Record quantities and quality observations. 5. Trace the product through at least four farm-to-food stages. 6. Explain one risk, loss point or improvement.","Data table plus process sequence, calculation or evidence-based explanation.","Recommend one practical change that could improve quality, handling efficiency or reduce loss.","No tasting unless the school has separately approved a supervised food activity. Wash hands before and after handling produce. Use only clean, teacher-approved samples and containers. Teachers control knives, heat, electrical equipment, chemicals and any processing machinery."
FF-211,Primary 4-6,Geometry Garden,Food Origin,"Investigate food origin in the Geometry Garden using measurable evidence and explain how production decisions affect food quantity, quality or handling.","Journal, labels, ruler/tape, balance where available, clean containers, tally sheet, calculator, handwashing supplies.","Use locally available baskets, clean reused food-grade containers, handmade labels, paper process cards and simple balances/measuring vessels where suitable.","1. Frame a question about food origin. 2. Select samples. 3. Measure or classify evidence. 4. Record quantities and quality observations. 5. Trace the product through at least four farm-to-food stages. 6. Explain one risk, loss point or improvement.","Data table plus process sequence, calculation or evidence-based explanation.","Recommend one practical change that could improve quality, handling efficiency or reduce loss.","No tasting unless the school has separately approved a supervised food activity. Wash hands before and after handling produce. Use only clean, teacher-approved samples and containers. Teachers control knives, heat, electrical equipment, chemicals and any processing machinery."
FF-212,Primary 4-6,Geometry Garden,Harvest Readiness,"Investigate harvest readiness in the Geometry Garden using measurable evidence and explain how production decisions affect food quantity, quality or handling.","Journal, labels, ruler/tape, balance where available, clean containers, tally sheet, calculator, handwashing supplies.","Use locally available baskets, clean reused food-grade containers, handmade labels, paper process cards and simple balances/measuring vessels where suitable.","1. Frame a question about harvest readiness. 2. Select samples. 3. Measure or classify evidence. 4. Record quantities and quality observations. 5. Trace the product through at least four farm-to-food stages. 6. Explain one risk, loss point or improvement.","Data table plus process sequence, calculation or evidence-based explanation.","Recommend one practical change that could improve quality, handling efficiency or reduce loss.","No tasting unless the school has separately approved a supervised food activity. Wash hands before and after handling produce. Use only clean, teacher-approved samples and containers. Teachers control knives, heat, electrical equipment, chemicals and any processing machinery."
FF-213,Primary 4-6,Geometry Garden,Safe Handling,"Investigate safe handling in the Geometry Garden using measurable evidence and explain how production decisions affect food quantity, quality or handling.","Journal, labels, ruler/tape, balance where available, clean containers, tally sheet, calculator, handwashing supplies.","Use locally available baskets, clean reused food-grade containers, handmade labels, paper process cards and simple balances/measuring vessels where suitable.","1. Frame a question about safe handling. 2. Select samples. 3. Measure or classify evidence. 4. Record quantities and quality observations. 5. Trace the product through at least four farm-to-food stages. 6. Explain one risk, loss point or improvement.","Data table plus process sequence, calculation or evidence-based explanation.","Recommend one practical change that could improve quality, handling efficiency or reduce loss.","No tasting unless the school has separately approved a supervised food activity. Wash hands before and after handling produce. Use only clean, teacher-approved samples and containers. Teachers control knives, heat, electrical equipment, chemicals and any processing machinery."
FF-214,Primary 4-6,Geometry Garden,Sorting & Quality,"Investigate sorting & quality in the Geometry Garden using measurable evidence and explain how production decisions affect food quantity, quality or handling.","Journal, labels, ruler/tape, balance where available, clean containers, tally sheet, calculator, handwashing supplies.","Use locally available baskets, clean reused food-grade containers, handmade labels, paper process cards and simple balances/measuring vessels where suitable.","1. Frame a question about sorting & quality. 2. Select samples. 3. Measure or classify evidence. 4. Record quantities and quality observations. 5. Trace the product through at least four farm-to-food stages. 6. Explain one risk, loss point or improvement.","Data table plus process sequence, calculation or evidence-based explanation.","Recommend one practical change that could improve quality, handling efficiency or reduce loss.","No tasting unless the school has separately approved a supervised food activity. Wash hands before and after handling produce. Use only clean, teacher-approved samples and containers. Teachers control knives, heat, electrical equipment, chemicals and any processing machinery."
FF-215,Primary 4-6,Geometry Garden,Farm-to-Food Journey,"Investigate farm-to-food journey in the Geometry Garden using measurable evidence and explain how production decisions affect food quantity, quality or handling.","Journal, labels, ruler/tape, balance where available, clean containers, tally sheet, calculator, handwashing supplies.","Use locally available baskets, clean reused food-grade containers, handmade labels, paper process cards and simple balances/measuring vessels where suitable.","1. Frame a question about farm-to-food journey. 2. Select samples. 3. Measure or classify evidence. 4. Record quantities and quality observations. 5. Trace the product through at least four farm-to-food stages. 6. Explain one risk, loss point or improvement.","Data table plus process sequence, calculation or evidence-based explanation.","Recommend one practical change that could improve quality, handling efficiency or reduce loss.","No tasting unless the school has separately approved a supervised food activity. Wash hands before and after handling produce. Use only clean, teacher-approved samples and containers. Teachers control knives, heat, electrical equipment, chemicals and any processing machinery."
FF-216,Primary 4-6,Geometry Garden,Measurement & Yield,"Investigate measurement & yield in the Geometry Garden using measurable evidence and explain how production decisions affect food quantity, quality or handling.","Journal, labels, ruler/tape, balance where available, clean containers, tally sheet, calculator, handwashing supplies.","Use locally available baskets, clean reused food-grade containers, handmade labels, paper process cards and simple balances/measuring vessels where suitable.","1. Frame a question about measurement & yield. 2. Select samples. 3. Measure or classify evidence. 4. Record quantities and quality observations. 5. Trace the product through at least four farm-to-food stages. 6. Explain one risk, loss point or improvement.","Data table plus process sequence, calculation or evidence-based explanation.","Recommend one practical change that could improve quality, handling efficiency or reduce loss.","No tasting unless the school has separately approved a supervised food activity. Wash hands before and after handling produce. Use only clean, teacher-approved samples and containers. Teachers control knives, heat, electrical equipment, chemicals and any processing machinery."
FF-217,Primary 4-6,Geometry Garden,Storage & Loss,"Investigate storage & loss in the Geometry Garden using measurable evidence and explain how production decisions affect food quantity, quality or handling.","Journal, labels, ruler/tape, balance where available, clean containers, tally sheet, calculator, handwashing supplies.","Use locally available baskets, clean reused food-grade containers, handmade labels, paper process cards and simple balances/measuring vessels where suitable.","1. Frame a question about storage & loss. 2. Select samples. 3. Measure or classify evidence. 4. Record quantities and quality observations. 5. Trace the product through at least four farm-to-food stages. 6. Explain one risk, loss point or improvement.","Data table plus process sequence, calculation or evidence-based explanation.","Recommend one practical change that could improve quality, handling efficiency or reduce loss.","No tasting unless the school has separately approved a supervised food activity. Wash hands before and after handling produce. Use only clean, teacher-approved samples and containers. Teachers control knives, heat, electrical equipment, chemicals and any processing machinery."
FF-218,Primary 4-6,Geometry Garden,Preparation Pathway,"Investigate preparation pathway in the Geometry Garden using measurable evidence and explain how production decisions affect food quantity, quality or handling.","Journal, labels, ruler/tape, balance where available, clean containers, tally sheet, calculator, handwashing supplies.","Use locally available baskets, clean reused food-grade containers, handmade labels, paper process cards and simple balances/measuring vessels where suitable.","1. Frame a question about preparation pathway. 2. Select samples. 3. Measure or classify evidence. 4. Record quantities and quality observations. 5. Trace the product through at least four farm-to-food stages. 6. Explain one risk, loss point or improvement.","Data table plus process sequence, calculation or evidence-based explanation.","Recommend one practical change that could improve quality, handling efficiency or reduce loss.","No tasting unless the school has separately approved a supervised food activity. Wash hands before and after handling produce. Use only clean, teacher-approved samples and containers. Teachers control knives, heat, electrical equipment, chemicals and any processing machinery."
FF-219,Primary 4-6,Geometry Garden,Food Choice & Literacy,"Investigate food choice & literacy in the Geometry Garden using measurable evidence and explain how production decisions affect food quantity, quality or handling.","Journal, labels, ruler/tape, balance where available, clean containers, tally sheet, calculator, handwashing supplies.","Use locally available baskets, clean reused food-grade containers, handmade labels, paper process cards and simple balances/measuring vessels where suitable.","1. Frame a question about food choice & literacy. 2. Select samples. 3. Measure or classify evidence. 4. Record quantities and quality observations. 5. Trace the product through at least four farm-to-food stages. 6. Explain one risk, loss point or improvement.","Data table plus process sequence, calculation or evidence-based explanation.","Recommend one practical change that could improve quality, handling efficiency or reduce loss.","No tasting unless the school has separately approved a supervised food activity. Wash hands before and after handling produce. Use only clean, teacher-approved samples and containers. Teachers control knives, heat, electrical equipment, chemicals and any processing machinery."
FF-220,Primary 4-6,Geometry Garden,Waste-to-Resource,"Investigate waste-to-resource in the Geometry Garden using measurable evidence and explain how production decisions affect food quantity, quality or handling.","Journal, labels, ruler/tape, balance where available, clean containers, tally sheet, calculator, handwashing supplies.","Use locally available baskets, clean reused food-grade containers, handmade labels, paper process cards and simple balances/measuring vessels where suitable.","1. Frame a question about waste-to-resource. 2. Select samples. 3. Measure or classify evidence. 4. Record quantities and quality observations. 5. Trace the product through at least four farm-to-food stages. 6. Explain one risk, loss point or improvement.","Data table plus process sequence, calculation or evidence-based explanation.","Recommend one practical change that could improve quality, handling efficiency or reduce loss.","No tasting unless the school has separately approved a supervised food activity. Wash hands before and after handling produce. Use only clean, teacher-approved samples and containers. Teachers control knives, heat, electrical equipment, chemicals and any processing machinery."
FF-221,Primary 4-6,Grid Experiment Garden,Food Origin,"Investigate food origin in the Grid Experiment Garden using measurable evidence and explain how production decisions affect food quantity, quality or handling.","Journal, labels, ruler/tape, balance where available, clean containers, tally sheet, calculator, handwashing supplies.","Use locally available baskets, clean reused food-grade containers, handmade labels, paper process cards and simple balances/measuring vessels where suitable.","1. Frame a question about food origin. 2. Select samples. 3. Measure or classify evidence. 4. Record quantities and quality observations. 5. Trace the product through at least four farm-to-food stages. 6. Explain one risk, loss point or improvement.","Data table plus process sequence, calculation or evidence-based explanation.","Recommend one practical change that could improve quality, handling efficiency or reduce loss.","No tasting unless the school has separately approved a supervised food activity. Wash hands before and after handling produce. Use only clean, teacher-approved samples and containers. Teachers control knives, heat, electrical equipment, chemicals and any processing machinery."
FF-222,Primary 4-6,Grid Experiment Garden,Harvest Readiness,"Investigate harvest readiness in the Grid Experiment Garden using measurable evidence and explain how production decisions affect food quantity, quality or handling.","Journal, labels, ruler/tape, balance where available, clean containers, tally sheet, calculator, handwashing supplies.","Use locally available baskets, clean reused food-grade containers, handmade labels, paper process cards and simple balances/measuring vessels where suitable.","1. Frame a question about harvest readiness. 2. Select samples. 3. Measure or classify evidence. 4. Record quantities and quality observations. 5. Trace the product through at least four farm-to-food stages. 6. Explain one risk, loss point or improvement.","Data table plus process sequence, calculation or evidence-based explanation.","Recommend one practical change that could improve quality, handling efficiency or reduce loss.","No tasting unless the school has separately approved a supervised food activity. Wash hands before and after handling produce. Use only clean, teacher-approved samples and containers. Teachers control knives, heat, electrical equipment, chemicals and any processing machinery."
FF-223,Primary 4-6,Grid Experiment Garden,Safe Handling,"Investigate safe handling in the Grid Experiment Garden using measurable evidence and explain how production decisions affect food quantity, quality or handling.","Journal, labels, ruler/tape, balance where available, clean containers, tally sheet, calculator, handwashing supplies.","Use locally available baskets, clean reused food-grade containers, handmade labels, paper process cards and simple balances/measuring vessels where suitable.","1. Frame a question about safe handling. 2. Select samples. 3. Measure or classify evidence. 4. Record quantities and quality observations. 5. Trace the product through at least four farm-to-food stages. 6. Explain one risk, loss point or improvement.","Data table plus process sequence, calculation or evidence-based explanation.","Recommend one practical change that could improve quality, handling efficiency or reduce loss.","No tasting unless the school has separately approved a supervised food activity. Wash hands before and after handling produce. Use only clean, teacher-approved samples and containers. Teachers control knives, heat, electrical equipment, chemicals and any processing machinery."
FF-224,Primary 4-6,Grid Experiment Garden,Sorting & Quality,"Investigate sorting & quality in the Grid Experiment Garden using measurable evidence and explain how production decisions affect food quantity, quality or handling.","Journal, labels, ruler/tape, balance where available, clean containers, tally sheet, calculator, handwashing supplies.","Use locally available baskets, clean reused food-grade containers, handmade labels, paper process cards and simple balances/measuring vessels where suitable.","1. Frame a question about sorting & quality. 2. Select samples. 3. Measure or classify evidence. 4. Record quantities and quality observations. 5. Trace the product through at least four farm-to-food stages. 6. Explain one risk, loss point or improvement.","Data table plus process sequence, calculation or evidence-based explanation.","Recommend one practical change that could improve quality, handling efficiency or reduce loss.","No tasting unless the school has separately approved a supervised food activity. Wash hands before and after handling produce. Use only clean, teacher-approved samples and containers. Teachers control knives, heat, electrical equipment, chemicals and any processing machinery."
FF-225,Primary 4-6,Grid Experiment Garden,Farm-to-Food Journey,"Investigate farm-to-food journey in the Grid Experiment Garden using measurable evidence and explain how production decisions affect food quantity, quality or handling.","Journal, labels, ruler/tape, balance where available, clean containers, tally sheet, calculator, handwashing supplies.","Use locally available baskets, clean reused food-grade containers, handmade labels, paper process cards and simple balances/measuring vessels where suitable.","1. Frame a question about farm-to-food journey. 2. Select samples. 3. Measure or classify evidence. 4. Record quantities and quality observations. 5. Trace the product through at least four farm-to-food stages. 6. Explain one risk, loss point or improvement.","Data table plus process sequence, calculation or evidence-based explanation.","Recommend one practical change that could improve quality, handling efficiency or reduce loss.","No tasting unless the school has separately approved a supervised food activity. Wash hands before and after handling produce. Use only clean, teacher-approved samples and containers. Teachers control knives, heat, electrical equipment, chemicals and any processing machinery."
FF-226,Primary 4-6,Grid Experiment Garden,Measurement & Yield,"Investigate measurement & yield in the Grid Experiment Garden using measurable evidence and explain how production decisions affect food quantity, quality or handling.","Journal, labels, ruler/tape, balance where available, clean containers, tally sheet, calculator, handwashing supplies.","Use locally available baskets, clean reused food-grade containers, handmade labels, paper process cards and simple balances/measuring vessels where suitable.","1. Frame a question about measurement & yield. 2. Select samples. 3. Measure or classify evidence. 4. Record quantities and quality observations. 5. Trace the product through at least four farm-to-food stages. 6. Explain one risk, loss point or improvement.","Data table plus process sequence, calculation or evidence-based explanation.","Recommend one practical change that could improve quality, handling efficiency or reduce loss.","No tasting unless the school has separately approved a supervised food activity. Wash hands before and after handling produce. Use only clean, teacher-approved samples and containers. Teachers control knives, heat, electrical equipment, chemicals and any processing machinery."
FF-227,Primary 4-6,Grid Experiment Garden,Storage & Loss,"Investigate storage & loss in the Grid Experiment Garden using measurable evidence and explain how production decisions affect food quantity, quality or handling.","Journal, labels, ruler/tape, balance where available, clean containers, tally sheet, calculator, handwashing supplies.","Use locally available baskets, clean reused food-grade containers, handmade labels, paper process cards and simple balances/measuring vessels where suitable.","1. Frame a question about storage & loss. 2. Select samples. 3. Measure or classify evidence. 4. Record quantities and quality observations. 5. Trace the product through at least four farm-to-food stages. 6. Explain one risk, loss point or improvement.","Data table plus process sequence, calculation or evidence-based explanation.","Recommend one practical change that could improve quality, handling efficiency or reduce loss.","No tasting unless the school has separately approved a supervised food activity. Wash hands before and after handling produce. Use only clean, teacher-approved samples and containers. Teachers control knives, heat, electrical equipment, chemicals and any processing machinery."
FF-228,Primary 4-6,Grid Experiment Garden,Preparation Pathway,"Investigate preparation pathway in the Grid Experiment Garden using measurable evidence and explain how production decisions affect food quantity, quality or handling.","Journal, labels, ruler/tape, balance where available, clean containers, tally sheet, calculator, handwashing supplies.","Use locally available baskets, clean reused food-grade containers, handmade labels, paper process cards and simple balances/measuring vessels where suitable.","1. Frame a question about preparation pathway. 2. Select samples. 3. Measure or classify evidence. 4. Record quantities and quality observations. 5. Trace the product through at least four farm-to-food stages. 6. Explain one risk, loss point or improvement.","Data table plus process sequence, calculation or evidence-based explanation.","Recommend one practical change that could improve quality, handling efficiency or reduce loss.","No tasting unless the school has separately approved a supervised food activity. Wash hands before and after handling produce. Use only clean, teacher-approved samples and containers. Teachers control knives, heat, electrical equipment, chemicals and any processing machinery."
FF-229,Primary 4-6,Grid Experiment Garden,Food Choice & Literacy,"Investigate food choice & literacy in the Grid Experiment Garden using measurable evidence and explain how production decisions affect food quantity, quality or handling.","Journal, labels, ruler/tape, balance where available, clean containers, tally sheet, calculator, handwashing supplies.","Use locally available baskets, clean reused food-grade containers, handmade labels, paper process cards and simple balances/measuring vessels where suitable.","1. Frame a question about food choice & literacy. 2. Select samples. 3. Measure or classify evidence. 4. Record quantities and quality observations. 5. Trace the product through at least four farm-to-food stages. 6. Explain one risk, loss point or improvement.","Data table plus process sequence, calculation or evidence-based explanation.","Recommend one practical change that could improve quality, handling efficiency or reduce loss.","No tasting unless the school has separately approved a supervised food activity. Wash hands before and after handling produce. Use only clean, teacher-approved samples and containers. Teachers control knives, heat, electrical equipment, chemicals and any processing machinery."
FF-230,Primary 4-6,Grid Experiment Garden,Waste-to-Resource,"Investigate waste-to-resource in the Grid Experiment Garden using measurable evidence and explain how production decisions affect food quantity, quality or handling.","Journal, labels, ruler/tape, balance where available, clean containers, tally sheet, calculator, handwashing supplies.","Use locally available baskets, clean reused food-grade containers, handmade labels, paper process cards and simple balances/measuring vessels where suitable.","1. Frame a question about waste-to-resource. 2. Select samples. 3. Measure or classify evidence. 4. Record quantities and quality observations. 5. Trace the product through at least four farm-to-food stages. 6. Explain one risk, loss point or improvement.","Data table plus process sequence, calculation or evidence-based explanation.","Recommend one practical change that could improve quality, handling efficiency or reduce loss.","No tasting unless the school has separately approved a supervised food activity. Wash hands before and after handling produce. Use only clean, teacher-approved samples and containers. Teachers control knives, heat, electrical equipment, chemicals and any processing machinery."
FF-231,Primary 4-6,Keyhole Garden,Food Origin,"Investigate food origin in the Keyhole Garden using measurable evidence and explain how production decisions affect food quantity, quality or handling.","Journal, labels, ruler/tape, balance where available, clean containers, tally sheet, calculator, handwashing supplies.","Use locally available baskets, clean reused food-grade containers, handmade labels, paper process cards and simple balances/measuring vessels where suitable.","1. Frame a question about food origin. 2. Select samples. 3. Measure or classify evidence. 4. Record quantities and quality observations. 5. Trace the product through at least four farm-to-food stages. 6. Explain one risk, loss point or improvement.","Data table plus process sequence, calculation or evidence-based explanation.","Recommend one practical change that could improve quality, handling efficiency or reduce loss.","No tasting unless the school has separately approved a supervised food activity. Wash hands before and after handling produce. Use only clean, teacher-approved samples and containers. Teachers control knives, heat, electrical equipment, chemicals and any processing machinery."
FF-232,Primary 4-6,Keyhole Garden,Harvest Readiness,"Investigate harvest readiness in the Keyhole Garden using measurable evidence and explain how production decisions affect food quantity, quality or handling.","Journal, labels, ruler/tape, balance where available, clean containers, tally sheet, calculator, handwashing supplies.","Use locally available baskets, clean reused food-grade containers, handmade labels, paper process cards and simple balances/measuring vessels where suitable.","1. Frame a question about harvest readiness. 2. Select samples. 3. Measure or classify evidence. 4. Record quantities and quality observations. 5. Trace the product through at least four farm-to-food stages. 6. Explain one risk, loss point or improvement.","Data table plus process sequence, calculation or evidence-based explanation.","Recommend one practical change that could improve quality, handling efficiency or reduce loss.","No tasting unless the school has separately approved a supervised food activity. Wash hands before and after handling produce. Use only clean, teacher-approved samples and containers. Teachers control knives, heat, electrical equipment, chemicals and any processing machinery."
FF-233,Primary 4-6,Keyhole Garden,Safe Handling,"Investigate safe handling in the Keyhole Garden using measurable evidence and explain how production decisions affect food quantity, quality or handling.","Journal, labels, ruler/tape, balance where available, clean containers, tally sheet, calculator, handwashing supplies.","Use locally available baskets, clean reused food-grade containers, handmade labels, paper process cards and simple balances/measuring vessels where suitable.","1. Frame a question about safe handling. 2. Select samples. 3. Measure or classify evidence. 4. Record quantities and quality observations. 5. Trace the product through at least four farm-to-food stages. 6. Explain one risk, loss point or improvement.","Data table plus process sequence, calculation or evidence-based explanation.","Recommend one practical change that could improve quality, handling efficiency or reduce loss.","No tasting unless the school has separately approved a supervised food activity. Wash hands before and after handling produce. Use only clean, teacher-approved samples and containers. Teachers control knives, heat, electrical equipment, chemicals and any processing machinery."
FF-234,Primary 4-6,Keyhole Garden,Sorting & Quality,"Investigate sorting & quality in the Keyhole Garden using measurable evidence and explain how production decisions affect food quantity, quality or handling.","Journal, labels, ruler/tape, balance where available, clean containers, tally sheet, calculator, handwashing supplies.","Use locally available baskets, clean reused food-grade containers, handmade labels, paper process cards and simple balances/measuring vessels where suitable.","1. Frame a question about sorting & quality. 2. Select samples. 3. Measure or classify evidence. 4. Record quantities and quality observations. 5. Trace the product through at least four farm-to-food stages. 6. Explain one risk, loss point or improvement.","Data table plus process sequence, calculation or evidence-based explanation.","Recommend one practical change that could improve quality, handling efficiency or reduce loss.","No tasting unless the school has separately approved a supervised food activity. Wash hands before and after handling produce. Use only clean, teacher-approved samples and containers. Teachers control knives, heat, electrical equipment, chemicals and any processing machinery."
FF-235,Primary 4-6,Keyhole Garden,Farm-to-Food Journey,"Investigate farm-to-food journey in the Keyhole Garden using measurable evidence and explain how production decisions affect food quantity, quality or handling.","Journal, labels, ruler/tape, balance where available, clean containers, tally sheet, calculator, handwashing supplies.","Use locally available baskets, clean reused food-grade containers, handmade labels, paper process cards and simple balances/measuring vessels where suitable.","1. Frame a question about farm-to-food journey. 2. Select samples. 3. Measure or classify evidence. 4. Record quantities and quality observations. 5. Trace the product through at least four farm-to-food stages. 6. Explain one risk, loss point or improvement.","Data table plus process sequence, calculation or evidence-based explanation.","Recommend one practical change that could improve quality, handling efficiency or reduce loss.","No tasting unless the school has separately approved a supervised food activity. Wash hands before and after handling produce. Use only clean, teacher-approved samples and containers. Teachers control knives, heat, electrical equipment, chemicals and any processing machinery."
FF-236,Primary 4-6,Keyhole Garden,Measurement & Yield,"Investigate measurement & yield in the Keyhole Garden using measurable evidence and explain how production decisions affect food quantity, quality or handling.","Journal, labels, ruler/tape, balance where available, clean containers, tally sheet, calculator, handwashing supplies.","Use locally available baskets, clean reused food-grade containers, handmade labels, paper process cards and simple balances/measuring vessels where suitable.","1. Frame a question about measurement & yield. 2. Select samples. 3. Measure or classify evidence. 4. Record quantities and quality observations. 5. Trace the product through at least four farm-to-food stages. 6. Explain one risk, loss point or improvement.","Data table plus process sequence, calculation or evidence-based explanation.","Recommend one practical change that could improve quality, handling efficiency or reduce loss.","No tasting unless the school has separately approved a supervised food activity. Wash hands before and after handling produce. Use only clean, teacher-approved samples and containers. Teachers control knives, heat, electrical equipment, chemicals and any processing machinery."
FF-237,Primary 4-6,Keyhole Garden,Storage & Loss,"Investigate storage & loss in the Keyhole Garden using measurable evidence and explain how production decisions affect food quantity, quality or handling.","Journal, labels, ruler/tape, balance where available, clean containers, tally sheet, calculator, handwashing supplies.","Use locally available baskets, clean reused food-grade containers, handmade labels, paper process cards and simple balances/measuring vessels where suitable.","1. Frame a question about storage & loss. 2. Select samples. 3. Measure or classify evidence. 4. Record quantities and quality observations. 5. Trace the product through at least four farm-to-food stages. 6. Explain one risk, loss point or improvement.","Data table plus process sequence, calculation or evidence-based explanation.","Recommend one practical change that could improve quality, handling efficiency or reduce loss.","No tasting unless the school has separately approved a supervised food activity. Wash hands before and after handling produce. Use only clean, teacher-approved samples and containers. Teachers control knives, heat, electrical equipment, chemicals and any processing machinery."
FF-238,Primary 4-6,Keyhole Garden,Preparation Pathway,"Investigate preparation pathway in the Keyhole Garden using measurable evidence and explain how production decisions affect food quantity, quality or handling.","Journal, labels, ruler/tape, balance where available, clean containers, tally sheet, calculator, handwashing supplies.","Use locally available baskets, clean reused food-grade containers, handmade labels, paper process cards and simple balances/measuring vessels where suitable.","1. Frame a question about preparation pathway. 2. Select samples. 3. Measure or classify evidence. 4. Record quantities and quality observations. 5. Trace the product through at least four farm-to-food stages. 6. Explain one risk, loss point or improvement.","Data table plus process sequence, calculation or evidence-based explanation.","Recommend one practical change that could improve quality, handling efficiency or reduce loss.","No tasting unless the school has separately approved a supervised food activity. Wash hands before and after handling produce. Use only clean, teacher-approved samples and containers. Teachers control knives, heat, electrical equipment, chemicals and any processing machinery."
FF-239,Primary 4-6,Keyhole Garden,Food Choice & Literacy,"Investigate food choice & literacy in the Keyhole Garden using measurable evidence and explain how production decisions affect food quantity, quality or handling.","Journal, labels, ruler/tape, balance where available, clean containers, tally sheet, calculator, handwashing supplies.","Use locally available baskets, clean reused food-grade containers, handmade labels, paper process cards and simple balances/measuring vessels where suitable.","1. Frame a question about food choice & literacy. 2. Select samples. 3. Measure or classify evidence. 4. Record quantities and quality observations. 5. Trace the product through at least four farm-to-food stages. 6. Explain one risk, loss point or improvement.","Data table plus process sequence, calculation or evidence-based explanation.","Recommend one practical change that could improve quality, handling efficiency or reduce loss.","No tasting unless the school has separately approved a supervised food activity. Wash hands before and after handling produce. Use only clean, teacher-approved samples and containers. Teachers control knives, heat, electrical equipment, chemicals and any processing machinery."
FF-240,Primary 4-6,Keyhole Garden,Waste-to-Resource,"Investigate waste-to-resource in the Keyhole Garden using measurable evidence and explain how production decisions affect food quantity, quality or handling.","Journal, labels, ruler/tape, balance where available, clean containers, tally sheet, calculator, handwashing supplies.","Use locally available baskets, clean reused food-grade containers, handmade labels, paper process cards and simple balances/measuring vessels where suitable.","1. Frame a question about waste-to-resource. 2. Select samples. 3. Measure or classify evidence. 4. Record quantities and quality observations. 5. Trace the product through at least four farm-to-food stages. 6. Explain one risk, loss point or improvement.","Data table plus process sequence, calculation or evidence-based explanation.","Recommend one practical change that could improve quality, handling efficiency or reduce loss.","No tasting unless the school has separately approved a supervised food activity. Wash hands before and after handling produce. Use only clean, teacher-approved samples and containers. Teachers control knives, heat, electrical equipment, chemicals and any processing machinery."
FF-241,Primary 4-6,Compost Garden,Food Origin,"Investigate food origin in the Compost Garden using measurable evidence and explain how production decisions affect food quantity, quality or handling.","Journal, labels, ruler/tape, balance where available, clean containers, tally sheet, calculator, handwashing supplies.","Use locally available baskets, clean reused food-grade containers, handmade labels, paper process cards and simple balances/measuring vessels where suitable.","1. Frame a question about food origin. 2. Select samples. 3. Measure or classify evidence. 4. Record quantities and quality observations. 5. Trace the product through at least four farm-to-food stages. 6. Explain one risk, loss point or improvement.","Data table plus process sequence, calculation or evidence-based explanation.","Recommend one practical change that could improve quality, handling efficiency or reduce loss.","No tasting unless the school has separately approved a supervised food activity. Wash hands before and after handling produce. Use only clean, teacher-approved samples and containers. Teachers control knives, heat, electrical equipment, chemicals and any processing machinery."
FF-242,Primary 4-6,Compost Garden,Harvest Readiness,"Investigate harvest readiness in the Compost Garden using measurable evidence and explain how production decisions affect food quantity, quality or handling.","Journal, labels, ruler/tape, balance where available, clean containers, tally sheet, calculator, handwashing supplies.","Use locally available baskets, clean reused food-grade containers, handmade labels, paper process cards and simple balances/measuring vessels where suitable.","1. Frame a question about harvest readiness. 2. Select samples. 3. Measure or classify evidence. 4. Record quantities and quality observations. 5. Trace the product through at least four farm-to-food stages. 6. Explain one risk, loss point or improvement.","Data table plus process sequence, calculation or evidence-based explanation.","Recommend one practical change that could improve quality, handling efficiency or reduce loss.","No tasting unless the school has separately approved a supervised food activity. Wash hands before and after handling produce. Use only clean, teacher-approved samples and containers. Teachers control knives, heat, electrical equipment, chemicals and any processing machinery."
FF-243,Primary 4-6,Compost Garden,Safe Handling,"Investigate safe handling in the Compost Garden using measurable evidence and explain how production decisions affect food quantity, quality or handling.","Journal, labels, ruler/tape, balance where available, clean containers, tally sheet, calculator, handwashing supplies.","Use locally available baskets, clean reused food-grade containers, handmade labels, paper process cards and simple balances/measuring vessels where suitable.","1. Frame a question about safe handling. 2. Select samples. 3. Measure or classify evidence. 4. Record quantities and quality observations. 5. Trace the product through at least four farm-to-food stages. 6. Explain one risk, loss point or improvement.","Data table plus process sequence, calculation or evidence-based explanation.","Recommend one practical change that could improve quality, handling efficiency or reduce loss.","No tasting unless the school has separately approved a supervised food activity. Wash hands before and after handling produce. Use only clean, teacher-approved samples and containers. Teachers control knives, heat, electrical equipment, chemicals and any processing machinery."
FF-244,Primary 4-6,Compost Garden,Sorting & Quality,"Investigate sorting & quality in the Compost Garden using measurable evidence and explain how production decisions affect food quantity, quality or handling.","Journal, labels, ruler/tape, balance where available, clean containers, tally sheet, calculator, handwashing supplies.","Use locally available baskets, clean reused food-grade containers, handmade labels, paper process cards and simple balances/measuring vessels where suitable.","1. Frame a question about sorting & quality. 2. Select samples. 3. Measure or classify evidence. 4. Record quantities and quality observations. 5. Trace the product through at least four farm-to-food stages. 6. Explain one risk, loss point or improvement.","Data table plus process sequence, calculation or evidence-based explanation.","Recommend one practical change that could improve quality, handling efficiency or reduce loss.","No tasting unless the school has separately approved a supervised food activity. Wash hands before and after handling produce. Use only clean, teacher-approved samples and containers. Teachers control knives, heat, electrical equipment, chemicals and any processing machinery."
FF-245,Primary 4-6,Compost Garden,Farm-to-Food Journey,"Investigate farm-to-food journey in the Compost Garden using measurable evidence and explain how production decisions affect food quantity, quality or handling.","Journal, labels, ruler/tape, balance where available, clean containers, tally sheet, calculator, handwashing supplies.","Use locally available baskets, clean reused food-grade containers, handmade labels, paper process cards and simple balances/measuring vessels where suitable.","1. Frame a question about farm-to-food journey. 2. Select samples. 3. Measure or classify evidence. 4. Record quantities and quality observations. 5. Trace the product through at least four farm-to-food stages. 6. Explain one risk, loss point or improvement.","Data table plus process sequence, calculation or evidence-based explanation.","Recommend one practical change that could improve quality, handling efficiency or reduce loss.","No tasting unless the school has separately approved a supervised food activity. Wash hands before and after handling produce. Use only clean, teacher-approved samples and containers. Teachers control knives, heat, electrical equipment, chemicals and any processing machinery."
FF-246,Primary 4-6,Compost Garden,Measurement & Yield,"Investigate measurement & yield in the Compost Garden using measurable evidence and explain how production decisions affect food quantity, quality or handling.","Journal, labels, ruler/tape, balance where available, clean containers, tally sheet, calculator, handwashing supplies.","Use locally available baskets, clean reused food-grade containers, handmade labels, paper process cards and simple balances/measuring vessels where suitable.","1. Frame a question about measurement & yield. 2. Select samples. 3. Measure or classify evidence. 4. Record quantities and quality observations. 5. Trace the product through at least four farm-to-food stages. 6. Explain one risk, loss point or improvement.","Data table plus process sequence, calculation or evidence-based explanation.","Recommend one practical change that could improve quality, handling efficiency or reduce loss.","No tasting unless the school has separately approved a supervised food activity. Wash hands before and after handling produce. Use only clean, teacher-approved samples and containers. Teachers control knives, heat, electrical equipment, chemicals and any processing machinery."
FF-247,Primary 4-6,Compost Garden,Storage & Loss,"Investigate storage & loss in the Compost Garden using measurable evidence and explain how production decisions affect food quantity, quality or handling.","Journal, labels, ruler/tape, balance where available, clean containers, tally sheet, calculator, handwashing supplies.","Use locally available baskets, clean reused food-grade containers, handmade labels, paper process cards and simple balances/measuring vessels where suitable.","1. Frame a question about storage & loss. 2. Select samples. 3. Measure or classify evidence. 4. Record quantities and quality observations. 5. Trace the product through at least four farm-to-food stages. 6. Explain one risk, loss point or improvement.","Data table plus process sequence, calculation or evidence-based explanation.","Recommend one practical change that could improve quality, handling efficiency or reduce loss.","No tasting unless the school has separately approved a supervised food activity. Wash hands before and after handling produce. Use only clean, teacher-approved samples and containers. Teachers control knives, heat, electrical equipment, chemicals and any processing machinery."
FF-248,Primary 4-6,Compost Garden,Preparation Pathway,"Investigate preparation pathway in the Compost Garden using measurable evidence and explain how production decisions affect food quantity, quality or handling.","Journal, labels, ruler/tape, balance where available, clean containers, tally sheet, calculator, handwashing supplies.","Use locally available baskets, clean reused food-grade containers, handmade labels, paper process cards and simple balances/measuring vessels where suitable.","1. Frame a question about preparation pathway. 2. Select samples. 3. Measure or classify evidence. 4. Record quantities and quality observations. 5. Trace the product through at least four farm-to-food stages. 6. Explain one risk, loss point or improvement.","Data table plus process sequence, calculation or evidence-based explanation.","Recommend one practical change that could improve quality, handling efficiency or reduce loss.","No tasting unless the school has separately approved a supervised food activity. Wash hands before and after handling produce. Use only clean, teacher-approved samples and containers. Teachers control knives, heat, electrical equipment, chemicals and any processing machinery."
FF-249,Primary 4-6,Compost Garden,Food Choice & Literacy,"Investigate food choice & literacy in the Compost Garden using measurable evidence and explain how production decisions affect food quantity, quality or handling.","Journal, labels, ruler/tape, balance where available, clean containers, tally sheet, calculator, handwashing supplies.","Use locally available baskets, clean reused food-grade containers, handmade labels, paper process cards and simple balances/measuring vessels where suitable.","1. Frame a question about food choice & literacy. 2. Select samples. 3. Measure or classify evidence. 4. Record quantities and quality observations. 5. Trace the product through at least four farm-to-food stages. 6. Explain one risk, loss point or improvement.","Data table plus process sequence, calculation or evidence-based explanation.","Recommend one practical change that could improve quality, handling efficiency or reduce loss.","No tasting unless the school has separately approved a supervised food activity. Wash hands before and after handling produce. Use only clean, teacher-approved samples and containers. Teachers control knives, heat, electrical equipment, chemicals and any processing machinery."
FF-250,Primary 4-6,Compost Garden,Waste-to-Resource,"Investigate waste-to-resource in the Compost Garden using measurable evidence and explain how production decisions affect food quantity, quality or handling.","Journal, labels, ruler/tape, balance where available, clean containers, tally sheet, calculator, handwashing supplies.","Use locally available baskets, clean reused food-grade containers, handmade labels, paper process cards and simple balances/measuring vessels where suitable.","1. Frame a question about waste-to-resource. 2. Select samples. 3. Measure or classify evidence. 4. Record quantities and quality observations. 5. Trace the product through at least four farm-to-food stages. 6. Explain one risk, loss point or improvement.","Data table plus process sequence, calculation or evidence-based explanation.","Recommend one practical change that could improve quality, handling efficiency or reduce loss.","No tasting unless the school has separately approved a supervised food activity. Wash hands before and after handling produce. Use only clean, teacher-approved samples and containers. Teachers control knives, heat, electrical equipment, chemicals and any processing machinery."
FF-251,Primary 4-6,Gravity Drip Garden,Food Origin,"Investigate food origin in the Gravity Drip Garden using measurable evidence and explain how production decisions affect food quantity, quality or handling.","Journal, labels, ruler/tape, balance where available, clean containers, tally sheet, calculator, handwashing supplies.","Use locally available baskets, clean reused food-grade containers, handmade labels, paper process cards and simple balances/measuring vessels where suitable.","1. Frame a question about food origin. 2. Select samples. 3. Measure or classify evidence. 4. Record quantities and quality observations. 5. Trace the product through at least four farm-to-food stages. 6. Explain one risk, loss point or improvement.","Data table plus process sequence, calculation or evidence-based explanation.","Recommend one practical change that could improve quality, handling efficiency or reduce loss.","No tasting unless the school has separately approved a supervised food activity. Wash hands before and after handling produce. Use only clean, teacher-approved samples and containers. Teachers control knives, heat, electrical equipment, chemicals and any processing machinery."
FF-252,Primary 4-6,Gravity Drip Garden,Harvest Readiness,"Investigate harvest readiness in the Gravity Drip Garden using measurable evidence and explain how production decisions affect food quantity, quality or handling.","Journal, labels, ruler/tape, balance where available, clean containers, tally sheet, calculator, handwashing supplies.","Use locally available baskets, clean reused food-grade containers, handmade labels, paper process cards and simple balances/measuring vessels where suitable.","1. Frame a question about harvest readiness. 2. Select samples. 3. Measure or classify evidence. 4. Record quantities and quality observations. 5. Trace the product through at least four farm-to-food stages. 6. Explain one risk, loss point or improvement.","Data table plus process sequence, calculation or evidence-based explanation.","Recommend one practical change that could improve quality, handling efficiency or reduce loss.","No tasting unless the school has separately approved a supervised food activity. Wash hands before and after handling produce. Use only clean, teacher-approved samples and containers. Teachers control knives, heat, electrical equipment, chemicals and any processing machinery."
FF-253,Primary 4-6,Gravity Drip Garden,Safe Handling,"Investigate safe handling in the Gravity Drip Garden using measurable evidence and explain how production decisions affect food quantity, quality or handling.","Journal, labels, ruler/tape, balance where available, clean containers, tally sheet, calculator, handwashing supplies.","Use locally available baskets, clean reused food-grade containers, handmade labels, paper process cards and simple balances/measuring vessels where suitable.","1. Frame a question about safe handling. 2. Select samples. 3. Measure or classify evidence. 4. Record quantities and quality observations. 5. Trace the product through at least four farm-to-food stages. 6. Explain one risk, loss point or improvement.","Data table plus process sequence, calculation or evidence-based explanation.","Recommend one practical change that could improve quality, handling efficiency or reduce loss.","No tasting unless the school has separately approved a supervised food activity. Wash hands before and after handling produce. Use only clean, teacher-approved samples and containers. Teachers control knives, heat, electrical equipment, chemicals and any processing machinery."
FF-254,Primary 4-6,Gravity Drip Garden,Sorting & Quality,"Investigate sorting & quality in the Gravity Drip Garden using measurable evidence and explain how production decisions affect food quantity, quality or handling.","Journal, labels, ruler/tape, balance where available, clean containers, tally sheet, calculator, handwashing supplies.","Use locally available baskets, clean reused food-grade containers, handmade labels, paper process cards and simple balances/measuring vessels where suitable.","1. Frame a question about sorting & quality. 2. Select samples. 3. Measure or classify evidence. 4. Record quantities and quality observations. 5. Trace the product through at least four farm-to-food stages. 6. Explain one risk, loss point or improvement.","Data table plus process sequence, calculation or evidence-based explanation.","Recommend one practical change that could improve quality, handling efficiency or reduce loss.","No tasting unless the school has separately approved a supervised food activity. Wash hands before and after handling produce. Use only clean, teacher-approved samples and containers. Teachers control knives, heat, electrical equipment, chemicals and any processing machinery."
FF-255,Primary 4-6,Gravity Drip Garden,Farm-to-Food Journey,"Investigate farm-to-food journey in the Gravity Drip Garden using measurable evidence and explain how production decisions affect food quantity, quality or handling.","Journal, labels, ruler/tape, balance where available, clean containers, tally sheet, calculator, handwashing supplies.","Use locally available baskets, clean reused food-grade containers, handmade labels, paper process cards and simple balances/measuring vessels where suitable.","1. Frame a question about farm-to-food journey. 2. Select samples. 3. Measure or classify evidence. 4. Record quantities and quality observations. 5. Trace the product through at least four farm-to-food stages. 6. Explain one risk, loss point or improvement.","Data table plus process sequence, calculation or evidence-based explanation.","Recommend one practical change that could improve quality, handling efficiency or reduce loss.","No tasting unless the school has separately approved a supervised food activity. Wash hands before and after handling produce. Use only clean, teacher-approved samples and containers. Teachers control knives, heat, electrical equipment, chemicals and any processing machinery."
FF-256,Primary 4-6,Gravity Drip Garden,Measurement & Yield,"Investigate measurement & yield in the Gravity Drip Garden using measurable evidence and explain how production decisions affect food quantity, quality or handling.","Journal, labels, ruler/tape, balance where available, clean containers, tally sheet, calculator, handwashing supplies.","Use locally available baskets, clean reused food-grade containers, handmade labels, paper process cards and simple balances/measuring vessels where suitable.","1. Frame a question about measurement & yield. 2. Select samples. 3. Measure or classify evidence. 4. Record quantities and quality observations. 5. Trace the product through at least four farm-to-food stages. 6. Explain one risk, loss point or improvement.","Data table plus process sequence, calculation or evidence-based explanation.","Recommend one practical change that could improve quality, handling efficiency or reduce loss.","No tasting unless the school has separately approved a supervised food activity. Wash hands before and after handling produce. Use only clean, teacher-approved samples and containers. Teachers control knives, heat, electrical equipment, chemicals and any processing machinery."
FF-257,Primary 4-6,Gravity Drip Garden,Storage & Loss,"Investigate storage & loss in the Gravity Drip Garden using measurable evidence and explain how production decisions affect food quantity, quality or handling.","Journal, labels, ruler/tape, balance where available, clean containers, tally sheet, calculator, handwashing supplies.","Use locally available baskets, clean reused food-grade containers, handmade labels, paper process cards and simple balances/measuring vessels where suitable.","1. Frame a question about storage & loss. 2. Select samples. 3. Measure or classify evidence. 4. Record quantities and quality observations. 5. Trace the product through at least four farm-to-food stages. 6. Explain one risk, loss point or improvement.","Data table plus process sequence, calculation or evidence-based explanation.","Recommend one practical change that could improve quality, handling efficiency or reduce loss.","No tasting unless the school has separately approved a supervised food activity. Wash hands before and after handling produce. Use only clean, teacher-approved samples and containers. Teachers control knives, heat, electrical equipment, chemicals and any processing machinery."
FF-258,Primary 4-6,Gravity Drip Garden,Preparation Pathway,"Investigate preparation pathway in the Gravity Drip Garden using measurable evidence and explain how production decisions affect food quantity, quality or handling.","Journal, labels, ruler/tape, balance where available, clean containers, tally sheet, calculator, handwashing supplies.","Use locally available baskets, clean reused food-grade containers, handmade labels, paper process cards and simple balances/measuring vessels where suitable.","1. Frame a question about preparation pathway. 2. Select samples. 3. Measure or classify evidence. 4. Record quantities and quality observations. 5. Trace the product through at least four farm-to-food stages. 6. Explain one risk, loss point or improvement.","Data table plus process sequence, calculation or evidence-based explanation.","Recommend one practical change that could improve quality, handling efficiency or reduce loss.","No tasting unless the school has separately approved a supervised food activity. Wash hands before and after handling produce. Use only clean, teacher-approved samples and containers. Teachers control knives, heat, electrical equipment, chemicals and any processing machinery."
FF-259,Primary 4-6,Gravity Drip Garden,Food Choice & Literacy,"Investigate food choice & literacy in the Gravity Drip Garden using measurable evidence and explain how production decisions affect food quantity, quality or handling.","Journal, labels, ruler/tape, balance where available, clean containers, tally sheet, calculator, handwashing supplies.","Use locally available baskets, clean reused food-grade containers, handmade labels, paper process cards and simple balances/measuring vessels where suitable.","1. Frame a question about food choice & literacy. 2. Select samples. 3. Measure or classify evidence. 4. Record quantities and quality observations. 5. Trace the product through at least four farm-to-food stages. 6. Explain one risk, loss point or improvement.","Data table plus process sequence, calculation or evidence-based explanation.","Recommend one practical change that could improve quality, handling efficiency or reduce loss.","No tasting unless the school has separately approved a supervised food activity. Wash hands before and after handling produce. Use only clean, teacher-approved samples and containers. Teachers control knives, heat, electrical equipment, chemicals and any processing machinery."
FF-260,Primary 4-6,Gravity Drip Garden,Waste-to-Resource,"Investigate waste-to-resource in the Gravity Drip Garden using measurable evidence and explain how production decisions affect food quantity, quality or handling.","Journal, labels, ruler/tape, balance where available, clean containers, tally sheet, calculator, handwashing supplies.","Use locally available baskets, clean reused food-grade containers, handmade labels, paper process cards and simple balances/measuring vessels where suitable.","1. Frame a question about waste-to-resource. 2. Select samples. 3. Measure or classify evidence. 4. Record quantities and quality observations. 5. Trace the product through at least four farm-to-food stages. 6. Explain one risk, loss point or improvement.","Data table plus process sequence, calculation or evidence-based explanation.","Recommend one practical change that could improve quality, handling efficiency or reduce loss.","No tasting unless the school has separately approved a supervised food activity. Wash hands before and after handling produce. Use only clean, teacher-approved samples and containers. Teachers control knives, heat, electrical equipment, chemicals and any processing machinery."
FF-261,Primary 4-6,Vertical Garden,Food Origin,"Investigate food origin in the Vertical Garden using measurable evidence and explain how production decisions affect food quantity, quality or handling.","Journal, labels, ruler/tape, balance where available, clean containers, tally sheet, calculator, handwashing supplies.","Use locally available baskets, clean reused food-grade containers, handmade labels, paper process cards and simple balances/measuring vessels where suitable.","1. Frame a question about food origin. 2. Select samples. 3. Measure or classify evidence. 4. Record quantities and quality observations. 5. Trace the product through at least four farm-to-food stages. 6. Explain one risk, loss point or improvement.","Data table plus process sequence, calculation or evidence-based explanation.","Recommend one practical change that could improve quality, handling efficiency or reduce loss.","No tasting unless the school has separately approved a supervised food activity. Wash hands before and after handling produce. Use only clean, teacher-approved samples and containers. Teachers control knives, heat, electrical equipment, chemicals and any processing machinery."
FF-262,Primary 4-6,Vertical Garden,Harvest Readiness,"Investigate harvest readiness in the Vertical Garden using measurable evidence and explain how production decisions affect food quantity, quality or handling.","Journal, labels, ruler/tape, balance where available, clean containers, tally sheet, calculator, handwashing supplies.","Use locally available baskets, clean reused food-grade containers, handmade labels, paper process cards and simple balances/measuring vessels where suitable.","1. Frame a question about harvest readiness. 2. Select samples. 3. Measure or classify evidence. 4. Record quantities and quality observations. 5. Trace the product through at least four farm-to-food stages. 6. Explain one risk, loss point or improvement.","Data table plus process sequence, calculation or evidence-based explanation.","Recommend one practical change that could improve quality, handling efficiency or reduce loss.","No tasting unless the school has separately approved a supervised food activity. Wash hands before and after handling produce. Use only clean, teacher-approved samples and containers. Teachers control knives, heat, electrical equipment, chemicals and any processing machinery."
FF-263,Primary 4-6,Vertical Garden,Safe Handling,"Investigate safe handling in the Vertical Garden using measurable evidence and explain how production decisions affect food quantity, quality or handling.","Journal, labels, ruler/tape, balance where available, clean containers, tally sheet, calculator, handwashing supplies.","Use locally available baskets, clean reused food-grade containers, handmade labels, paper process cards and simple balances/measuring vessels where suitable.","1. Frame a question about safe handling. 2. Select samples. 3. Measure or classify evidence. 4. Record quantities and quality observations. 5. Trace the product through at least four farm-to-food stages. 6. Explain one risk, loss point or improvement.","Data table plus process sequence, calculation or evidence-based explanation.","Recommend one practical change that could improve quality, handling efficiency or reduce loss.","No tasting unless the school has separately approved a supervised food activity. Wash hands before and after handling produce. Use only clean, teacher-approved samples and containers. Teachers control knives, heat, electrical equipment, chemicals and any processing machinery."
FF-264,Primary 4-6,Vertical Garden,Sorting & Quality,"Investigate sorting & quality in the Vertical Garden using measurable evidence and explain how production decisions affect food quantity, quality or handling.","Journal, labels, ruler/tape, balance where available, clean containers, tally sheet, calculator, handwashing supplies.","Use locally available baskets, clean reused food-grade containers, handmade labels, paper process cards and simple balances/measuring vessels where suitable.","1. Frame a question about sorting & quality. 2. Select samples. 3. Measure or classify evidence. 4. Record quantities and quality observations. 5. Trace the product through at least four farm-to-food stages. 6. Explain one risk, loss point or improvement.","Data table plus process sequence, calculation or evidence-based explanation.","Recommend one practical change that could improve quality, handling efficiency or reduce loss.","No tasting unless the school has separately approved a supervised food activity. Wash hands before and after handling produce. Use only clean, teacher-approved samples and containers. Teachers control knives, heat, electrical equipment, chemicals and any processing machinery."
FF-265,Primary 4-6,Vertical Garden,Farm-to-Food Journey,"Investigate farm-to-food journey in the Vertical Garden using measurable evidence and explain how production decisions affect food quantity, quality or handling.","Journal, labels, ruler/tape, balance where available, clean containers, tally sheet, calculator, handwashing supplies.","Use locally available baskets, clean reused food-grade containers, handmade labels, paper process cards and simple balances/measuring vessels where suitable.","1. Frame a question about farm-to-food journey. 2. Select samples. 3. Measure or classify evidence. 4. Record quantities and quality observations. 5. Trace the product through at least four farm-to-food stages. 6. Explain one risk, loss point or improvement.","Data table plus process sequence, calculation or evidence-based explanation.","Recommend one practical change that could improve quality, handling efficiency or reduce loss.","No tasting unless the school has separately approved a supervised food activity. Wash hands before and after handling produce. Use only clean, teacher-approved samples and containers. Teachers control knives, heat, electrical equipment, chemicals and any processing machinery."
FF-266,Primary 4-6,Vertical Garden,Measurement & Yield,"Investigate measurement & yield in the Vertical Garden using measurable evidence and explain how production decisions affect food quantity, quality or handling.","Journal, labels, ruler/tape, balance where available, clean containers, tally sheet, calculator, handwashing supplies.","Use locally available baskets, clean reused food-grade containers, handmade labels, paper process cards and simple balances/measuring vessels where suitable.","1. Frame a question about measurement & yield. 2. Select samples. 3. Measure or classify evidence. 4. Record quantities and quality observations. 5. Trace the product through at least four farm-to-food stages. 6. Explain one risk, loss point or improvement.","Data table plus process sequence, calculation or evidence-based explanation.","Recommend one practical change that could improve quality, handling efficiency or reduce loss.","No tasting unless the school has separately approved a supervised food activity. Wash hands before and after handling produce. Use only clean, teacher-approved samples and containers. Teachers control knives, heat, electrical equipment, chemicals and any processing machinery."
FF-267,Primary 4-6,Vertical Garden,Storage & Loss,"Investigate storage & loss in the Vertical Garden using measurable evidence and explain how production decisions affect food quantity, quality or handling.","Journal, labels, ruler/tape, balance where available, clean containers, tally sheet, calculator, handwashing supplies.","Use locally available baskets, clean reused food-grade containers, handmade labels, paper process cards and simple balances/measuring vessels where suitable.","1. Frame a question about storage & loss. 2. Select samples. 3. Measure or classify evidence. 4. Record quantities and quality observations. 5. Trace the product through at least four farm-to-food stages. 6. Explain one risk, loss point or improvement.","Data table plus process sequence, calculation or evidence-based explanation.","Recommend one practical change that could improve quality, handling efficiency or reduce loss.","No tasting unless the school has separately approved a supervised food activity. Wash hands before and after handling produce. Use only clean, teacher-approved samples and containers. Teachers control knives, heat, electrical equipment, chemicals and any processing machinery."
FF-268,Primary 4-6,Vertical Garden,Preparation Pathway,"Investigate preparation pathway in the Vertical Garden using measurable evidence and explain how production decisions affect food quantity, quality or handling.","Journal, labels, ruler/tape, balance where available, clean containers, tally sheet, calculator, handwashing supplies.","Use locally available baskets, clean reused food-grade containers, handmade labels, paper process cards and simple balances/measuring vessels where suitable.","1. Frame a question about preparation pathway. 2. Select samples. 3. Measure or classify evidence. 4. Record quantities and quality observations. 5. Trace the product through at least four farm-to-food stages. 6. Explain one risk, loss point or improvement.","Data table plus process sequence, calculation or evidence-based explanation.","Recommend one practical change that could improve quality, handling efficiency or reduce loss.","No tasting unless the school has separately approved a supervised food activity. Wash hands before and after handling produce. Use only clean, teacher-approved samples and containers. Teachers control knives, heat, electrical equipment, chemicals and any processing machinery."
FF-269,Primary 4-6,Vertical Garden,Food Choice & Literacy,"Investigate food choice & literacy in the Vertical Garden using measurable evidence and explain how production decisions affect food quantity, quality or handling.","Journal, labels, ruler/tape, balance where available, clean containers, tally sheet, calculator, handwashing supplies.","Use locally available baskets, clean reused food-grade containers, handmade labels, paper process cards and simple balances/measuring vessels where suitable.","1. Frame a question about food choice & literacy. 2. Select samples. 3. Measure or classify evidence. 4. Record quantities and quality observations. 5. Trace the product through at least four farm-to-food stages. 6. Explain one risk, loss point or improvement.","Data table plus process sequence, calculation or evidence-based explanation.","Recommend one practical change that could improve quality, handling efficiency or reduce loss.","No tasting unless the school has separately approved a supervised food activity. Wash hands before and after handling produce. Use only clean, teacher-approved samples and containers. Teachers control knives, heat, electrical equipment, chemicals and any processing machinery."
FF-270,Primary 4-6,Vertical Garden,Waste-to-Resource,"Investigate waste-to-resource in the Vertical Garden using measurable evidence and explain how production decisions affect food quantity, quality or handling.","Journal, labels, ruler/tape, balance where available, clean containers, tally sheet, calculator, handwashing supplies.","Use locally available baskets, clean reused food-grade containers, handmade labels, paper process cards and simple balances/measuring vessels where suitable.","1. Frame a question about waste-to-resource. 2. Select samples. 3. Measure or classify evidence. 4. Record quantities and quality observations. 5. Trace the product through at least four farm-to-food stages. 6. Explain one risk, loss point or improvement.","Data table plus process sequence, calculation or evidence-based explanation.","Recommend one practical change that could improve quality, handling efficiency or reduce loss.","No tasting unless the school has separately approved a supervised food activity. Wash hands before and after handling produce. Use only clean, teacher-approved samples and containers. Teachers control knives, heat, electrical equipment, chemicals and any processing machinery."
FF-271,Primary 4-6,Crop Rotation Garden,Food Origin,"Investigate food origin in the Crop Rotation Garden using measurable evidence and explain how production decisions affect food quantity, quality or handling.","Journal, labels, ruler/tape, balance where available, clean containers, tally sheet, calculator, handwashing supplies.","Use locally available baskets, clean reused food-grade containers, handmade labels, paper process cards and simple balances/measuring vessels where suitable.","1. Frame a question about food origin. 2. Select samples. 3. Measure or classify evidence. 4. Record quantities and quality observations. 5. Trace the product through at least four farm-to-food stages. 6. Explain one risk, loss point or improvement.","Data table plus process sequence, calculation or evidence-based explanation.","Recommend one practical change that could improve quality, handling efficiency or reduce loss.","No tasting unless the school has separately approved a supervised food activity. Wash hands before and after handling produce. Use only clean, teacher-approved samples and containers. Teachers control knives, heat, electrical equipment, chemicals and any processing machinery."
FF-272,Primary 4-6,Crop Rotation Garden,Harvest Readiness,"Investigate harvest readiness in the Crop Rotation Garden using measurable evidence and explain how production decisions affect food quantity, quality or handling.","Journal, labels, ruler/tape, balance where available, clean containers, tally sheet, calculator, handwashing supplies.","Use locally available baskets, clean reused food-grade containers, handmade labels, paper process cards and simple balances/measuring vessels where suitable.","1. Frame a question about harvest readiness. 2. Select samples. 3. Measure or classify evidence. 4. Record quantities and quality observations. 5. Trace the product through at least four farm-to-food stages. 6. Explain one risk, loss point or improvement.","Data table plus process sequence, calculation or evidence-based explanation.","Recommend one practical change that could improve quality, handling efficiency or reduce loss.","No tasting unless the school has separately approved a supervised food activity. Wash hands before and after handling produce. Use only clean, teacher-approved samples and containers. Teachers control knives, heat, electrical equipment, chemicals and any processing machinery."
FF-273,Primary 4-6,Crop Rotation Garden,Safe Handling,"Investigate safe handling in the Crop Rotation Garden using measurable evidence and explain how production decisions affect food quantity, quality or handling.","Journal, labels, ruler/tape, balance where available, clean containers, tally sheet, calculator, handwashing supplies.","Use locally available baskets, clean reused food-grade containers, handmade labels, paper process cards and simple balances/measuring vessels where suitable.","1. Frame a question about safe handling. 2. Select samples. 3. Measure or classify evidence. 4. Record quantities and quality observations. 5. Trace the product through at least four farm-to-food stages. 6. Explain one risk, loss point or improvement.","Data table plus process sequence, calculation or evidence-based explanation.","Recommend one practical change that could improve quality, handling efficiency or reduce loss.","No tasting unless the school has separately approved a supervised food activity. Wash hands before and after handling produce. Use only clean, teacher-approved samples and containers. Teachers control knives, heat, electrical equipment, chemicals and any processing machinery."
FF-274,Primary 4-6,Crop Rotation Garden,Sorting & Quality,"Investigate sorting & quality in the Crop Rotation Garden using measurable evidence and explain how production decisions affect food quantity, quality or handling.","Journal, labels, ruler/tape, balance where available, clean containers, tally sheet, calculator, handwashing supplies.","Use locally available baskets, clean reused food-grade containers, handmade labels, paper process cards and simple balances/measuring vessels where suitable.","1. Frame a question about sorting & quality. 2. Select samples. 3. Measure or classify evidence. 4. Record quantities and quality observations. 5. Trace the product through at least four farm-to-food stages. 6. Explain one risk, loss point or improvement.","Data table plus process sequence, calculation or evidence-based explanation.","Recommend one practical change that could improve quality, handling efficiency or reduce loss.","No tasting unless the school has separately approved a supervised food activity. Wash hands before and after handling produce. Use only clean, teacher-approved samples and containers. Teachers control knives, heat, electrical equipment, chemicals and any processing machinery."
FF-275,Primary 4-6,Crop Rotation Garden,Farm-to-Food Journey,"Investigate farm-to-food journey in the Crop Rotation Garden using measurable evidence and explain how production decisions affect food quantity, quality or handling.","Journal, labels, ruler/tape, balance where available, clean containers, tally sheet, calculator, handwashing supplies.","Use locally available baskets, clean reused food-grade containers, handmade labels, paper process cards and simple balances/measuring vessels where suitable.","1. Frame a question about farm-to-food journey. 2. Select samples. 3. Measure or classify evidence. 4. Record quantities and quality observations. 5. Trace the product through at least four farm-to-food stages. 6. Explain one risk, loss point or improvement.","Data table plus process sequence, calculation or evidence-based explanation.","Recommend one practical change that could improve quality, handling efficiency or reduce loss.","No tasting unless the school has separately approved a supervised food activity. Wash hands before and after handling produce. Use only clean, teacher-approved samples and containers. Teachers control knives, heat, electrical equipment, chemicals and any processing machinery."
FF-276,Primary 4-6,Crop Rotation Garden,Measurement & Yield,"Investigate measurement & yield in the Crop Rotation Garden using measurable evidence and explain how production decisions affect food quantity, quality or handling.","Journal, labels, ruler/tape, balance where available, clean containers, tally sheet, calculator, handwashing supplies.","Use locally available baskets, clean reused food-grade containers, handmade labels, paper process cards and simple balances/measuring vessels where suitable.","1. Frame a question about measurement & yield. 2. Select samples. 3. Measure or classify evidence. 4. Record quantities and quality observations. 5. Trace the product through at least four farm-to-food stages. 6. Explain one risk, loss point or improvement.","Data table plus process sequence, calculation or evidence-based explanation.","Recommend one practical change that could improve quality, handling efficiency or reduce loss.","No tasting unless the school has separately approved a supervised food activity. Wash hands before and after handling produce. Use only clean, teacher-approved samples and containers. Teachers control knives, heat, electrical equipment, chemicals and any processing machinery."
FF-277,Primary 4-6,Crop Rotation Garden,Storage & Loss,"Investigate storage & loss in the Crop Rotation Garden using measurable evidence and explain how production decisions affect food quantity, quality or handling.","Journal, labels, ruler/tape, balance where available, clean containers, tally sheet, calculator, handwashing supplies.","Use locally available baskets, clean reused food-grade containers, handmade labels, paper process cards and simple balances/measuring vessels where suitable.","1. Frame a question about storage & loss. 2. Select samples. 3. Measure or classify evidence. 4. Record quantities and quality observations. 5. Trace the product through at least four farm-to-food stages. 6. Explain one risk, loss point or improvement.","Data table plus process sequence, calculation or evidence-based explanation.","Recommend one practical change that could improve quality, handling efficiency or reduce loss.","No tasting unless the school has separately approved a supervised food activity. Wash hands before and after handling produce. Use only clean, teacher-approved samples and containers. Teachers control knives, heat, electrical equipment, chemicals and any processing machinery."
FF-278,Primary 4-6,Crop Rotation Garden,Preparation Pathway,"Investigate preparation pathway in the Crop Rotation Garden using measurable evidence and explain how production decisions affect food quantity, quality or handling.","Journal, labels, ruler/tape, balance where available, clean containers, tally sheet, calculator, handwashing supplies.","Use locally available baskets, clean reused food-grade containers, handmade labels, paper process cards and simple balances/measuring vessels where suitable.","1. Frame a question about preparation pathway. 2. Select samples. 3. Measure or classify evidence. 4. Record quantities and quality observations. 5. Trace the product through at least four farm-to-food stages. 6. Explain one risk, loss point or improvement.","Data table plus process sequence, calculation or evidence-based explanation.","Recommend one practical change that could improve quality, handling efficiency or reduce loss.","No tasting unless the school has separately approved a supervised food activity. Wash hands before and after handling produce. Use only clean, teacher-approved samples and containers. Teachers control knives, heat, electrical equipment, chemicals and any processing machinery."
FF-279,Primary 4-6,Crop Rotation Garden,Food Choice & Literacy,"Investigate food choice & literacy in the Crop Rotation Garden using measurable evidence and explain how production decisions affect food quantity, quality or handling.","Journal, labels, ruler/tape, balance where available, clean containers, tally sheet, calculator, handwashing supplies.","Use locally available baskets, clean reused food-grade containers, handmade labels, paper process cards and simple balances/measuring vessels where suitable.","1. Frame a question about food choice & literacy. 2. Select samples. 3. Measure or classify evidence. 4. Record quantities and quality observations. 5. Trace the product through at least four farm-to-food stages. 6. Explain one risk, loss point or improvement.","Data table plus process sequence, calculation or evidence-based explanation.","Recommend one practical change that could improve quality, handling efficiency or reduce loss.","No tasting unless the school has separately approved a supervised food activity. Wash hands before and after handling produce. Use only clean, teacher-approved samples and containers. Teachers control knives, heat, electrical equipment, chemicals and any processing machinery."
FF-280,Primary 4-6,Crop Rotation Garden,Waste-to-Resource,"Investigate waste-to-resource in the Crop Rotation Garden using measurable evidence and explain how production decisions affect food quantity, quality or handling.","Journal, labels, ruler/tape, balance where available, clean containers, tally sheet, calculator, handwashing supplies.","Use locally available baskets, clean reused food-grade containers, handmade labels, paper process cards and simple balances/measuring vessels where suitable.","1. Frame a question about waste-to-resource. 2. Select samples. 3. Measure or classify evidence. 4. Record quantities and quality observations. 5. Trace the product through at least four farm-to-food stages. 6. Explain one risk, loss point or improvement.","Data table plus process sequence, calculation or evidence-based explanation.","Recommend one practical change that could improve quality, handling efficiency or reduce loss.","No tasting unless the school has separately approved a supervised food activity. Wash hands before and after handling produce. Use only clean, teacher-approved samples and containers. Teachers control knives, heat, electrical equipment, chemicals and any processing machinery."
FF-281,Primary 4-6,Water-Smart Garden,Food Origin,"Investigate food origin in the Water-Smart Garden using measurable evidence and explain how production decisions affect food quantity, quality or handling.","Journal, labels, ruler/tape, balance where available, clean containers, tally sheet, calculator, handwashing supplies.","Use locally available baskets, clean reused food-grade containers, handmade labels, paper process cards and simple balances/measuring vessels where suitable.","1. Frame a question about food origin. 2. Select samples. 3. Measure or classify evidence. 4. Record quantities and quality observations. 5. Trace the product through at least four farm-to-food stages. 6. Explain one risk, loss point or improvement.","Data table plus process sequence, calculation or evidence-based explanation.","Recommend one practical change that could improve quality, handling efficiency or reduce loss.","No tasting unless the school has separately approved a supervised food activity. Wash hands before and after handling produce. Use only clean, teacher-approved samples and containers. Teachers control knives, heat, electrical equipment, chemicals and any processing machinery."
FF-282,Primary 4-6,Water-Smart Garden,Harvest Readiness,"Investigate harvest readiness in the Water-Smart Garden using measurable evidence and explain how production decisions affect food quantity, quality or handling.","Journal, labels, ruler/tape, balance where available, clean containers, tally sheet, calculator, handwashing supplies.","Use locally available baskets, clean reused food-grade containers, handmade labels, paper process cards and simple balances/measuring vessels where suitable.","1. Frame a question about harvest readiness. 2. Select samples. 3. Measure or classify evidence. 4. Record quantities and quality observations. 5. Trace the product through at least four farm-to-food stages. 6. Explain one risk, loss point or improvement.","Data table plus process sequence, calculation or evidence-based explanation.","Recommend one practical change that could improve quality, handling efficiency or reduce loss.","No tasting unless the school has separately approved a supervised food activity. Wash hands before and after handling produce. Use only clean, teacher-approved samples and containers. Teachers control knives, heat, electrical equipment, chemicals and any processing machinery."
FF-283,Primary 4-6,Water-Smart Garden,Safe Handling,"Investigate safe handling in the Water-Smart Garden using measurable evidence and explain how production decisions affect food quantity, quality or handling.","Journal, labels, ruler/tape, balance where available, clean containers, tally sheet, calculator, handwashing supplies.","Use locally available baskets, clean reused food-grade containers, handmade labels, paper process cards and simple balances/measuring vessels where suitable.","1. Frame a question about safe handling. 2. Select samples. 3. Measure or classify evidence. 4. Record quantities and quality observations. 5. Trace the product through at least four farm-to-food stages. 6. Explain one risk, loss point or improvement.","Data table plus process sequence, calculation or evidence-based explanation.","Recommend one practical change that could improve quality, handling efficiency or reduce loss.","No tasting unless the school has separately approved a supervised food activity. Wash hands before and after handling produce. Use only clean, teacher-approved samples and containers. Teachers control knives, heat, electrical equipment, chemicals and any processing machinery."
FF-284,Primary 4-6,Water-Smart Garden,Sorting & Quality,"Investigate sorting & quality in the Water-Smart Garden using measurable evidence and explain how production decisions affect food quantity, quality or handling.","Journal, labels, ruler/tape, balance where available, clean containers, tally sheet, calculator, handwashing supplies.","Use locally available baskets, clean reused food-grade containers, handmade labels, paper process cards and simple balances/measuring vessels where suitable.","1. Frame a question about sorting & quality. 2. Select samples. 3. Measure or classify evidence. 4. Record quantities and quality observations. 5. Trace the product through at least four farm-to-food stages. 6. Explain one risk, loss point or improvement.","Data table plus process sequence, calculation or evidence-based explanation.","Recommend one practical change that could improve quality, handling efficiency or reduce loss.","No tasting unless the school has separately approved a supervised food activity. Wash hands before and after handling produce. Use only clean, teacher-approved samples and containers. Teachers control knives, heat, electrical equipment, chemicals and any processing machinery."
FF-285,Primary 4-6,Water-Smart Garden,Farm-to-Food Journey,"Investigate farm-to-food journey in the Water-Smart Garden using measurable evidence and explain how production decisions affect food quantity, quality or handling.","Journal, labels, ruler/tape, balance where available, clean containers, tally sheet, calculator, handwashing supplies.","Use locally available baskets, clean reused food-grade containers, handmade labels, paper process cards and simple balances/measuring vessels where suitable.","1. Frame a question about farm-to-food journey. 2. Select samples. 3. Measure or classify evidence. 4. Record quantities and quality observations. 5. Trace the product through at least four farm-to-food stages. 6. Explain one risk, loss point or improvement.","Data table plus process sequence, calculation or evidence-based explanation.","Recommend one practical change that could improve quality, handling efficiency or reduce loss.","No tasting unless the school has separately approved a supervised food activity. Wash hands before and after handling produce. Use only clean, teacher-approved samples and containers. Teachers control knives, heat, electrical equipment, chemicals and any processing machinery."
FF-286,Primary 4-6,Water-Smart Garden,Measurement & Yield,"Investigate measurement & yield in the Water-Smart Garden using measurable evidence and explain how production decisions affect food quantity, quality or handling.","Journal, labels, ruler/tape, balance where available, clean containers, tally sheet, calculator, handwashing supplies.","Use locally available baskets, clean reused food-grade containers, handmade labels, paper process cards and simple balances/measuring vessels where suitable.","1. Frame a question about measurement & yield. 2. Select samples. 3. Measure or classify evidence. 4. Record quantities and quality observations. 5. Trace the product through at least four farm-to-food stages. 6. Explain one risk, loss point or improvement.","Data table plus process sequence, calculation or evidence-based explanation.","Recommend one practical change that could improve quality, handling efficiency or reduce loss.","No tasting unless the school has separately approved a supervised food activity. Wash hands before and after handling produce. Use only clean, teacher-approved samples and containers. Teachers control knives, heat, electrical equipment, chemicals and any processing machinery."
FF-287,Primary 4-6,Water-Smart Garden,Storage & Loss,"Investigate storage & loss in the Water-Smart Garden using measurable evidence and explain how production decisions affect food quantity, quality or handling.","Journal, labels, ruler/tape, balance where available, clean containers, tally sheet, calculator, handwashing supplies.","Use locally available baskets, clean reused food-grade containers, handmade labels, paper process cards and simple balances/measuring vessels where suitable.","1. Frame a question about storage & loss. 2. Select samples. 3. Measure or classify evidence. 4. Record quantities and quality observations. 5. Trace the product through at least four farm-to-food stages. 6. Explain one risk, loss point or improvement.","Data table plus process sequence, calculation or evidence-based explanation.","Recommend one practical change that could improve quality, handling efficiency or reduce loss.","No tasting unless the school has separately approved a supervised food activity. Wash hands before and after handling produce. Use only clean, teacher-approved samples and containers. Teachers control knives, heat, electrical equipment, chemicals and any processing machinery."
FF-288,Primary 4-6,Water-Smart Garden,Preparation Pathway,"Investigate preparation pathway in the Water-Smart Garden using measurable evidence and explain how production decisions affect food quantity, quality or handling.","Journal, labels, ruler/tape, balance where available, clean containers, tally sheet, calculator, handwashing supplies.","Use locally available baskets, clean reused food-grade containers, handmade labels, paper process cards and simple balances/measuring vessels where suitable.","1. Frame a question about preparation pathway. 2. Select samples. 3. Measure or classify evidence. 4. Record quantities and quality observations. 5. Trace the product through at least four farm-to-food stages. 6. Explain one risk, loss point or improvement.","Data table plus process sequence, calculation or evidence-based explanation.","Recommend one practical change that could improve quality, handling efficiency or reduce loss.","No tasting unless the school has separately approved a supervised food activity. Wash hands before and after handling produce. Use only clean, teacher-approved samples and containers. Teachers control knives, heat, electrical equipment, chemicals and any processing machinery."
FF-289,Primary 4-6,Water-Smart Garden,Food Choice & Literacy,"Investigate food choice & literacy in the Water-Smart Garden using measurable evidence and explain how production decisions affect food quantity, quality or handling.","Journal, labels, ruler/tape, balance where available, clean containers, tally sheet, calculator, handwashing supplies.","Use locally available baskets, clean reused food-grade containers, handmade labels, paper process cards and simple balances/measuring vessels where suitable.","1. Frame a question about food choice & literacy. 2. Select samples. 3. Measure or classify evidence. 4. Record quantities and quality observations. 5. Trace the product through at least four farm-to-food stages. 6. Explain one risk, loss point or improvement.","Data table plus process sequence, calculation or evidence-based explanation.","Recommend one practical change that could improve quality, handling efficiency or reduce loss.","No tasting unless the school has separately approved a supervised food activity. Wash hands before and after handling produce. Use only clean, teacher-approved samples and containers. Teachers control knives, heat, electrical equipment, chemicals and any processing machinery."
FF-290,Primary 4-6,Water-Smart Garden,Waste-to-Resource,"Investigate waste-to-resource in the Water-Smart Garden using measurable evidence and explain how production decisions affect food quantity, quality or handling.","Journal, labels, ruler/tape, balance where available, clean containers, tally sheet, calculator, handwashing supplies.","Use locally available baskets, clean reused food-grade containers, handmade labels, paper process cards and simple balances/measuring vessels where suitable.","1. Frame a question about waste-to-resource. 2. Select samples. 3. Measure or classify evidence. 4. Record quantities and quality observations. 5. Trace the product through at least four farm-to-food stages. 6. Explain one risk, loss point or improvement.","Data table plus process sequence, calculation or evidence-based explanation.","Recommend one practical change that could improve quality, handling efficiency or reduce loss.","No tasting unless the school has separately approved a supervised food activity. Wash hands before and after handling produce. Use only clean, teacher-approved samples and containers. Teachers control knives, heat, electrical equipment, chemicals and any processing machinery."
FF-291,Primary 4-6,Intro Soilless Garden,Food Origin,"Investigate food origin in the Intro Soilless Garden using measurable evidence and explain how production decisions affect food quantity, quality or handling.","Journal, labels, ruler/tape, balance where available, clean containers, tally sheet, calculator, handwashing supplies.","Use locally available baskets, clean reused food-grade containers, handmade labels, paper process cards and simple balances/measuring vessels where suitable.","1. Frame a question about food origin. 2. Select samples. 3. Measure or classify evidence. 4. Record quantities and quality observations. 5. Trace the product through at least four farm-to-food stages. 6. Explain one risk, loss point or improvement.","Data table plus process sequence, calculation or evidence-based explanation.","Recommend one practical change that could improve quality, handling efficiency or reduce loss.","No tasting unless the school has separately approved a supervised food activity. Wash hands before and after handling produce. Use only clean, teacher-approved samples and containers. Teachers control knives, heat, electrical equipment, chemicals and any processing machinery."
FF-292,Primary 4-6,Intro Soilless Garden,Harvest Readiness,"Investigate harvest readiness in the Intro Soilless Garden using measurable evidence and explain how production decisions affect food quantity, quality or handling.","Journal, labels, ruler/tape, balance where available, clean containers, tally sheet, calculator, handwashing supplies.","Use locally available baskets, clean reused food-grade containers, handmade labels, paper process cards and simple balances/measuring vessels where suitable.","1. Frame a question about harvest readiness. 2. Select samples. 3. Measure or classify evidence. 4. Record quantities and quality observations. 5. Trace the product through at least four farm-to-food stages. 6. Explain one risk, loss point or improvement.","Data table plus process sequence, calculation or evidence-based explanation.","Recommend one practical change that could improve quality, handling efficiency or reduce loss.","No tasting unless the school has separately approved a supervised food activity. Wash hands before and after handling produce. Use only clean, teacher-approved samples and containers. Teachers control knives, heat, electrical equipment, chemicals and any processing machinery."
FF-293,Primary 4-6,Intro Soilless Garden,Safe Handling,"Investigate safe handling in the Intro Soilless Garden using measurable evidence and explain how production decisions affect food quantity, quality or handling.","Journal, labels, ruler/tape, balance where available, clean containers, tally sheet, calculator, handwashing supplies.","Use locally available baskets, clean reused food-grade containers, handmade labels, paper process cards and simple balances/measuring vessels where suitable.","1. Frame a question about safe handling. 2. Select samples. 3. Measure or classify evidence. 4. Record quantities and quality observations. 5. Trace the product through at least four farm-to-food stages. 6. Explain one risk, loss point or improvement.","Data table plus process sequence, calculation or evidence-based explanation.","Recommend one practical change that could improve quality, handling efficiency or reduce loss.","No tasting unless the school has separately approved a supervised food activity. Wash hands before and after handling produce. Use only clean, teacher-approved samples and containers. Teachers control knives, heat, electrical equipment, chemicals and any processing machinery."
FF-294,Primary 4-6,Intro Soilless Garden,Sorting & Quality,"Investigate sorting & quality in the Intro Soilless Garden using measurable evidence and explain how production decisions affect food quantity, quality or handling.","Journal, labels, ruler/tape, balance where available, clean containers, tally sheet, calculator, handwashing supplies.","Use locally available baskets, clean reused food-grade containers, handmade labels, paper process cards and simple balances/measuring vessels where suitable.","1. Frame a question about sorting & quality. 2. Select samples. 3. Measure or classify evidence. 4. Record quantities and quality observations. 5. Trace the product through at least four farm-to-food stages. 6. Explain one risk, loss point or improvement.","Data table plus process sequence, calculation or evidence-based explanation.","Recommend one practical change that could improve quality, handling efficiency or reduce loss.","No tasting unless the school has separately approved a supervised food activity. Wash hands before and after handling produce. Use only clean, teacher-approved samples and containers. Teachers control knives, heat, electrical equipment, chemicals and any processing machinery."
FF-295,Primary 4-6,Intro Soilless Garden,Farm-to-Food Journey,"Investigate farm-to-food journey in the Intro Soilless Garden using measurable evidence and explain how production decisions affect food quantity, quality or handling.","Journal, labels, ruler/tape, balance where available, clean containers, tally sheet, calculator, handwashing supplies.","Use locally available baskets, clean reused food-grade containers, handmade labels, paper process cards and simple balances/measuring vessels where suitable.","1. Frame a question about farm-to-food journey. 2. Select samples. 3. Measure or classify evidence. 4. Record quantities and quality observations. 5. Trace the product through at least four farm-to-food stages. 6. Explain one risk, loss point or improvement.","Data table plus process sequence, calculation or evidence-based explanation.","Recommend one practical change that could improve quality, handling efficiency or reduce loss.","No tasting unless the school has separately approved a supervised food activity. Wash hands before and after handling produce. Use only clean, teacher-approved samples and containers. Teachers control knives, heat, electrical equipment, chemicals and any processing machinery."
FF-296,Primary 4-6,Intro Soilless Garden,Measurement & Yield,"Investigate measurement & yield in the Intro Soilless Garden using measurable evidence and explain how production decisions affect food quantity, quality or handling.","Journal, labels, ruler/tape, balance where available, clean containers, tally sheet, calculator, handwashing supplies.","Use locally available baskets, clean reused food-grade containers, handmade labels, paper process cards and simple balances/measuring vessels where suitable.","1. Frame a question about measurement & yield. 2. Select samples. 3. Measure or classify evidence. 4. Record quantities and quality observations. 5. Trace the product through at least four farm-to-food stages. 6. Explain one risk, loss point or improvement.","Data table plus process sequence, calculation or evidence-based explanation.","Recommend one practical change that could improve quality, handling efficiency or reduce loss.","No tasting unless the school has separately approved a supervised food activity. Wash hands before and after handling produce. Use only clean, teacher-approved samples and containers. Teachers control knives, heat, electrical equipment, chemicals and any processing machinery."
FF-297,Primary 4-6,Intro Soilless Garden,Storage & Loss,"Investigate storage & loss in the Intro Soilless Garden using measurable evidence and explain how production decisions affect food quantity, quality or handling.","Journal, labels, ruler/tape, balance where available, clean containers, tally sheet, calculator, handwashing supplies.","Use locally available baskets, clean reused food-grade containers, handmade labels, paper process cards and simple balances/measuring vessels where suitable.","1. Frame a question about storage & loss. 2. Select samples. 3. Measure or classify evidence. 4. Record quantities and quality observations. 5. Trace the product through at least four farm-to-food stages. 6. Explain one risk, loss point or improvement.","Data table plus process sequence, calculation or evidence-based explanation.","Recommend one practical change that could improve quality, handling efficiency or reduce loss.","No tasting unless the school has separately approved a supervised food activity. Wash hands before and after handling produce. Use only clean, teacher-approved samples and containers. Teachers control knives, heat, electrical equipment, chemicals and any processing machinery."
FF-298,Primary 4-6,Intro Soilless Garden,Preparation Pathway,"Investigate preparation pathway in the Intro Soilless Garden using measurable evidence and explain how production decisions affect food quantity, quality or handling.","Journal, labels, ruler/tape, balance where available, clean containers, tally sheet, calculator, handwashing supplies.","Use locally available baskets, clean reused food-grade containers, handmade labels, paper process cards and simple balances/measuring vessels where suitable.","1. Frame a question about preparation pathway. 2. Select samples. 3. Measure or classify evidence. 4. Record quantities and quality observations. 5. Trace the product through at least four farm-to-food stages. 6. Explain one risk, loss point or improvement.","Data table plus process sequence, calculation or evidence-based explanation.","Recommend one practical change that could improve quality, handling efficiency or reduce loss.","No tasting unless the school has separately approved a supervised food activity. Wash hands before and after handling produce. Use only clean, teacher-approved samples and containers. Teachers control knives, heat, electrical equipment, chemicals and any processing machinery."
FF-299,Primary 4-6,Intro Soilless Garden,Food Choice & Literacy,"Investigate food choice & literacy in the Intro Soilless Garden using measurable evidence and explain how production decisions affect food quantity, quality or handling.","Journal, labels, ruler/tape, balance where available, clean containers, tally sheet, calculator, handwashing supplies.","Use locally available baskets, clean reused food-grade containers, handmade labels, paper process cards and simple balances/measuring vessels where suitable.","1. Frame a question about food choice & literacy. 2. Select samples. 3. Measure or classify evidence. 4. Record quantities and quality observations. 5. Trace the product through at least four farm-to-food stages. 6. Explain one risk, loss point or improvement.","Data table plus process sequence, calculation or evidence-based explanation.","Recommend one practical change that could improve quality, handling efficiency or reduce loss.","No tasting unless the school has separately approved a supervised food activity. Wash hands before and after handling produce. Use only clean, teacher-approved samples and containers. Teachers control knives, heat, electrical equipment, chemicals and any processing machinery."
FF-300,Primary 4-6,Intro Soilless Garden,Waste-to-Resource,"Investigate waste-to-resource in the Intro Soilless Garden using measurable evidence and explain how production decisions affect food quantity, quality or handling.","Journal, labels, ruler/tape, balance where available, clean containers, tally sheet, calculator, handwashing supplies.","Use locally available baskets, clean reused food-grade containers, handmade labels, paper process cards and simple balances/measuring vessels where suitable.","1. Frame a question about waste-to-resource. 2. Select samples. 3. Measure or classify evidence. 4. Record quantities and quality observations. 5. Trace the product through at least four farm-to-food stages. 6. Explain one risk, loss point or improvement.","Data table plus process sequence, calculation or evidence-based explanation.","Recommend one practical change that could improve quality, handling efficiency or reduce loss.","No tasting unless the school has separately approved a supervised food activity. Wash hands before and after handling produce. Use only clean, teacher-approved samples and containers. Teachers control knives, heat, electrical equipment, chemicals and any processing machinery."
