ID,Level,Ingredient,Plant_Part,Theme,Objective,Materials,DIY,Method,Evidence,Questions,Safety
IL-201,Primary 4-6,Hibiscus,Calyx,Identity & Plant Part,"Investigate identity & plant part in hibiscus using a fair sampling method, quantitative evidence and an evidence-based explanation.","Clean ingredient samples or images, labels, observation sheet/journal, ruler and balance where appropriate, clean trays/containers, handwashing supplies.","Use locally available produce, paper labels, clean food-grade reused containers, handmade measuring grids and simple classroom balances where suitable.","Frame a question, select comparable samples, measure the relevant property, repeat observations, summarize the data and explain the pattern and one limitation.","Question, sample IDs, data table, calculation/graph, conclusion and limitation.",Is the comparison fair? What variable are you measuring? What pattern is supported by the data?,"No tasting is required. Use clean teacher-approved samples. Wash hands before and after handling. Teachers alone control knives, graters, heat, electrical equipment, chemicals and processing machinery. Do not conduct microbial culture or unsafe food-storage experiments."
IL-202,Primary 4-6,Hibiscus,Calyx,External Structure,"Investigate external structure in hibiscus using a fair sampling method, quantitative evidence and an evidence-based explanation.","Clean ingredient samples or images, labels, observation sheet/journal, ruler and balance where appropriate, clean trays/containers, handwashing supplies.","Use locally available produce, paper labels, clean food-grade reused containers, handmade measuring grids and simple classroom balances where suitable.","Frame a question, select comparable samples, measure the relevant property, repeat observations, summarize the data and explain the pattern and one limitation.","Question, sample IDs, data table, calculation/graph, conclusion and limitation.",Is the comparison fair? What variable are you measuring? What pattern is supported by the data?,"No tasting is required. Use clean teacher-approved samples. Wash hands before and after handling. Teachers alone control knives, graters, heat, electrical equipment, chemicals and processing machinery. Do not conduct microbial culture or unsafe food-storage experiments."
IL-203,Primary 4-6,Hibiscus,Calyx,Internal Structure,"Investigate internal structure in hibiscus using a fair sampling method, quantitative evidence and an evidence-based explanation.","Clean ingredient samples or images, labels, observation sheet/journal, ruler and balance where appropriate, clean trays/containers, handwashing supplies.","Use locally available produce, paper labels, clean food-grade reused containers, handmade measuring grids and simple classroom balances where suitable.","Frame a question, select comparable samples, measure the relevant property, repeat observations, summarize the data and explain the pattern and one limitation.","Question, sample IDs, data table, calculation/graph, conclusion and limitation.",Is the comparison fair? What variable are you measuring? What pattern is supported by the data?,"No tasting is required. Use clean teacher-approved samples. Wash hands before and after handling. Teachers alone control knives, graters, heat, electrical equipment, chemicals and processing machinery. Do not conduct microbial culture or unsafe food-storage experiments."
IL-204,Primary 4-6,Hibiscus,Calyx,Colour & Texture,"Investigate colour & texture in hibiscus using a fair sampling method, quantitative evidence and an evidence-based explanation.","Clean ingredient samples or images, labels, observation sheet/journal, ruler and balance where appropriate, clean trays/containers, handwashing supplies.","Use locally available produce, paper labels, clean food-grade reused containers, handmade measuring grids and simple classroom balances where suitable.","Frame a question, select comparable samples, measure the relevant property, repeat observations, summarize the data and explain the pattern and one limitation.","Question, sample IDs, data table, calculation/graph, conclusion and limitation.",Is the comparison fair? What variable are you measuring? What pattern is supported by the data?,"No tasting is required. Use clean teacher-approved samples. Wash hands before and after handling. Teachers alone control knives, graters, heat, electrical equipment, chemicals and processing machinery. Do not conduct microbial culture or unsafe food-storage experiments."
IL-205,Primary 4-6,Hibiscus,Calyx,Mass & Size,"Investigate mass & size in hibiscus using a fair sampling method, quantitative evidence and an evidence-based explanation.","Clean ingredient samples or images, labels, observation sheet/journal, ruler and balance where appropriate, clean trays/containers, handwashing supplies.","Use locally available produce, paper labels, clean food-grade reused containers, handmade measuring grids and simple classroom balances where suitable.","Frame a question, select comparable samples, measure the relevant property, repeat observations, summarize the data and explain the pattern and one limitation.","Question, sample IDs, data table, calculation/graph, conclusion and limitation.",Is the comparison fair? What variable are you measuring? What pattern is supported by the data?,"No tasting is required. Use clean teacher-approved samples. Wash hands before and after handling. Teachers alone control knives, graters, heat, electrical equipment, chemicals and processing machinery. Do not conduct microbial culture or unsafe food-storage experiments."
IL-206,Primary 4-6,Hibiscus,Calyx,Water/Change Observation,"Investigate water/change observation in hibiscus using a fair sampling method, quantitative evidence and an evidence-based explanation.","Clean ingredient samples or images, labels, observation sheet/journal, ruler and balance where appropriate, clean trays/containers, handwashing supplies.","Use locally available produce, paper labels, clean food-grade reused containers, handmade measuring grids and simple classroom balances where suitable.","Frame a question, select comparable samples, measure the relevant property, repeat observations, summarize the data and explain the pattern and one limitation.","Question, sample IDs, data table, calculation/graph, conclusion and limitation.",Is the comparison fair? What variable are you measuring? What pattern is supported by the data?,"No tasting is required. Use clean teacher-approved samples. Wash hands before and after handling. Teachers alone control knives, graters, heat, electrical equipment, chemicals and processing machinery. Do not conduct microbial culture or unsafe food-storage experiments."
IL-207,Primary 4-6,Hibiscus,Calyx,Sorting & Quality,"Investigate sorting & quality in hibiscus using a fair sampling method, quantitative evidence and an evidence-based explanation.","Clean ingredient samples or images, labels, observation sheet/journal, ruler and balance where appropriate, clean trays/containers, handwashing supplies.","Use locally available produce, paper labels, clean food-grade reused containers, handmade measuring grids and simple classroom balances where suitable.","Frame a question, select comparable samples, measure the relevant property, repeat observations, summarize the data and explain the pattern and one limitation.","Question, sample IDs, data table, calculation/graph, conclusion and limitation.",Is the comparison fair? What variable are you measuring? What pattern is supported by the data?,"No tasting is required. Use clean teacher-approved samples. Wash hands before and after handling. Teachers alone control knives, graters, heat, electrical equipment, chemicals and processing machinery. Do not conduct microbial culture or unsafe food-storage experiments."
IL-208,Primary 4-6,Hibiscus,Calyx,Post-Harvest Change,"Investigate post-harvest change in hibiscus using a fair sampling method, quantitative evidence and an evidence-based explanation.","Clean ingredient samples or images, labels, observation sheet/journal, ruler and balance where appropriate, clean trays/containers, handwashing supplies.","Use locally available produce, paper labels, clean food-grade reused containers, handmade measuring grids and simple classroom balances where suitable.","Frame a question, select comparable samples, measure the relevant property, repeat observations, summarize the data and explain the pattern and one limitation.","Question, sample IDs, data table, calculation/graph, conclusion and limitation.",Is the comparison fair? What variable are you measuring? What pattern is supported by the data?,"No tasting is required. Use clean teacher-approved samples. Wash hands before and after handling. Teachers alone control knives, graters, heat, electrical equipment, chemicals and processing machinery. Do not conduct microbial culture or unsafe food-storage experiments."
IL-209,Primary 4-6,Hibiscus,Calyx,Ingredient-to-Food Pathway,"Investigate ingredient-to-food pathway in hibiscus using a fair sampling method, quantitative evidence and an evidence-based explanation.","Clean ingredient samples or images, labels, observation sheet/journal, ruler and balance where appropriate, clean trays/containers, handwashing supplies.","Use locally available produce, paper labels, clean food-grade reused containers, handmade measuring grids and simple classroom balances where suitable.","Frame a question, select comparable samples, measure the relevant property, repeat observations, summarize the data and explain the pattern and one limitation.","Question, sample IDs, data table, calculation/graph, conclusion and limitation.",Is the comparison fair? What variable are you measuring? What pattern is supported by the data?,"No tasting is required. Use clean teacher-approved samples. Wash hands before and after handling. Teachers alone control knives, graters, heat, electrical equipment, chemicals and processing machinery. Do not conduct microbial culture or unsafe food-storage experiments."
IL-210,Primary 4-6,Hibiscus,Calyx,Investigation Challenge,"Investigate investigation challenge in hibiscus using a fair sampling method, quantitative evidence and an evidence-based explanation.","Clean ingredient samples or images, labels, observation sheet/journal, ruler and balance where appropriate, clean trays/containers, handwashing supplies.","Use locally available produce, paper labels, clean food-grade reused containers, handmade measuring grids and simple classroom balances where suitable.","Frame a question, select comparable samples, measure the relevant property, repeat observations, summarize the data and explain the pattern and one limitation.","Question, sample IDs, data table, calculation/graph, conclusion and limitation.",Is the comparison fair? What variable are you measuring? What pattern is supported by the data?,"No tasting is required. Use clean teacher-approved samples. Wash hands before and after handling. Teachers alone control knives, graters, heat, electrical equipment, chemicals and processing machinery. Do not conduct microbial culture or unsafe food-storage experiments."
IL-211,Primary 4-6,Ginger,Rhizome,Identity & Plant Part,"Investigate identity & plant part in ginger using a fair sampling method, quantitative evidence and an evidence-based explanation.","Clean ingredient samples or images, labels, observation sheet/journal, ruler and balance where appropriate, clean trays/containers, handwashing supplies.","Use locally available produce, paper labels, clean food-grade reused containers, handmade measuring grids and simple classroom balances where suitable.","Frame a question, select comparable samples, measure the relevant property, repeat observations, summarize the data and explain the pattern and one limitation.","Question, sample IDs, data table, calculation/graph, conclusion and limitation.",Is the comparison fair? What variable are you measuring? What pattern is supported by the data?,"No tasting is required. Use clean teacher-approved samples. Wash hands before and after handling. Teachers alone control knives, graters, heat, electrical equipment, chemicals and processing machinery. Do not conduct microbial culture or unsafe food-storage experiments."
IL-212,Primary 4-6,Ginger,Rhizome,External Structure,"Investigate external structure in ginger using a fair sampling method, quantitative evidence and an evidence-based explanation.","Clean ingredient samples or images, labels, observation sheet/journal, ruler and balance where appropriate, clean trays/containers, handwashing supplies.","Use locally available produce, paper labels, clean food-grade reused containers, handmade measuring grids and simple classroom balances where suitable.","Frame a question, select comparable samples, measure the relevant property, repeat observations, summarize the data and explain the pattern and one limitation.","Question, sample IDs, data table, calculation/graph, conclusion and limitation.",Is the comparison fair? What variable are you measuring? What pattern is supported by the data?,"No tasting is required. Use clean teacher-approved samples. Wash hands before and after handling. Teachers alone control knives, graters, heat, electrical equipment, chemicals and processing machinery. Do not conduct microbial culture or unsafe food-storage experiments."
IL-213,Primary 4-6,Ginger,Rhizome,Internal Structure,"Investigate internal structure in ginger using a fair sampling method, quantitative evidence and an evidence-based explanation.","Clean ingredient samples or images, labels, observation sheet/journal, ruler and balance where appropriate, clean trays/containers, handwashing supplies.","Use locally available produce, paper labels, clean food-grade reused containers, handmade measuring grids and simple classroom balances where suitable.","Frame a question, select comparable samples, measure the relevant property, repeat observations, summarize the data and explain the pattern and one limitation.","Question, sample IDs, data table, calculation/graph, conclusion and limitation.",Is the comparison fair? What variable are you measuring? What pattern is supported by the data?,"No tasting is required. Use clean teacher-approved samples. Wash hands before and after handling. Teachers alone control knives, graters, heat, electrical equipment, chemicals and processing machinery. Do not conduct microbial culture or unsafe food-storage experiments."
IL-214,Primary 4-6,Ginger,Rhizome,Colour & Texture,"Investigate colour & texture in ginger using a fair sampling method, quantitative evidence and an evidence-based explanation.","Clean ingredient samples or images, labels, observation sheet/journal, ruler and balance where appropriate, clean trays/containers, handwashing supplies.","Use locally available produce, paper labels, clean food-grade reused containers, handmade measuring grids and simple classroom balances where suitable.","Frame a question, select comparable samples, measure the relevant property, repeat observations, summarize the data and explain the pattern and one limitation.","Question, sample IDs, data table, calculation/graph, conclusion and limitation.",Is the comparison fair? What variable are you measuring? What pattern is supported by the data?,"No tasting is required. Use clean teacher-approved samples. Wash hands before and after handling. Teachers alone control knives, graters, heat, electrical equipment, chemicals and processing machinery. Do not conduct microbial culture or unsafe food-storage experiments."
IL-215,Primary 4-6,Ginger,Rhizome,Mass & Size,"Investigate mass & size in ginger using a fair sampling method, quantitative evidence and an evidence-based explanation.","Clean ingredient samples or images, labels, observation sheet/journal, ruler and balance where appropriate, clean trays/containers, handwashing supplies.","Use locally available produce, paper labels, clean food-grade reused containers, handmade measuring grids and simple classroom balances where suitable.","Frame a question, select comparable samples, measure the relevant property, repeat observations, summarize the data and explain the pattern and one limitation.","Question, sample IDs, data table, calculation/graph, conclusion and limitation.",Is the comparison fair? What variable are you measuring? What pattern is supported by the data?,"No tasting is required. Use clean teacher-approved samples. Wash hands before and after handling. Teachers alone control knives, graters, heat, electrical equipment, chemicals and processing machinery. Do not conduct microbial culture or unsafe food-storage experiments."
IL-216,Primary 4-6,Ginger,Rhizome,Water/Change Observation,"Investigate water/change observation in ginger using a fair sampling method, quantitative evidence and an evidence-based explanation.","Clean ingredient samples or images, labels, observation sheet/journal, ruler and balance where appropriate, clean trays/containers, handwashing supplies.","Use locally available produce, paper labels, clean food-grade reused containers, handmade measuring grids and simple classroom balances where suitable.","Frame a question, select comparable samples, measure the relevant property, repeat observations, summarize the data and explain the pattern and one limitation.","Question, sample IDs, data table, calculation/graph, conclusion and limitation.",Is the comparison fair? What variable are you measuring? What pattern is supported by the data?,"No tasting is required. Use clean teacher-approved samples. Wash hands before and after handling. Teachers alone control knives, graters, heat, electrical equipment, chemicals and processing machinery. Do not conduct microbial culture or unsafe food-storage experiments."
IL-217,Primary 4-6,Ginger,Rhizome,Sorting & Quality,"Investigate sorting & quality in ginger using a fair sampling method, quantitative evidence and an evidence-based explanation.","Clean ingredient samples or images, labels, observation sheet/journal, ruler and balance where appropriate, clean trays/containers, handwashing supplies.","Use locally available produce, paper labels, clean food-grade reused containers, handmade measuring grids and simple classroom balances where suitable.","Frame a question, select comparable samples, measure the relevant property, repeat observations, summarize the data and explain the pattern and one limitation.","Question, sample IDs, data table, calculation/graph, conclusion and limitation.",Is the comparison fair? What variable are you measuring? What pattern is supported by the data?,"No tasting is required. Use clean teacher-approved samples. Wash hands before and after handling. Teachers alone control knives, graters, heat, electrical equipment, chemicals and processing machinery. Do not conduct microbial culture or unsafe food-storage experiments."
IL-218,Primary 4-6,Ginger,Rhizome,Post-Harvest Change,"Investigate post-harvest change in ginger using a fair sampling method, quantitative evidence and an evidence-based explanation.","Clean ingredient samples or images, labels, observation sheet/journal, ruler and balance where appropriate, clean trays/containers, handwashing supplies.","Use locally available produce, paper labels, clean food-grade reused containers, handmade measuring grids and simple classroom balances where suitable.","Frame a question, select comparable samples, measure the relevant property, repeat observations, summarize the data and explain the pattern and one limitation.","Question, sample IDs, data table, calculation/graph, conclusion and limitation.",Is the comparison fair? What variable are you measuring? What pattern is supported by the data?,"No tasting is required. Use clean teacher-approved samples. Wash hands before and after handling. Teachers alone control knives, graters, heat, electrical equipment, chemicals and processing machinery. Do not conduct microbial culture or unsafe food-storage experiments."
IL-219,Primary 4-6,Ginger,Rhizome,Ingredient-to-Food Pathway,"Investigate ingredient-to-food pathway in ginger using a fair sampling method, quantitative evidence and an evidence-based explanation.","Clean ingredient samples or images, labels, observation sheet/journal, ruler and balance where appropriate, clean trays/containers, handwashing supplies.","Use locally available produce, paper labels, clean food-grade reused containers, handmade measuring grids and simple classroom balances where suitable.","Frame a question, select comparable samples, measure the relevant property, repeat observations, summarize the data and explain the pattern and one limitation.","Question, sample IDs, data table, calculation/graph, conclusion and limitation.",Is the comparison fair? What variable are you measuring? What pattern is supported by the data?,"No tasting is required. Use clean teacher-approved samples. Wash hands before and after handling. Teachers alone control knives, graters, heat, electrical equipment, chemicals and processing machinery. Do not conduct microbial culture or unsafe food-storage experiments."
IL-220,Primary 4-6,Ginger,Rhizome,Investigation Challenge,"Investigate investigation challenge in ginger using a fair sampling method, quantitative evidence and an evidence-based explanation.","Clean ingredient samples or images, labels, observation sheet/journal, ruler and balance where appropriate, clean trays/containers, handwashing supplies.","Use locally available produce, paper labels, clean food-grade reused containers, handmade measuring grids and simple classroom balances where suitable.","Frame a question, select comparable samples, measure the relevant property, repeat observations, summarize the data and explain the pattern and one limitation.","Question, sample IDs, data table, calculation/graph, conclusion and limitation.",Is the comparison fair? What variable are you measuring? What pattern is supported by the data?,"No tasting is required. Use clean teacher-approved samples. Wash hands before and after handling. Teachers alone control knives, graters, heat, electrical equipment, chemicals and processing machinery. Do not conduct microbial culture or unsafe food-storage experiments."
IL-221,Primary 4-6,Turmeric,Rhizome,Identity & Plant Part,"Investigate identity & plant part in turmeric using a fair sampling method, quantitative evidence and an evidence-based explanation.","Clean ingredient samples or images, labels, observation sheet/journal, ruler and balance where appropriate, clean trays/containers, handwashing supplies.","Use locally available produce, paper labels, clean food-grade reused containers, handmade measuring grids and simple classroom balances where suitable.","Frame a question, select comparable samples, measure the relevant property, repeat observations, summarize the data and explain the pattern and one limitation.","Question, sample IDs, data table, calculation/graph, conclusion and limitation.",Is the comparison fair? What variable are you measuring? What pattern is supported by the data?,"No tasting is required. Use clean teacher-approved samples. Wash hands before and after handling. Teachers alone control knives, graters, heat, electrical equipment, chemicals and processing machinery. Do not conduct microbial culture or unsafe food-storage experiments."
IL-222,Primary 4-6,Turmeric,Rhizome,External Structure,"Investigate external structure in turmeric using a fair sampling method, quantitative evidence and an evidence-based explanation.","Clean ingredient samples or images, labels, observation sheet/journal, ruler and balance where appropriate, clean trays/containers, handwashing supplies.","Use locally available produce, paper labels, clean food-grade reused containers, handmade measuring grids and simple classroom balances where suitable.","Frame a question, select comparable samples, measure the relevant property, repeat observations, summarize the data and explain the pattern and one limitation.","Question, sample IDs, data table, calculation/graph, conclusion and limitation.",Is the comparison fair? What variable are you measuring? What pattern is supported by the data?,"No tasting is required. Use clean teacher-approved samples. Wash hands before and after handling. Teachers alone control knives, graters, heat, electrical equipment, chemicals and processing machinery. Do not conduct microbial culture or unsafe food-storage experiments."
IL-223,Primary 4-6,Turmeric,Rhizome,Internal Structure,"Investigate internal structure in turmeric using a fair sampling method, quantitative evidence and an evidence-based explanation.","Clean ingredient samples or images, labels, observation sheet/journal, ruler and balance where appropriate, clean trays/containers, handwashing supplies.","Use locally available produce, paper labels, clean food-grade reused containers, handmade measuring grids and simple classroom balances where suitable.","Frame a question, select comparable samples, measure the relevant property, repeat observations, summarize the data and explain the pattern and one limitation.","Question, sample IDs, data table, calculation/graph, conclusion and limitation.",Is the comparison fair? What variable are you measuring? What pattern is supported by the data?,"No tasting is required. Use clean teacher-approved samples. Wash hands before and after handling. Teachers alone control knives, graters, heat, electrical equipment, chemicals and processing machinery. Do not conduct microbial culture or unsafe food-storage experiments."
IL-224,Primary 4-6,Turmeric,Rhizome,Colour & Texture,"Investigate colour & texture in turmeric using a fair sampling method, quantitative evidence and an evidence-based explanation.","Clean ingredient samples or images, labels, observation sheet/journal, ruler and balance where appropriate, clean trays/containers, handwashing supplies.","Use locally available produce, paper labels, clean food-grade reused containers, handmade measuring grids and simple classroom balances where suitable.","Frame a question, select comparable samples, measure the relevant property, repeat observations, summarize the data and explain the pattern and one limitation.","Question, sample IDs, data table, calculation/graph, conclusion and limitation.",Is the comparison fair? What variable are you measuring? What pattern is supported by the data?,"No tasting is required. Use clean teacher-approved samples. Wash hands before and after handling. Teachers alone control knives, graters, heat, electrical equipment, chemicals and processing machinery. Do not conduct microbial culture or unsafe food-storage experiments."
IL-225,Primary 4-6,Turmeric,Rhizome,Mass & Size,"Investigate mass & size in turmeric using a fair sampling method, quantitative evidence and an evidence-based explanation.","Clean ingredient samples or images, labels, observation sheet/journal, ruler and balance where appropriate, clean trays/containers, handwashing supplies.","Use locally available produce, paper labels, clean food-grade reused containers, handmade measuring grids and simple classroom balances where suitable.","Frame a question, select comparable samples, measure the relevant property, repeat observations, summarize the data and explain the pattern and one limitation.","Question, sample IDs, data table, calculation/graph, conclusion and limitation.",Is the comparison fair? What variable are you measuring? What pattern is supported by the data?,"No tasting is required. Use clean teacher-approved samples. Wash hands before and after handling. Teachers alone control knives, graters, heat, electrical equipment, chemicals and processing machinery. Do not conduct microbial culture or unsafe food-storage experiments."
IL-226,Primary 4-6,Turmeric,Rhizome,Water/Change Observation,"Investigate water/change observation in turmeric using a fair sampling method, quantitative evidence and an evidence-based explanation.","Clean ingredient samples or images, labels, observation sheet/journal, ruler and balance where appropriate, clean trays/containers, handwashing supplies.","Use locally available produce, paper labels, clean food-grade reused containers, handmade measuring grids and simple classroom balances where suitable.","Frame a question, select comparable samples, measure the relevant property, repeat observations, summarize the data and explain the pattern and one limitation.","Question, sample IDs, data table, calculation/graph, conclusion and limitation.",Is the comparison fair? What variable are you measuring? What pattern is supported by the data?,"No tasting is required. Use clean teacher-approved samples. Wash hands before and after handling. Teachers alone control knives, graters, heat, electrical equipment, chemicals and processing machinery. Do not conduct microbial culture or unsafe food-storage experiments."
IL-227,Primary 4-6,Turmeric,Rhizome,Sorting & Quality,"Investigate sorting & quality in turmeric using a fair sampling method, quantitative evidence and an evidence-based explanation.","Clean ingredient samples or images, labels, observation sheet/journal, ruler and balance where appropriate, clean trays/containers, handwashing supplies.","Use locally available produce, paper labels, clean food-grade reused containers, handmade measuring grids and simple classroom balances where suitable.","Frame a question, select comparable samples, measure the relevant property, repeat observations, summarize the data and explain the pattern and one limitation.","Question, sample IDs, data table, calculation/graph, conclusion and limitation.",Is the comparison fair? What variable are you measuring? What pattern is supported by the data?,"No tasting is required. Use clean teacher-approved samples. Wash hands before and after handling. Teachers alone control knives, graters, heat, electrical equipment, chemicals and processing machinery. Do not conduct microbial culture or unsafe food-storage experiments."
IL-228,Primary 4-6,Turmeric,Rhizome,Post-Harvest Change,"Investigate post-harvest change in turmeric using a fair sampling method, quantitative evidence and an evidence-based explanation.","Clean ingredient samples or images, labels, observation sheet/journal, ruler and balance where appropriate, clean trays/containers, handwashing supplies.","Use locally available produce, paper labels, clean food-grade reused containers, handmade measuring grids and simple classroom balances where suitable.","Frame a question, select comparable samples, measure the relevant property, repeat observations, summarize the data and explain the pattern and one limitation.","Question, sample IDs, data table, calculation/graph, conclusion and limitation.",Is the comparison fair? What variable are you measuring? What pattern is supported by the data?,"No tasting is required. Use clean teacher-approved samples. Wash hands before and after handling. Teachers alone control knives, graters, heat, electrical equipment, chemicals and processing machinery. Do not conduct microbial culture or unsafe food-storage experiments."
IL-229,Primary 4-6,Turmeric,Rhizome,Ingredient-to-Food Pathway,"Investigate ingredient-to-food pathway in turmeric using a fair sampling method, quantitative evidence and an evidence-based explanation.","Clean ingredient samples or images, labels, observation sheet/journal, ruler and balance where appropriate, clean trays/containers, handwashing supplies.","Use locally available produce, paper labels, clean food-grade reused containers, handmade measuring grids and simple classroom balances where suitable.","Frame a question, select comparable samples, measure the relevant property, repeat observations, summarize the data and explain the pattern and one limitation.","Question, sample IDs, data table, calculation/graph, conclusion and limitation.",Is the comparison fair? What variable are you measuring? What pattern is supported by the data?,"No tasting is required. Use clean teacher-approved samples. Wash hands before and after handling. Teachers alone control knives, graters, heat, electrical equipment, chemicals and processing machinery. Do not conduct microbial culture or unsafe food-storage experiments."
IL-230,Primary 4-6,Turmeric,Rhizome,Investigation Challenge,"Investigate investigation challenge in turmeric using a fair sampling method, quantitative evidence and an evidence-based explanation.","Clean ingredient samples or images, labels, observation sheet/journal, ruler and balance where appropriate, clean trays/containers, handwashing supplies.","Use locally available produce, paper labels, clean food-grade reused containers, handmade measuring grids and simple classroom balances where suitable.","Frame a question, select comparable samples, measure the relevant property, repeat observations, summarize the data and explain the pattern and one limitation.","Question, sample IDs, data table, calculation/graph, conclusion and limitation.",Is the comparison fair? What variable are you measuring? What pattern is supported by the data?,"No tasting is required. Use clean teacher-approved samples. Wash hands before and after handling. Teachers alone control knives, graters, heat, electrical equipment, chemicals and processing machinery. Do not conduct microbial culture or unsafe food-storage experiments."
IL-231,Primary 4-6,Pineapple,Fruit,Identity & Plant Part,"Investigate identity & plant part in pineapple using a fair sampling method, quantitative evidence and an evidence-based explanation.","Clean ingredient samples or images, labels, observation sheet/journal, ruler and balance where appropriate, clean trays/containers, handwashing supplies.","Use locally available produce, paper labels, clean food-grade reused containers, handmade measuring grids and simple classroom balances where suitable.","Frame a question, select comparable samples, measure the relevant property, repeat observations, summarize the data and explain the pattern and one limitation.","Question, sample IDs, data table, calculation/graph, conclusion and limitation.",Is the comparison fair? What variable are you measuring? What pattern is supported by the data?,"No tasting is required. Use clean teacher-approved samples. Wash hands before and after handling. Teachers alone control knives, graters, heat, electrical equipment, chemicals and processing machinery. Do not conduct microbial culture or unsafe food-storage experiments."
IL-232,Primary 4-6,Pineapple,Fruit,External Structure,"Investigate external structure in pineapple using a fair sampling method, quantitative evidence and an evidence-based explanation.","Clean ingredient samples or images, labels, observation sheet/journal, ruler and balance where appropriate, clean trays/containers, handwashing supplies.","Use locally available produce, paper labels, clean food-grade reused containers, handmade measuring grids and simple classroom balances where suitable.","Frame a question, select comparable samples, measure the relevant property, repeat observations, summarize the data and explain the pattern and one limitation.","Question, sample IDs, data table, calculation/graph, conclusion and limitation.",Is the comparison fair? What variable are you measuring? What pattern is supported by the data?,"No tasting is required. Use clean teacher-approved samples. Wash hands before and after handling. Teachers alone control knives, graters, heat, electrical equipment, chemicals and processing machinery. Do not conduct microbial culture or unsafe food-storage experiments."
IL-233,Primary 4-6,Pineapple,Fruit,Internal Structure,"Investigate internal structure in pineapple using a fair sampling method, quantitative evidence and an evidence-based explanation.","Clean ingredient samples or images, labels, observation sheet/journal, ruler and balance where appropriate, clean trays/containers, handwashing supplies.","Use locally available produce, paper labels, clean food-grade reused containers, handmade measuring grids and simple classroom balances where suitable.","Frame a question, select comparable samples, measure the relevant property, repeat observations, summarize the data and explain the pattern and one limitation.","Question, sample IDs, data table, calculation/graph, conclusion and limitation.",Is the comparison fair? What variable are you measuring? What pattern is supported by the data?,"No tasting is required. Use clean teacher-approved samples. Wash hands before and after handling. Teachers alone control knives, graters, heat, electrical equipment, chemicals and processing machinery. Do not conduct microbial culture or unsafe food-storage experiments."
IL-234,Primary 4-6,Pineapple,Fruit,Colour & Texture,"Investigate colour & texture in pineapple using a fair sampling method, quantitative evidence and an evidence-based explanation.","Clean ingredient samples or images, labels, observation sheet/journal, ruler and balance where appropriate, clean trays/containers, handwashing supplies.","Use locally available produce, paper labels, clean food-grade reused containers, handmade measuring grids and simple classroom balances where suitable.","Frame a question, select comparable samples, measure the relevant property, repeat observations, summarize the data and explain the pattern and one limitation.","Question, sample IDs, data table, calculation/graph, conclusion and limitation.",Is the comparison fair? What variable are you measuring? What pattern is supported by the data?,"No tasting is required. Use clean teacher-approved samples. Wash hands before and after handling. Teachers alone control knives, graters, heat, electrical equipment, chemicals and processing machinery. Do not conduct microbial culture or unsafe food-storage experiments."
IL-235,Primary 4-6,Pineapple,Fruit,Mass & Size,"Investigate mass & size in pineapple using a fair sampling method, quantitative evidence and an evidence-based explanation.","Clean ingredient samples or images, labels, observation sheet/journal, ruler and balance where appropriate, clean trays/containers, handwashing supplies.","Use locally available produce, paper labels, clean food-grade reused containers, handmade measuring grids and simple classroom balances where suitable.","Frame a question, select comparable samples, measure the relevant property, repeat observations, summarize the data and explain the pattern and one limitation.","Question, sample IDs, data table, calculation/graph, conclusion and limitation.",Is the comparison fair? What variable are you measuring? What pattern is supported by the data?,"No tasting is required. Use clean teacher-approved samples. Wash hands before and after handling. Teachers alone control knives, graters, heat, electrical equipment, chemicals and processing machinery. Do not conduct microbial culture or unsafe food-storage experiments."
IL-236,Primary 4-6,Pineapple,Fruit,Water/Change Observation,"Investigate water/change observation in pineapple using a fair sampling method, quantitative evidence and an evidence-based explanation.","Clean ingredient samples or images, labels, observation sheet/journal, ruler and balance where appropriate, clean trays/containers, handwashing supplies.","Use locally available produce, paper labels, clean food-grade reused containers, handmade measuring grids and simple classroom balances where suitable.","Frame a question, select comparable samples, measure the relevant property, repeat observations, summarize the data and explain the pattern and one limitation.","Question, sample IDs, data table, calculation/graph, conclusion and limitation.",Is the comparison fair? What variable are you measuring? What pattern is supported by the data?,"No tasting is required. Use clean teacher-approved samples. Wash hands before and after handling. Teachers alone control knives, graters, heat, electrical equipment, chemicals and processing machinery. Do not conduct microbial culture or unsafe food-storage experiments."
IL-237,Primary 4-6,Pineapple,Fruit,Sorting & Quality,"Investigate sorting & quality in pineapple using a fair sampling method, quantitative evidence and an evidence-based explanation.","Clean ingredient samples or images, labels, observation sheet/journal, ruler and balance where appropriate, clean trays/containers, handwashing supplies.","Use locally available produce, paper labels, clean food-grade reused containers, handmade measuring grids and simple classroom balances where suitable.","Frame a question, select comparable samples, measure the relevant property, repeat observations, summarize the data and explain the pattern and one limitation.","Question, sample IDs, data table, calculation/graph, conclusion and limitation.",Is the comparison fair? What variable are you measuring? What pattern is supported by the data?,"No tasting is required. Use clean teacher-approved samples. Wash hands before and after handling. Teachers alone control knives, graters, heat, electrical equipment, chemicals and processing machinery. Do not conduct microbial culture or unsafe food-storage experiments."
IL-238,Primary 4-6,Pineapple,Fruit,Post-Harvest Change,"Investigate post-harvest change in pineapple using a fair sampling method, quantitative evidence and an evidence-based explanation.","Clean ingredient samples or images, labels, observation sheet/journal, ruler and balance where appropriate, clean trays/containers, handwashing supplies.","Use locally available produce, paper labels, clean food-grade reused containers, handmade measuring grids and simple classroom balances where suitable.","Frame a question, select comparable samples, measure the relevant property, repeat observations, summarize the data and explain the pattern and one limitation.","Question, sample IDs, data table, calculation/graph, conclusion and limitation.",Is the comparison fair? What variable are you measuring? What pattern is supported by the data?,"No tasting is required. Use clean teacher-approved samples. Wash hands before and after handling. Teachers alone control knives, graters, heat, electrical equipment, chemicals and processing machinery. Do not conduct microbial culture or unsafe food-storage experiments."
IL-239,Primary 4-6,Pineapple,Fruit,Ingredient-to-Food Pathway,"Investigate ingredient-to-food pathway in pineapple using a fair sampling method, quantitative evidence and an evidence-based explanation.","Clean ingredient samples or images, labels, observation sheet/journal, ruler and balance where appropriate, clean trays/containers, handwashing supplies.","Use locally available produce, paper labels, clean food-grade reused containers, handmade measuring grids and simple classroom balances where suitable.","Frame a question, select comparable samples, measure the relevant property, repeat observations, summarize the data and explain the pattern and one limitation.","Question, sample IDs, data table, calculation/graph, conclusion and limitation.",Is the comparison fair? What variable are you measuring? What pattern is supported by the data?,"No tasting is required. Use clean teacher-approved samples. Wash hands before and after handling. Teachers alone control knives, graters, heat, electrical equipment, chemicals and processing machinery. Do not conduct microbial culture or unsafe food-storage experiments."
IL-240,Primary 4-6,Pineapple,Fruit,Investigation Challenge,"Investigate investigation challenge in pineapple using a fair sampling method, quantitative evidence and an evidence-based explanation.","Clean ingredient samples or images, labels, observation sheet/journal, ruler and balance where appropriate, clean trays/containers, handwashing supplies.","Use locally available produce, paper labels, clean food-grade reused containers, handmade measuring grids and simple classroom balances where suitable.","Frame a question, select comparable samples, measure the relevant property, repeat observations, summarize the data and explain the pattern and one limitation.","Question, sample IDs, data table, calculation/graph, conclusion and limitation.",Is the comparison fair? What variable are you measuring? What pattern is supported by the data?,"No tasting is required. Use clean teacher-approved samples. Wash hands before and after handling. Teachers alone control knives, graters, heat, electrical equipment, chemicals and processing machinery. Do not conduct microbial culture or unsafe food-storage experiments."
IL-241,Primary 4-6,Citrus,Fruit,Identity & Plant Part,"Investigate identity & plant part in citrus using a fair sampling method, quantitative evidence and an evidence-based explanation.","Clean ingredient samples or images, labels, observation sheet/journal, ruler and balance where appropriate, clean trays/containers, handwashing supplies.","Use locally available produce, paper labels, clean food-grade reused containers, handmade measuring grids and simple classroom balances where suitable.","Frame a question, select comparable samples, measure the relevant property, repeat observations, summarize the data and explain the pattern and one limitation.","Question, sample IDs, data table, calculation/graph, conclusion and limitation.",Is the comparison fair? What variable are you measuring? What pattern is supported by the data?,"No tasting is required. Use clean teacher-approved samples. Wash hands before and after handling. Teachers alone control knives, graters, heat, electrical equipment, chemicals and processing machinery. Do not conduct microbial culture or unsafe food-storage experiments."
IL-242,Primary 4-6,Citrus,Fruit,External Structure,"Investigate external structure in citrus using a fair sampling method, quantitative evidence and an evidence-based explanation.","Clean ingredient samples or images, labels, observation sheet/journal, ruler and balance where appropriate, clean trays/containers, handwashing supplies.","Use locally available produce, paper labels, clean food-grade reused containers, handmade measuring grids and simple classroom balances where suitable.","Frame a question, select comparable samples, measure the relevant property, repeat observations, summarize the data and explain the pattern and one limitation.","Question, sample IDs, data table, calculation/graph, conclusion and limitation.",Is the comparison fair? What variable are you measuring? What pattern is supported by the data?,"No tasting is required. Use clean teacher-approved samples. Wash hands before and after handling. Teachers alone control knives, graters, heat, electrical equipment, chemicals and processing machinery. Do not conduct microbial culture or unsafe food-storage experiments."
IL-243,Primary 4-6,Citrus,Fruit,Internal Structure,"Investigate internal structure in citrus using a fair sampling method, quantitative evidence and an evidence-based explanation.","Clean ingredient samples or images, labels, observation sheet/journal, ruler and balance where appropriate, clean trays/containers, handwashing supplies.","Use locally available produce, paper labels, clean food-grade reused containers, handmade measuring grids and simple classroom balances where suitable.","Frame a question, select comparable samples, measure the relevant property, repeat observations, summarize the data and explain the pattern and one limitation.","Question, sample IDs, data table, calculation/graph, conclusion and limitation.",Is the comparison fair? What variable are you measuring? What pattern is supported by the data?,"No tasting is required. Use clean teacher-approved samples. Wash hands before and after handling. Teachers alone control knives, graters, heat, electrical equipment, chemicals and processing machinery. Do not conduct microbial culture or unsafe food-storage experiments."
IL-244,Primary 4-6,Citrus,Fruit,Colour & Texture,"Investigate colour & texture in citrus using a fair sampling method, quantitative evidence and an evidence-based explanation.","Clean ingredient samples or images, labels, observation sheet/journal, ruler and balance where appropriate, clean trays/containers, handwashing supplies.","Use locally available produce, paper labels, clean food-grade reused containers, handmade measuring grids and simple classroom balances where suitable.","Frame a question, select comparable samples, measure the relevant property, repeat observations, summarize the data and explain the pattern and one limitation.","Question, sample IDs, data table, calculation/graph, conclusion and limitation.",Is the comparison fair? What variable are you measuring? What pattern is supported by the data?,"No tasting is required. Use clean teacher-approved samples. Wash hands before and after handling. Teachers alone control knives, graters, heat, electrical equipment, chemicals and processing machinery. Do not conduct microbial culture or unsafe food-storage experiments."
IL-245,Primary 4-6,Citrus,Fruit,Mass & Size,"Investigate mass & size in citrus using a fair sampling method, quantitative evidence and an evidence-based explanation.","Clean ingredient samples or images, labels, observation sheet/journal, ruler and balance where appropriate, clean trays/containers, handwashing supplies.","Use locally available produce, paper labels, clean food-grade reused containers, handmade measuring grids and simple classroom balances where suitable.","Frame a question, select comparable samples, measure the relevant property, repeat observations, summarize the data and explain the pattern and one limitation.","Question, sample IDs, data table, calculation/graph, conclusion and limitation.",Is the comparison fair? What variable are you measuring? What pattern is supported by the data?,"No tasting is required. Use clean teacher-approved samples. Wash hands before and after handling. Teachers alone control knives, graters, heat, electrical equipment, chemicals and processing machinery. Do not conduct microbial culture or unsafe food-storage experiments."
IL-246,Primary 4-6,Citrus,Fruit,Water/Change Observation,"Investigate water/change observation in citrus using a fair sampling method, quantitative evidence and an evidence-based explanation.","Clean ingredient samples or images, labels, observation sheet/journal, ruler and balance where appropriate, clean trays/containers, handwashing supplies.","Use locally available produce, paper labels, clean food-grade reused containers, handmade measuring grids and simple classroom balances where suitable.","Frame a question, select comparable samples, measure the relevant property, repeat observations, summarize the data and explain the pattern and one limitation.","Question, sample IDs, data table, calculation/graph, conclusion and limitation.",Is the comparison fair? What variable are you measuring? What pattern is supported by the data?,"No tasting is required. Use clean teacher-approved samples. Wash hands before and after handling. Teachers alone control knives, graters, heat, electrical equipment, chemicals and processing machinery. Do not conduct microbial culture or unsafe food-storage experiments."
IL-247,Primary 4-6,Citrus,Fruit,Sorting & Quality,"Investigate sorting & quality in citrus using a fair sampling method, quantitative evidence and an evidence-based explanation.","Clean ingredient samples or images, labels, observation sheet/journal, ruler and balance where appropriate, clean trays/containers, handwashing supplies.","Use locally available produce, paper labels, clean food-grade reused containers, handmade measuring grids and simple classroom balances where suitable.","Frame a question, select comparable samples, measure the relevant property, repeat observations, summarize the data and explain the pattern and one limitation.","Question, sample IDs, data table, calculation/graph, conclusion and limitation.",Is the comparison fair? What variable are you measuring? What pattern is supported by the data?,"No tasting is required. Use clean teacher-approved samples. Wash hands before and after handling. Teachers alone control knives, graters, heat, electrical equipment, chemicals and processing machinery. Do not conduct microbial culture or unsafe food-storage experiments."
IL-248,Primary 4-6,Citrus,Fruit,Post-Harvest Change,"Investigate post-harvest change in citrus using a fair sampling method, quantitative evidence and an evidence-based explanation.","Clean ingredient samples or images, labels, observation sheet/journal, ruler and balance where appropriate, clean trays/containers, handwashing supplies.","Use locally available produce, paper labels, clean food-grade reused containers, handmade measuring grids and simple classroom balances where suitable.","Frame a question, select comparable samples, measure the relevant property, repeat observations, summarize the data and explain the pattern and one limitation.","Question, sample IDs, data table, calculation/graph, conclusion and limitation.",Is the comparison fair? What variable are you measuring? What pattern is supported by the data?,"No tasting is required. Use clean teacher-approved samples. Wash hands before and after handling. Teachers alone control knives, graters, heat, electrical equipment, chemicals and processing machinery. Do not conduct microbial culture or unsafe food-storage experiments."
IL-249,Primary 4-6,Citrus,Fruit,Ingredient-to-Food Pathway,"Investigate ingredient-to-food pathway in citrus using a fair sampling method, quantitative evidence and an evidence-based explanation.","Clean ingredient samples or images, labels, observation sheet/journal, ruler and balance where appropriate, clean trays/containers, handwashing supplies.","Use locally available produce, paper labels, clean food-grade reused containers, handmade measuring grids and simple classroom balances where suitable.","Frame a question, select comparable samples, measure the relevant property, repeat observations, summarize the data and explain the pattern and one limitation.","Question, sample IDs, data table, calculation/graph, conclusion and limitation.",Is the comparison fair? What variable are you measuring? What pattern is supported by the data?,"No tasting is required. Use clean teacher-approved samples. Wash hands before and after handling. Teachers alone control knives, graters, heat, electrical equipment, chemicals and processing machinery. Do not conduct microbial culture or unsafe food-storage experiments."
IL-250,Primary 4-6,Citrus,Fruit,Investigation Challenge,"Investigate investigation challenge in citrus using a fair sampling method, quantitative evidence and an evidence-based explanation.","Clean ingredient samples or images, labels, observation sheet/journal, ruler and balance where appropriate, clean trays/containers, handwashing supplies.","Use locally available produce, paper labels, clean food-grade reused containers, handmade measuring grids and simple classroom balances where suitable.","Frame a question, select comparable samples, measure the relevant property, repeat observations, summarize the data and explain the pattern and one limitation.","Question, sample IDs, data table, calculation/graph, conclusion and limitation.",Is the comparison fair? What variable are you measuring? What pattern is supported by the data?,"No tasting is required. Use clean teacher-approved samples. Wash hands before and after handling. Teachers alone control knives, graters, heat, electrical equipment, chemicals and processing machinery. Do not conduct microbial culture or unsafe food-storage experiments."
IL-251,Primary 4-6,Mint,Leaf,Identity & Plant Part,"Investigate identity & plant part in mint using a fair sampling method, quantitative evidence and an evidence-based explanation.","Clean ingredient samples or images, labels, observation sheet/journal, ruler and balance where appropriate, clean trays/containers, handwashing supplies.","Use locally available produce, paper labels, clean food-grade reused containers, handmade measuring grids and simple classroom balances where suitable.","Frame a question, select comparable samples, measure the relevant property, repeat observations, summarize the data and explain the pattern and one limitation.","Question, sample IDs, data table, calculation/graph, conclusion and limitation.",Is the comparison fair? What variable are you measuring? What pattern is supported by the data?,"No tasting is required. Use clean teacher-approved samples. Wash hands before and after handling. Teachers alone control knives, graters, heat, electrical equipment, chemicals and processing machinery. Do not conduct microbial culture or unsafe food-storage experiments."
IL-252,Primary 4-6,Mint,Leaf,External Structure,"Investigate external structure in mint using a fair sampling method, quantitative evidence and an evidence-based explanation.","Clean ingredient samples or images, labels, observation sheet/journal, ruler and balance where appropriate, clean trays/containers, handwashing supplies.","Use locally available produce, paper labels, clean food-grade reused containers, handmade measuring grids and simple classroom balances where suitable.","Frame a question, select comparable samples, measure the relevant property, repeat observations, summarize the data and explain the pattern and one limitation.","Question, sample IDs, data table, calculation/graph, conclusion and limitation.",Is the comparison fair? What variable are you measuring? What pattern is supported by the data?,"No tasting is required. Use clean teacher-approved samples. Wash hands before and after handling. Teachers alone control knives, graters, heat, electrical equipment, chemicals and processing machinery. Do not conduct microbial culture or unsafe food-storage experiments."
IL-253,Primary 4-6,Mint,Leaf,Internal Structure,"Investigate internal structure in mint using a fair sampling method, quantitative evidence and an evidence-based explanation.","Clean ingredient samples or images, labels, observation sheet/journal, ruler and balance where appropriate, clean trays/containers, handwashing supplies.","Use locally available produce, paper labels, clean food-grade reused containers, handmade measuring grids and simple classroom balances where suitable.","Frame a question, select comparable samples, measure the relevant property, repeat observations, summarize the data and explain the pattern and one limitation.","Question, sample IDs, data table, calculation/graph, conclusion and limitation.",Is the comparison fair? What variable are you measuring? What pattern is supported by the data?,"No tasting is required. Use clean teacher-approved samples. Wash hands before and after handling. Teachers alone control knives, graters, heat, electrical equipment, chemicals and processing machinery. Do not conduct microbial culture or unsafe food-storage experiments."
IL-254,Primary 4-6,Mint,Leaf,Colour & Texture,"Investigate colour & texture in mint using a fair sampling method, quantitative evidence and an evidence-based explanation.","Clean ingredient samples or images, labels, observation sheet/journal, ruler and balance where appropriate, clean trays/containers, handwashing supplies.","Use locally available produce, paper labels, clean food-grade reused containers, handmade measuring grids and simple classroom balances where suitable.","Frame a question, select comparable samples, measure the relevant property, repeat observations, summarize the data and explain the pattern and one limitation.","Question, sample IDs, data table, calculation/graph, conclusion and limitation.",Is the comparison fair? What variable are you measuring? What pattern is supported by the data?,"No tasting is required. Use clean teacher-approved samples. Wash hands before and after handling. Teachers alone control knives, graters, heat, electrical equipment, chemicals and processing machinery. Do not conduct microbial culture or unsafe food-storage experiments."
IL-255,Primary 4-6,Mint,Leaf,Mass & Size,"Investigate mass & size in mint using a fair sampling method, quantitative evidence and an evidence-based explanation.","Clean ingredient samples or images, labels, observation sheet/journal, ruler and balance where appropriate, clean trays/containers, handwashing supplies.","Use locally available produce, paper labels, clean food-grade reused containers, handmade measuring grids and simple classroom balances where suitable.","Frame a question, select comparable samples, measure the relevant property, repeat observations, summarize the data and explain the pattern and one limitation.","Question, sample IDs, data table, calculation/graph, conclusion and limitation.",Is the comparison fair? What variable are you measuring? What pattern is supported by the data?,"No tasting is required. Use clean teacher-approved samples. Wash hands before and after handling. Teachers alone control knives, graters, heat, electrical equipment, chemicals and processing machinery. Do not conduct microbial culture or unsafe food-storage experiments."
IL-256,Primary 4-6,Mint,Leaf,Water/Change Observation,"Investigate water/change observation in mint using a fair sampling method, quantitative evidence and an evidence-based explanation.","Clean ingredient samples or images, labels, observation sheet/journal, ruler and balance where appropriate, clean trays/containers, handwashing supplies.","Use locally available produce, paper labels, clean food-grade reused containers, handmade measuring grids and simple classroom balances where suitable.","Frame a question, select comparable samples, measure the relevant property, repeat observations, summarize the data and explain the pattern and one limitation.","Question, sample IDs, data table, calculation/graph, conclusion and limitation.",Is the comparison fair? What variable are you measuring? What pattern is supported by the data?,"No tasting is required. Use clean teacher-approved samples. Wash hands before and after handling. Teachers alone control knives, graters, heat, electrical equipment, chemicals and processing machinery. Do not conduct microbial culture or unsafe food-storage experiments."
IL-257,Primary 4-6,Mint,Leaf,Sorting & Quality,"Investigate sorting & quality in mint using a fair sampling method, quantitative evidence and an evidence-based explanation.","Clean ingredient samples or images, labels, observation sheet/journal, ruler and balance where appropriate, clean trays/containers, handwashing supplies.","Use locally available produce, paper labels, clean food-grade reused containers, handmade measuring grids and simple classroom balances where suitable.","Frame a question, select comparable samples, measure the relevant property, repeat observations, summarize the data and explain the pattern and one limitation.","Question, sample IDs, data table, calculation/graph, conclusion and limitation.",Is the comparison fair? What variable are you measuring? What pattern is supported by the data?,"No tasting is required. Use clean teacher-approved samples. Wash hands before and after handling. Teachers alone control knives, graters, heat, electrical equipment, chemicals and processing machinery. Do not conduct microbial culture or unsafe food-storage experiments."
IL-258,Primary 4-6,Mint,Leaf,Post-Harvest Change,"Investigate post-harvest change in mint using a fair sampling method, quantitative evidence and an evidence-based explanation.","Clean ingredient samples or images, labels, observation sheet/journal, ruler and balance where appropriate, clean trays/containers, handwashing supplies.","Use locally available produce, paper labels, clean food-grade reused containers, handmade measuring grids and simple classroom balances where suitable.","Frame a question, select comparable samples, measure the relevant property, repeat observations, summarize the data and explain the pattern and one limitation.","Question, sample IDs, data table, calculation/graph, conclusion and limitation.",Is the comparison fair? What variable are you measuring? What pattern is supported by the data?,"No tasting is required. Use clean teacher-approved samples. Wash hands before and after handling. Teachers alone control knives, graters, heat, electrical equipment, chemicals and processing machinery. Do not conduct microbial culture or unsafe food-storage experiments."
IL-259,Primary 4-6,Mint,Leaf,Ingredient-to-Food Pathway,"Investigate ingredient-to-food pathway in mint using a fair sampling method, quantitative evidence and an evidence-based explanation.","Clean ingredient samples or images, labels, observation sheet/journal, ruler and balance where appropriate, clean trays/containers, handwashing supplies.","Use locally available produce, paper labels, clean food-grade reused containers, handmade measuring grids and simple classroom balances where suitable.","Frame a question, select comparable samples, measure the relevant property, repeat observations, summarize the data and explain the pattern and one limitation.","Question, sample IDs, data table, calculation/graph, conclusion and limitation.",Is the comparison fair? What variable are you measuring? What pattern is supported by the data?,"No tasting is required. Use clean teacher-approved samples. Wash hands before and after handling. Teachers alone control knives, graters, heat, electrical equipment, chemicals and processing machinery. Do not conduct microbial culture or unsafe food-storage experiments."
IL-260,Primary 4-6,Mint,Leaf,Investigation Challenge,"Investigate investigation challenge in mint using a fair sampling method, quantitative evidence and an evidence-based explanation.","Clean ingredient samples or images, labels, observation sheet/journal, ruler and balance where appropriate, clean trays/containers, handwashing supplies.","Use locally available produce, paper labels, clean food-grade reused containers, handmade measuring grids and simple classroom balances where suitable.","Frame a question, select comparable samples, measure the relevant property, repeat observations, summarize the data and explain the pattern and one limitation.","Question, sample IDs, data table, calculation/graph, conclusion and limitation.",Is the comparison fair? What variable are you measuring? What pattern is supported by the data?,"No tasting is required. Use clean teacher-approved samples. Wash hands before and after handling. Teachers alone control knives, graters, heat, electrical equipment, chemicals and processing machinery. Do not conduct microbial culture or unsafe food-storage experiments."
IL-261,Primary 4-6,Moringa,Leaf,Identity & Plant Part,"Investigate identity & plant part in moringa using a fair sampling method, quantitative evidence and an evidence-based explanation.","Clean ingredient samples or images, labels, observation sheet/journal, ruler and balance where appropriate, clean trays/containers, handwashing supplies.","Use locally available produce, paper labels, clean food-grade reused containers, handmade measuring grids and simple classroom balances where suitable.","Frame a question, select comparable samples, measure the relevant property, repeat observations, summarize the data and explain the pattern and one limitation.","Question, sample IDs, data table, calculation/graph, conclusion and limitation.",Is the comparison fair? What variable are you measuring? What pattern is supported by the data?,"No tasting is required. Use clean teacher-approved samples. Wash hands before and after handling. Teachers alone control knives, graters, heat, electrical equipment, chemicals and processing machinery. Do not conduct microbial culture or unsafe food-storage experiments."
IL-262,Primary 4-6,Moringa,Leaf,External Structure,"Investigate external structure in moringa using a fair sampling method, quantitative evidence and an evidence-based explanation.","Clean ingredient samples or images, labels, observation sheet/journal, ruler and balance where appropriate, clean trays/containers, handwashing supplies.","Use locally available produce, paper labels, clean food-grade reused containers, handmade measuring grids and simple classroom balances where suitable.","Frame a question, select comparable samples, measure the relevant property, repeat observations, summarize the data and explain the pattern and one limitation.","Question, sample IDs, data table, calculation/graph, conclusion and limitation.",Is the comparison fair? What variable are you measuring? What pattern is supported by the data?,"No tasting is required. Use clean teacher-approved samples. Wash hands before and after handling. Teachers alone control knives, graters, heat, electrical equipment, chemicals and processing machinery. Do not conduct microbial culture or unsafe food-storage experiments."
IL-263,Primary 4-6,Moringa,Leaf,Internal Structure,"Investigate internal structure in moringa using a fair sampling method, quantitative evidence and an evidence-based explanation.","Clean ingredient samples or images, labels, observation sheet/journal, ruler and balance where appropriate, clean trays/containers, handwashing supplies.","Use locally available produce, paper labels, clean food-grade reused containers, handmade measuring grids and simple classroom balances where suitable.","Frame a question, select comparable samples, measure the relevant property, repeat observations, summarize the data and explain the pattern and one limitation.","Question, sample IDs, data table, calculation/graph, conclusion and limitation.",Is the comparison fair? What variable are you measuring? What pattern is supported by the data?,"No tasting is required. Use clean teacher-approved samples. Wash hands before and after handling. Teachers alone control knives, graters, heat, electrical equipment, chemicals and processing machinery. Do not conduct microbial culture or unsafe food-storage experiments."
IL-264,Primary 4-6,Moringa,Leaf,Colour & Texture,"Investigate colour & texture in moringa using a fair sampling method, quantitative evidence and an evidence-based explanation.","Clean ingredient samples or images, labels, observation sheet/journal, ruler and balance where appropriate, clean trays/containers, handwashing supplies.","Use locally available produce, paper labels, clean food-grade reused containers, handmade measuring grids and simple classroom balances where suitable.","Frame a question, select comparable samples, measure the relevant property, repeat observations, summarize the data and explain the pattern and one limitation.","Question, sample IDs, data table, calculation/graph, conclusion and limitation.",Is the comparison fair? What variable are you measuring? What pattern is supported by the data?,"No tasting is required. Use clean teacher-approved samples. Wash hands before and after handling. Teachers alone control knives, graters, heat, electrical equipment, chemicals and processing machinery. Do not conduct microbial culture or unsafe food-storage experiments."
IL-265,Primary 4-6,Moringa,Leaf,Mass & Size,"Investigate mass & size in moringa using a fair sampling method, quantitative evidence and an evidence-based explanation.","Clean ingredient samples or images, labels, observation sheet/journal, ruler and balance where appropriate, clean trays/containers, handwashing supplies.","Use locally available produce, paper labels, clean food-grade reused containers, handmade measuring grids and simple classroom balances where suitable.","Frame a question, select comparable samples, measure the relevant property, repeat observations, summarize the data and explain the pattern and one limitation.","Question, sample IDs, data table, calculation/graph, conclusion and limitation.",Is the comparison fair? What variable are you measuring? What pattern is supported by the data?,"No tasting is required. Use clean teacher-approved samples. Wash hands before and after handling. Teachers alone control knives, graters, heat, electrical equipment, chemicals and processing machinery. Do not conduct microbial culture or unsafe food-storage experiments."
IL-266,Primary 4-6,Moringa,Leaf,Water/Change Observation,"Investigate water/change observation in moringa using a fair sampling method, quantitative evidence and an evidence-based explanation.","Clean ingredient samples or images, labels, observation sheet/journal, ruler and balance where appropriate, clean trays/containers, handwashing supplies.","Use locally available produce, paper labels, clean food-grade reused containers, handmade measuring grids and simple classroom balances where suitable.","Frame a question, select comparable samples, measure the relevant property, repeat observations, summarize the data and explain the pattern and one limitation.","Question, sample IDs, data table, calculation/graph, conclusion and limitation.",Is the comparison fair? What variable are you measuring? What pattern is supported by the data?,"No tasting is required. Use clean teacher-approved samples. Wash hands before and after handling. Teachers alone control knives, graters, heat, electrical equipment, chemicals and processing machinery. Do not conduct microbial culture or unsafe food-storage experiments."
IL-267,Primary 4-6,Moringa,Leaf,Sorting & Quality,"Investigate sorting & quality in moringa using a fair sampling method, quantitative evidence and an evidence-based explanation.","Clean ingredient samples or images, labels, observation sheet/journal, ruler and balance where appropriate, clean trays/containers, handwashing supplies.","Use locally available produce, paper labels, clean food-grade reused containers, handmade measuring grids and simple classroom balances where suitable.","Frame a question, select comparable samples, measure the relevant property, repeat observations, summarize the data and explain the pattern and one limitation.","Question, sample IDs, data table, calculation/graph, conclusion and limitation.",Is the comparison fair? What variable are you measuring? What pattern is supported by the data?,"No tasting is required. Use clean teacher-approved samples. Wash hands before and after handling. Teachers alone control knives, graters, heat, electrical equipment, chemicals and processing machinery. Do not conduct microbial culture or unsafe food-storage experiments."
IL-268,Primary 4-6,Moringa,Leaf,Post-Harvest Change,"Investigate post-harvest change in moringa using a fair sampling method, quantitative evidence and an evidence-based explanation.","Clean ingredient samples or images, labels, observation sheet/journal, ruler and balance where appropriate, clean trays/containers, handwashing supplies.","Use locally available produce, paper labels, clean food-grade reused containers, handmade measuring grids and simple classroom balances where suitable.","Frame a question, select comparable samples, measure the relevant property, repeat observations, summarize the data and explain the pattern and one limitation.","Question, sample IDs, data table, calculation/graph, conclusion and limitation.",Is the comparison fair? What variable are you measuring? What pattern is supported by the data?,"No tasting is required. Use clean teacher-approved samples. Wash hands before and after handling. Teachers alone control knives, graters, heat, electrical equipment, chemicals and processing machinery. Do not conduct microbial culture or unsafe food-storage experiments."
IL-269,Primary 4-6,Moringa,Leaf,Ingredient-to-Food Pathway,"Investigate ingredient-to-food pathway in moringa using a fair sampling method, quantitative evidence and an evidence-based explanation.","Clean ingredient samples or images, labels, observation sheet/journal, ruler and balance where appropriate, clean trays/containers, handwashing supplies.","Use locally available produce, paper labels, clean food-grade reused containers, handmade measuring grids and simple classroom balances where suitable.","Frame a question, select comparable samples, measure the relevant property, repeat observations, summarize the data and explain the pattern and one limitation.","Question, sample IDs, data table, calculation/graph, conclusion and limitation.",Is the comparison fair? What variable are you measuring? What pattern is supported by the data?,"No tasting is required. Use clean teacher-approved samples. Wash hands before and after handling. Teachers alone control knives, graters, heat, electrical equipment, chemicals and processing machinery. Do not conduct microbial culture or unsafe food-storage experiments."
IL-270,Primary 4-6,Moringa,Leaf,Investigation Challenge,"Investigate investigation challenge in moringa using a fair sampling method, quantitative evidence and an evidence-based explanation.","Clean ingredient samples or images, labels, observation sheet/journal, ruler and balance where appropriate, clean trays/containers, handwashing supplies.","Use locally available produce, paper labels, clean food-grade reused containers, handmade measuring grids and simple classroom balances where suitable.","Frame a question, select comparable samples, measure the relevant property, repeat observations, summarize the data and explain the pattern and one limitation.","Question, sample IDs, data table, calculation/graph, conclusion and limitation.",Is the comparison fair? What variable are you measuring? What pattern is supported by the data?,"No tasting is required. Use clean teacher-approved samples. Wash hands before and after handling. Teachers alone control knives, graters, heat, electrical equipment, chemicals and processing machinery. Do not conduct microbial culture or unsafe food-storage experiments."
IL-271,Primary 4-6,Watermelon,Fruit,Identity & Plant Part,"Investigate identity & plant part in watermelon using a fair sampling method, quantitative evidence and an evidence-based explanation.","Clean ingredient samples or images, labels, observation sheet/journal, ruler and balance where appropriate, clean trays/containers, handwashing supplies.","Use locally available produce, paper labels, clean food-grade reused containers, handmade measuring grids and simple classroom balances where suitable.","Frame a question, select comparable samples, measure the relevant property, repeat observations, summarize the data and explain the pattern and one limitation.","Question, sample IDs, data table, calculation/graph, conclusion and limitation.",Is the comparison fair? What variable are you measuring? What pattern is supported by the data?,"No tasting is required. Use clean teacher-approved samples. Wash hands before and after handling. Teachers alone control knives, graters, heat, electrical equipment, chemicals and processing machinery. Do not conduct microbial culture or unsafe food-storage experiments."
IL-272,Primary 4-6,Watermelon,Fruit,External Structure,"Investigate external structure in watermelon using a fair sampling method, quantitative evidence and an evidence-based explanation.","Clean ingredient samples or images, labels, observation sheet/journal, ruler and balance where appropriate, clean trays/containers, handwashing supplies.","Use locally available produce, paper labels, clean food-grade reused containers, handmade measuring grids and simple classroom balances where suitable.","Frame a question, select comparable samples, measure the relevant property, repeat observations, summarize the data and explain the pattern and one limitation.","Question, sample IDs, data table, calculation/graph, conclusion and limitation.",Is the comparison fair? What variable are you measuring? What pattern is supported by the data?,"No tasting is required. Use clean teacher-approved samples. Wash hands before and after handling. Teachers alone control knives, graters, heat, electrical equipment, chemicals and processing machinery. Do not conduct microbial culture or unsafe food-storage experiments."
IL-273,Primary 4-6,Watermelon,Fruit,Internal Structure,"Investigate internal structure in watermelon using a fair sampling method, quantitative evidence and an evidence-based explanation.","Clean ingredient samples or images, labels, observation sheet/journal, ruler and balance where appropriate, clean trays/containers, handwashing supplies.","Use locally available produce, paper labels, clean food-grade reused containers, handmade measuring grids and simple classroom balances where suitable.","Frame a question, select comparable samples, measure the relevant property, repeat observations, summarize the data and explain the pattern and one limitation.","Question, sample IDs, data table, calculation/graph, conclusion and limitation.",Is the comparison fair? What variable are you measuring? What pattern is supported by the data?,"No tasting is required. Use clean teacher-approved samples. Wash hands before and after handling. Teachers alone control knives, graters, heat, electrical equipment, chemicals and processing machinery. Do not conduct microbial culture or unsafe food-storage experiments."
IL-274,Primary 4-6,Watermelon,Fruit,Colour & Texture,"Investigate colour & texture in watermelon using a fair sampling method, quantitative evidence and an evidence-based explanation.","Clean ingredient samples or images, labels, observation sheet/journal, ruler and balance where appropriate, clean trays/containers, handwashing supplies.","Use locally available produce, paper labels, clean food-grade reused containers, handmade measuring grids and simple classroom balances where suitable.","Frame a question, select comparable samples, measure the relevant property, repeat observations, summarize the data and explain the pattern and one limitation.","Question, sample IDs, data table, calculation/graph, conclusion and limitation.",Is the comparison fair? What variable are you measuring? What pattern is supported by the data?,"No tasting is required. Use clean teacher-approved samples. Wash hands before and after handling. Teachers alone control knives, graters, heat, electrical equipment, chemicals and processing machinery. Do not conduct microbial culture or unsafe food-storage experiments."
IL-275,Primary 4-6,Watermelon,Fruit,Mass & Size,"Investigate mass & size in watermelon using a fair sampling method, quantitative evidence and an evidence-based explanation.","Clean ingredient samples or images, labels, observation sheet/journal, ruler and balance where appropriate, clean trays/containers, handwashing supplies.","Use locally available produce, paper labels, clean food-grade reused containers, handmade measuring grids and simple classroom balances where suitable.","Frame a question, select comparable samples, measure the relevant property, repeat observations, summarize the data and explain the pattern and one limitation.","Question, sample IDs, data table, calculation/graph, conclusion and limitation.",Is the comparison fair? What variable are you measuring? What pattern is supported by the data?,"No tasting is required. Use clean teacher-approved samples. Wash hands before and after handling. Teachers alone control knives, graters, heat, electrical equipment, chemicals and processing machinery. Do not conduct microbial culture or unsafe food-storage experiments."
IL-276,Primary 4-6,Watermelon,Fruit,Water/Change Observation,"Investigate water/change observation in watermelon using a fair sampling method, quantitative evidence and an evidence-based explanation.","Clean ingredient samples or images, labels, observation sheet/journal, ruler and balance where appropriate, clean trays/containers, handwashing supplies.","Use locally available produce, paper labels, clean food-grade reused containers, handmade measuring grids and simple classroom balances where suitable.","Frame a question, select comparable samples, measure the relevant property, repeat observations, summarize the data and explain the pattern and one limitation.","Question, sample IDs, data table, calculation/graph, conclusion and limitation.",Is the comparison fair? What variable are you measuring? What pattern is supported by the data?,"No tasting is required. Use clean teacher-approved samples. Wash hands before and after handling. Teachers alone control knives, graters, heat, electrical equipment, chemicals and processing machinery. Do not conduct microbial culture or unsafe food-storage experiments."
IL-277,Primary 4-6,Watermelon,Fruit,Sorting & Quality,"Investigate sorting & quality in watermelon using a fair sampling method, quantitative evidence and an evidence-based explanation.","Clean ingredient samples or images, labels, observation sheet/journal, ruler and balance where appropriate, clean trays/containers, handwashing supplies.","Use locally available produce, paper labels, clean food-grade reused containers, handmade measuring grids and simple classroom balances where suitable.","Frame a question, select comparable samples, measure the relevant property, repeat observations, summarize the data and explain the pattern and one limitation.","Question, sample IDs, data table, calculation/graph, conclusion and limitation.",Is the comparison fair? What variable are you measuring? What pattern is supported by the data?,"No tasting is required. Use clean teacher-approved samples. Wash hands before and after handling. Teachers alone control knives, graters, heat, electrical equipment, chemicals and processing machinery. Do not conduct microbial culture or unsafe food-storage experiments."
IL-278,Primary 4-6,Watermelon,Fruit,Post-Harvest Change,"Investigate post-harvest change in watermelon using a fair sampling method, quantitative evidence and an evidence-based explanation.","Clean ingredient samples or images, labels, observation sheet/journal, ruler and balance where appropriate, clean trays/containers, handwashing supplies.","Use locally available produce, paper labels, clean food-grade reused containers, handmade measuring grids and simple classroom balances where suitable.","Frame a question, select comparable samples, measure the relevant property, repeat observations, summarize the data and explain the pattern and one limitation.","Question, sample IDs, data table, calculation/graph, conclusion and limitation.",Is the comparison fair? What variable are you measuring? What pattern is supported by the data?,"No tasting is required. Use clean teacher-approved samples. Wash hands before and after handling. Teachers alone control knives, graters, heat, electrical equipment, chemicals and processing machinery. Do not conduct microbial culture or unsafe food-storage experiments."
IL-279,Primary 4-6,Watermelon,Fruit,Ingredient-to-Food Pathway,"Investigate ingredient-to-food pathway in watermelon using a fair sampling method, quantitative evidence and an evidence-based explanation.","Clean ingredient samples or images, labels, observation sheet/journal, ruler and balance where appropriate, clean trays/containers, handwashing supplies.","Use locally available produce, paper labels, clean food-grade reused containers, handmade measuring grids and simple classroom balances where suitable.","Frame a question, select comparable samples, measure the relevant property, repeat observations, summarize the data and explain the pattern and one limitation.","Question, sample IDs, data table, calculation/graph, conclusion and limitation.",Is the comparison fair? What variable are you measuring? What pattern is supported by the data?,"No tasting is required. Use clean teacher-approved samples. Wash hands before and after handling. Teachers alone control knives, graters, heat, electrical equipment, chemicals and processing machinery. Do not conduct microbial culture or unsafe food-storage experiments."
IL-280,Primary 4-6,Watermelon,Fruit,Investigation Challenge,"Investigate investigation challenge in watermelon using a fair sampling method, quantitative evidence and an evidence-based explanation.","Clean ingredient samples or images, labels, observation sheet/journal, ruler and balance where appropriate, clean trays/containers, handwashing supplies.","Use locally available produce, paper labels, clean food-grade reused containers, handmade measuring grids and simple classroom balances where suitable.","Frame a question, select comparable samples, measure the relevant property, repeat observations, summarize the data and explain the pattern and one limitation.","Question, sample IDs, data table, calculation/graph, conclusion and limitation.",Is the comparison fair? What variable are you measuring? What pattern is supported by the data?,"No tasting is required. Use clean teacher-approved samples. Wash hands before and after handling. Teachers alone control knives, graters, heat, electrical equipment, chemicals and processing machinery. Do not conduct microbial culture or unsafe food-storage experiments."
IL-281,Primary 4-6,Tomato,Fruit,Identity & Plant Part,"Investigate identity & plant part in tomato using a fair sampling method, quantitative evidence and an evidence-based explanation.","Clean ingredient samples or images, labels, observation sheet/journal, ruler and balance where appropriate, clean trays/containers, handwashing supplies.","Use locally available produce, paper labels, clean food-grade reused containers, handmade measuring grids and simple classroom balances where suitable.","Frame a question, select comparable samples, measure the relevant property, repeat observations, summarize the data and explain the pattern and one limitation.","Question, sample IDs, data table, calculation/graph, conclusion and limitation.",Is the comparison fair? What variable are you measuring? What pattern is supported by the data?,"No tasting is required. Use clean teacher-approved samples. Wash hands before and after handling. Teachers alone control knives, graters, heat, electrical equipment, chemicals and processing machinery. Do not conduct microbial culture or unsafe food-storage experiments."
IL-282,Primary 4-6,Tomato,Fruit,External Structure,"Investigate external structure in tomato using a fair sampling method, quantitative evidence and an evidence-based explanation.","Clean ingredient samples or images, labels, observation sheet/journal, ruler and balance where appropriate, clean trays/containers, handwashing supplies.","Use locally available produce, paper labels, clean food-grade reused containers, handmade measuring grids and simple classroom balances where suitable.","Frame a question, select comparable samples, measure the relevant property, repeat observations, summarize the data and explain the pattern and one limitation.","Question, sample IDs, data table, calculation/graph, conclusion and limitation.",Is the comparison fair? What variable are you measuring? What pattern is supported by the data?,"No tasting is required. Use clean teacher-approved samples. Wash hands before and after handling. Teachers alone control knives, graters, heat, electrical equipment, chemicals and processing machinery. Do not conduct microbial culture or unsafe food-storage experiments."
IL-283,Primary 4-6,Tomato,Fruit,Internal Structure,"Investigate internal structure in tomato using a fair sampling method, quantitative evidence and an evidence-based explanation.","Clean ingredient samples or images, labels, observation sheet/journal, ruler and balance where appropriate, clean trays/containers, handwashing supplies.","Use locally available produce, paper labels, clean food-grade reused containers, handmade measuring grids and simple classroom balances where suitable.","Frame a question, select comparable samples, measure the relevant property, repeat observations, summarize the data and explain the pattern and one limitation.","Question, sample IDs, data table, calculation/graph, conclusion and limitation.",Is the comparison fair? What variable are you measuring? What pattern is supported by the data?,"No tasting is required. Use clean teacher-approved samples. Wash hands before and after handling. Teachers alone control knives, graters, heat, electrical equipment, chemicals and processing machinery. Do not conduct microbial culture or unsafe food-storage experiments."
IL-284,Primary 4-6,Tomato,Fruit,Colour & Texture,"Investigate colour & texture in tomato using a fair sampling method, quantitative evidence and an evidence-based explanation.","Clean ingredient samples or images, labels, observation sheet/journal, ruler and balance where appropriate, clean trays/containers, handwashing supplies.","Use locally available produce, paper labels, clean food-grade reused containers, handmade measuring grids and simple classroom balances where suitable.","Frame a question, select comparable samples, measure the relevant property, repeat observations, summarize the data and explain the pattern and one limitation.","Question, sample IDs, data table, calculation/graph, conclusion and limitation.",Is the comparison fair? What variable are you measuring? What pattern is supported by the data?,"No tasting is required. Use clean teacher-approved samples. Wash hands before and after handling. Teachers alone control knives, graters, heat, electrical equipment, chemicals and processing machinery. Do not conduct microbial culture or unsafe food-storage experiments."
IL-285,Primary 4-6,Tomato,Fruit,Mass & Size,"Investigate mass & size in tomato using a fair sampling method, quantitative evidence and an evidence-based explanation.","Clean ingredient samples or images, labels, observation sheet/journal, ruler and balance where appropriate, clean trays/containers, handwashing supplies.","Use locally available produce, paper labels, clean food-grade reused containers, handmade measuring grids and simple classroom balances where suitable.","Frame a question, select comparable samples, measure the relevant property, repeat observations, summarize the data and explain the pattern and one limitation.","Question, sample IDs, data table, calculation/graph, conclusion and limitation.",Is the comparison fair? What variable are you measuring? What pattern is supported by the data?,"No tasting is required. Use clean teacher-approved samples. Wash hands before and after handling. Teachers alone control knives, graters, heat, electrical equipment, chemicals and processing machinery. Do not conduct microbial culture or unsafe food-storage experiments."
IL-286,Primary 4-6,Tomato,Fruit,Water/Change Observation,"Investigate water/change observation in tomato using a fair sampling method, quantitative evidence and an evidence-based explanation.","Clean ingredient samples or images, labels, observation sheet/journal, ruler and balance where appropriate, clean trays/containers, handwashing supplies.","Use locally available produce, paper labels, clean food-grade reused containers, handmade measuring grids and simple classroom balances where suitable.","Frame a question, select comparable samples, measure the relevant property, repeat observations, summarize the data and explain the pattern and one limitation.","Question, sample IDs, data table, calculation/graph, conclusion and limitation.",Is the comparison fair? What variable are you measuring? What pattern is supported by the data?,"No tasting is required. Use clean teacher-approved samples. Wash hands before and after handling. Teachers alone control knives, graters, heat, electrical equipment, chemicals and processing machinery. Do not conduct microbial culture or unsafe food-storage experiments."
IL-287,Primary 4-6,Tomato,Fruit,Sorting & Quality,"Investigate sorting & quality in tomato using a fair sampling method, quantitative evidence and an evidence-based explanation.","Clean ingredient samples or images, labels, observation sheet/journal, ruler and balance where appropriate, clean trays/containers, handwashing supplies.","Use locally available produce, paper labels, clean food-grade reused containers, handmade measuring grids and simple classroom balances where suitable.","Frame a question, select comparable samples, measure the relevant property, repeat observations, summarize the data and explain the pattern and one limitation.","Question, sample IDs, data table, calculation/graph, conclusion and limitation.",Is the comparison fair? What variable are you measuring? What pattern is supported by the data?,"No tasting is required. Use clean teacher-approved samples. Wash hands before and after handling. Teachers alone control knives, graters, heat, electrical equipment, chemicals and processing machinery. Do not conduct microbial culture or unsafe food-storage experiments."
IL-288,Primary 4-6,Tomato,Fruit,Post-Harvest Change,"Investigate post-harvest change in tomato using a fair sampling method, quantitative evidence and an evidence-based explanation.","Clean ingredient samples or images, labels, observation sheet/journal, ruler and balance where appropriate, clean trays/containers, handwashing supplies.","Use locally available produce, paper labels, clean food-grade reused containers, handmade measuring grids and simple classroom balances where suitable.","Frame a question, select comparable samples, measure the relevant property, repeat observations, summarize the data and explain the pattern and one limitation.","Question, sample IDs, data table, calculation/graph, conclusion and limitation.",Is the comparison fair? What variable are you measuring? What pattern is supported by the data?,"No tasting is required. Use clean teacher-approved samples. Wash hands before and after handling. Teachers alone control knives, graters, heat, electrical equipment, chemicals and processing machinery. Do not conduct microbial culture or unsafe food-storage experiments."
IL-289,Primary 4-6,Tomato,Fruit,Ingredient-to-Food Pathway,"Investigate ingredient-to-food pathway in tomato using a fair sampling method, quantitative evidence and an evidence-based explanation.","Clean ingredient samples or images, labels, observation sheet/journal, ruler and balance where appropriate, clean trays/containers, handwashing supplies.","Use locally available produce, paper labels, clean food-grade reused containers, handmade measuring grids and simple classroom balances where suitable.","Frame a question, select comparable samples, measure the relevant property, repeat observations, summarize the data and explain the pattern and one limitation.","Question, sample IDs, data table, calculation/graph, conclusion and limitation.",Is the comparison fair? What variable are you measuring? What pattern is supported by the data?,"No tasting is required. Use clean teacher-approved samples. Wash hands before and after handling. Teachers alone control knives, graters, heat, electrical equipment, chemicals and processing machinery. Do not conduct microbial culture or unsafe food-storage experiments."
IL-290,Primary 4-6,Tomato,Fruit,Investigation Challenge,"Investigate investigation challenge in tomato using a fair sampling method, quantitative evidence and an evidence-based explanation.","Clean ingredient samples or images, labels, observation sheet/journal, ruler and balance where appropriate, clean trays/containers, handwashing supplies.","Use locally available produce, paper labels, clean food-grade reused containers, handmade measuring grids and simple classroom balances where suitable.","Frame a question, select comparable samples, measure the relevant property, repeat observations, summarize the data and explain the pattern and one limitation.","Question, sample IDs, data table, calculation/graph, conclusion and limitation.",Is the comparison fair? What variable are you measuring? What pattern is supported by the data?,"No tasting is required. Use clean teacher-approved samples. Wash hands before and after handling. Teachers alone control knives, graters, heat, electrical equipment, chemicals and processing machinery. Do not conduct microbial culture or unsafe food-storage experiments."
IL-291,Primary 4-6,Maize,Seed/Grain,Identity & Plant Part,"Investigate identity & plant part in maize using a fair sampling method, quantitative evidence and an evidence-based explanation.","Clean ingredient samples or images, labels, observation sheet/journal, ruler and balance where appropriate, clean trays/containers, handwashing supplies.","Use locally available produce, paper labels, clean food-grade reused containers, handmade measuring grids and simple classroom balances where suitable.","Frame a question, select comparable samples, measure the relevant property, repeat observations, summarize the data and explain the pattern and one limitation.","Question, sample IDs, data table, calculation/graph, conclusion and limitation.",Is the comparison fair? What variable are you measuring? What pattern is supported by the data?,"No tasting is required. Use clean teacher-approved samples. Wash hands before and after handling. Teachers alone control knives, graters, heat, electrical equipment, chemicals and processing machinery. Do not conduct microbial culture or unsafe food-storage experiments."
IL-292,Primary 4-6,Maize,Seed/Grain,External Structure,"Investigate external structure in maize using a fair sampling method, quantitative evidence and an evidence-based explanation.","Clean ingredient samples or images, labels, observation sheet/journal, ruler and balance where appropriate, clean trays/containers, handwashing supplies.","Use locally available produce, paper labels, clean food-grade reused containers, handmade measuring grids and simple classroom balances where suitable.","Frame a question, select comparable samples, measure the relevant property, repeat observations, summarize the data and explain the pattern and one limitation.","Question, sample IDs, data table, calculation/graph, conclusion and limitation.",Is the comparison fair? What variable are you measuring? What pattern is supported by the data?,"No tasting is required. Use clean teacher-approved samples. Wash hands before and after handling. Teachers alone control knives, graters, heat, electrical equipment, chemicals and processing machinery. Do not conduct microbial culture or unsafe food-storage experiments."
IL-293,Primary 4-6,Maize,Seed/Grain,Internal Structure,"Investigate internal structure in maize using a fair sampling method, quantitative evidence and an evidence-based explanation.","Clean ingredient samples or images, labels, observation sheet/journal, ruler and balance where appropriate, clean trays/containers, handwashing supplies.","Use locally available produce, paper labels, clean food-grade reused containers, handmade measuring grids and simple classroom balances where suitable.","Frame a question, select comparable samples, measure the relevant property, repeat observations, summarize the data and explain the pattern and one limitation.","Question, sample IDs, data table, calculation/graph, conclusion and limitation.",Is the comparison fair? What variable are you measuring? What pattern is supported by the data?,"No tasting is required. Use clean teacher-approved samples. Wash hands before and after handling. Teachers alone control knives, graters, heat, electrical equipment, chemicals and processing machinery. Do not conduct microbial culture or unsafe food-storage experiments."
IL-294,Primary 4-6,Maize,Seed/Grain,Colour & Texture,"Investigate colour & texture in maize using a fair sampling method, quantitative evidence and an evidence-based explanation.","Clean ingredient samples or images, labels, observation sheet/journal, ruler and balance where appropriate, clean trays/containers, handwashing supplies.","Use locally available produce, paper labels, clean food-grade reused containers, handmade measuring grids and simple classroom balances where suitable.","Frame a question, select comparable samples, measure the relevant property, repeat observations, summarize the data and explain the pattern and one limitation.","Question, sample IDs, data table, calculation/graph, conclusion and limitation.",Is the comparison fair? What variable are you measuring? What pattern is supported by the data?,"No tasting is required. Use clean teacher-approved samples. Wash hands before and after handling. Teachers alone control knives, graters, heat, electrical equipment, chemicals and processing machinery. Do not conduct microbial culture or unsafe food-storage experiments."
IL-295,Primary 4-6,Maize,Seed/Grain,Mass & Size,"Investigate mass & size in maize using a fair sampling method, quantitative evidence and an evidence-based explanation.","Clean ingredient samples or images, labels, observation sheet/journal, ruler and balance where appropriate, clean trays/containers, handwashing supplies.","Use locally available produce, paper labels, clean food-grade reused containers, handmade measuring grids and simple classroom balances where suitable.","Frame a question, select comparable samples, measure the relevant property, repeat observations, summarize the data and explain the pattern and one limitation.","Question, sample IDs, data table, calculation/graph, conclusion and limitation.",Is the comparison fair? What variable are you measuring? What pattern is supported by the data?,"No tasting is required. Use clean teacher-approved samples. Wash hands before and after handling. Teachers alone control knives, graters, heat, electrical equipment, chemicals and processing machinery. Do not conduct microbial culture or unsafe food-storage experiments."
IL-296,Primary 4-6,Maize,Seed/Grain,Water/Change Observation,"Investigate water/change observation in maize using a fair sampling method, quantitative evidence and an evidence-based explanation.","Clean ingredient samples or images, labels, observation sheet/journal, ruler and balance where appropriate, clean trays/containers, handwashing supplies.","Use locally available produce, paper labels, clean food-grade reused containers, handmade measuring grids and simple classroom balances where suitable.","Frame a question, select comparable samples, measure the relevant property, repeat observations, summarize the data and explain the pattern and one limitation.","Question, sample IDs, data table, calculation/graph, conclusion and limitation.",Is the comparison fair? What variable are you measuring? What pattern is supported by the data?,"No tasting is required. Use clean teacher-approved samples. Wash hands before and after handling. Teachers alone control knives, graters, heat, electrical equipment, chemicals and processing machinery. Do not conduct microbial culture or unsafe food-storage experiments."
IL-297,Primary 4-6,Maize,Seed/Grain,Sorting & Quality,"Investigate sorting & quality in maize using a fair sampling method, quantitative evidence and an evidence-based explanation.","Clean ingredient samples or images, labels, observation sheet/journal, ruler and balance where appropriate, clean trays/containers, handwashing supplies.","Use locally available produce, paper labels, clean food-grade reused containers, handmade measuring grids and simple classroom balances where suitable.","Frame a question, select comparable samples, measure the relevant property, repeat observations, summarize the data and explain the pattern and one limitation.","Question, sample IDs, data table, calculation/graph, conclusion and limitation.",Is the comparison fair? What variable are you measuring? What pattern is supported by the data?,"No tasting is required. Use clean teacher-approved samples. Wash hands before and after handling. Teachers alone control knives, graters, heat, electrical equipment, chemicals and processing machinery. Do not conduct microbial culture or unsafe food-storage experiments."
IL-298,Primary 4-6,Maize,Seed/Grain,Post-Harvest Change,"Investigate post-harvest change in maize using a fair sampling method, quantitative evidence and an evidence-based explanation.","Clean ingredient samples or images, labels, observation sheet/journal, ruler and balance where appropriate, clean trays/containers, handwashing supplies.","Use locally available produce, paper labels, clean food-grade reused containers, handmade measuring grids and simple classroom balances where suitable.","Frame a question, select comparable samples, measure the relevant property, repeat observations, summarize the data and explain the pattern and one limitation.","Question, sample IDs, data table, calculation/graph, conclusion and limitation.",Is the comparison fair? What variable are you measuring? What pattern is supported by the data?,"No tasting is required. Use clean teacher-approved samples. Wash hands before and after handling. Teachers alone control knives, graters, heat, electrical equipment, chemicals and processing machinery. Do not conduct microbial culture or unsafe food-storage experiments."
IL-299,Primary 4-6,Maize,Seed/Grain,Ingredient-to-Food Pathway,"Investigate ingredient-to-food pathway in maize using a fair sampling method, quantitative evidence and an evidence-based explanation.","Clean ingredient samples or images, labels, observation sheet/journal, ruler and balance where appropriate, clean trays/containers, handwashing supplies.","Use locally available produce, paper labels, clean food-grade reused containers, handmade measuring grids and simple classroom balances where suitable.","Frame a question, select comparable samples, measure the relevant property, repeat observations, summarize the data and explain the pattern and one limitation.","Question, sample IDs, data table, calculation/graph, conclusion and limitation.",Is the comparison fair? What variable are you measuring? What pattern is supported by the data?,"No tasting is required. Use clean teacher-approved samples. Wash hands before and after handling. Teachers alone control knives, graters, heat, electrical equipment, chemicals and processing machinery. Do not conduct microbial culture or unsafe food-storage experiments."
IL-300,Primary 4-6,Maize,Seed/Grain,Investigation Challenge,"Investigate investigation challenge in maize using a fair sampling method, quantitative evidence and an evidence-based explanation.","Clean ingredient samples or images, labels, observation sheet/journal, ruler and balance where appropriate, clean trays/containers, handwashing supplies.","Use locally available produce, paper labels, clean food-grade reused containers, handmade measuring grids and simple classroom balances where suitable.","Frame a question, select comparable samples, measure the relevant property, repeat observations, summarize the data and explain the pattern and one limitation.","Question, sample IDs, data table, calculation/graph, conclusion and limitation.",Is the comparison fair? What variable are you measuring? What pattern is supported by the data?,"No tasting is required. Use clean teacher-approved samples. Wash hands before and after handling. Teachers alone control knives, graters, heat, electrical equipment, chemicals and processing machinery. Do not conduct microbial culture or unsafe food-storage experiments."
