id,level,garden,verb,setup,demo,ask,observe,check,close
TD-001,Nursery,Alphabet Garden,See,Choose 1-3 safe examples of letters and garden words. Keep the group close and materials simple.,"Model how to look carefully, then see one example. Use short sentences and point as you speak.",What do you see? Can you show me? How many? What is the same or different?,"Look for safe participation, correct pointing/matching/counting and one clear spoken or drawn observation.",Learner can show or tell one correct thing without damaging the garden.,"Repeat the key word, praise careful observation, complete one tiny care action and wash hands."
TD-002,Nursery,Alphabet Garden,Say,Choose 1-3 safe examples of letters and garden words. Keep the group close and materials simple.,"Model how to look carefully, then say one example. Use short sentences and point as you speak.",What do you see? Can you show me? How many? What is the same or different?,"Look for safe participation, correct pointing/matching/counting and one clear spoken or drawn observation.",Learner can show or tell one correct thing without damaging the garden.,"Repeat the key word, praise careful observation, complete one tiny care action and wash hands."
TD-003,Nursery,Alphabet Garden,Find,Choose 1-3 safe examples of letters and garden words. Keep the group close and materials simple.,"Model how to look carefully, then find one example. Use short sentences and point as you speak.",What do you see? Can you show me? How many? What is the same or different?,"Look for safe participation, correct pointing/matching/counting and one clear spoken or drawn observation.",Learner can show or tell one correct thing without damaging the garden.,"Repeat the key word, praise careful observation, complete one tiny care action and wash hands."
TD-004,Nursery,Alphabet Garden,Count,Choose 1-3 safe examples of letters and garden words. Keep the group close and materials simple.,"Model how to look carefully, then count one example. Use short sentences and point as you speak.",What do you see? Can you show me? How many? What is the same or different?,"Look for safe participation, correct pointing/matching/counting and one clear spoken or drawn observation.",Learner can show or tell one correct thing without damaging the garden.,"Repeat the key word, praise careful observation, complete one tiny care action and wash hands."
TD-005,Nursery,Alphabet Garden,Match,Choose 1-3 safe examples of letters and garden words. Keep the group close and materials simple.,"Model how to look carefully, then match one example. Use short sentences and point as you speak.",What do you see? Can you show me? How many? What is the same or different?,"Look for safe participation, correct pointing/matching/counting and one clear spoken or drawn observation.",Learner can show or tell one correct thing without damaging the garden.,"Repeat the key word, praise careful observation, complete one tiny care action and wash hands."
TD-006,Nursery,Alphabet Garden,Sort,Choose 1-3 safe examples of letters and garden words. Keep the group close and materials simple.,"Model how to look carefully, then sort one example. Use short sentences and point as you speak.",What do you see? Can you show me? How many? What is the same or different?,"Look for safe participation, correct pointing/matching/counting and one clear spoken or drawn observation.",Learner can show or tell one correct thing without damaging the garden.,"Repeat the key word, praise careful observation, complete one tiny care action and wash hands."
TD-007,Nursery,Alphabet Garden,Compare,Choose 1-3 safe examples of letters and garden words. Keep the group close and materials simple.,"Model how to look carefully, then compare one example. Use short sentences and point as you speak.",What do you see? Can you show me? How many? What is the same or different?,"Look for safe participation, correct pointing/matching/counting and one clear spoken or drawn observation.",Learner can show or tell one correct thing without damaging the garden.,"Repeat the key word, praise careful observation, complete one tiny care action and wash hands."
TD-008,Nursery,Alphabet Garden,Draw,Choose 1-3 safe examples of letters and garden words. Keep the group close and materials simple.,"Model how to look carefully, then draw one example. Use short sentences and point as you speak.",What do you see? Can you show me? How many? What is the same or different?,"Look for safe participation, correct pointing/matching/counting and one clear spoken or drawn observation.",Learner can show or tell one correct thing without damaging the garden.,"Repeat the key word, praise careful observation, complete one tiny care action and wash hands."
TD-009,Nursery,Alphabet Garden,Care,Choose 1-3 safe examples of letters and garden words. Keep the group close and materials simple.,"Model how to look carefully, then care one example. Use short sentences and point as you speak.",What do you see? Can you show me? How many? What is the same or different?,"Look for safe participation, correct pointing/matching/counting and one clear spoken or drawn observation.",Learner can show or tell one correct thing without damaging the garden.,"Repeat the key word, praise careful observation, complete one tiny care action and wash hands."
TD-010,Nursery,Alphabet Garden,Discover,Choose 1-3 safe examples of letters and garden words. Keep the group close and materials simple.,"Model how to look carefully, then discover one example. Use short sentences and point as you speak.",What do you see? Can you show me? How many? What is the same or different?,"Look for safe participation, correct pointing/matching/counting and one clear spoken or drawn observation.",Learner can show or tell one correct thing without damaging the garden.,"Repeat the key word, praise careful observation, complete one tiny care action and wash hands."
TD-011,Nursery,Number Garden,See,Choose 1-3 safe examples of numbers and quantities. Keep the group close and materials simple.,"Model how to look carefully, then see one example. Use short sentences and point as you speak.",What do you see? Can you show me? How many? What is the same or different?,"Look for safe participation, correct pointing/matching/counting and one clear spoken or drawn observation.",Learner can show or tell one correct thing without damaging the garden.,"Repeat the key word, praise careful observation, complete one tiny care action and wash hands."
TD-012,Nursery,Number Garden,Say,Choose 1-3 safe examples of numbers and quantities. Keep the group close and materials simple.,"Model how to look carefully, then say one example. Use short sentences and point as you speak.",What do you see? Can you show me? How many? What is the same or different?,"Look for safe participation, correct pointing/matching/counting and one clear spoken or drawn observation.",Learner can show or tell one correct thing without damaging the garden.,"Repeat the key word, praise careful observation, complete one tiny care action and wash hands."
TD-013,Nursery,Number Garden,Find,Choose 1-3 safe examples of numbers and quantities. Keep the group close and materials simple.,"Model how to look carefully, then find one example. Use short sentences and point as you speak.",What do you see? Can you show me? How many? What is the same or different?,"Look for safe participation, correct pointing/matching/counting and one clear spoken or drawn observation.",Learner can show or tell one correct thing without damaging the garden.,"Repeat the key word, praise careful observation, complete one tiny care action and wash hands."
TD-014,Nursery,Number Garden,Count,Choose 1-3 safe examples of numbers and quantities. Keep the group close and materials simple.,"Model how to look carefully, then count one example. Use short sentences and point as you speak.",What do you see? Can you show me? How many? What is the same or different?,"Look for safe participation, correct pointing/matching/counting and one clear spoken or drawn observation.",Learner can show or tell one correct thing without damaging the garden.,"Repeat the key word, praise careful observation, complete one tiny care action and wash hands."
TD-015,Nursery,Number Garden,Match,Choose 1-3 safe examples of numbers and quantities. Keep the group close and materials simple.,"Model how to look carefully, then match one example. Use short sentences and point as you speak.",What do you see? Can you show me? How many? What is the same or different?,"Look for safe participation, correct pointing/matching/counting and one clear spoken or drawn observation.",Learner can show or tell one correct thing without damaging the garden.,"Repeat the key word, praise careful observation, complete one tiny care action and wash hands."
TD-016,Nursery,Number Garden,Sort,Choose 1-3 safe examples of numbers and quantities. Keep the group close and materials simple.,"Model how to look carefully, then sort one example. Use short sentences and point as you speak.",What do you see? Can you show me? How many? What is the same or different?,"Look for safe participation, correct pointing/matching/counting and one clear spoken or drawn observation.",Learner can show or tell one correct thing without damaging the garden.,"Repeat the key word, praise careful observation, complete one tiny care action and wash hands."
TD-017,Nursery,Number Garden,Compare,Choose 1-3 safe examples of numbers and quantities. Keep the group close and materials simple.,"Model how to look carefully, then compare one example. Use short sentences and point as you speak.",What do you see? Can you show me? How many? What is the same or different?,"Look for safe participation, correct pointing/matching/counting and one clear spoken or drawn observation.",Learner can show or tell one correct thing without damaging the garden.,"Repeat the key word, praise careful observation, complete one tiny care action and wash hands."
TD-018,Nursery,Number Garden,Draw,Choose 1-3 safe examples of numbers and quantities. Keep the group close and materials simple.,"Model how to look carefully, then draw one example. Use short sentences and point as you speak.",What do you see? Can you show me? How many? What is the same or different?,"Look for safe participation, correct pointing/matching/counting and one clear spoken or drawn observation.",Learner can show or tell one correct thing without damaging the garden.,"Repeat the key word, praise careful observation, complete one tiny care action and wash hands."
TD-019,Nursery,Number Garden,Care,Choose 1-3 safe examples of numbers and quantities. Keep the group close and materials simple.,"Model how to look carefully, then care one example. Use short sentences and point as you speak.",What do you see? Can you show me? How many? What is the same or different?,"Look for safe participation, correct pointing/matching/counting and one clear spoken or drawn observation.",Learner can show or tell one correct thing without damaging the garden.,"Repeat the key word, praise careful observation, complete one tiny care action and wash hands."
TD-020,Nursery,Number Garden,Discover,Choose 1-3 safe examples of numbers and quantities. Keep the group close and materials simple.,"Model how to look carefully, then discover one example. Use short sentences and point as you speak.",What do you see? Can you show me? How many? What is the same or different?,"Look for safe participation, correct pointing/matching/counting and one clear spoken or drawn observation.",Learner can show or tell one correct thing without damaging the garden.,"Repeat the key word, praise careful observation, complete one tiny care action and wash hands."
TD-021,Nursery,Geometry Garden,See,Choose 1-3 safe examples of shapes and garden spaces. Keep the group close and materials simple.,"Model how to look carefully, then see one example. Use short sentences and point as you speak.",What do you see? Can you show me? How many? What is the same or different?,"Look for safe participation, correct pointing/matching/counting and one clear spoken or drawn observation.",Learner can show or tell one correct thing without damaging the garden.,"Repeat the key word, praise careful observation, complete one tiny care action and wash hands."
TD-022,Nursery,Geometry Garden,Say,Choose 1-3 safe examples of shapes and garden spaces. Keep the group close and materials simple.,"Model how to look carefully, then say one example. Use short sentences and point as you speak.",What do you see? Can you show me? How many? What is the same or different?,"Look for safe participation, correct pointing/matching/counting and one clear spoken or drawn observation.",Learner can show or tell one correct thing without damaging the garden.,"Repeat the key word, praise careful observation, complete one tiny care action and wash hands."
TD-023,Nursery,Geometry Garden,Find,Choose 1-3 safe examples of shapes and garden spaces. Keep the group close and materials simple.,"Model how to look carefully, then find one example. Use short sentences and point as you speak.",What do you see? Can you show me? How many? What is the same or different?,"Look for safe participation, correct pointing/matching/counting and one clear spoken or drawn observation.",Learner can show or tell one correct thing without damaging the garden.,"Repeat the key word, praise careful observation, complete one tiny care action and wash hands."
TD-024,Nursery,Geometry Garden,Count,Choose 1-3 safe examples of shapes and garden spaces. Keep the group close and materials simple.,"Model how to look carefully, then count one example. Use short sentences and point as you speak.",What do you see? Can you show me? How many? What is the same or different?,"Look for safe participation, correct pointing/matching/counting and one clear spoken or drawn observation.",Learner can show or tell one correct thing without damaging the garden.,"Repeat the key word, praise careful observation, complete one tiny care action and wash hands."
TD-025,Nursery,Geometry Garden,Match,Choose 1-3 safe examples of shapes and garden spaces. Keep the group close and materials simple.,"Model how to look carefully, then match one example. Use short sentences and point as you speak.",What do you see? Can you show me? How many? What is the same or different?,"Look for safe participation, correct pointing/matching/counting and one clear spoken or drawn observation.",Learner can show or tell one correct thing without damaging the garden.,"Repeat the key word, praise careful observation, complete one tiny care action and wash hands."
TD-026,Nursery,Geometry Garden,Sort,Choose 1-3 safe examples of shapes and garden spaces. Keep the group close and materials simple.,"Model how to look carefully, then sort one example. Use short sentences and point as you speak.",What do you see? Can you show me? How many? What is the same or different?,"Look for safe participation, correct pointing/matching/counting and one clear spoken or drawn observation.",Learner can show or tell one correct thing without damaging the garden.,"Repeat the key word, praise careful observation, complete one tiny care action and wash hands."
TD-027,Nursery,Geometry Garden,Compare,Choose 1-3 safe examples of shapes and garden spaces. Keep the group close and materials simple.,"Model how to look carefully, then compare one example. Use short sentences and point as you speak.",What do you see? Can you show me? How many? What is the same or different?,"Look for safe participation, correct pointing/matching/counting and one clear spoken or drawn observation.",Learner can show or tell one correct thing without damaging the garden.,"Repeat the key word, praise careful observation, complete one tiny care action and wash hands."
TD-028,Nursery,Geometry Garden,Draw,Choose 1-3 safe examples of shapes and garden spaces. Keep the group close and materials simple.,"Model how to look carefully, then draw one example. Use short sentences and point as you speak.",What do you see? Can you show me? How many? What is the same or different?,"Look for safe participation, correct pointing/matching/counting and one clear spoken or drawn observation.",Learner can show or tell one correct thing without damaging the garden.,"Repeat the key word, praise careful observation, complete one tiny care action and wash hands."
TD-029,Nursery,Geometry Garden,Care,Choose 1-3 safe examples of shapes and garden spaces. Keep the group close and materials simple.,"Model how to look carefully, then care one example. Use short sentences and point as you speak.",What do you see? Can you show me? How many? What is the same or different?,"Look for safe participation, correct pointing/matching/counting and one clear spoken or drawn observation.",Learner can show or tell one correct thing without damaging the garden.,"Repeat the key word, praise careful observation, complete one tiny care action and wash hands."
TD-030,Nursery,Geometry Garden,Discover,Choose 1-3 safe examples of shapes and garden spaces. Keep the group close and materials simple.,"Model how to look carefully, then discover one example. Use short sentences and point as you speak.",What do you see? Can you show me? How many? What is the same or different?,"Look for safe participation, correct pointing/matching/counting and one clear spoken or drawn observation.",Learner can show or tell one correct thing without damaging the garden.,"Repeat the key word, praise careful observation, complete one tiny care action and wash hands."
TD-031,Nursery,Leaf Garden,See,Choose 1-3 safe examples of leaf features. Keep the group close and materials simple.,"Model how to look carefully, then see one example. Use short sentences and point as you speak.",What do you see? Can you show me? How many? What is the same or different?,"Look for safe participation, correct pointing/matching/counting and one clear spoken or drawn observation.",Learner can show or tell one correct thing without damaging the garden.,"Repeat the key word, praise careful observation, complete one tiny care action and wash hands."
TD-032,Nursery,Leaf Garden,Say,Choose 1-3 safe examples of leaf features. Keep the group close and materials simple.,"Model how to look carefully, then say one example. Use short sentences and point as you speak.",What do you see? Can you show me? How many? What is the same or different?,"Look for safe participation, correct pointing/matching/counting and one clear spoken or drawn observation.",Learner can show or tell one correct thing without damaging the garden.,"Repeat the key word, praise careful observation, complete one tiny care action and wash hands."
TD-033,Nursery,Leaf Garden,Find,Choose 1-3 safe examples of leaf features. Keep the group close and materials simple.,"Model how to look carefully, then find one example. Use short sentences and point as you speak.",What do you see? Can you show me? How many? What is the same or different?,"Look for safe participation, correct pointing/matching/counting and one clear spoken or drawn observation.",Learner can show or tell one correct thing without damaging the garden.,"Repeat the key word, praise careful observation, complete one tiny care action and wash hands."
TD-034,Nursery,Leaf Garden,Count,Choose 1-3 safe examples of leaf features. Keep the group close and materials simple.,"Model how to look carefully, then count one example. Use short sentences and point as you speak.",What do you see? Can you show me? How many? What is the same or different?,"Look for safe participation, correct pointing/matching/counting and one clear spoken or drawn observation.",Learner can show or tell one correct thing without damaging the garden.,"Repeat the key word, praise careful observation, complete one tiny care action and wash hands."
TD-035,Nursery,Leaf Garden,Match,Choose 1-3 safe examples of leaf features. Keep the group close and materials simple.,"Model how to look carefully, then match one example. Use short sentences and point as you speak.",What do you see? Can you show me? How many? What is the same or different?,"Look for safe participation, correct pointing/matching/counting and one clear spoken or drawn observation.",Learner can show or tell one correct thing without damaging the garden.,"Repeat the key word, praise careful observation, complete one tiny care action and wash hands."
TD-036,Nursery,Leaf Garden,Sort,Choose 1-3 safe examples of leaf features. Keep the group close and materials simple.,"Model how to look carefully, then sort one example. Use short sentences and point as you speak.",What do you see? Can you show me? How many? What is the same or different?,"Look for safe participation, correct pointing/matching/counting and one clear spoken or drawn observation.",Learner can show or tell one correct thing without damaging the garden.,"Repeat the key word, praise careful observation, complete one tiny care action and wash hands."
TD-037,Nursery,Leaf Garden,Compare,Choose 1-3 safe examples of leaf features. Keep the group close and materials simple.,"Model how to look carefully, then compare one example. Use short sentences and point as you speak.",What do you see? Can you show me? How many? What is the same or different?,"Look for safe participation, correct pointing/matching/counting and one clear spoken or drawn observation.",Learner can show or tell one correct thing without damaging the garden.,"Repeat the key word, praise careful observation, complete one tiny care action and wash hands."
TD-038,Nursery,Leaf Garden,Draw,Choose 1-3 safe examples of leaf features. Keep the group close and materials simple.,"Model how to look carefully, then draw one example. Use short sentences and point as you speak.",What do you see? Can you show me? How many? What is the same or different?,"Look for safe participation, correct pointing/matching/counting and one clear spoken or drawn observation.",Learner can show or tell one correct thing without damaging the garden.,"Repeat the key word, praise careful observation, complete one tiny care action and wash hands."
TD-039,Nursery,Leaf Garden,Care,Choose 1-3 safe examples of leaf features. Keep the group close and materials simple.,"Model how to look carefully, then care one example. Use short sentences and point as you speak.",What do you see? Can you show me? How many? What is the same or different?,"Look for safe participation, correct pointing/matching/counting and one clear spoken or drawn observation.",Learner can show or tell one correct thing without damaging the garden.,"Repeat the key word, praise careful observation, complete one tiny care action and wash hands."
TD-040,Nursery,Leaf Garden,Discover,Choose 1-3 safe examples of leaf features. Keep the group close and materials simple.,"Model how to look carefully, then discover one example. Use short sentences and point as you speak.",What do you see? Can you show me? How many? What is the same or different?,"Look for safe participation, correct pointing/matching/counting and one clear spoken or drawn observation.",Learner can show or tell one correct thing without damaging the garden.,"Repeat the key word, praise careful observation, complete one tiny care action and wash hands."
TD-041,Nursery,Butterfly Garden,See,Choose 1-3 safe examples of flowers and garden visitors. Keep the group close and materials simple.,"Model how to look carefully, then see one example. Use short sentences and point as you speak.",What do you see? Can you show me? How many? What is the same or different?,"Look for safe participation, correct pointing/matching/counting and one clear spoken or drawn observation.",Learner can show or tell one correct thing without damaging the garden.,"Repeat the key word, praise careful observation, complete one tiny care action and wash hands."
TD-042,Nursery,Butterfly Garden,Say,Choose 1-3 safe examples of flowers and garden visitors. Keep the group close and materials simple.,"Model how to look carefully, then say one example. Use short sentences and point as you speak.",What do you see? Can you show me? How many? What is the same or different?,"Look for safe participation, correct pointing/matching/counting and one clear spoken or drawn observation.",Learner can show or tell one correct thing without damaging the garden.,"Repeat the key word, praise careful observation, complete one tiny care action and wash hands."
TD-043,Nursery,Butterfly Garden,Find,Choose 1-3 safe examples of flowers and garden visitors. Keep the group close and materials simple.,"Model how to look carefully, then find one example. Use short sentences and point as you speak.",What do you see? Can you show me? How many? What is the same or different?,"Look for safe participation, correct pointing/matching/counting and one clear spoken or drawn observation.",Learner can show or tell one correct thing without damaging the garden.,"Repeat the key word, praise careful observation, complete one tiny care action and wash hands."
TD-044,Nursery,Butterfly Garden,Count,Choose 1-3 safe examples of flowers and garden visitors. Keep the group close and materials simple.,"Model how to look carefully, then count one example. Use short sentences and point as you speak.",What do you see? Can you show me? How many? What is the same or different?,"Look for safe participation, correct pointing/matching/counting and one clear spoken or drawn observation.",Learner can show or tell one correct thing without damaging the garden.,"Repeat the key word, praise careful observation, complete one tiny care action and wash hands."
TD-045,Nursery,Butterfly Garden,Match,Choose 1-3 safe examples of flowers and garden visitors. Keep the group close and materials simple.,"Model how to look carefully, then match one example. Use short sentences and point as you speak.",What do you see? Can you show me? How many? What is the same or different?,"Look for safe participation, correct pointing/matching/counting and one clear spoken or drawn observation.",Learner can show or tell one correct thing without damaging the garden.,"Repeat the key word, praise careful observation, complete one tiny care action and wash hands."
TD-046,Nursery,Butterfly Garden,Sort,Choose 1-3 safe examples of flowers and garden visitors. Keep the group close and materials simple.,"Model how to look carefully, then sort one example. Use short sentences and point as you speak.",What do you see? Can you show me? How many? What is the same or different?,"Look for safe participation, correct pointing/matching/counting and one clear spoken or drawn observation.",Learner can show or tell one correct thing without damaging the garden.,"Repeat the key word, praise careful observation, complete one tiny care action and wash hands."
TD-047,Nursery,Butterfly Garden,Compare,Choose 1-3 safe examples of flowers and garden visitors. Keep the group close and materials simple.,"Model how to look carefully, then compare one example. Use short sentences and point as you speak.",What do you see? Can you show me? How many? What is the same or different?,"Look for safe participation, correct pointing/matching/counting and one clear spoken or drawn observation.",Learner can show or tell one correct thing without damaging the garden.,"Repeat the key word, praise careful observation, complete one tiny care action and wash hands."
TD-048,Nursery,Butterfly Garden,Draw,Choose 1-3 safe examples of flowers and garden visitors. Keep the group close and materials simple.,"Model how to look carefully, then draw one example. Use short sentences and point as you speak.",What do you see? Can you show me? How many? What is the same or different?,"Look for safe participation, correct pointing/matching/counting and one clear spoken or drawn observation.",Learner can show or tell one correct thing without damaging the garden.,"Repeat the key word, praise careful observation, complete one tiny care action and wash hands."
TD-049,Nursery,Butterfly Garden,Care,Choose 1-3 safe examples of flowers and garden visitors. Keep the group close and materials simple.,"Model how to look carefully, then care one example. Use short sentences and point as you speak.",What do you see? Can you show me? How many? What is the same or different?,"Look for safe participation, correct pointing/matching/counting and one clear spoken or drawn observation.",Learner can show or tell one correct thing without damaging the garden.,"Repeat the key word, praise careful observation, complete one tiny care action and wash hands."
TD-050,Nursery,Butterfly Garden,Discover,Choose 1-3 safe examples of flowers and garden visitors. Keep the group close and materials simple.,"Model how to look carefully, then discover one example. Use short sentences and point as you speak.",What do you see? Can you show me? How many? What is the same or different?,"Look for safe participation, correct pointing/matching/counting and one clear spoken or drawn observation.",Learner can show or tell one correct thing without damaging the garden.,"Repeat the key word, praise careful observation, complete one tiny care action and wash hands."
TD-051,Nursery,ReBottle Garden,See,Choose 1-3 safe examples of reused bottle planters. Keep the group close and materials simple.,"Model how to look carefully, then see one example. Use short sentences and point as you speak.",What do you see? Can you show me? How many? What is the same or different?,"Look for safe participation, correct pointing/matching/counting and one clear spoken or drawn observation.",Learner can show or tell one correct thing without damaging the garden.,"Repeat the key word, praise careful observation, complete one tiny care action and wash hands."
TD-052,Nursery,ReBottle Garden,Say,Choose 1-3 safe examples of reused bottle planters. Keep the group close and materials simple.,"Model how to look carefully, then say one example. Use short sentences and point as you speak.",What do you see? Can you show me? How many? What is the same or different?,"Look for safe participation, correct pointing/matching/counting and one clear spoken or drawn observation.",Learner can show or tell one correct thing without damaging the garden.,"Repeat the key word, praise careful observation, complete one tiny care action and wash hands."
TD-053,Nursery,ReBottle Garden,Find,Choose 1-3 safe examples of reused bottle planters. Keep the group close and materials simple.,"Model how to look carefully, then find one example. Use short sentences and point as you speak.",What do you see? Can you show me? How many? What is the same or different?,"Look for safe participation, correct pointing/matching/counting and one clear spoken or drawn observation.",Learner can show or tell one correct thing without damaging the garden.,"Repeat the key word, praise careful observation, complete one tiny care action and wash hands."
TD-054,Nursery,ReBottle Garden,Count,Choose 1-3 safe examples of reused bottle planters. Keep the group close and materials simple.,"Model how to look carefully, then count one example. Use short sentences and point as you speak.",What do you see? Can you show me? How many? What is the same or different?,"Look for safe participation, correct pointing/matching/counting and one clear spoken or drawn observation.",Learner can show or tell one correct thing without damaging the garden.,"Repeat the key word, praise careful observation, complete one tiny care action and wash hands."
TD-055,Nursery,ReBottle Garden,Match,Choose 1-3 safe examples of reused bottle planters. Keep the group close and materials simple.,"Model how to look carefully, then match one example. Use short sentences and point as you speak.",What do you see? Can you show me? How many? What is the same or different?,"Look for safe participation, correct pointing/matching/counting and one clear spoken or drawn observation.",Learner can show or tell one correct thing without damaging the garden.,"Repeat the key word, praise careful observation, complete one tiny care action and wash hands."
TD-056,Nursery,ReBottle Garden,Sort,Choose 1-3 safe examples of reused bottle planters. Keep the group close and materials simple.,"Model how to look carefully, then sort one example. Use short sentences and point as you speak.",What do you see? Can you show me? How many? What is the same or different?,"Look for safe participation, correct pointing/matching/counting and one clear spoken or drawn observation.",Learner can show or tell one correct thing without damaging the garden.,"Repeat the key word, praise careful observation, complete one tiny care action and wash hands."
TD-057,Nursery,ReBottle Garden,Compare,Choose 1-3 safe examples of reused bottle planters. Keep the group close and materials simple.,"Model how to look carefully, then compare one example. Use short sentences and point as you speak.",What do you see? Can you show me? How many? What is the same or different?,"Look for safe participation, correct pointing/matching/counting and one clear spoken or drawn observation.",Learner can show or tell one correct thing without damaging the garden.,"Repeat the key word, praise careful observation, complete one tiny care action and wash hands."
TD-058,Nursery,ReBottle Garden,Draw,Choose 1-3 safe examples of reused bottle planters. Keep the group close and materials simple.,"Model how to look carefully, then draw one example. Use short sentences and point as you speak.",What do you see? Can you show me? How many? What is the same or different?,"Look for safe participation, correct pointing/matching/counting and one clear spoken or drawn observation.",Learner can show or tell one correct thing without damaging the garden.,"Repeat the key word, praise careful observation, complete one tiny care action and wash hands."
TD-059,Nursery,ReBottle Garden,Care,Choose 1-3 safe examples of reused bottle planters. Keep the group close and materials simple.,"Model how to look carefully, then care one example. Use short sentences and point as you speak.",What do you see? Can you show me? How many? What is the same or different?,"Look for safe participation, correct pointing/matching/counting and one clear spoken or drawn observation.",Learner can show or tell one correct thing without damaging the garden.,"Repeat the key word, praise careful observation, complete one tiny care action and wash hands."
TD-060,Nursery,ReBottle Garden,Discover,Choose 1-3 safe examples of reused bottle planters. Keep the group close and materials simple.,"Model how to look carefully, then discover one example. Use short sentences and point as you speak.",What do you see? Can you show me? How many? What is the same or different?,"Look for safe participation, correct pointing/matching/counting and one clear spoken or drawn observation.",Learner can show or tell one correct thing without damaging the garden.,"Repeat the key word, praise careful observation, complete one tiny care action and wash hands."
TD-061,Nursery,MicroGrow Garden,See,Choose 1-3 safe examples of seedlings. Keep the group close and materials simple.,"Model how to look carefully, then see one example. Use short sentences and point as you speak.",What do you see? Can you show me? How many? What is the same or different?,"Look for safe participation, correct pointing/matching/counting and one clear spoken or drawn observation.",Learner can show or tell one correct thing without damaging the garden.,"Repeat the key word, praise careful observation, complete one tiny care action and wash hands."
TD-062,Nursery,MicroGrow Garden,Say,Choose 1-3 safe examples of seedlings. Keep the group close and materials simple.,"Model how to look carefully, then say one example. Use short sentences and point as you speak.",What do you see? Can you show me? How many? What is the same or different?,"Look for safe participation, correct pointing/matching/counting and one clear spoken or drawn observation.",Learner can show or tell one correct thing without damaging the garden.,"Repeat the key word, praise careful observation, complete one tiny care action and wash hands."
TD-063,Nursery,MicroGrow Garden,Find,Choose 1-3 safe examples of seedlings. Keep the group close and materials simple.,"Model how to look carefully, then find one example. Use short sentences and point as you speak.",What do you see? Can you show me? How many? What is the same or different?,"Look for safe participation, correct pointing/matching/counting and one clear spoken or drawn observation.",Learner can show or tell one correct thing without damaging the garden.,"Repeat the key word, praise careful observation, complete one tiny care action and wash hands."
TD-064,Nursery,MicroGrow Garden,Count,Choose 1-3 safe examples of seedlings. Keep the group close and materials simple.,"Model how to look carefully, then count one example. Use short sentences and point as you speak.",What do you see? Can you show me? How many? What is the same or different?,"Look for safe participation, correct pointing/matching/counting and one clear spoken or drawn observation.",Learner can show or tell one correct thing without damaging the garden.,"Repeat the key word, praise careful observation, complete one tiny care action and wash hands."
TD-065,Nursery,MicroGrow Garden,Match,Choose 1-3 safe examples of seedlings. Keep the group close and materials simple.,"Model how to look carefully, then match one example. Use short sentences and point as you speak.",What do you see? Can you show me? How many? What is the same or different?,"Look for safe participation, correct pointing/matching/counting and one clear spoken or drawn observation.",Learner can show or tell one correct thing without damaging the garden.,"Repeat the key word, praise careful observation, complete one tiny care action and wash hands."
TD-066,Nursery,MicroGrow Garden,Sort,Choose 1-3 safe examples of seedlings. Keep the group close and materials simple.,"Model how to look carefully, then sort one example. Use short sentences and point as you speak.",What do you see? Can you show me? How many? What is the same or different?,"Look for safe participation, correct pointing/matching/counting and one clear spoken or drawn observation.",Learner can show or tell one correct thing without damaging the garden.,"Repeat the key word, praise careful observation, complete one tiny care action and wash hands."
TD-067,Nursery,MicroGrow Garden,Compare,Choose 1-3 safe examples of seedlings. Keep the group close and materials simple.,"Model how to look carefully, then compare one example. Use short sentences and point as you speak.",What do you see? Can you show me? How many? What is the same or different?,"Look for safe participation, correct pointing/matching/counting and one clear spoken or drawn observation.",Learner can show or tell one correct thing without damaging the garden.,"Repeat the key word, praise careful observation, complete one tiny care action and wash hands."
TD-068,Nursery,MicroGrow Garden,Draw,Choose 1-3 safe examples of seedlings. Keep the group close and materials simple.,"Model how to look carefully, then draw one example. Use short sentences and point as you speak.",What do you see? Can you show me? How many? What is the same or different?,"Look for safe participation, correct pointing/matching/counting and one clear spoken or drawn observation.",Learner can show or tell one correct thing without damaging the garden.,"Repeat the key word, praise careful observation, complete one tiny care action and wash hands."
TD-069,Nursery,MicroGrow Garden,Care,Choose 1-3 safe examples of seedlings. Keep the group close and materials simple.,"Model how to look carefully, then care one example. Use short sentences and point as you speak.",What do you see? Can you show me? How many? What is the same or different?,"Look for safe participation, correct pointing/matching/counting and one clear spoken or drawn observation.",Learner can show or tell one correct thing without damaging the garden.,"Repeat the key word, praise careful observation, complete one tiny care action and wash hands."
TD-070,Nursery,MicroGrow Garden,Discover,Choose 1-3 safe examples of seedlings. Keep the group close and materials simple.,"Model how to look carefully, then discover one example. Use short sentences and point as you speak.",What do you see? Can you show me? How many? What is the same or different?,"Look for safe participation, correct pointing/matching/counting and one clear spoken or drawn observation.",Learner can show or tell one correct thing without damaging the garden.,"Repeat the key word, praise careful observation, complete one tiny care action and wash hands."
TD-071,Nursery,Mini Table Garden,See,Choose 1-3 safe examples of small planters. Keep the group close and materials simple.,"Model how to look carefully, then see one example. Use short sentences and point as you speak.",What do you see? Can you show me? How many? What is the same or different?,"Look for safe participation, correct pointing/matching/counting and one clear spoken or drawn observation.",Learner can show or tell one correct thing without damaging the garden.,"Repeat the key word, praise careful observation, complete one tiny care action and wash hands."
TD-072,Nursery,Mini Table Garden,Say,Choose 1-3 safe examples of small planters. Keep the group close and materials simple.,"Model how to look carefully, then say one example. Use short sentences and point as you speak.",What do you see? Can you show me? How many? What is the same or different?,"Look for safe participation, correct pointing/matching/counting and one clear spoken or drawn observation.",Learner can show or tell one correct thing without damaging the garden.,"Repeat the key word, praise careful observation, complete one tiny care action and wash hands."
TD-073,Nursery,Mini Table Garden,Find,Choose 1-3 safe examples of small planters. Keep the group close and materials simple.,"Model how to look carefully, then find one example. Use short sentences and point as you speak.",What do you see? Can you show me? How many? What is the same or different?,"Look for safe participation, correct pointing/matching/counting and one clear spoken or drawn observation.",Learner can show or tell one correct thing without damaging the garden.,"Repeat the key word, praise careful observation, complete one tiny care action and wash hands."
TD-074,Nursery,Mini Table Garden,Count,Choose 1-3 safe examples of small planters. Keep the group close and materials simple.,"Model how to look carefully, then count one example. Use short sentences and point as you speak.",What do you see? Can you show me? How many? What is the same or different?,"Look for safe participation, correct pointing/matching/counting and one clear spoken or drawn observation.",Learner can show or tell one correct thing without damaging the garden.,"Repeat the key word, praise careful observation, complete one tiny care action and wash hands."
TD-075,Nursery,Mini Table Garden,Match,Choose 1-3 safe examples of small planters. Keep the group close and materials simple.,"Model how to look carefully, then match one example. Use short sentences and point as you speak.",What do you see? Can you show me? How many? What is the same or different?,"Look for safe participation, correct pointing/matching/counting and one clear spoken or drawn observation.",Learner can show or tell one correct thing without damaging the garden.,"Repeat the key word, praise careful observation, complete one tiny care action and wash hands."
TD-076,Nursery,Mini Table Garden,Sort,Choose 1-3 safe examples of small planters. Keep the group close and materials simple.,"Model how to look carefully, then sort one example. Use short sentences and point as you speak.",What do you see? Can you show me? How many? What is the same or different?,"Look for safe participation, correct pointing/matching/counting and one clear spoken or drawn observation.",Learner can show or tell one correct thing without damaging the garden.,"Repeat the key word, praise careful observation, complete one tiny care action and wash hands."
TD-077,Nursery,Mini Table Garden,Compare,Choose 1-3 safe examples of small planters. Keep the group close and materials simple.,"Model how to look carefully, then compare one example. Use short sentences and point as you speak.",What do you see? Can you show me? How many? What is the same or different?,"Look for safe participation, correct pointing/matching/counting and one clear spoken or drawn observation.",Learner can show or tell one correct thing without damaging the garden.,"Repeat the key word, praise careful observation, complete one tiny care action and wash hands."
TD-078,Nursery,Mini Table Garden,Draw,Choose 1-3 safe examples of small planters. Keep the group close and materials simple.,"Model how to look carefully, then draw one example. Use short sentences and point as you speak.",What do you see? Can you show me? How many? What is the same or different?,"Look for safe participation, correct pointing/matching/counting and one clear spoken or drawn observation.",Learner can show or tell one correct thing without damaging the garden.,"Repeat the key word, praise careful observation, complete one tiny care action and wash hands."
TD-079,Nursery,Mini Table Garden,Care,Choose 1-3 safe examples of small planters. Keep the group close and materials simple.,"Model how to look carefully, then care one example. Use short sentences and point as you speak.",What do you see? Can you show me? How many? What is the same or different?,"Look for safe participation, correct pointing/matching/counting and one clear spoken or drawn observation.",Learner can show or tell one correct thing without damaging the garden.,"Repeat the key word, praise careful observation, complete one tiny care action and wash hands."
TD-080,Nursery,Mini Table Garden,Discover,Choose 1-3 safe examples of small planters. Keep the group close and materials simple.,"Model how to look carefully, then discover one example. Use short sentences and point as you speak.",What do you see? Can you show me? How many? What is the same or different?,"Look for safe participation, correct pointing/matching/counting and one clear spoken or drawn observation.",Learner can show or tell one correct thing without damaging the garden.,"Repeat the key word, praise careful observation, complete one tiny care action and wash hands."
TD-081,Nursery,Sack Garden,See,Choose 1-3 safe examples of sack-grown plants. Keep the group close and materials simple.,"Model how to look carefully, then see one example. Use short sentences and point as you speak.",What do you see? Can you show me? How many? What is the same or different?,"Look for safe participation, correct pointing/matching/counting and one clear spoken or drawn observation.",Learner can show or tell one correct thing without damaging the garden.,"Repeat the key word, praise careful observation, complete one tiny care action and wash hands."
TD-082,Nursery,Sack Garden,Say,Choose 1-3 safe examples of sack-grown plants. Keep the group close and materials simple.,"Model how to look carefully, then say one example. Use short sentences and point as you speak.",What do you see? Can you show me? How many? What is the same or different?,"Look for safe participation, correct pointing/matching/counting and one clear spoken or drawn observation.",Learner can show or tell one correct thing without damaging the garden.,"Repeat the key word, praise careful observation, complete one tiny care action and wash hands."
TD-083,Nursery,Sack Garden,Find,Choose 1-3 safe examples of sack-grown plants. Keep the group close and materials simple.,"Model how to look carefully, then find one example. Use short sentences and point as you speak.",What do you see? Can you show me? How many? What is the same or different?,"Look for safe participation, correct pointing/matching/counting and one clear spoken or drawn observation.",Learner can show or tell one correct thing without damaging the garden.,"Repeat the key word, praise careful observation, complete one tiny care action and wash hands."
TD-084,Nursery,Sack Garden,Count,Choose 1-3 safe examples of sack-grown plants. Keep the group close and materials simple.,"Model how to look carefully, then count one example. Use short sentences and point as you speak.",What do you see? Can you show me? How many? What is the same or different?,"Look for safe participation, correct pointing/matching/counting and one clear spoken or drawn observation.",Learner can show or tell one correct thing without damaging the garden.,"Repeat the key word, praise careful observation, complete one tiny care action and wash hands."
TD-085,Nursery,Sack Garden,Match,Choose 1-3 safe examples of sack-grown plants. Keep the group close and materials simple.,"Model how to look carefully, then match one example. Use short sentences and point as you speak.",What do you see? Can you show me? How many? What is the same or different?,"Look for safe participation, correct pointing/matching/counting and one clear spoken or drawn observation.",Learner can show or tell one correct thing without damaging the garden.,"Repeat the key word, praise careful observation, complete one tiny care action and wash hands."
TD-086,Nursery,Sack Garden,Sort,Choose 1-3 safe examples of sack-grown plants. Keep the group close and materials simple.,"Model how to look carefully, then sort one example. Use short sentences and point as you speak.",What do you see? Can you show me? How many? What is the same or different?,"Look for safe participation, correct pointing/matching/counting and one clear spoken or drawn observation.",Learner can show or tell one correct thing without damaging the garden.,"Repeat the key word, praise careful observation, complete one tiny care action and wash hands."
TD-087,Nursery,Sack Garden,Compare,Choose 1-3 safe examples of sack-grown plants. Keep the group close and materials simple.,"Model how to look carefully, then compare one example. Use short sentences and point as you speak.",What do you see? Can you show me? How many? What is the same or different?,"Look for safe participation, correct pointing/matching/counting and one clear spoken or drawn observation.",Learner can show or tell one correct thing without damaging the garden.,"Repeat the key word, praise careful observation, complete one tiny care action and wash hands."
TD-088,Nursery,Sack Garden,Draw,Choose 1-3 safe examples of sack-grown plants. Keep the group close and materials simple.,"Model how to look carefully, then draw one example. Use short sentences and point as you speak.",What do you see? Can you show me? How many? What is the same or different?,"Look for safe participation, correct pointing/matching/counting and one clear spoken or drawn observation.",Learner can show or tell one correct thing without damaging the garden.,"Repeat the key word, praise careful observation, complete one tiny care action and wash hands."
TD-089,Nursery,Sack Garden,Care,Choose 1-3 safe examples of sack-grown plants. Keep the group close and materials simple.,"Model how to look carefully, then care one example. Use short sentences and point as you speak.",What do you see? Can you show me? How many? What is the same or different?,"Look for safe participation, correct pointing/matching/counting and one clear spoken or drawn observation.",Learner can show or tell one correct thing without damaging the garden.,"Repeat the key word, praise careful observation, complete one tiny care action and wash hands."
TD-090,Nursery,Sack Garden,Discover,Choose 1-3 safe examples of sack-grown plants. Keep the group close and materials simple.,"Model how to look carefully, then discover one example. Use short sentences and point as you speak.",What do you see? Can you show me? How many? What is the same or different?,"Look for safe participation, correct pointing/matching/counting and one clear spoken or drawn observation.",Learner can show or tell one correct thing without damaging the garden.,"Repeat the key word, praise careful observation, complete one tiny care action and wash hands."
TD-091,Nursery,Discovery Garden,See,Choose 1-3 safe examples of safe garden discoveries. Keep the group close and materials simple.,"Model how to look carefully, then see one example. Use short sentences and point as you speak.",What do you see? Can you show me? How many? What is the same or different?,"Look for safe participation, correct pointing/matching/counting and one clear spoken or drawn observation.",Learner can show or tell one correct thing without damaging the garden.,"Repeat the key word, praise careful observation, complete one tiny care action and wash hands."
TD-092,Nursery,Discovery Garden,Say,Choose 1-3 safe examples of safe garden discoveries. Keep the group close and materials simple.,"Model how to look carefully, then say one example. Use short sentences and point as you speak.",What do you see? Can you show me? How many? What is the same or different?,"Look for safe participation, correct pointing/matching/counting and one clear spoken or drawn observation.",Learner can show or tell one correct thing without damaging the garden.,"Repeat the key word, praise careful observation, complete one tiny care action and wash hands."
TD-093,Nursery,Discovery Garden,Find,Choose 1-3 safe examples of safe garden discoveries. Keep the group close and materials simple.,"Model how to look carefully, then find one example. Use short sentences and point as you speak.",What do you see? Can you show me? How many? What is the same or different?,"Look for safe participation, correct pointing/matching/counting and one clear spoken or drawn observation.",Learner can show or tell one correct thing without damaging the garden.,"Repeat the key word, praise careful observation, complete one tiny care action and wash hands."
TD-094,Nursery,Discovery Garden,Count,Choose 1-3 safe examples of safe garden discoveries. Keep the group close and materials simple.,"Model how to look carefully, then count one example. Use short sentences and point as you speak.",What do you see? Can you show me? How many? What is the same or different?,"Look for safe participation, correct pointing/matching/counting and one clear spoken or drawn observation.",Learner can show or tell one correct thing without damaging the garden.,"Repeat the key word, praise careful observation, complete one tiny care action and wash hands."
TD-095,Nursery,Discovery Garden,Match,Choose 1-3 safe examples of safe garden discoveries. Keep the group close and materials simple.,"Model how to look carefully, then match one example. Use short sentences and point as you speak.",What do you see? Can you show me? How many? What is the same or different?,"Look for safe participation, correct pointing/matching/counting and one clear spoken or drawn observation.",Learner can show or tell one correct thing without damaging the garden.,"Repeat the key word, praise careful observation, complete one tiny care action and wash hands."
TD-096,Nursery,Discovery Garden,Sort,Choose 1-3 safe examples of safe garden discoveries. Keep the group close and materials simple.,"Model how to look carefully, then sort one example. Use short sentences and point as you speak.",What do you see? Can you show me? How many? What is the same or different?,"Look for safe participation, correct pointing/matching/counting and one clear spoken or drawn observation.",Learner can show or tell one correct thing without damaging the garden.,"Repeat the key word, praise careful observation, complete one tiny care action and wash hands."
TD-097,Nursery,Discovery Garden,Compare,Choose 1-3 safe examples of safe garden discoveries. Keep the group close and materials simple.,"Model how to look carefully, then compare one example. Use short sentences and point as you speak.",What do you see? Can you show me? How many? What is the same or different?,"Look for safe participation, correct pointing/matching/counting and one clear spoken or drawn observation.",Learner can show or tell one correct thing without damaging the garden.,"Repeat the key word, praise careful observation, complete one tiny care action and wash hands."
TD-098,Nursery,Discovery Garden,Draw,Choose 1-3 safe examples of safe garden discoveries. Keep the group close and materials simple.,"Model how to look carefully, then draw one example. Use short sentences and point as you speak.",What do you see? Can you show me? How many? What is the same or different?,"Look for safe participation, correct pointing/matching/counting and one clear spoken or drawn observation.",Learner can show or tell one correct thing without damaging the garden.,"Repeat the key word, praise careful observation, complete one tiny care action and wash hands."
TD-099,Nursery,Discovery Garden,Care,Choose 1-3 safe examples of safe garden discoveries. Keep the group close and materials simple.,"Model how to look carefully, then care one example. Use short sentences and point as you speak.",What do you see? Can you show me? How many? What is the same or different?,"Look for safe participation, correct pointing/matching/counting and one clear spoken or drawn observation.",Learner can show or tell one correct thing without damaging the garden.,"Repeat the key word, praise careful observation, complete one tiny care action and wash hands."
TD-100,Nursery,Discovery Garden,Discover,Choose 1-3 safe examples of safe garden discoveries. Keep the group close and materials simple.,"Model how to look carefully, then discover one example. Use short sentences and point as you speak.",What do you see? Can you show me? How many? What is the same or different?,"Look for safe participation, correct pointing/matching/counting and one clear spoken or drawn observation.",Learner can show or tell one correct thing without damaging the garden.,"Repeat the key word, praise careful observation, complete one tiny care action and wash hands."
TD-101,Primary 1-3,Alphabet Food Garden,Observe,Mark safe work points and prepare simple tools for food-crop vocabulary. Pair pupils where useful.,"Show exactly how to observe, including where to start, how to use the tool and how to record the result.",What are we observing or measuring? What did you record? Which result is larger/smaller? Why might they differ?,"Check tool handling, units where needed, complete records and whether pupils compare evidence rather than guess.",Pupil produces at least two usable observations/measurements and explains one comparison.,"Share one result, correct a common error, restore tools/site and connect the evidence to the journal or mission card."
TD-102,Primary 1-3,Alphabet Food Garden,Count,Mark safe work points and prepare simple tools for food-crop vocabulary. Pair pupils where useful.,"Show exactly how to count, including where to start, how to use the tool and how to record the result.",What are we observing or measuring? What did you record? Which result is larger/smaller? Why might they differ?,"Check tool handling, units where needed, complete records and whether pupils compare evidence rather than guess.",Pupil produces at least two usable observations/measurements and explains one comparison.,"Share one result, correct a common error, restore tools/site and connect the evidence to the journal or mission card."
TD-103,Primary 1-3,Alphabet Food Garden,Measure,Mark safe work points and prepare simple tools for food-crop vocabulary. Pair pupils where useful.,"Show exactly how to measure, including where to start, how to use the tool and how to record the result.",What are we observing or measuring? What did you record? Which result is larger/smaller? Why might they differ?,"Check tool handling, units where needed, complete records and whether pupils compare evidence rather than guess.",Pupil produces at least two usable observations/measurements and explains one comparison.,"Share one result, correct a common error, restore tools/site and connect the evidence to the journal or mission card."
TD-104,Primary 1-3,Alphabet Food Garden,Compare,Mark safe work points and prepare simple tools for food-crop vocabulary. Pair pupils where useful.,"Show exactly how to compare, including where to start, how to use the tool and how to record the result.",What are we observing or measuring? What did you record? Which result is larger/smaller? Why might they differ?,"Check tool handling, units where needed, complete records and whether pupils compare evidence rather than guess.",Pupil produces at least two usable observations/measurements and explains one comparison.,"Share one result, correct a common error, restore tools/site and connect the evidence to the journal or mission card."
TD-105,Primary 1-3,Alphabet Food Garden,Record,Mark safe work points and prepare simple tools for food-crop vocabulary. Pair pupils where useful.,"Show exactly how to record, including where to start, how to use the tool and how to record the result.",What are we observing or measuring? What did you record? Which result is larger/smaller? Why might they differ?,"Check tool handling, units where needed, complete records and whether pupils compare evidence rather than guess.",Pupil produces at least two usable observations/measurements and explains one comparison.,"Share one result, correct a common error, restore tools/site and connect the evidence to the journal or mission card."
TD-106,Primary 1-3,Alphabet Food Garden,Map,Mark safe work points and prepare simple tools for food-crop vocabulary. Pair pupils where useful.,"Show exactly how to map, including where to start, how to use the tool and how to record the result.",What are we observing or measuring? What did you record? Which result is larger/smaller? Why might they differ?,"Check tool handling, units where needed, complete records and whether pupils compare evidence rather than guess.",Pupil produces at least two usable observations/measurements and explains one comparison.,"Share one result, correct a common error, restore tools/site and connect the evidence to the journal or mission card."
TD-107,Primary 1-3,Alphabet Food Garden,Grow,Mark safe work points and prepare simple tools for food-crop vocabulary. Pair pupils where useful.,"Show exactly how to grow, including where to start, how to use the tool and how to record the result.",What are we observing or measuring? What did you record? Which result is larger/smaller? Why might they differ?,"Check tool handling, units where needed, complete records and whether pupils compare evidence rather than guess.",Pupil produces at least two usable observations/measurements and explains one comparison.,"Share one result, correct a common error, restore tools/site and connect the evidence to the journal or mission card."
TD-108,Primary 1-3,Alphabet Food Garden,Check,Mark safe work points and prepare simple tools for food-crop vocabulary. Pair pupils where useful.,"Show exactly how to check, including where to start, how to use the tool and how to record the result.",What are we observing or measuring? What did you record? Which result is larger/smaller? Why might they differ?,"Check tool handling, units where needed, complete records and whether pupils compare evidence rather than guess.",Pupil produces at least two usable observations/measurements and explains one comparison.,"Share one result, correct a common error, restore tools/site and connect the evidence to the journal or mission card."
TD-109,Primary 1-3,Alphabet Food Garden,Explain,Mark safe work points and prepare simple tools for food-crop vocabulary. Pair pupils where useful.,"Show exactly how to explain, including where to start, how to use the tool and how to record the result.",What are we observing or measuring? What did you record? Which result is larger/smaller? Why might they differ?,"Check tool handling, units where needed, complete records and whether pupils compare evidence rather than guess.",Pupil produces at least two usable observations/measurements and explains one comparison.,"Share one result, correct a common error, restore tools/site and connect the evidence to the journal or mission card."
TD-110,Primary 1-3,Alphabet Food Garden,Improve,Mark safe work points and prepare simple tools for food-crop vocabulary. Pair pupils where useful.,"Show exactly how to improve, including where to start, how to use the tool and how to record the result.",What are we observing or measuring? What did you record? Which result is larger/smaller? Why might they differ?,"Check tool handling, units where needed, complete records and whether pupils compare evidence rather than guess.",Pupil produces at least two usable observations/measurements and explains one comparison.,"Share one result, correct a common error, restore tools/site and connect the evidence to the journal or mission card."
TD-111,Primary 1-3,Number Food Garden,Observe,Mark safe work points and prepare simple tools for counts and simple measurements. Pair pupils where useful.,"Show exactly how to observe, including where to start, how to use the tool and how to record the result.",What are we observing or measuring? What did you record? Which result is larger/smaller? Why might they differ?,"Check tool handling, units where needed, complete records and whether pupils compare evidence rather than guess.",Pupil produces at least two usable observations/measurements and explains one comparison.,"Share one result, correct a common error, restore tools/site and connect the evidence to the journal or mission card."
TD-112,Primary 1-3,Number Food Garden,Count,Mark safe work points and prepare simple tools for counts and simple measurements. Pair pupils where useful.,"Show exactly how to count, including where to start, how to use the tool and how to record the result.",What are we observing or measuring? What did you record? Which result is larger/smaller? Why might they differ?,"Check tool handling, units where needed, complete records and whether pupils compare evidence rather than guess.",Pupil produces at least two usable observations/measurements and explains one comparison.,"Share one result, correct a common error, restore tools/site and connect the evidence to the journal or mission card."
TD-113,Primary 1-3,Number Food Garden,Measure,Mark safe work points and prepare simple tools for counts and simple measurements. Pair pupils where useful.,"Show exactly how to measure, including where to start, how to use the tool and how to record the result.",What are we observing or measuring? What did you record? Which result is larger/smaller? Why might they differ?,"Check tool handling, units where needed, complete records and whether pupils compare evidence rather than guess.",Pupil produces at least two usable observations/measurements and explains one comparison.,"Share one result, correct a common error, restore tools/site and connect the evidence to the journal or mission card."
TD-114,Primary 1-3,Number Food Garden,Compare,Mark safe work points and prepare simple tools for counts and simple measurements. Pair pupils where useful.,"Show exactly how to compare, including where to start, how to use the tool and how to record the result.",What are we observing or measuring? What did you record? Which result is larger/smaller? Why might they differ?,"Check tool handling, units where needed, complete records and whether pupils compare evidence rather than guess.",Pupil produces at least two usable observations/measurements and explains one comparison.,"Share one result, correct a common error, restore tools/site and connect the evidence to the journal or mission card."
TD-115,Primary 1-3,Number Food Garden,Record,Mark safe work points and prepare simple tools for counts and simple measurements. Pair pupils where useful.,"Show exactly how to record, including where to start, how to use the tool and how to record the result.",What are we observing or measuring? What did you record? Which result is larger/smaller? Why might they differ?,"Check tool handling, units where needed, complete records and whether pupils compare evidence rather than guess.",Pupil produces at least two usable observations/measurements and explains one comparison.,"Share one result, correct a common error, restore tools/site and connect the evidence to the journal or mission card."
TD-116,Primary 1-3,Number Food Garden,Map,Mark safe work points and prepare simple tools for counts and simple measurements. Pair pupils where useful.,"Show exactly how to map, including where to start, how to use the tool and how to record the result.",What are we observing or measuring? What did you record? Which result is larger/smaller? Why might they differ?,"Check tool handling, units where needed, complete records and whether pupils compare evidence rather than guess.",Pupil produces at least two usable observations/measurements and explains one comparison.,"Share one result, correct a common error, restore tools/site and connect the evidence to the journal or mission card."
TD-117,Primary 1-3,Number Food Garden,Grow,Mark safe work points and prepare simple tools for counts and simple measurements. Pair pupils where useful.,"Show exactly how to grow, including where to start, how to use the tool and how to record the result.",What are we observing or measuring? What did you record? Which result is larger/smaller? Why might they differ?,"Check tool handling, units where needed, complete records and whether pupils compare evidence rather than guess.",Pupil produces at least two usable observations/measurements and explains one comparison.,"Share one result, correct a common error, restore tools/site and connect the evidence to the journal or mission card."
TD-118,Primary 1-3,Number Food Garden,Check,Mark safe work points and prepare simple tools for counts and simple measurements. Pair pupils where useful.,"Show exactly how to check, including where to start, how to use the tool and how to record the result.",What are we observing or measuring? What did you record? Which result is larger/smaller? Why might they differ?,"Check tool handling, units where needed, complete records and whether pupils compare evidence rather than guess.",Pupil produces at least two usable observations/measurements and explains one comparison.,"Share one result, correct a common error, restore tools/site and connect the evidence to the journal or mission card."
TD-119,Primary 1-3,Number Food Garden,Explain,Mark safe work points and prepare simple tools for counts and simple measurements. Pair pupils where useful.,"Show exactly how to explain, including where to start, how to use the tool and how to record the result.",What are we observing or measuring? What did you record? Which result is larger/smaller? Why might they differ?,"Check tool handling, units where needed, complete records and whether pupils compare evidence rather than guess.",Pupil produces at least two usable observations/measurements and explains one comparison.,"Share one result, correct a common error, restore tools/site and connect the evidence to the journal or mission card."
TD-120,Primary 1-3,Number Food Garden,Improve,Mark safe work points and prepare simple tools for counts and simple measurements. Pair pupils where useful.,"Show exactly how to improve, including where to start, how to use the tool and how to record the result.",What are we observing or measuring? What did you record? Which result is larger/smaller? Why might they differ?,"Check tool handling, units where needed, complete records and whether pupils compare evidence rather than guess.",Pupil produces at least two usable observations/measurements and explains one comparison.,"Share one result, correct a common error, restore tools/site and connect the evidence to the journal or mission card."
TD-121,Primary 1-3,Geometry Garden,Observe,Mark safe work points and prepare simple tools for shapes and garden spaces. Pair pupils where useful.,"Show exactly how to observe, including where to start, how to use the tool and how to record the result.",What are we observing or measuring? What did you record? Which result is larger/smaller? Why might they differ?,"Check tool handling, units where needed, complete records and whether pupils compare evidence rather than guess.",Pupil produces at least two usable observations/measurements and explains one comparison.,"Share one result, correct a common error, restore tools/site and connect the evidence to the journal or mission card."
TD-122,Primary 1-3,Geometry Garden,Count,Mark safe work points and prepare simple tools for shapes and garden spaces. Pair pupils where useful.,"Show exactly how to count, including where to start, how to use the tool and how to record the result.",What are we observing or measuring? What did you record? Which result is larger/smaller? Why might they differ?,"Check tool handling, units where needed, complete records and whether pupils compare evidence rather than guess.",Pupil produces at least two usable observations/measurements and explains one comparison.,"Share one result, correct a common error, restore tools/site and connect the evidence to the journal or mission card."
TD-123,Primary 1-3,Geometry Garden,Measure,Mark safe work points and prepare simple tools for shapes and garden spaces. Pair pupils where useful.,"Show exactly how to measure, including where to start, how to use the tool and how to record the result.",What are we observing or measuring? What did you record? Which result is larger/smaller? Why might they differ?,"Check tool handling, units where needed, complete records and whether pupils compare evidence rather than guess.",Pupil produces at least two usable observations/measurements and explains one comparison.,"Share one result, correct a common error, restore tools/site and connect the evidence to the journal or mission card."
TD-124,Primary 1-3,Geometry Garden,Compare,Mark safe work points and prepare simple tools for shapes and garden spaces. Pair pupils where useful.,"Show exactly how to compare, including where to start, how to use the tool and how to record the result.",What are we observing or measuring? What did you record? Which result is larger/smaller? Why might they differ?,"Check tool handling, units where needed, complete records and whether pupils compare evidence rather than guess.",Pupil produces at least two usable observations/measurements and explains one comparison.,"Share one result, correct a common error, restore tools/site and connect the evidence to the journal or mission card."
TD-125,Primary 1-3,Geometry Garden,Record,Mark safe work points and prepare simple tools for shapes and garden spaces. Pair pupils where useful.,"Show exactly how to record, including where to start, how to use the tool and how to record the result.",What are we observing or measuring? What did you record? Which result is larger/smaller? Why might they differ?,"Check tool handling, units where needed, complete records and whether pupils compare evidence rather than guess.",Pupil produces at least two usable observations/measurements and explains one comparison.,"Share one result, correct a common error, restore tools/site and connect the evidence to the journal or mission card."
TD-126,Primary 1-3,Geometry Garden,Map,Mark safe work points and prepare simple tools for shapes and garden spaces. Pair pupils where useful.,"Show exactly how to map, including where to start, how to use the tool and how to record the result.",What are we observing or measuring? What did you record? Which result is larger/smaller? Why might they differ?,"Check tool handling, units where needed, complete records and whether pupils compare evidence rather than guess.",Pupil produces at least two usable observations/measurements and explains one comparison.,"Share one result, correct a common error, restore tools/site and connect the evidence to the journal or mission card."
TD-127,Primary 1-3,Geometry Garden,Grow,Mark safe work points and prepare simple tools for shapes and garden spaces. Pair pupils where useful.,"Show exactly how to grow, including where to start, how to use the tool and how to record the result.",What are we observing or measuring? What did you record? Which result is larger/smaller? Why might they differ?,"Check tool handling, units where needed, complete records and whether pupils compare evidence rather than guess.",Pupil produces at least two usable observations/measurements and explains one comparison.,"Share one result, correct a common error, restore tools/site and connect the evidence to the journal or mission card."
TD-128,Primary 1-3,Geometry Garden,Check,Mark safe work points and prepare simple tools for shapes and garden spaces. Pair pupils where useful.,"Show exactly how to check, including where to start, how to use the tool and how to record the result.",What are we observing or measuring? What did you record? Which result is larger/smaller? Why might they differ?,"Check tool handling, units where needed, complete records and whether pupils compare evidence rather than guess.",Pupil produces at least two usable observations/measurements and explains one comparison.,"Share one result, correct a common error, restore tools/site and connect the evidence to the journal or mission card."
TD-129,Primary 1-3,Geometry Garden,Explain,Mark safe work points and prepare simple tools for shapes and garden spaces. Pair pupils where useful.,"Show exactly how to explain, including where to start, how to use the tool and how to record the result.",What are we observing or measuring? What did you record? Which result is larger/smaller? Why might they differ?,"Check tool handling, units where needed, complete records and whether pupils compare evidence rather than guess.",Pupil produces at least two usable observations/measurements and explains one comparison.,"Share one result, correct a common error, restore tools/site and connect the evidence to the journal or mission card."
TD-130,Primary 1-3,Geometry Garden,Improve,Mark safe work points and prepare simple tools for shapes and garden spaces. Pair pupils where useful.,"Show exactly how to improve, including where to start, how to use the tool and how to record the result.",What are we observing or measuring? What did you record? Which result is larger/smaller? Why might they differ?,"Check tool handling, units where needed, complete records and whether pupils compare evidence rather than guess.",Pupil produces at least two usable observations/measurements and explains one comparison.,"Share one result, correct a common error, restore tools/site and connect the evidence to the journal or mission card."
TD-131,Primary 1-3,Leaf Garden,Observe,Mark safe work points and prepare simple tools for leaf features. Pair pupils where useful.,"Show exactly how to observe, including where to start, how to use the tool and how to record the result.",What are we observing or measuring? What did you record? Which result is larger/smaller? Why might they differ?,"Check tool handling, units where needed, complete records and whether pupils compare evidence rather than guess.",Pupil produces at least two usable observations/measurements and explains one comparison.,"Share one result, correct a common error, restore tools/site and connect the evidence to the journal or mission card."
TD-132,Primary 1-3,Leaf Garden,Count,Mark safe work points and prepare simple tools for leaf features. Pair pupils where useful.,"Show exactly how to count, including where to start, how to use the tool and how to record the result.",What are we observing or measuring? What did you record? Which result is larger/smaller? Why might they differ?,"Check tool handling, units where needed, complete records and whether pupils compare evidence rather than guess.",Pupil produces at least two usable observations/measurements and explains one comparison.,"Share one result, correct a common error, restore tools/site and connect the evidence to the journal or mission card."
TD-133,Primary 1-3,Leaf Garden,Measure,Mark safe work points and prepare simple tools for leaf features. Pair pupils where useful.,"Show exactly how to measure, including where to start, how to use the tool and how to record the result.",What are we observing or measuring? What did you record? Which result is larger/smaller? Why might they differ?,"Check tool handling, units where needed, complete records and whether pupils compare evidence rather than guess.",Pupil produces at least two usable observations/measurements and explains one comparison.,"Share one result, correct a common error, restore tools/site and connect the evidence to the journal or mission card."
TD-134,Primary 1-3,Leaf Garden,Compare,Mark safe work points and prepare simple tools for leaf features. Pair pupils where useful.,"Show exactly how to compare, including where to start, how to use the tool and how to record the result.",What are we observing or measuring? What did you record? Which result is larger/smaller? Why might they differ?,"Check tool handling, units where needed, complete records and whether pupils compare evidence rather than guess.",Pupil produces at least two usable observations/measurements and explains one comparison.,"Share one result, correct a common error, restore tools/site and connect the evidence to the journal or mission card."
TD-135,Primary 1-3,Leaf Garden,Record,Mark safe work points and prepare simple tools for leaf features. Pair pupils where useful.,"Show exactly how to record, including where to start, how to use the tool and how to record the result.",What are we observing or measuring? What did you record? Which result is larger/smaller? Why might they differ?,"Check tool handling, units where needed, complete records and whether pupils compare evidence rather than guess.",Pupil produces at least two usable observations/measurements and explains one comparison.,"Share one result, correct a common error, restore tools/site and connect the evidence to the journal or mission card."
TD-136,Primary 1-3,Leaf Garden,Map,Mark safe work points and prepare simple tools for leaf features. Pair pupils where useful.,"Show exactly how to map, including where to start, how to use the tool and how to record the result.",What are we observing or measuring? What did you record? Which result is larger/smaller? Why might they differ?,"Check tool handling, units where needed, complete records and whether pupils compare evidence rather than guess.",Pupil produces at least two usable observations/measurements and explains one comparison.,"Share one result, correct a common error, restore tools/site and connect the evidence to the journal or mission card."
TD-137,Primary 1-3,Leaf Garden,Grow,Mark safe work points and prepare simple tools for leaf features. Pair pupils where useful.,"Show exactly how to grow, including where to start, how to use the tool and how to record the result.",What are we observing or measuring? What did you record? Which result is larger/smaller? Why might they differ?,"Check tool handling, units where needed, complete records and whether pupils compare evidence rather than guess.",Pupil produces at least two usable observations/measurements and explains one comparison.,"Share one result, correct a common error, restore tools/site and connect the evidence to the journal or mission card."
TD-138,Primary 1-3,Leaf Garden,Check,Mark safe work points and prepare simple tools for leaf features. Pair pupils where useful.,"Show exactly how to check, including where to start, how to use the tool and how to record the result.",What are we observing or measuring? What did you record? Which result is larger/smaller? Why might they differ?,"Check tool handling, units where needed, complete records and whether pupils compare evidence rather than guess.",Pupil produces at least two usable observations/measurements and explains one comparison.,"Share one result, correct a common error, restore tools/site and connect the evidence to the journal or mission card."
TD-139,Primary 1-3,Leaf Garden,Explain,Mark safe work points and prepare simple tools for leaf features. Pair pupils where useful.,"Show exactly how to explain, including where to start, how to use the tool and how to record the result.",What are we observing or measuring? What did you record? Which result is larger/smaller? Why might they differ?,"Check tool handling, units where needed, complete records and whether pupils compare evidence rather than guess.",Pupil produces at least two usable observations/measurements and explains one comparison.,"Share one result, correct a common error, restore tools/site and connect the evidence to the journal or mission card."
TD-140,Primary 1-3,Leaf Garden,Improve,Mark safe work points and prepare simple tools for leaf features. Pair pupils where useful.,"Show exactly how to improve, including where to start, how to use the tool and how to record the result.",What are we observing or measuring? What did you record? Which result is larger/smaller? Why might they differ?,"Check tool handling, units where needed, complete records and whether pupils compare evidence rather than guess.",Pupil produces at least two usable observations/measurements and explains one comparison.,"Share one result, correct a common error, restore tools/site and connect the evidence to the journal or mission card."
TD-141,Primary 1-3,Pollinator Garden,Observe,Mark safe work points and prepare simple tools for flowers and pollinator visits. Pair pupils where useful.,"Show exactly how to observe, including where to start, how to use the tool and how to record the result.",What are we observing or measuring? What did you record? Which result is larger/smaller? Why might they differ?,"Check tool handling, units where needed, complete records and whether pupils compare evidence rather than guess.",Pupil produces at least two usable observations/measurements and explains one comparison.,"Share one result, correct a common error, restore tools/site and connect the evidence to the journal or mission card."
TD-142,Primary 1-3,Pollinator Garden,Count,Mark safe work points and prepare simple tools for flowers and pollinator visits. Pair pupils where useful.,"Show exactly how to count, including where to start, how to use the tool and how to record the result.",What are we observing or measuring? What did you record? Which result is larger/smaller? Why might they differ?,"Check tool handling, units where needed, complete records and whether pupils compare evidence rather than guess.",Pupil produces at least two usable observations/measurements and explains one comparison.,"Share one result, correct a common error, restore tools/site and connect the evidence to the journal or mission card."
TD-143,Primary 1-3,Pollinator Garden,Measure,Mark safe work points and prepare simple tools for flowers and pollinator visits. Pair pupils where useful.,"Show exactly how to measure, including where to start, how to use the tool and how to record the result.",What are we observing or measuring? What did you record? Which result is larger/smaller? Why might they differ?,"Check tool handling, units where needed, complete records and whether pupils compare evidence rather than guess.",Pupil produces at least two usable observations/measurements and explains one comparison.,"Share one result, correct a common error, restore tools/site and connect the evidence to the journal or mission card."
TD-144,Primary 1-3,Pollinator Garden,Compare,Mark safe work points and prepare simple tools for flowers and pollinator visits. Pair pupils where useful.,"Show exactly how to compare, including where to start, how to use the tool and how to record the result.",What are we observing or measuring? What did you record? Which result is larger/smaller? Why might they differ?,"Check tool handling, units where needed, complete records and whether pupils compare evidence rather than guess.",Pupil produces at least two usable observations/measurements and explains one comparison.,"Share one result, correct a common error, restore tools/site and connect the evidence to the journal or mission card."
TD-145,Primary 1-3,Pollinator Garden,Record,Mark safe work points and prepare simple tools for flowers and pollinator visits. Pair pupils where useful.,"Show exactly how to record, including where to start, how to use the tool and how to record the result.",What are we observing or measuring? What did you record? Which result is larger/smaller? Why might they differ?,"Check tool handling, units where needed, complete records and whether pupils compare evidence rather than guess.",Pupil produces at least two usable observations/measurements and explains one comparison.,"Share one result, correct a common error, restore tools/site and connect the evidence to the journal or mission card."
TD-146,Primary 1-3,Pollinator Garden,Map,Mark safe work points and prepare simple tools for flowers and pollinator visits. Pair pupils where useful.,"Show exactly how to map, including where to start, how to use the tool and how to record the result.",What are we observing or measuring? What did you record? Which result is larger/smaller? Why might they differ?,"Check tool handling, units where needed, complete records and whether pupils compare evidence rather than guess.",Pupil produces at least two usable observations/measurements and explains one comparison.,"Share one result, correct a common error, restore tools/site and connect the evidence to the journal or mission card."
TD-147,Primary 1-3,Pollinator Garden,Grow,Mark safe work points and prepare simple tools for flowers and pollinator visits. Pair pupils where useful.,"Show exactly how to grow, including where to start, how to use the tool and how to record the result.",What are we observing or measuring? What did you record? Which result is larger/smaller? Why might they differ?,"Check tool handling, units where needed, complete records and whether pupils compare evidence rather than guess.",Pupil produces at least two usable observations/measurements and explains one comparison.,"Share one result, correct a common error, restore tools/site and connect the evidence to the journal or mission card."
TD-148,Primary 1-3,Pollinator Garden,Check,Mark safe work points and prepare simple tools for flowers and pollinator visits. Pair pupils where useful.,"Show exactly how to check, including where to start, how to use the tool and how to record the result.",What are we observing or measuring? What did you record? Which result is larger/smaller? Why might they differ?,"Check tool handling, units where needed, complete records and whether pupils compare evidence rather than guess.",Pupil produces at least two usable observations/measurements and explains one comparison.,"Share one result, correct a common error, restore tools/site and connect the evidence to the journal or mission card."
TD-149,Primary 1-3,Pollinator Garden,Explain,Mark safe work points and prepare simple tools for flowers and pollinator visits. Pair pupils where useful.,"Show exactly how to explain, including where to start, how to use the tool and how to record the result.",What are we observing or measuring? What did you record? Which result is larger/smaller? Why might they differ?,"Check tool handling, units where needed, complete records and whether pupils compare evidence rather than guess.",Pupil produces at least two usable observations/measurements and explains one comparison.,"Share one result, correct a common error, restore tools/site and connect the evidence to the journal or mission card."
TD-150,Primary 1-3,Pollinator Garden,Improve,Mark safe work points and prepare simple tools for flowers and pollinator visits. Pair pupils where useful.,"Show exactly how to improve, including where to start, how to use the tool and how to record the result.",What are we observing or measuring? What did you record? Which result is larger/smaller? Why might they differ?,"Check tool handling, units where needed, complete records and whether pupils compare evidence rather than guess.",Pupil produces at least two usable observations/measurements and explains one comparison.,"Share one result, correct a common error, restore tools/site and connect the evidence to the journal or mission card."
TD-151,Primary 1-3,Raised Food Garden,Observe,Mark safe work points and prepare simple tools for raised-bed growth and spacing. Pair pupils where useful.,"Show exactly how to observe, including where to start, how to use the tool and how to record the result.",What are we observing or measuring? What did you record? Which result is larger/smaller? Why might they differ?,"Check tool handling, units where needed, complete records and whether pupils compare evidence rather than guess.",Pupil produces at least two usable observations/measurements and explains one comparison.,"Share one result, correct a common error, restore tools/site and connect the evidence to the journal or mission card."
TD-152,Primary 1-3,Raised Food Garden,Count,Mark safe work points and prepare simple tools for raised-bed growth and spacing. Pair pupils where useful.,"Show exactly how to count, including where to start, how to use the tool and how to record the result.",What are we observing or measuring? What did you record? Which result is larger/smaller? Why might they differ?,"Check tool handling, units where needed, complete records and whether pupils compare evidence rather than guess.",Pupil produces at least two usable observations/measurements and explains one comparison.,"Share one result, correct a common error, restore tools/site and connect the evidence to the journal or mission card."
TD-153,Primary 1-3,Raised Food Garden,Measure,Mark safe work points and prepare simple tools for raised-bed growth and spacing. Pair pupils where useful.,"Show exactly how to measure, including where to start, how to use the tool and how to record the result.",What are we observing or measuring? What did you record? Which result is larger/smaller? Why might they differ?,"Check tool handling, units where needed, complete records and whether pupils compare evidence rather than guess.",Pupil produces at least two usable observations/measurements and explains one comparison.,"Share one result, correct a common error, restore tools/site and connect the evidence to the journal or mission card."
TD-154,Primary 1-3,Raised Food Garden,Compare,Mark safe work points and prepare simple tools for raised-bed growth and spacing. Pair pupils where useful.,"Show exactly how to compare, including where to start, how to use the tool and how to record the result.",What are we observing or measuring? What did you record? Which result is larger/smaller? Why might they differ?,"Check tool handling, units where needed, complete records and whether pupils compare evidence rather than guess.",Pupil produces at least two usable observations/measurements and explains one comparison.,"Share one result, correct a common error, restore tools/site and connect the evidence to the journal or mission card."
TD-155,Primary 1-3,Raised Food Garden,Record,Mark safe work points and prepare simple tools for raised-bed growth and spacing. Pair pupils where useful.,"Show exactly how to record, including where to start, how to use the tool and how to record the result.",What are we observing or measuring? What did you record? Which result is larger/smaller? Why might they differ?,"Check tool handling, units where needed, complete records and whether pupils compare evidence rather than guess.",Pupil produces at least two usable observations/measurements and explains one comparison.,"Share one result, correct a common error, restore tools/site and connect the evidence to the journal or mission card."
TD-156,Primary 1-3,Raised Food Garden,Map,Mark safe work points and prepare simple tools for raised-bed growth and spacing. Pair pupils where useful.,"Show exactly how to map, including where to start, how to use the tool and how to record the result.",What are we observing or measuring? What did you record? Which result is larger/smaller? Why might they differ?,"Check tool handling, units where needed, complete records and whether pupils compare evidence rather than guess.",Pupil produces at least two usable observations/measurements and explains one comparison.,"Share one result, correct a common error, restore tools/site and connect the evidence to the journal or mission card."
TD-157,Primary 1-3,Raised Food Garden,Grow,Mark safe work points and prepare simple tools for raised-bed growth and spacing. Pair pupils where useful.,"Show exactly how to grow, including where to start, how to use the tool and how to record the result.",What are we observing or measuring? What did you record? Which result is larger/smaller? Why might they differ?,"Check tool handling, units where needed, complete records and whether pupils compare evidence rather than guess.",Pupil produces at least two usable observations/measurements and explains one comparison.,"Share one result, correct a common error, restore tools/site and connect the evidence to the journal or mission card."
TD-158,Primary 1-3,Raised Food Garden,Check,Mark safe work points and prepare simple tools for raised-bed growth and spacing. Pair pupils where useful.,"Show exactly how to check, including where to start, how to use the tool and how to record the result.",What are we observing or measuring? What did you record? Which result is larger/smaller? Why might they differ?,"Check tool handling, units where needed, complete records and whether pupils compare evidence rather than guess.",Pupil produces at least two usable observations/measurements and explains one comparison.,"Share one result, correct a common error, restore tools/site and connect the evidence to the journal or mission card."
TD-159,Primary 1-3,Raised Food Garden,Explain,Mark safe work points and prepare simple tools for raised-bed growth and spacing. Pair pupils where useful.,"Show exactly how to explain, including where to start, how to use the tool and how to record the result.",What are we observing or measuring? What did you record? Which result is larger/smaller? Why might they differ?,"Check tool handling, units where needed, complete records and whether pupils compare evidence rather than guess.",Pupil produces at least two usable observations/measurements and explains one comparison.,"Share one result, correct a common error, restore tools/site and connect the evidence to the journal or mission card."
TD-160,Primary 1-3,Raised Food Garden,Improve,Mark safe work points and prepare simple tools for raised-bed growth and spacing. Pair pupils where useful.,"Show exactly how to improve, including where to start, how to use the tool and how to record the result.",What are we observing or measuring? What did you record? Which result is larger/smaller? Why might they differ?,"Check tool handling, units where needed, complete records and whether pupils compare evidence rather than guess.",Pupil produces at least two usable observations/measurements and explains one comparison.,"Share one result, correct a common error, restore tools/site and connect the evidence to the journal or mission card."
TD-161,Primary 1-3,ReBottle Wall Garden,Observe,Mark safe work points and prepare simple tools for vertical container growth. Pair pupils where useful.,"Show exactly how to observe, including where to start, how to use the tool and how to record the result.",What are we observing or measuring? What did you record? Which result is larger/smaller? Why might they differ?,"Check tool handling, units where needed, complete records and whether pupils compare evidence rather than guess.",Pupil produces at least two usable observations/measurements and explains one comparison.,"Share one result, correct a common error, restore tools/site and connect the evidence to the journal or mission card."
TD-162,Primary 1-3,ReBottle Wall Garden,Count,Mark safe work points and prepare simple tools for vertical container growth. Pair pupils where useful.,"Show exactly how to count, including where to start, how to use the tool and how to record the result.",What are we observing or measuring? What did you record? Which result is larger/smaller? Why might they differ?,"Check tool handling, units where needed, complete records and whether pupils compare evidence rather than guess.",Pupil produces at least two usable observations/measurements and explains one comparison.,"Share one result, correct a common error, restore tools/site and connect the evidence to the journal or mission card."
TD-163,Primary 1-3,ReBottle Wall Garden,Measure,Mark safe work points and prepare simple tools for vertical container growth. Pair pupils where useful.,"Show exactly how to measure, including where to start, how to use the tool and how to record the result.",What are we observing or measuring? What did you record? Which result is larger/smaller? Why might they differ?,"Check tool handling, units where needed, complete records and whether pupils compare evidence rather than guess.",Pupil produces at least two usable observations/measurements and explains one comparison.,"Share one result, correct a common error, restore tools/site and connect the evidence to the journal or mission card."
TD-164,Primary 1-3,ReBottle Wall Garden,Compare,Mark safe work points and prepare simple tools for vertical container growth. Pair pupils where useful.,"Show exactly how to compare, including where to start, how to use the tool and how to record the result.",What are we observing or measuring? What did you record? Which result is larger/smaller? Why might they differ?,"Check tool handling, units where needed, complete records and whether pupils compare evidence rather than guess.",Pupil produces at least two usable observations/measurements and explains one comparison.,"Share one result, correct a common error, restore tools/site and connect the evidence to the journal or mission card."
TD-165,Primary 1-3,ReBottle Wall Garden,Record,Mark safe work points and prepare simple tools for vertical container growth. Pair pupils where useful.,"Show exactly how to record, including where to start, how to use the tool and how to record the result.",What are we observing or measuring? What did you record? Which result is larger/smaller? Why might they differ?,"Check tool handling, units where needed, complete records and whether pupils compare evidence rather than guess.",Pupil produces at least two usable observations/measurements and explains one comparison.,"Share one result, correct a common error, restore tools/site and connect the evidence to the journal or mission card."
TD-166,Primary 1-3,ReBottle Wall Garden,Map,Mark safe work points and prepare simple tools for vertical container growth. Pair pupils where useful.,"Show exactly how to map, including where to start, how to use the tool and how to record the result.",What are we observing or measuring? What did you record? Which result is larger/smaller? Why might they differ?,"Check tool handling, units where needed, complete records and whether pupils compare evidence rather than guess.",Pupil produces at least two usable observations/measurements and explains one comparison.,"Share one result, correct a common error, restore tools/site and connect the evidence to the journal or mission card."
TD-167,Primary 1-3,ReBottle Wall Garden,Grow,Mark safe work points and prepare simple tools for vertical container growth. Pair pupils where useful.,"Show exactly how to grow, including where to start, how to use the tool and how to record the result.",What are we observing or measuring? What did you record? Which result is larger/smaller? Why might they differ?,"Check tool handling, units where needed, complete records and whether pupils compare evidence rather than guess.",Pupil produces at least two usable observations/measurements and explains one comparison.,"Share one result, correct a common error, restore tools/site and connect the evidence to the journal or mission card."
TD-168,Primary 1-3,ReBottle Wall Garden,Check,Mark safe work points and prepare simple tools for vertical container growth. Pair pupils where useful.,"Show exactly how to check, including where to start, how to use the tool and how to record the result.",What are we observing or measuring? What did you record? Which result is larger/smaller? Why might they differ?,"Check tool handling, units where needed, complete records and whether pupils compare evidence rather than guess.",Pupil produces at least two usable observations/measurements and explains one comparison.,"Share one result, correct a common error, restore tools/site and connect the evidence to the journal or mission card."
TD-169,Primary 1-3,ReBottle Wall Garden,Explain,Mark safe work points and prepare simple tools for vertical container growth. Pair pupils where useful.,"Show exactly how to explain, including where to start, how to use the tool and how to record the result.",What are we observing or measuring? What did you record? Which result is larger/smaller? Why might they differ?,"Check tool handling, units where needed, complete records and whether pupils compare evidence rather than guess.",Pupil produces at least two usable observations/measurements and explains one comparison.,"Share one result, correct a common error, restore tools/site and connect the evidence to the journal or mission card."
TD-170,Primary 1-3,ReBottle Wall Garden,Improve,Mark safe work points and prepare simple tools for vertical container growth. Pair pupils where useful.,"Show exactly how to improve, including where to start, how to use the tool and how to record the result.",What are we observing or measuring? What did you record? Which result is larger/smaller? Why might they differ?,"Check tool handling, units where needed, complete records and whether pupils compare evidence rather than guess.",Pupil produces at least two usable observations/measurements and explains one comparison.,"Share one result, correct a common error, restore tools/site and connect the evidence to the journal or mission card."
TD-171,Primary 1-3,Sack GrowBag Garden,Observe,Mark safe work points and prepare simple tools for growbag production. Pair pupils where useful.,"Show exactly how to observe, including where to start, how to use the tool and how to record the result.",What are we observing or measuring? What did you record? Which result is larger/smaller? Why might they differ?,"Check tool handling, units where needed, complete records and whether pupils compare evidence rather than guess.",Pupil produces at least two usable observations/measurements and explains one comparison.,"Share one result, correct a common error, restore tools/site and connect the evidence to the journal or mission card."
TD-172,Primary 1-3,Sack GrowBag Garden,Count,Mark safe work points and prepare simple tools for growbag production. Pair pupils where useful.,"Show exactly how to count, including where to start, how to use the tool and how to record the result.",What are we observing or measuring? What did you record? Which result is larger/smaller? Why might they differ?,"Check tool handling, units where needed, complete records and whether pupils compare evidence rather than guess.",Pupil produces at least two usable observations/measurements and explains one comparison.,"Share one result, correct a common error, restore tools/site and connect the evidence to the journal or mission card."
TD-173,Primary 1-3,Sack GrowBag Garden,Measure,Mark safe work points and prepare simple tools for growbag production. Pair pupils where useful.,"Show exactly how to measure, including where to start, how to use the tool and how to record the result.",What are we observing or measuring? What did you record? Which result is larger/smaller? Why might they differ?,"Check tool handling, units where needed, complete records and whether pupils compare evidence rather than guess.",Pupil produces at least two usable observations/measurements and explains one comparison.,"Share one result, correct a common error, restore tools/site and connect the evidence to the journal or mission card."
TD-174,Primary 1-3,Sack GrowBag Garden,Compare,Mark safe work points and prepare simple tools for growbag production. Pair pupils where useful.,"Show exactly how to compare, including where to start, how to use the tool and how to record the result.",What are we observing or measuring? What did you record? Which result is larger/smaller? Why might they differ?,"Check tool handling, units where needed, complete records and whether pupils compare evidence rather than guess.",Pupil produces at least two usable observations/measurements and explains one comparison.,"Share one result, correct a common error, restore tools/site and connect the evidence to the journal or mission card."
TD-175,Primary 1-3,Sack GrowBag Garden,Record,Mark safe work points and prepare simple tools for growbag production. Pair pupils where useful.,"Show exactly how to record, including where to start, how to use the tool and how to record the result.",What are we observing or measuring? What did you record? Which result is larger/smaller? Why might they differ?,"Check tool handling, units where needed, complete records and whether pupils compare evidence rather than guess.",Pupil produces at least two usable observations/measurements and explains one comparison.,"Share one result, correct a common error, restore tools/site and connect the evidence to the journal or mission card."
TD-176,Primary 1-3,Sack GrowBag Garden,Map,Mark safe work points and prepare simple tools for growbag production. Pair pupils where useful.,"Show exactly how to map, including where to start, how to use the tool and how to record the result.",What are we observing or measuring? What did you record? Which result is larger/smaller? Why might they differ?,"Check tool handling, units where needed, complete records and whether pupils compare evidence rather than guess.",Pupil produces at least two usable observations/measurements and explains one comparison.,"Share one result, correct a common error, restore tools/site and connect the evidence to the journal or mission card."
TD-177,Primary 1-3,Sack GrowBag Garden,Grow,Mark safe work points and prepare simple tools for growbag production. Pair pupils where useful.,"Show exactly how to grow, including where to start, how to use the tool and how to record the result.",What are we observing or measuring? What did you record? Which result is larger/smaller? Why might they differ?,"Check tool handling, units where needed, complete records and whether pupils compare evidence rather than guess.",Pupil produces at least two usable observations/measurements and explains one comparison.,"Share one result, correct a common error, restore tools/site and connect the evidence to the journal or mission card."
TD-178,Primary 1-3,Sack GrowBag Garden,Check,Mark safe work points and prepare simple tools for growbag production. Pair pupils where useful.,"Show exactly how to check, including where to start, how to use the tool and how to record the result.",What are we observing or measuring? What did you record? Which result is larger/smaller? Why might they differ?,"Check tool handling, units where needed, complete records and whether pupils compare evidence rather than guess.",Pupil produces at least two usable observations/measurements and explains one comparison.,"Share one result, correct a common error, restore tools/site and connect the evidence to the journal or mission card."
TD-179,Primary 1-3,Sack GrowBag Garden,Explain,Mark safe work points and prepare simple tools for growbag production. Pair pupils where useful.,"Show exactly how to explain, including where to start, how to use the tool and how to record the result.",What are we observing or measuring? What did you record? Which result is larger/smaller? Why might they differ?,"Check tool handling, units where needed, complete records and whether pupils compare evidence rather than guess.",Pupil produces at least two usable observations/measurements and explains one comparison.,"Share one result, correct a common error, restore tools/site and connect the evidence to the journal or mission card."
TD-180,Primary 1-3,Sack GrowBag Garden,Improve,Mark safe work points and prepare simple tools for growbag production. Pair pupils where useful.,"Show exactly how to improve, including where to start, how to use the tool and how to record the result.",What are we observing or measuring? What did you record? Which result is larger/smaller? Why might they differ?,"Check tool handling, units where needed, complete records and whether pupils compare evidence rather than guess.",Pupil produces at least two usable observations/measurements and explains one comparison.,"Share one result, correct a common error, restore tools/site and connect the evidence to the journal or mission card."
TD-181,Primary 1-3,Ground Production Garden,Observe,"Mark safe work points and prepare simple tools for rows, spacing and stand. Pair pupils where useful.","Show exactly how to observe, including where to start, how to use the tool and how to record the result.",What are we observing or measuring? What did you record? Which result is larger/smaller? Why might they differ?,"Check tool handling, units where needed, complete records and whether pupils compare evidence rather than guess.",Pupil produces at least two usable observations/measurements and explains one comparison.,"Share one result, correct a common error, restore tools/site and connect the evidence to the journal or mission card."
TD-182,Primary 1-3,Ground Production Garden,Count,"Mark safe work points and prepare simple tools for rows, spacing and stand. Pair pupils where useful.","Show exactly how to count, including where to start, how to use the tool and how to record the result.",What are we observing or measuring? What did you record? Which result is larger/smaller? Why might they differ?,"Check tool handling, units where needed, complete records and whether pupils compare evidence rather than guess.",Pupil produces at least two usable observations/measurements and explains one comparison.,"Share one result, correct a common error, restore tools/site and connect the evidence to the journal or mission card."
TD-183,Primary 1-3,Ground Production Garden,Measure,"Mark safe work points and prepare simple tools for rows, spacing and stand. Pair pupils where useful.","Show exactly how to measure, including where to start, how to use the tool and how to record the result.",What are we observing or measuring? What did you record? Which result is larger/smaller? Why might they differ?,"Check tool handling, units where needed, complete records and whether pupils compare evidence rather than guess.",Pupil produces at least two usable observations/measurements and explains one comparison.,"Share one result, correct a common error, restore tools/site and connect the evidence to the journal or mission card."
TD-184,Primary 1-3,Ground Production Garden,Compare,"Mark safe work points and prepare simple tools for rows, spacing and stand. Pair pupils where useful.","Show exactly how to compare, including where to start, how to use the tool and how to record the result.",What are we observing or measuring? What did you record? Which result is larger/smaller? Why might they differ?,"Check tool handling, units where needed, complete records and whether pupils compare evidence rather than guess.",Pupil produces at least two usable observations/measurements and explains one comparison.,"Share one result, correct a common error, restore tools/site and connect the evidence to the journal or mission card."
TD-185,Primary 1-3,Ground Production Garden,Record,"Mark safe work points and prepare simple tools for rows, spacing and stand. Pair pupils where useful.","Show exactly how to record, including where to start, how to use the tool and how to record the result.",What are we observing or measuring? What did you record? Which result is larger/smaller? Why might they differ?,"Check tool handling, units where needed, complete records and whether pupils compare evidence rather than guess.",Pupil produces at least two usable observations/measurements and explains one comparison.,"Share one result, correct a common error, restore tools/site and connect the evidence to the journal or mission card."
TD-186,Primary 1-3,Ground Production Garden,Map,"Mark safe work points and prepare simple tools for rows, spacing and stand. Pair pupils where useful.","Show exactly how to map, including where to start, how to use the tool and how to record the result.",What are we observing or measuring? What did you record? Which result is larger/smaller? Why might they differ?,"Check tool handling, units where needed, complete records and whether pupils compare evidence rather than guess.",Pupil produces at least two usable observations/measurements and explains one comparison.,"Share one result, correct a common error, restore tools/site and connect the evidence to the journal or mission card."
TD-187,Primary 1-3,Ground Production Garden,Grow,"Mark safe work points and prepare simple tools for rows, spacing and stand. Pair pupils where useful.","Show exactly how to grow, including where to start, how to use the tool and how to record the result.",What are we observing or measuring? What did you record? Which result is larger/smaller? Why might they differ?,"Check tool handling, units where needed, complete records and whether pupils compare evidence rather than guess.",Pupil produces at least two usable observations/measurements and explains one comparison.,"Share one result, correct a common error, restore tools/site and connect the evidence to the journal or mission card."
TD-188,Primary 1-3,Ground Production Garden,Check,"Mark safe work points and prepare simple tools for rows, spacing and stand. Pair pupils where useful.","Show exactly how to check, including where to start, how to use the tool and how to record the result.",What are we observing or measuring? What did you record? Which result is larger/smaller? Why might they differ?,"Check tool handling, units where needed, complete records and whether pupils compare evidence rather than guess.",Pupil produces at least two usable observations/measurements and explains one comparison.,"Share one result, correct a common error, restore tools/site and connect the evidence to the journal or mission card."
TD-189,Primary 1-3,Ground Production Garden,Explain,"Mark safe work points and prepare simple tools for rows, spacing and stand. Pair pupils where useful.","Show exactly how to explain, including where to start, how to use the tool and how to record the result.",What are we observing or measuring? What did you record? Which result is larger/smaller? Why might they differ?,"Check tool handling, units where needed, complete records and whether pupils compare evidence rather than guess.",Pupil produces at least two usable observations/measurements and explains one comparison.,"Share one result, correct a common error, restore tools/site and connect the evidence to the journal or mission card."
TD-190,Primary 1-3,Ground Production Garden,Improve,"Mark safe work points and prepare simple tools for rows, spacing and stand. Pair pupils where useful.","Show exactly how to improve, including where to start, how to use the tool and how to record the result.",What are we observing or measuring? What did you record? Which result is larger/smaller? Why might they differ?,"Check tool handling, units where needed, complete records and whether pupils compare evidence rather than guess.",Pupil produces at least two usable observations/measurements and explains one comparison.,"Share one result, correct a common error, restore tools/site and connect the evidence to the journal or mission card."
TD-191,Primary 1-3,Discovery Production Garden,Observe,Mark safe work points and prepare simple tools for measurable production questions. Pair pupils where useful.,"Show exactly how to observe, including where to start, how to use the tool and how to record the result.",What are we observing or measuring? What did you record? Which result is larger/smaller? Why might they differ?,"Check tool handling, units where needed, complete records and whether pupils compare evidence rather than guess.",Pupil produces at least two usable observations/measurements and explains one comparison.,"Share one result, correct a common error, restore tools/site and connect the evidence to the journal or mission card."
TD-192,Primary 1-3,Discovery Production Garden,Count,Mark safe work points and prepare simple tools for measurable production questions. Pair pupils where useful.,"Show exactly how to count, including where to start, how to use the tool and how to record the result.",What are we observing or measuring? What did you record? Which result is larger/smaller? Why might they differ?,"Check tool handling, units where needed, complete records and whether pupils compare evidence rather than guess.",Pupil produces at least two usable observations/measurements and explains one comparison.,"Share one result, correct a common error, restore tools/site and connect the evidence to the journal or mission card."
TD-193,Primary 1-3,Discovery Production Garden,Measure,Mark safe work points and prepare simple tools for measurable production questions. Pair pupils where useful.,"Show exactly how to measure, including where to start, how to use the tool and how to record the result.",What are we observing or measuring? What did you record? Which result is larger/smaller? Why might they differ?,"Check tool handling, units where needed, complete records and whether pupils compare evidence rather than guess.",Pupil produces at least two usable observations/measurements and explains one comparison.,"Share one result, correct a common error, restore tools/site and connect the evidence to the journal or mission card."
TD-194,Primary 1-3,Discovery Production Garden,Compare,Mark safe work points and prepare simple tools for measurable production questions. Pair pupils where useful.,"Show exactly how to compare, including where to start, how to use the tool and how to record the result.",What are we observing or measuring? What did you record? Which result is larger/smaller? Why might they differ?,"Check tool handling, units where needed, complete records and whether pupils compare evidence rather than guess.",Pupil produces at least two usable observations/measurements and explains one comparison.,"Share one result, correct a common error, restore tools/site and connect the evidence to the journal or mission card."
TD-195,Primary 1-3,Discovery Production Garden,Record,Mark safe work points and prepare simple tools for measurable production questions. Pair pupils where useful.,"Show exactly how to record, including where to start, how to use the tool and how to record the result.",What are we observing or measuring? What did you record? Which result is larger/smaller? Why might they differ?,"Check tool handling, units where needed, complete records and whether pupils compare evidence rather than guess.",Pupil produces at least two usable observations/measurements and explains one comparison.,"Share one result, correct a common error, restore tools/site and connect the evidence to the journal or mission card."
TD-196,Primary 1-3,Discovery Production Garden,Map,Mark safe work points and prepare simple tools for measurable production questions. Pair pupils where useful.,"Show exactly how to map, including where to start, how to use the tool and how to record the result.",What are we observing or measuring? What did you record? Which result is larger/smaller? Why might they differ?,"Check tool handling, units where needed, complete records and whether pupils compare evidence rather than guess.",Pupil produces at least two usable observations/measurements and explains one comparison.,"Share one result, correct a common error, restore tools/site and connect the evidence to the journal or mission card."
TD-197,Primary 1-3,Discovery Production Garden,Grow,Mark safe work points and prepare simple tools for measurable production questions. Pair pupils where useful.,"Show exactly how to grow, including where to start, how to use the tool and how to record the result.",What are we observing or measuring? What did you record? Which result is larger/smaller? Why might they differ?,"Check tool handling, units where needed, complete records and whether pupils compare evidence rather than guess.",Pupil produces at least two usable observations/measurements and explains one comparison.,"Share one result, correct a common error, restore tools/site and connect the evidence to the journal or mission card."
TD-198,Primary 1-3,Discovery Production Garden,Check,Mark safe work points and prepare simple tools for measurable production questions. Pair pupils where useful.,"Show exactly how to check, including where to start, how to use the tool and how to record the result.",What are we observing or measuring? What did you record? Which result is larger/smaller? Why might they differ?,"Check tool handling, units where needed, complete records and whether pupils compare evidence rather than guess.",Pupil produces at least two usable observations/measurements and explains one comparison.,"Share one result, correct a common error, restore tools/site and connect the evidence to the journal or mission card."
TD-199,Primary 1-3,Discovery Production Garden,Explain,Mark safe work points and prepare simple tools for measurable production questions. Pair pupils where useful.,"Show exactly how to explain, including where to start, how to use the tool and how to record the result.",What are we observing or measuring? What did you record? Which result is larger/smaller? Why might they differ?,"Check tool handling, units where needed, complete records and whether pupils compare evidence rather than guess.",Pupil produces at least two usable observations/measurements and explains one comparison.,"Share one result, correct a common error, restore tools/site and connect the evidence to the journal or mission card."
TD-200,Primary 1-3,Discovery Production Garden,Improve,Mark safe work points and prepare simple tools for measurable production questions. Pair pupils where useful.,"Show exactly how to improve, including where to start, how to use the tool and how to record the result.",What are we observing or measuring? What did you record? Which result is larger/smaller? Why might they differ?,"Check tool handling, units where needed, complete records and whether pupils compare evidence rather than guess.",Pupil produces at least two usable observations/measurements and explains one comparison.,"Share one result, correct a common error, restore tools/site and connect the evidence to the journal or mission card."
TD-201,Primary 4-6,Raised Food Garden,Observe,"Define the question, samples/comparison and safe measurement method for raised-bed growth and spacing. Check tools before class.","Model how to observe with repeatable technique, clear units and a labeled data record.",Is the comparison fair? What stays the same? What pattern appears? Is there an unusual value? What limitation matters?,"Check sample identity, repeat measurements, units, table quality and whether conclusions match the evidence.",Learner produces comparable data plus a calculation/graph or defensible evidence-based explanation.,"Discuss pattern and limitation, state one practical implication, clean the area and assign the linked mission/journal task."
TD-202,Primary 4-6,Raised Food Garden,Measure,"Define the question, samples/comparison and safe measurement method for raised-bed growth and spacing. Check tools before class.","Model how to measure with repeatable technique, clear units and a labeled data record.",Is the comparison fair? What stays the same? What pattern appears? Is there an unusual value? What limitation matters?,"Check sample identity, repeat measurements, units, table quality and whether conclusions match the evidence.",Learner produces comparable data plus a calculation/graph or defensible evidence-based explanation.,"Discuss pattern and limitation, state one practical implication, clean the area and assign the linked mission/journal task."
TD-203,Primary 4-6,Raised Food Garden,Question,"Define the question, samples/comparison and safe measurement method for raised-bed growth and spacing. Check tools before class.","Model how to question with repeatable technique, clear units and a labeled data record.",Is the comparison fair? What stays the same? What pattern appears? Is there an unusual value? What limitation matters?,"Check sample identity, repeat measurements, units, table quality and whether conclusions match the evidence.",Learner produces comparable data plus a calculation/graph or defensible evidence-based explanation.,"Discuss pattern and limitation, state one practical implication, clean the area and assign the linked mission/journal task."
TD-204,Primary 4-6,Raised Food Garden,Sample,"Define the question, samples/comparison and safe measurement method for raised-bed growth and spacing. Check tools before class.","Model how to sample with repeatable technique, clear units and a labeled data record.",Is the comparison fair? What stays the same? What pattern appears? Is there an unusual value? What limitation matters?,"Check sample identity, repeat measurements, units, table quality and whether conclusions match the evidence.",Learner produces comparable data plus a calculation/graph or defensible evidence-based explanation.,"Discuss pattern and limitation, state one practical implication, clean the area and assign the linked mission/journal task."
TD-205,Primary 4-6,Raised Food Garden,Investigate,"Define the question, samples/comparison and safe measurement method for raised-bed growth and spacing. Check tools before class.","Model how to investigate with repeatable technique, clear units and a labeled data record.",Is the comparison fair? What stays the same? What pattern appears? Is there an unusual value? What limitation matters?,"Check sample identity, repeat measurements, units, table quality and whether conclusions match the evidence.",Learner produces comparable data plus a calculation/graph or defensible evidence-based explanation.,"Discuss pattern and limitation, state one practical implication, clean the area and assign the linked mission/journal task."
TD-206,Primary 4-6,Raised Food Garden,Calculate,"Define the question, samples/comparison and safe measurement method for raised-bed growth and spacing. Check tools before class.","Model how to calculate with repeatable technique, clear units and a labeled data record.",Is the comparison fair? What stays the same? What pattern appears? Is there an unusual value? What limitation matters?,"Check sample identity, repeat measurements, units, table quality and whether conclusions match the evidence.",Learner produces comparable data plus a calculation/graph or defensible evidence-based explanation.,"Discuss pattern and limitation, state one practical implication, clean the area and assign the linked mission/journal task."
TD-207,Primary 4-6,Raised Food Garden,Graph,"Define the question, samples/comparison and safe measurement method for raised-bed growth and spacing. Check tools before class.","Model how to graph with repeatable technique, clear units and a labeled data record.",Is the comparison fair? What stays the same? What pattern appears? Is there an unusual value? What limitation matters?,"Check sample identity, repeat measurements, units, table quality and whether conclusions match the evidence.",Learner produces comparable data plus a calculation/graph or defensible evidence-based explanation.,"Discuss pattern and limitation, state one practical implication, clean the area and assign the linked mission/journal task."
TD-208,Primary 4-6,Raised Food Garden,Analyze,"Define the question, samples/comparison and safe measurement method for raised-bed growth and spacing. Check tools before class.","Model how to analyze with repeatable technique, clear units and a labeled data record.",Is the comparison fair? What stays the same? What pattern appears? Is there an unusual value? What limitation matters?,"Check sample identity, repeat measurements, units, table quality and whether conclusions match the evidence.",Learner produces comparable data plus a calculation/graph or defensible evidence-based explanation.,"Discuss pattern and limitation, state one practical implication, clean the area and assign the linked mission/journal task."
TD-209,Primary 4-6,Raised Food Garden,Explain,"Define the question, samples/comparison and safe measurement method for raised-bed growth and spacing. Check tools before class.","Model how to explain with repeatable technique, clear units and a labeled data record.",Is the comparison fair? What stays the same? What pattern appears? Is there an unusual value? What limitation matters?,"Check sample identity, repeat measurements, units, table quality and whether conclusions match the evidence.",Learner produces comparable data plus a calculation/graph or defensible evidence-based explanation.,"Discuss pattern and limitation, state one practical implication, clean the area and assign the linked mission/journal task."
TD-210,Primary 4-6,Raised Food Garden,Recommend,"Define the question, samples/comparison and safe measurement method for raised-bed growth and spacing. Check tools before class.","Model how to recommend with repeatable technique, clear units and a labeled data record.",Is the comparison fair? What stays the same? What pattern appears? Is there an unusual value? What limitation matters?,"Check sample identity, repeat measurements, units, table quality and whether conclusions match the evidence.",Learner produces comparable data plus a calculation/graph or defensible evidence-based explanation.,"Discuss pattern and limitation, state one practical implication, clean the area and assign the linked mission/journal task."
TD-211,Primary 4-6,Geometry Garden,Observe,"Define the question, samples/comparison and safe measurement method for shapes and garden spaces. Check tools before class.","Model how to observe with repeatable technique, clear units and a labeled data record.",Is the comparison fair? What stays the same? What pattern appears? Is there an unusual value? What limitation matters?,"Check sample identity, repeat measurements, units, table quality and whether conclusions match the evidence.",Learner produces comparable data plus a calculation/graph or defensible evidence-based explanation.,"Discuss pattern and limitation, state one practical implication, clean the area and assign the linked mission/journal task."
TD-212,Primary 4-6,Geometry Garden,Measure,"Define the question, samples/comparison and safe measurement method for shapes and garden spaces. Check tools before class.","Model how to measure with repeatable technique, clear units and a labeled data record.",Is the comparison fair? What stays the same? What pattern appears? Is there an unusual value? What limitation matters?,"Check sample identity, repeat measurements, units, table quality and whether conclusions match the evidence.",Learner produces comparable data plus a calculation/graph or defensible evidence-based explanation.,"Discuss pattern and limitation, state one practical implication, clean the area and assign the linked mission/journal task."
TD-213,Primary 4-6,Geometry Garden,Question,"Define the question, samples/comparison and safe measurement method for shapes and garden spaces. Check tools before class.","Model how to question with repeatable technique, clear units and a labeled data record.",Is the comparison fair? What stays the same? What pattern appears? Is there an unusual value? What limitation matters?,"Check sample identity, repeat measurements, units, table quality and whether conclusions match the evidence.",Learner produces comparable data plus a calculation/graph or defensible evidence-based explanation.,"Discuss pattern and limitation, state one practical implication, clean the area and assign the linked mission/journal task."
TD-214,Primary 4-6,Geometry Garden,Sample,"Define the question, samples/comparison and safe measurement method for shapes and garden spaces. Check tools before class.","Model how to sample with repeatable technique, clear units and a labeled data record.",Is the comparison fair? What stays the same? What pattern appears? Is there an unusual value? What limitation matters?,"Check sample identity, repeat measurements, units, table quality and whether conclusions match the evidence.",Learner produces comparable data plus a calculation/graph or defensible evidence-based explanation.,"Discuss pattern and limitation, state one practical implication, clean the area and assign the linked mission/journal task."
TD-215,Primary 4-6,Geometry Garden,Investigate,"Define the question, samples/comparison and safe measurement method for shapes and garden spaces. Check tools before class.","Model how to investigate with repeatable technique, clear units and a labeled data record.",Is the comparison fair? What stays the same? What pattern appears? Is there an unusual value? What limitation matters?,"Check sample identity, repeat measurements, units, table quality and whether conclusions match the evidence.",Learner produces comparable data plus a calculation/graph or defensible evidence-based explanation.,"Discuss pattern and limitation, state one practical implication, clean the area and assign the linked mission/journal task."
TD-216,Primary 4-6,Geometry Garden,Calculate,"Define the question, samples/comparison and safe measurement method for shapes and garden spaces. Check tools before class.","Model how to calculate with repeatable technique, clear units and a labeled data record.",Is the comparison fair? What stays the same? What pattern appears? Is there an unusual value? What limitation matters?,"Check sample identity, repeat measurements, units, table quality and whether conclusions match the evidence.",Learner produces comparable data plus a calculation/graph or defensible evidence-based explanation.,"Discuss pattern and limitation, state one practical implication, clean the area and assign the linked mission/journal task."
TD-217,Primary 4-6,Geometry Garden,Graph,"Define the question, samples/comparison and safe measurement method for shapes and garden spaces. Check tools before class.","Model how to graph with repeatable technique, clear units and a labeled data record.",Is the comparison fair? What stays the same? What pattern appears? Is there an unusual value? What limitation matters?,"Check sample identity, repeat measurements, units, table quality and whether conclusions match the evidence.",Learner produces comparable data plus a calculation/graph or defensible evidence-based explanation.,"Discuss pattern and limitation, state one practical implication, clean the area and assign the linked mission/journal task."
TD-218,Primary 4-6,Geometry Garden,Analyze,"Define the question, samples/comparison and safe measurement method for shapes and garden spaces. Check tools before class.","Model how to analyze with repeatable technique, clear units and a labeled data record.",Is the comparison fair? What stays the same? What pattern appears? Is there an unusual value? What limitation matters?,"Check sample identity, repeat measurements, units, table quality and whether conclusions match the evidence.",Learner produces comparable data plus a calculation/graph or defensible evidence-based explanation.,"Discuss pattern and limitation, state one practical implication, clean the area and assign the linked mission/journal task."
TD-219,Primary 4-6,Geometry Garden,Explain,"Define the question, samples/comparison and safe measurement method for shapes and garden spaces. Check tools before class.","Model how to explain with repeatable technique, clear units and a labeled data record.",Is the comparison fair? What stays the same? What pattern appears? Is there an unusual value? What limitation matters?,"Check sample identity, repeat measurements, units, table quality and whether conclusions match the evidence.",Learner produces comparable data plus a calculation/graph or defensible evidence-based explanation.,"Discuss pattern and limitation, state one practical implication, clean the area and assign the linked mission/journal task."
TD-220,Primary 4-6,Geometry Garden,Recommend,"Define the question, samples/comparison and safe measurement method for shapes and garden spaces. Check tools before class.","Model how to recommend with repeatable technique, clear units and a labeled data record.",Is the comparison fair? What stays the same? What pattern appears? Is there an unusual value? What limitation matters?,"Check sample identity, repeat measurements, units, table quality and whether conclusions match the evidence.",Learner produces comparable data plus a calculation/graph or defensible evidence-based explanation.,"Discuss pattern and limitation, state one practical implication, clean the area and assign the linked mission/journal task."
TD-221,Primary 4-6,Grid Experiment Garden,Observe,"Define the question, samples/comparison and safe measurement method for treatments, controls and fair comparisons. Check tools before class.","Model how to observe with repeatable technique, clear units and a labeled data record.",Is the comparison fair? What stays the same? What pattern appears? Is there an unusual value? What limitation matters?,"Check sample identity, repeat measurements, units, table quality and whether conclusions match the evidence.",Learner produces comparable data plus a calculation/graph or defensible evidence-based explanation.,"Discuss pattern and limitation, state one practical implication, clean the area and assign the linked mission/journal task."
TD-222,Primary 4-6,Grid Experiment Garden,Measure,"Define the question, samples/comparison and safe measurement method for treatments, controls and fair comparisons. Check tools before class.","Model how to measure with repeatable technique, clear units and a labeled data record.",Is the comparison fair? What stays the same? What pattern appears? Is there an unusual value? What limitation matters?,"Check sample identity, repeat measurements, units, table quality and whether conclusions match the evidence.",Learner produces comparable data plus a calculation/graph or defensible evidence-based explanation.,"Discuss pattern and limitation, state one practical implication, clean the area and assign the linked mission/journal task."
TD-223,Primary 4-6,Grid Experiment Garden,Question,"Define the question, samples/comparison and safe measurement method for treatments, controls and fair comparisons. Check tools before class.","Model how to question with repeatable technique, clear units and a labeled data record.",Is the comparison fair? What stays the same? What pattern appears? Is there an unusual value? What limitation matters?,"Check sample identity, repeat measurements, units, table quality and whether conclusions match the evidence.",Learner produces comparable data plus a calculation/graph or defensible evidence-based explanation.,"Discuss pattern and limitation, state one practical implication, clean the area and assign the linked mission/journal task."
TD-224,Primary 4-6,Grid Experiment Garden,Sample,"Define the question, samples/comparison and safe measurement method for treatments, controls and fair comparisons. Check tools before class.","Model how to sample with repeatable technique, clear units and a labeled data record.",Is the comparison fair? What stays the same? What pattern appears? Is there an unusual value? What limitation matters?,"Check sample identity, repeat measurements, units, table quality and whether conclusions match the evidence.",Learner produces comparable data plus a calculation/graph or defensible evidence-based explanation.,"Discuss pattern and limitation, state one practical implication, clean the area and assign the linked mission/journal task."
TD-225,Primary 4-6,Grid Experiment Garden,Investigate,"Define the question, samples/comparison and safe measurement method for treatments, controls and fair comparisons. Check tools before class.","Model how to investigate with repeatable technique, clear units and a labeled data record.",Is the comparison fair? What stays the same? What pattern appears? Is there an unusual value? What limitation matters?,"Check sample identity, repeat measurements, units, table quality and whether conclusions match the evidence.",Learner produces comparable data plus a calculation/graph or defensible evidence-based explanation.,"Discuss pattern and limitation, state one practical implication, clean the area and assign the linked mission/journal task."
TD-226,Primary 4-6,Grid Experiment Garden,Calculate,"Define the question, samples/comparison and safe measurement method for treatments, controls and fair comparisons. Check tools before class.","Model how to calculate with repeatable technique, clear units and a labeled data record.",Is the comparison fair? What stays the same? What pattern appears? Is there an unusual value? What limitation matters?,"Check sample identity, repeat measurements, units, table quality and whether conclusions match the evidence.",Learner produces comparable data plus a calculation/graph or defensible evidence-based explanation.,"Discuss pattern and limitation, state one practical implication, clean the area and assign the linked mission/journal task."
TD-227,Primary 4-6,Grid Experiment Garden,Graph,"Define the question, samples/comparison and safe measurement method for treatments, controls and fair comparisons. Check tools before class.","Model how to graph with repeatable technique, clear units and a labeled data record.",Is the comparison fair? What stays the same? What pattern appears? Is there an unusual value? What limitation matters?,"Check sample identity, repeat measurements, units, table quality and whether conclusions match the evidence.",Learner produces comparable data plus a calculation/graph or defensible evidence-based explanation.,"Discuss pattern and limitation, state one practical implication, clean the area and assign the linked mission/journal task."
TD-228,Primary 4-6,Grid Experiment Garden,Analyze,"Define the question, samples/comparison and safe measurement method for treatments, controls and fair comparisons. Check tools before class.","Model how to analyze with repeatable technique, clear units and a labeled data record.",Is the comparison fair? What stays the same? What pattern appears? Is there an unusual value? What limitation matters?,"Check sample identity, repeat measurements, units, table quality and whether conclusions match the evidence.",Learner produces comparable data plus a calculation/graph or defensible evidence-based explanation.,"Discuss pattern and limitation, state one practical implication, clean the area and assign the linked mission/journal task."
TD-229,Primary 4-6,Grid Experiment Garden,Explain,"Define the question, samples/comparison and safe measurement method for treatments, controls and fair comparisons. Check tools before class.","Model how to explain with repeatable technique, clear units and a labeled data record.",Is the comparison fair? What stays the same? What pattern appears? Is there an unusual value? What limitation matters?,"Check sample identity, repeat measurements, units, table quality and whether conclusions match the evidence.",Learner produces comparable data plus a calculation/graph or defensible evidence-based explanation.,"Discuss pattern and limitation, state one practical implication, clean the area and assign the linked mission/journal task."
TD-230,Primary 4-6,Grid Experiment Garden,Recommend,"Define the question, samples/comparison and safe measurement method for treatments, controls and fair comparisons. Check tools before class.","Model how to recommend with repeatable technique, clear units and a labeled data record.",Is the comparison fair? What stays the same? What pattern appears? Is there an unusual value? What limitation matters?,"Check sample identity, repeat measurements, units, table quality and whether conclusions match the evidence.",Learner produces comparable data plus a calculation/graph or defensible evidence-based explanation.,"Discuss pattern and limitation, state one practical implication, clean the area and assign the linked mission/journal task."
TD-231,Primary 4-6,Keyhole Garden,Observe,"Define the question, samples/comparison and safe measurement method for access, moisture and bed geometry. Check tools before class.","Model how to observe with repeatable technique, clear units and a labeled data record.",Is the comparison fair? What stays the same? What pattern appears? Is there an unusual value? What limitation matters?,"Check sample identity, repeat measurements, units, table quality and whether conclusions match the evidence.",Learner produces comparable data plus a calculation/graph or defensible evidence-based explanation.,"Discuss pattern and limitation, state one practical implication, clean the area and assign the linked mission/journal task."
TD-232,Primary 4-6,Keyhole Garden,Measure,"Define the question, samples/comparison and safe measurement method for access, moisture and bed geometry. Check tools before class.","Model how to measure with repeatable technique, clear units and a labeled data record.",Is the comparison fair? What stays the same? What pattern appears? Is there an unusual value? What limitation matters?,"Check sample identity, repeat measurements, units, table quality and whether conclusions match the evidence.",Learner produces comparable data plus a calculation/graph or defensible evidence-based explanation.,"Discuss pattern and limitation, state one practical implication, clean the area and assign the linked mission/journal task."
TD-233,Primary 4-6,Keyhole Garden,Question,"Define the question, samples/comparison and safe measurement method for access, moisture and bed geometry. Check tools before class.","Model how to question with repeatable technique, clear units and a labeled data record.",Is the comparison fair? What stays the same? What pattern appears? Is there an unusual value? What limitation matters?,"Check sample identity, repeat measurements, units, table quality and whether conclusions match the evidence.",Learner produces comparable data plus a calculation/graph or defensible evidence-based explanation.,"Discuss pattern and limitation, state one practical implication, clean the area and assign the linked mission/journal task."
TD-234,Primary 4-6,Keyhole Garden,Sample,"Define the question, samples/comparison and safe measurement method for access, moisture and bed geometry. Check tools before class.","Model how to sample with repeatable technique, clear units and a labeled data record.",Is the comparison fair? What stays the same? What pattern appears? Is there an unusual value? What limitation matters?,"Check sample identity, repeat measurements, units, table quality and whether conclusions match the evidence.",Learner produces comparable data plus a calculation/graph or defensible evidence-based explanation.,"Discuss pattern and limitation, state one practical implication, clean the area and assign the linked mission/journal task."
TD-235,Primary 4-6,Keyhole Garden,Investigate,"Define the question, samples/comparison and safe measurement method for access, moisture and bed geometry. Check tools before class.","Model how to investigate with repeatable technique, clear units and a labeled data record.",Is the comparison fair? What stays the same? What pattern appears? Is there an unusual value? What limitation matters?,"Check sample identity, repeat measurements, units, table quality and whether conclusions match the evidence.",Learner produces comparable data plus a calculation/graph or defensible evidence-based explanation.,"Discuss pattern and limitation, state one practical implication, clean the area and assign the linked mission/journal task."
TD-236,Primary 4-6,Keyhole Garden,Calculate,"Define the question, samples/comparison and safe measurement method for access, moisture and bed geometry. Check tools before class.","Model how to calculate with repeatable technique, clear units and a labeled data record.",Is the comparison fair? What stays the same? What pattern appears? Is there an unusual value? What limitation matters?,"Check sample identity, repeat measurements, units, table quality and whether conclusions match the evidence.",Learner produces comparable data plus a calculation/graph or defensible evidence-based explanation.,"Discuss pattern and limitation, state one practical implication, clean the area and assign the linked mission/journal task."
TD-237,Primary 4-6,Keyhole Garden,Graph,"Define the question, samples/comparison and safe measurement method for access, moisture and bed geometry. Check tools before class.","Model how to graph with repeatable technique, clear units and a labeled data record.",Is the comparison fair? What stays the same? What pattern appears? Is there an unusual value? What limitation matters?,"Check sample identity, repeat measurements, units, table quality and whether conclusions match the evidence.",Learner produces comparable data plus a calculation/graph or defensible evidence-based explanation.,"Discuss pattern and limitation, state one practical implication, clean the area and assign the linked mission/journal task."
TD-238,Primary 4-6,Keyhole Garden,Analyze,"Define the question, samples/comparison and safe measurement method for access, moisture and bed geometry. Check tools before class.","Model how to analyze with repeatable technique, clear units and a labeled data record.",Is the comparison fair? What stays the same? What pattern appears? Is there an unusual value? What limitation matters?,"Check sample identity, repeat measurements, units, table quality and whether conclusions match the evidence.",Learner produces comparable data plus a calculation/graph or defensible evidence-based explanation.,"Discuss pattern and limitation, state one practical implication, clean the area and assign the linked mission/journal task."
TD-239,Primary 4-6,Keyhole Garden,Explain,"Define the question, samples/comparison and safe measurement method for access, moisture and bed geometry. Check tools before class.","Model how to explain with repeatable technique, clear units and a labeled data record.",Is the comparison fair? What stays the same? What pattern appears? Is there an unusual value? What limitation matters?,"Check sample identity, repeat measurements, units, table quality and whether conclusions match the evidence.",Learner produces comparable data plus a calculation/graph or defensible evidence-based explanation.,"Discuss pattern and limitation, state one practical implication, clean the area and assign the linked mission/journal task."
TD-240,Primary 4-6,Keyhole Garden,Recommend,"Define the question, samples/comparison and safe measurement method for access, moisture and bed geometry. Check tools before class.","Model how to recommend with repeatable technique, clear units and a labeled data record.",Is the comparison fair? What stays the same? What pattern appears? Is there an unusual value? What limitation matters?,"Check sample identity, repeat measurements, units, table quality and whether conclusions match the evidence.",Learner produces comparable data plus a calculation/graph or defensible evidence-based explanation.,"Discuss pattern and limitation, state one practical implication, clean the area and assign the linked mission/journal task."
TD-241,Primary 4-6,Compost Garden,Observe,"Define the question, samples/comparison and safe measurement method for decomposition and maturity. Check tools before class.","Model how to observe with repeatable technique, clear units and a labeled data record.",Is the comparison fair? What stays the same? What pattern appears? Is there an unusual value? What limitation matters?,"Check sample identity, repeat measurements, units, table quality and whether conclusions match the evidence.",Learner produces comparable data plus a calculation/graph or defensible evidence-based explanation.,"Discuss pattern and limitation, state one practical implication, clean the area and assign the linked mission/journal task."
TD-242,Primary 4-6,Compost Garden,Measure,"Define the question, samples/comparison and safe measurement method for decomposition and maturity. Check tools before class.","Model how to measure with repeatable technique, clear units and a labeled data record.",Is the comparison fair? What stays the same? What pattern appears? Is there an unusual value? What limitation matters?,"Check sample identity, repeat measurements, units, table quality and whether conclusions match the evidence.",Learner produces comparable data plus a calculation/graph or defensible evidence-based explanation.,"Discuss pattern and limitation, state one practical implication, clean the area and assign the linked mission/journal task."
TD-243,Primary 4-6,Compost Garden,Question,"Define the question, samples/comparison and safe measurement method for decomposition and maturity. Check tools before class.","Model how to question with repeatable technique, clear units and a labeled data record.",Is the comparison fair? What stays the same? What pattern appears? Is there an unusual value? What limitation matters?,"Check sample identity, repeat measurements, units, table quality and whether conclusions match the evidence.",Learner produces comparable data plus a calculation/graph or defensible evidence-based explanation.,"Discuss pattern and limitation, state one practical implication, clean the area and assign the linked mission/journal task."
TD-244,Primary 4-6,Compost Garden,Sample,"Define the question, samples/comparison and safe measurement method for decomposition and maturity. Check tools before class.","Model how to sample with repeatable technique, clear units and a labeled data record.",Is the comparison fair? What stays the same? What pattern appears? Is there an unusual value? What limitation matters?,"Check sample identity, repeat measurements, units, table quality and whether conclusions match the evidence.",Learner produces comparable data plus a calculation/graph or defensible evidence-based explanation.,"Discuss pattern and limitation, state one practical implication, clean the area and assign the linked mission/journal task."
TD-245,Primary 4-6,Compost Garden,Investigate,"Define the question, samples/comparison and safe measurement method for decomposition and maturity. Check tools before class.","Model how to investigate with repeatable technique, clear units and a labeled data record.",Is the comparison fair? What stays the same? What pattern appears? Is there an unusual value? What limitation matters?,"Check sample identity, repeat measurements, units, table quality and whether conclusions match the evidence.",Learner produces comparable data plus a calculation/graph or defensible evidence-based explanation.,"Discuss pattern and limitation, state one practical implication, clean the area and assign the linked mission/journal task."
TD-246,Primary 4-6,Compost Garden,Calculate,"Define the question, samples/comparison and safe measurement method for decomposition and maturity. Check tools before class.","Model how to calculate with repeatable technique, clear units and a labeled data record.",Is the comparison fair? What stays the same? What pattern appears? Is there an unusual value? What limitation matters?,"Check sample identity, repeat measurements, units, table quality and whether conclusions match the evidence.",Learner produces comparable data plus a calculation/graph or defensible evidence-based explanation.,"Discuss pattern and limitation, state one practical implication, clean the area and assign the linked mission/journal task."
TD-247,Primary 4-6,Compost Garden,Graph,"Define the question, samples/comparison and safe measurement method for decomposition and maturity. Check tools before class.","Model how to graph with repeatable technique, clear units and a labeled data record.",Is the comparison fair? What stays the same? What pattern appears? Is there an unusual value? What limitation matters?,"Check sample identity, repeat measurements, units, table quality and whether conclusions match the evidence.",Learner produces comparable data plus a calculation/graph or defensible evidence-based explanation.,"Discuss pattern and limitation, state one practical implication, clean the area and assign the linked mission/journal task."
TD-248,Primary 4-6,Compost Garden,Analyze,"Define the question, samples/comparison and safe measurement method for decomposition and maturity. Check tools before class.","Model how to analyze with repeatable technique, clear units and a labeled data record.",Is the comparison fair? What stays the same? What pattern appears? Is there an unusual value? What limitation matters?,"Check sample identity, repeat measurements, units, table quality and whether conclusions match the evidence.",Learner produces comparable data plus a calculation/graph or defensible evidence-based explanation.,"Discuss pattern and limitation, state one practical implication, clean the area and assign the linked mission/journal task."
TD-249,Primary 4-6,Compost Garden,Explain,"Define the question, samples/comparison and safe measurement method for decomposition and maturity. Check tools before class.","Model how to explain with repeatable technique, clear units and a labeled data record.",Is the comparison fair? What stays the same? What pattern appears? Is there an unusual value? What limitation matters?,"Check sample identity, repeat measurements, units, table quality and whether conclusions match the evidence.",Learner produces comparable data plus a calculation/graph or defensible evidence-based explanation.,"Discuss pattern and limitation, state one practical implication, clean the area and assign the linked mission/journal task."
TD-250,Primary 4-6,Compost Garden,Recommend,"Define the question, samples/comparison and safe measurement method for decomposition and maturity. Check tools before class.","Model how to recommend with repeatable technique, clear units and a labeled data record.",Is the comparison fair? What stays the same? What pattern appears? Is there an unusual value? What limitation matters?,"Check sample identity, repeat measurements, units, table quality and whether conclusions match the evidence.",Learner produces comparable data plus a calculation/graph or defensible evidence-based explanation.,"Discuss pattern and limitation, state one practical implication, clean the area and assign the linked mission/journal task."
TD-251,Primary 4-6,Gravity Drip Garden,Observe,"Define the question, samples/comparison and safe measurement method for flow and uniformity. Check tools before class.","Model how to observe with repeatable technique, clear units and a labeled data record.",Is the comparison fair? What stays the same? What pattern appears? Is there an unusual value? What limitation matters?,"Check sample identity, repeat measurements, units, table quality and whether conclusions match the evidence.",Learner produces comparable data plus a calculation/graph or defensible evidence-based explanation.,"Discuss pattern and limitation, state one practical implication, clean the area and assign the linked mission/journal task."
TD-252,Primary 4-6,Gravity Drip Garden,Measure,"Define the question, samples/comparison and safe measurement method for flow and uniformity. Check tools before class.","Model how to measure with repeatable technique, clear units and a labeled data record.",Is the comparison fair? What stays the same? What pattern appears? Is there an unusual value? What limitation matters?,"Check sample identity, repeat measurements, units, table quality and whether conclusions match the evidence.",Learner produces comparable data plus a calculation/graph or defensible evidence-based explanation.,"Discuss pattern and limitation, state one practical implication, clean the area and assign the linked mission/journal task."
TD-253,Primary 4-6,Gravity Drip Garden,Question,"Define the question, samples/comparison and safe measurement method for flow and uniformity. Check tools before class.","Model how to question with repeatable technique, clear units and a labeled data record.",Is the comparison fair? What stays the same? What pattern appears? Is there an unusual value? What limitation matters?,"Check sample identity, repeat measurements, units, table quality and whether conclusions match the evidence.",Learner produces comparable data plus a calculation/graph or defensible evidence-based explanation.,"Discuss pattern and limitation, state one practical implication, clean the area and assign the linked mission/journal task."
TD-254,Primary 4-6,Gravity Drip Garden,Sample,"Define the question, samples/comparison and safe measurement method for flow and uniformity. Check tools before class.","Model how to sample with repeatable technique, clear units and a labeled data record.",Is the comparison fair? What stays the same? What pattern appears? Is there an unusual value? What limitation matters?,"Check sample identity, repeat measurements, units, table quality and whether conclusions match the evidence.",Learner produces comparable data plus a calculation/graph or defensible evidence-based explanation.,"Discuss pattern and limitation, state one practical implication, clean the area and assign the linked mission/journal task."
TD-255,Primary 4-6,Gravity Drip Garden,Investigate,"Define the question, samples/comparison and safe measurement method for flow and uniformity. Check tools before class.","Model how to investigate with repeatable technique, clear units and a labeled data record.",Is the comparison fair? What stays the same? What pattern appears? Is there an unusual value? What limitation matters?,"Check sample identity, repeat measurements, units, table quality and whether conclusions match the evidence.",Learner produces comparable data plus a calculation/graph or defensible evidence-based explanation.,"Discuss pattern and limitation, state one practical implication, clean the area and assign the linked mission/journal task."
TD-256,Primary 4-6,Gravity Drip Garden,Calculate,"Define the question, samples/comparison and safe measurement method for flow and uniformity. Check tools before class.","Model how to calculate with repeatable technique, clear units and a labeled data record.",Is the comparison fair? What stays the same? What pattern appears? Is there an unusual value? What limitation matters?,"Check sample identity, repeat measurements, units, table quality and whether conclusions match the evidence.",Learner produces comparable data plus a calculation/graph or defensible evidence-based explanation.,"Discuss pattern and limitation, state one practical implication, clean the area and assign the linked mission/journal task."
TD-257,Primary 4-6,Gravity Drip Garden,Graph,"Define the question, samples/comparison and safe measurement method for flow and uniformity. Check tools before class.","Model how to graph with repeatable technique, clear units and a labeled data record.",Is the comparison fair? What stays the same? What pattern appears? Is there an unusual value? What limitation matters?,"Check sample identity, repeat measurements, units, table quality and whether conclusions match the evidence.",Learner produces comparable data plus a calculation/graph or defensible evidence-based explanation.,"Discuss pattern and limitation, state one practical implication, clean the area and assign the linked mission/journal task."
TD-258,Primary 4-6,Gravity Drip Garden,Analyze,"Define the question, samples/comparison and safe measurement method for flow and uniformity. Check tools before class.","Model how to analyze with repeatable technique, clear units and a labeled data record.",Is the comparison fair? What stays the same? What pattern appears? Is there an unusual value? What limitation matters?,"Check sample identity, repeat measurements, units, table quality and whether conclusions match the evidence.",Learner produces comparable data plus a calculation/graph or defensible evidence-based explanation.,"Discuss pattern and limitation, state one practical implication, clean the area and assign the linked mission/journal task."
TD-259,Primary 4-6,Gravity Drip Garden,Explain,"Define the question, samples/comparison and safe measurement method for flow and uniformity. Check tools before class.","Model how to explain with repeatable technique, clear units and a labeled data record.",Is the comparison fair? What stays the same? What pattern appears? Is there an unusual value? What limitation matters?,"Check sample identity, repeat measurements, units, table quality and whether conclusions match the evidence.",Learner produces comparable data plus a calculation/graph or defensible evidence-based explanation.,"Discuss pattern and limitation, state one practical implication, clean the area and assign the linked mission/journal task."
TD-260,Primary 4-6,Gravity Drip Garden,Recommend,"Define the question, samples/comparison and safe measurement method for flow and uniformity. Check tools before class.","Model how to recommend with repeatable technique, clear units and a labeled data record.",Is the comparison fair? What stays the same? What pattern appears? Is there an unusual value? What limitation matters?,"Check sample identity, repeat measurements, units, table quality and whether conclusions match the evidence.",Learner produces comparable data plus a calculation/graph or defensible evidence-based explanation.,"Discuss pattern and limitation, state one practical implication, clean the area and assign the linked mission/journal task."
TD-261,Primary 4-6,Vertical Garden,Observe,"Define the question, samples/comparison and safe measurement method for performance by vertical level. Check tools before class.","Model how to observe with repeatable technique, clear units and a labeled data record.",Is the comparison fair? What stays the same? What pattern appears? Is there an unusual value? What limitation matters?,"Check sample identity, repeat measurements, units, table quality and whether conclusions match the evidence.",Learner produces comparable data plus a calculation/graph or defensible evidence-based explanation.,"Discuss pattern and limitation, state one practical implication, clean the area and assign the linked mission/journal task."
TD-262,Primary 4-6,Vertical Garden,Measure,"Define the question, samples/comparison and safe measurement method for performance by vertical level. Check tools before class.","Model how to measure with repeatable technique, clear units and a labeled data record.",Is the comparison fair? What stays the same? What pattern appears? Is there an unusual value? What limitation matters?,"Check sample identity, repeat measurements, units, table quality and whether conclusions match the evidence.",Learner produces comparable data plus a calculation/graph or defensible evidence-based explanation.,"Discuss pattern and limitation, state one practical implication, clean the area and assign the linked mission/journal task."
TD-263,Primary 4-6,Vertical Garden,Question,"Define the question, samples/comparison and safe measurement method for performance by vertical level. Check tools before class.","Model how to question with repeatable technique, clear units and a labeled data record.",Is the comparison fair? What stays the same? What pattern appears? Is there an unusual value? What limitation matters?,"Check sample identity, repeat measurements, units, table quality and whether conclusions match the evidence.",Learner produces comparable data plus a calculation/graph or defensible evidence-based explanation.,"Discuss pattern and limitation, state one practical implication, clean the area and assign the linked mission/journal task."
TD-264,Primary 4-6,Vertical Garden,Sample,"Define the question, samples/comparison and safe measurement method for performance by vertical level. Check tools before class.","Model how to sample with repeatable technique, clear units and a labeled data record.",Is the comparison fair? What stays the same? What pattern appears? Is there an unusual value? What limitation matters?,"Check sample identity, repeat measurements, units, table quality and whether conclusions match the evidence.",Learner produces comparable data plus a calculation/graph or defensible evidence-based explanation.,"Discuss pattern and limitation, state one practical implication, clean the area and assign the linked mission/journal task."
TD-265,Primary 4-6,Vertical Garden,Investigate,"Define the question, samples/comparison and safe measurement method for performance by vertical level. Check tools before class.","Model how to investigate with repeatable technique, clear units and a labeled data record.",Is the comparison fair? What stays the same? What pattern appears? Is there an unusual value? What limitation matters?,"Check sample identity, repeat measurements, units, table quality and whether conclusions match the evidence.",Learner produces comparable data plus a calculation/graph or defensible evidence-based explanation.,"Discuss pattern and limitation, state one practical implication, clean the area and assign the linked mission/journal task."
TD-266,Primary 4-6,Vertical Garden,Calculate,"Define the question, samples/comparison and safe measurement method for performance by vertical level. Check tools before class.","Model how to calculate with repeatable technique, clear units and a labeled data record.",Is the comparison fair? What stays the same? What pattern appears? Is there an unusual value? What limitation matters?,"Check sample identity, repeat measurements, units, table quality and whether conclusions match the evidence.",Learner produces comparable data plus a calculation/graph or defensible evidence-based explanation.,"Discuss pattern and limitation, state one practical implication, clean the area and assign the linked mission/journal task."
TD-267,Primary 4-6,Vertical Garden,Graph,"Define the question, samples/comparison and safe measurement method for performance by vertical level. Check tools before class.","Model how to graph with repeatable technique, clear units and a labeled data record.",Is the comparison fair? What stays the same? What pattern appears? Is there an unusual value? What limitation matters?,"Check sample identity, repeat measurements, units, table quality and whether conclusions match the evidence.",Learner produces comparable data plus a calculation/graph or defensible evidence-based explanation.,"Discuss pattern and limitation, state one practical implication, clean the area and assign the linked mission/journal task."
TD-268,Primary 4-6,Vertical Garden,Analyze,"Define the question, samples/comparison and safe measurement method for performance by vertical level. Check tools before class.","Model how to analyze with repeatable technique, clear units and a labeled data record.",Is the comparison fair? What stays the same? What pattern appears? Is there an unusual value? What limitation matters?,"Check sample identity, repeat measurements, units, table quality and whether conclusions match the evidence.",Learner produces comparable data plus a calculation/graph or defensible evidence-based explanation.,"Discuss pattern and limitation, state one practical implication, clean the area and assign the linked mission/journal task."
TD-269,Primary 4-6,Vertical Garden,Explain,"Define the question, samples/comparison and safe measurement method for performance by vertical level. Check tools before class.","Model how to explain with repeatable technique, clear units and a labeled data record.",Is the comparison fair? What stays the same? What pattern appears? Is there an unusual value? What limitation matters?,"Check sample identity, repeat measurements, units, table quality and whether conclusions match the evidence.",Learner produces comparable data plus a calculation/graph or defensible evidence-based explanation.,"Discuss pattern and limitation, state one practical implication, clean the area and assign the linked mission/journal task."
TD-270,Primary 4-6,Vertical Garden,Recommend,"Define the question, samples/comparison and safe measurement method for performance by vertical level. Check tools before class.","Model how to recommend with repeatable technique, clear units and a labeled data record.",Is the comparison fair? What stays the same? What pattern appears? Is there an unusual value? What limitation matters?,"Check sample identity, repeat measurements, units, table quality and whether conclusions match the evidence.",Learner produces comparable data plus a calculation/graph or defensible evidence-based explanation.,"Discuss pattern and limitation, state one practical implication, clean the area and assign the linked mission/journal task."
TD-271,Primary 4-6,Crop Rotation Garden,Observe,"Define the question, samples/comparison and safe measurement method for crop-family sequence. Check tools before class.","Model how to observe with repeatable technique, clear units and a labeled data record.",Is the comparison fair? What stays the same? What pattern appears? Is there an unusual value? What limitation matters?,"Check sample identity, repeat measurements, units, table quality and whether conclusions match the evidence.",Learner produces comparable data plus a calculation/graph or defensible evidence-based explanation.,"Discuss pattern and limitation, state one practical implication, clean the area and assign the linked mission/journal task."
TD-272,Primary 4-6,Crop Rotation Garden,Measure,"Define the question, samples/comparison and safe measurement method for crop-family sequence. Check tools before class.","Model how to measure with repeatable technique, clear units and a labeled data record.",Is the comparison fair? What stays the same? What pattern appears? Is there an unusual value? What limitation matters?,"Check sample identity, repeat measurements, units, table quality and whether conclusions match the evidence.",Learner produces comparable data plus a calculation/graph or defensible evidence-based explanation.,"Discuss pattern and limitation, state one practical implication, clean the area and assign the linked mission/journal task."
TD-273,Primary 4-6,Crop Rotation Garden,Question,"Define the question, samples/comparison and safe measurement method for crop-family sequence. Check tools before class.","Model how to question with repeatable technique, clear units and a labeled data record.",Is the comparison fair? What stays the same? What pattern appears? Is there an unusual value? What limitation matters?,"Check sample identity, repeat measurements, units, table quality and whether conclusions match the evidence.",Learner produces comparable data plus a calculation/graph or defensible evidence-based explanation.,"Discuss pattern and limitation, state one practical implication, clean the area and assign the linked mission/journal task."
TD-274,Primary 4-6,Crop Rotation Garden,Sample,"Define the question, samples/comparison and safe measurement method for crop-family sequence. Check tools before class.","Model how to sample with repeatable technique, clear units and a labeled data record.",Is the comparison fair? What stays the same? What pattern appears? Is there an unusual value? What limitation matters?,"Check sample identity, repeat measurements, units, table quality and whether conclusions match the evidence.",Learner produces comparable data plus a calculation/graph or defensible evidence-based explanation.,"Discuss pattern and limitation, state one practical implication, clean the area and assign the linked mission/journal task."
TD-275,Primary 4-6,Crop Rotation Garden,Investigate,"Define the question, samples/comparison and safe measurement method for crop-family sequence. Check tools before class.","Model how to investigate with repeatable technique, clear units and a labeled data record.",Is the comparison fair? What stays the same? What pattern appears? Is there an unusual value? What limitation matters?,"Check sample identity, repeat measurements, units, table quality and whether conclusions match the evidence.",Learner produces comparable data plus a calculation/graph or defensible evidence-based explanation.,"Discuss pattern and limitation, state one practical implication, clean the area and assign the linked mission/journal task."
TD-276,Primary 4-6,Crop Rotation Garden,Calculate,"Define the question, samples/comparison and safe measurement method for crop-family sequence. Check tools before class.","Model how to calculate with repeatable technique, clear units and a labeled data record.",Is the comparison fair? What stays the same? What pattern appears? Is there an unusual value? What limitation matters?,"Check sample identity, repeat measurements, units, table quality and whether conclusions match the evidence.",Learner produces comparable data plus a calculation/graph or defensible evidence-based explanation.,"Discuss pattern and limitation, state one practical implication, clean the area and assign the linked mission/journal task."
TD-277,Primary 4-6,Crop Rotation Garden,Graph,"Define the question, samples/comparison and safe measurement method for crop-family sequence. Check tools before class.","Model how to graph with repeatable technique, clear units and a labeled data record.",Is the comparison fair? What stays the same? What pattern appears? Is there an unusual value? What limitation matters?,"Check sample identity, repeat measurements, units, table quality and whether conclusions match the evidence.",Learner produces comparable data plus a calculation/graph or defensible evidence-based explanation.,"Discuss pattern and limitation, state one practical implication, clean the area and assign the linked mission/journal task."
TD-278,Primary 4-6,Crop Rotation Garden,Analyze,"Define the question, samples/comparison and safe measurement method for crop-family sequence. Check tools before class.","Model how to analyze with repeatable technique, clear units and a labeled data record.",Is the comparison fair? What stays the same? What pattern appears? Is there an unusual value? What limitation matters?,"Check sample identity, repeat measurements, units, table quality and whether conclusions match the evidence.",Learner produces comparable data plus a calculation/graph or defensible evidence-based explanation.,"Discuss pattern and limitation, state one practical implication, clean the area and assign the linked mission/journal task."
TD-279,Primary 4-6,Crop Rotation Garden,Explain,"Define the question, samples/comparison and safe measurement method for crop-family sequence. Check tools before class.","Model how to explain with repeatable technique, clear units and a labeled data record.",Is the comparison fair? What stays the same? What pattern appears? Is there an unusual value? What limitation matters?,"Check sample identity, repeat measurements, units, table quality and whether conclusions match the evidence.",Learner produces comparable data plus a calculation/graph or defensible evidence-based explanation.,"Discuss pattern and limitation, state one practical implication, clean the area and assign the linked mission/journal task."
TD-280,Primary 4-6,Crop Rotation Garden,Recommend,"Define the question, samples/comparison and safe measurement method for crop-family sequence. Check tools before class.","Model how to recommend with repeatable technique, clear units and a labeled data record.",Is the comparison fair? What stays the same? What pattern appears? Is there an unusual value? What limitation matters?,"Check sample identity, repeat measurements, units, table quality and whether conclusions match the evidence.",Learner produces comparable data plus a calculation/graph or defensible evidence-based explanation.,"Discuss pattern and limitation, state one practical implication, clean the area and assign the linked mission/journal task."
TD-281,Primary 4-6,Water-Smart Garden,Observe,"Define the question, samples/comparison and safe measurement method for water movement and productivity. Check tools before class.","Model how to observe with repeatable technique, clear units and a labeled data record.",Is the comparison fair? What stays the same? What pattern appears? Is there an unusual value? What limitation matters?,"Check sample identity, repeat measurements, units, table quality and whether conclusions match the evidence.",Learner produces comparable data plus a calculation/graph or defensible evidence-based explanation.,"Discuss pattern and limitation, state one practical implication, clean the area and assign the linked mission/journal task."
TD-282,Primary 4-6,Water-Smart Garden,Measure,"Define the question, samples/comparison and safe measurement method for water movement and productivity. Check tools before class.","Model how to measure with repeatable technique, clear units and a labeled data record.",Is the comparison fair? What stays the same? What pattern appears? Is there an unusual value? What limitation matters?,"Check sample identity, repeat measurements, units, table quality and whether conclusions match the evidence.",Learner produces comparable data plus a calculation/graph or defensible evidence-based explanation.,"Discuss pattern and limitation, state one practical implication, clean the area and assign the linked mission/journal task."
TD-283,Primary 4-6,Water-Smart Garden,Question,"Define the question, samples/comparison and safe measurement method for water movement and productivity. Check tools before class.","Model how to question with repeatable technique, clear units and a labeled data record.",Is the comparison fair? What stays the same? What pattern appears? Is there an unusual value? What limitation matters?,"Check sample identity, repeat measurements, units, table quality and whether conclusions match the evidence.",Learner produces comparable data plus a calculation/graph or defensible evidence-based explanation.,"Discuss pattern and limitation, state one practical implication, clean the area and assign the linked mission/journal task."
TD-284,Primary 4-6,Water-Smart Garden,Sample,"Define the question, samples/comparison and safe measurement method for water movement and productivity. Check tools before class.","Model how to sample with repeatable technique, clear units and a labeled data record.",Is the comparison fair? What stays the same? What pattern appears? Is there an unusual value? What limitation matters?,"Check sample identity, repeat measurements, units, table quality and whether conclusions match the evidence.",Learner produces comparable data plus a calculation/graph or defensible evidence-based explanation.,"Discuss pattern and limitation, state one practical implication, clean the area and assign the linked mission/journal task."
TD-285,Primary 4-6,Water-Smart Garden,Investigate,"Define the question, samples/comparison and safe measurement method for water movement and productivity. Check tools before class.","Model how to investigate with repeatable technique, clear units and a labeled data record.",Is the comparison fair? What stays the same? What pattern appears? Is there an unusual value? What limitation matters?,"Check sample identity, repeat measurements, units, table quality and whether conclusions match the evidence.",Learner produces comparable data plus a calculation/graph or defensible evidence-based explanation.,"Discuss pattern and limitation, state one practical implication, clean the area and assign the linked mission/journal task."
TD-286,Primary 4-6,Water-Smart Garden,Calculate,"Define the question, samples/comparison and safe measurement method for water movement and productivity. Check tools before class.","Model how to calculate with repeatable technique, clear units and a labeled data record.",Is the comparison fair? What stays the same? What pattern appears? Is there an unusual value? What limitation matters?,"Check sample identity, repeat measurements, units, table quality and whether conclusions match the evidence.",Learner produces comparable data plus a calculation/graph or defensible evidence-based explanation.,"Discuss pattern and limitation, state one practical implication, clean the area and assign the linked mission/journal task."
TD-287,Primary 4-6,Water-Smart Garden,Graph,"Define the question, samples/comparison and safe measurement method for water movement and productivity. Check tools before class.","Model how to graph with repeatable technique, clear units and a labeled data record.",Is the comparison fair? What stays the same? What pattern appears? Is there an unusual value? What limitation matters?,"Check sample identity, repeat measurements, units, table quality and whether conclusions match the evidence.",Learner produces comparable data plus a calculation/graph or defensible evidence-based explanation.,"Discuss pattern and limitation, state one practical implication, clean the area and assign the linked mission/journal task."
TD-288,Primary 4-6,Water-Smart Garden,Analyze,"Define the question, samples/comparison and safe measurement method for water movement and productivity. Check tools before class.","Model how to analyze with repeatable technique, clear units and a labeled data record.",Is the comparison fair? What stays the same? What pattern appears? Is there an unusual value? What limitation matters?,"Check sample identity, repeat measurements, units, table quality and whether conclusions match the evidence.",Learner produces comparable data plus a calculation/graph or defensible evidence-based explanation.,"Discuss pattern and limitation, state one practical implication, clean the area and assign the linked mission/journal task."
TD-289,Primary 4-6,Water-Smart Garden,Explain,"Define the question, samples/comparison and safe measurement method for water movement and productivity. Check tools before class.","Model how to explain with repeatable technique, clear units and a labeled data record.",Is the comparison fair? What stays the same? What pattern appears? Is there an unusual value? What limitation matters?,"Check sample identity, repeat measurements, units, table quality and whether conclusions match the evidence.",Learner produces comparable data plus a calculation/graph or defensible evidence-based explanation.,"Discuss pattern and limitation, state one practical implication, clean the area and assign the linked mission/journal task."
TD-290,Primary 4-6,Water-Smart Garden,Recommend,"Define the question, samples/comparison and safe measurement method for water movement and productivity. Check tools before class.","Model how to recommend with repeatable technique, clear units and a labeled data record.",Is the comparison fair? What stays the same? What pattern appears? Is there an unusual value? What limitation matters?,"Check sample identity, repeat measurements, units, table quality and whether conclusions match the evidence.",Learner produces comparable data plus a calculation/graph or defensible evidence-based explanation.,"Discuss pattern and limitation, state one practical implication, clean the area and assign the linked mission/journal task."
TD-291,Primary 4-6,Intro Soilless Garden,Observe,"Define the question, samples/comparison and safe measurement method for media, flow, pH and EC. Check tools before class.","Model how to observe with repeatable technique, clear units and a labeled data record.",Is the comparison fair? What stays the same? What pattern appears? Is there an unusual value? What limitation matters?,"Check sample identity, repeat measurements, units, table quality and whether conclusions match the evidence.",Learner produces comparable data plus a calculation/graph or defensible evidence-based explanation.,"Discuss pattern and limitation, state one practical implication, clean the area and assign the linked mission/journal task."
TD-292,Primary 4-6,Intro Soilless Garden,Measure,"Define the question, samples/comparison and safe measurement method for media, flow, pH and EC. Check tools before class.","Model how to measure with repeatable technique, clear units and a labeled data record.",Is the comparison fair? What stays the same? What pattern appears? Is there an unusual value? What limitation matters?,"Check sample identity, repeat measurements, units, table quality and whether conclusions match the evidence.",Learner produces comparable data plus a calculation/graph or defensible evidence-based explanation.,"Discuss pattern and limitation, state one practical implication, clean the area and assign the linked mission/journal task."
TD-293,Primary 4-6,Intro Soilless Garden,Question,"Define the question, samples/comparison and safe measurement method for media, flow, pH and EC. Check tools before class.","Model how to question with repeatable technique, clear units and a labeled data record.",Is the comparison fair? What stays the same? What pattern appears? Is there an unusual value? What limitation matters?,"Check sample identity, repeat measurements, units, table quality and whether conclusions match the evidence.",Learner produces comparable data plus a calculation/graph or defensible evidence-based explanation.,"Discuss pattern and limitation, state one practical implication, clean the area and assign the linked mission/journal task."
TD-294,Primary 4-6,Intro Soilless Garden,Sample,"Define the question, samples/comparison and safe measurement method for media, flow, pH and EC. Check tools before class.","Model how to sample with repeatable technique, clear units and a labeled data record.",Is the comparison fair? What stays the same? What pattern appears? Is there an unusual value? What limitation matters?,"Check sample identity, repeat measurements, units, table quality and whether conclusions match the evidence.",Learner produces comparable data plus a calculation/graph or defensible evidence-based explanation.,"Discuss pattern and limitation, state one practical implication, clean the area and assign the linked mission/journal task."
TD-295,Primary 4-6,Intro Soilless Garden,Investigate,"Define the question, samples/comparison and safe measurement method for media, flow, pH and EC. Check tools before class.","Model how to investigate with repeatable technique, clear units and a labeled data record.",Is the comparison fair? What stays the same? What pattern appears? Is there an unusual value? What limitation matters?,"Check sample identity, repeat measurements, units, table quality and whether conclusions match the evidence.",Learner produces comparable data plus a calculation/graph or defensible evidence-based explanation.,"Discuss pattern and limitation, state one practical implication, clean the area and assign the linked mission/journal task."
TD-296,Primary 4-6,Intro Soilless Garden,Calculate,"Define the question, samples/comparison and safe measurement method for media, flow, pH and EC. Check tools before class.","Model how to calculate with repeatable technique, clear units and a labeled data record.",Is the comparison fair? What stays the same? What pattern appears? Is there an unusual value? What limitation matters?,"Check sample identity, repeat measurements, units, table quality and whether conclusions match the evidence.",Learner produces comparable data plus a calculation/graph or defensible evidence-based explanation.,"Discuss pattern and limitation, state one practical implication, clean the area and assign the linked mission/journal task."
TD-297,Primary 4-6,Intro Soilless Garden,Graph,"Define the question, samples/comparison and safe measurement method for media, flow, pH and EC. Check tools before class.","Model how to graph with repeatable technique, clear units and a labeled data record.",Is the comparison fair? What stays the same? What pattern appears? Is there an unusual value? What limitation matters?,"Check sample identity, repeat measurements, units, table quality and whether conclusions match the evidence.",Learner produces comparable data plus a calculation/graph or defensible evidence-based explanation.,"Discuss pattern and limitation, state one practical implication, clean the area and assign the linked mission/journal task."
TD-298,Primary 4-6,Intro Soilless Garden,Analyze,"Define the question, samples/comparison and safe measurement method for media, flow, pH and EC. Check tools before class.","Model how to analyze with repeatable technique, clear units and a labeled data record.",Is the comparison fair? What stays the same? What pattern appears? Is there an unusual value? What limitation matters?,"Check sample identity, repeat measurements, units, table quality and whether conclusions match the evidence.",Learner produces comparable data plus a calculation/graph or defensible evidence-based explanation.,"Discuss pattern and limitation, state one practical implication, clean the area and assign the linked mission/journal task."
TD-299,Primary 4-6,Intro Soilless Garden,Explain,"Define the question, samples/comparison and safe measurement method for media, flow, pH and EC. Check tools before class.","Model how to explain with repeatable technique, clear units and a labeled data record.",Is the comparison fair? What stays the same? What pattern appears? Is there an unusual value? What limitation matters?,"Check sample identity, repeat measurements, units, table quality and whether conclusions match the evidence.",Learner produces comparable data plus a calculation/graph or defensible evidence-based explanation.,"Discuss pattern and limitation, state one practical implication, clean the area and assign the linked mission/journal task."
TD-300,Primary 4-6,Intro Soilless Garden,Recommend,"Define the question, samples/comparison and safe measurement method for media, flow, pH and EC. Check tools before class.","Model how to recommend with repeatable technique, clear units and a labeled data record.",Is the comparison fair? What stays the same? What pattern appears? Is there an unusual value? What limitation matters?,"Check sample identity, repeat measurements, units, table quality and whether conclusions match the evidence.",Learner produces comparable data plus a calculation/graph or defensible evidence-based explanation.,"Discuss pattern and limitation, state one practical implication, clean the area and assign the linked mission/journal task."
TD-301,JSS 1-3,Production Garden,Question,"Prepare hypothesis, variables, treatment/comparison, replicates and QC for establishment, growth and yield. Assign sample/instrument IDs.","Demonstrate how to question according to protocol, including raw-data recording and one quality-control check.",What is the hypothesis? Which variable is the response? Why replicate? What is the effect? What uncertainty qualifies the conclusion?,"Check protocol fidelity, traceable raw data, units, replicate handling, analysis and scientific integrity.","Student quantifies the response, identifies variation/uncertainty and makes a qualified conclusion or management recommendation.","Review abnormal readings without deleting them, connect evidence to management, secure instruments and record follow-up."
TD-302,JSS 1-3,Production Garden,Hypothesize,"Prepare hypothesis, variables, treatment/comparison, replicates and QC for establishment, growth and yield. Assign sample/instrument IDs.","Demonstrate how to hypothesize according to protocol, including raw-data recording and one quality-control check.",What is the hypothesis? Which variable is the response? Why replicate? What is the effect? What uncertainty qualifies the conclusion?,"Check protocol fidelity, traceable raw data, units, replicate handling, analysis and scientific integrity.","Student quantifies the response, identifies variation/uncertainty and makes a qualified conclusion or management recommendation.","Review abnormal readings without deleting them, connect evidence to management, secure instruments and record follow-up."
TD-303,JSS 1-3,Production Garden,Test,"Prepare hypothesis, variables, treatment/comparison, replicates and QC for establishment, growth and yield. Assign sample/instrument IDs.","Demonstrate how to test according to protocol, including raw-data recording and one quality-control check.",What is the hypothesis? Which variable is the response? Why replicate? What is the effect? What uncertainty qualifies the conclusion?,"Check protocol fidelity, traceable raw data, units, replicate handling, analysis and scientific integrity.","Student quantifies the response, identifies variation/uncertainty and makes a qualified conclusion or management recommendation.","Review abnormal readings without deleting them, connect evidence to management, secure instruments and record follow-up."
TD-304,JSS 1-3,Production Garden,Replicate,"Prepare hypothesis, variables, treatment/comparison, replicates and QC for establishment, growth and yield. Assign sample/instrument IDs.","Demonstrate how to replicate according to protocol, including raw-data recording and one quality-control check.",What is the hypothesis? Which variable is the response? Why replicate? What is the effect? What uncertainty qualifies the conclusion?,"Check protocol fidelity, traceable raw data, units, replicate handling, analysis and scientific integrity.","Student quantifies the response, identifies variation/uncertainty and makes a qualified conclusion or management recommendation.","Review abnormal readings without deleting them, connect evidence to management, secure instruments and record follow-up."
TD-305,JSS 1-3,Production Garden,Measure,"Prepare hypothesis, variables, treatment/comparison, replicates and QC for establishment, growth and yield. Assign sample/instrument IDs.","Demonstrate how to measure according to protocol, including raw-data recording and one quality-control check.",What is the hypothesis? Which variable is the response? Why replicate? What is the effect? What uncertainty qualifies the conclusion?,"Check protocol fidelity, traceable raw data, units, replicate handling, analysis and scientific integrity.","Student quantifies the response, identifies variation/uncertainty and makes a qualified conclusion or management recommendation.","Review abnormal readings without deleting them, connect evidence to management, secure instruments and record follow-up."
TD-306,JSS 1-3,Production Garden,Quantify,"Prepare hypothesis, variables, treatment/comparison, replicates and QC for establishment, growth and yield. Assign sample/instrument IDs.","Demonstrate how to quantify according to protocol, including raw-data recording and one quality-control check.",What is the hypothesis? Which variable is the response? Why replicate? What is the effect? What uncertainty qualifies the conclusion?,"Check protocol fidelity, traceable raw data, units, replicate handling, analysis and scientific integrity.","Student quantifies the response, identifies variation/uncertainty and makes a qualified conclusion or management recommendation.","Review abnormal readings without deleting them, connect evidence to management, secure instruments and record follow-up."
TD-307,JSS 1-3,Production Garden,Analyze,"Prepare hypothesis, variables, treatment/comparison, replicates and QC for establishment, growth and yield. Assign sample/instrument IDs.","Demonstrate how to analyze according to protocol, including raw-data recording and one quality-control check.",What is the hypothesis? Which variable is the response? Why replicate? What is the effect? What uncertainty qualifies the conclusion?,"Check protocol fidelity, traceable raw data, units, replicate handling, analysis and scientific integrity.","Student quantifies the response, identifies variation/uncertainty and makes a qualified conclusion or management recommendation.","Review abnormal readings without deleting them, connect evidence to management, secure instruments and record follow-up."
TD-308,JSS 1-3,Production Garden,Diagnose,"Prepare hypothesis, variables, treatment/comparison, replicates and QC for establishment, growth and yield. Assign sample/instrument IDs.","Demonstrate how to diagnose according to protocol, including raw-data recording and one quality-control check.",What is the hypothesis? Which variable is the response? Why replicate? What is the effect? What uncertainty qualifies the conclusion?,"Check protocol fidelity, traceable raw data, units, replicate handling, analysis and scientific integrity.","Student quantifies the response, identifies variation/uncertainty and makes a qualified conclusion or management recommendation.","Review abnormal readings without deleting them, connect evidence to management, secure instruments and record follow-up."
TD-309,JSS 1-3,Production Garden,Manage,"Prepare hypothesis, variables, treatment/comparison, replicates and QC for establishment, growth and yield. Assign sample/instrument IDs.","Demonstrate how to manage according to protocol, including raw-data recording and one quality-control check.",What is the hypothesis? Which variable is the response? Why replicate? What is the effect? What uncertainty qualifies the conclusion?,"Check protocol fidelity, traceable raw data, units, replicate handling, analysis and scientific integrity.","Student quantifies the response, identifies variation/uncertainty and makes a qualified conclusion or management recommendation.","Review abnormal readings without deleting them, connect evidence to management, secure instruments and record follow-up."
TD-310,JSS 1-3,Production Garden,Recommend,"Prepare hypothesis, variables, treatment/comparison, replicates and QC for establishment, growth and yield. Assign sample/instrument IDs.","Demonstrate how to recommend according to protocol, including raw-data recording and one quality-control check.",What is the hypothesis? Which variable is the response? Why replicate? What is the effect? What uncertainty qualifies the conclusion?,"Check protocol fidelity, traceable raw data, units, replicate handling, analysis and scientific integrity.","Student quantifies the response, identifies variation/uncertainty and makes a qualified conclusion or management recommendation.","Review abnormal readings without deleting them, connect evidence to management, secure instruments and record follow-up."
TD-311,JSS 1-3,Raised Systems Garden,Question,"Prepare hypothesis, variables, treatment/comparison, replicates and QC for raised-system performance. Assign sample/instrument IDs.","Demonstrate how to question according to protocol, including raw-data recording and one quality-control check.",What is the hypothesis? Which variable is the response? Why replicate? What is the effect? What uncertainty qualifies the conclusion?,"Check protocol fidelity, traceable raw data, units, replicate handling, analysis and scientific integrity.","Student quantifies the response, identifies variation/uncertainty and makes a qualified conclusion or management recommendation.","Review abnormal readings without deleting them, connect evidence to management, secure instruments and record follow-up."
TD-312,JSS 1-3,Raised Systems Garden,Hypothesize,"Prepare hypothesis, variables, treatment/comparison, replicates and QC for raised-system performance. Assign sample/instrument IDs.","Demonstrate how to hypothesize according to protocol, including raw-data recording and one quality-control check.",What is the hypothesis? Which variable is the response? Why replicate? What is the effect? What uncertainty qualifies the conclusion?,"Check protocol fidelity, traceable raw data, units, replicate handling, analysis and scientific integrity.","Student quantifies the response, identifies variation/uncertainty and makes a qualified conclusion or management recommendation.","Review abnormal readings without deleting them, connect evidence to management, secure instruments and record follow-up."
TD-313,JSS 1-3,Raised Systems Garden,Test,"Prepare hypothesis, variables, treatment/comparison, replicates and QC for raised-system performance. Assign sample/instrument IDs.","Demonstrate how to test according to protocol, including raw-data recording and one quality-control check.",What is the hypothesis? Which variable is the response? Why replicate? What is the effect? What uncertainty qualifies the conclusion?,"Check protocol fidelity, traceable raw data, units, replicate handling, analysis and scientific integrity.","Student quantifies the response, identifies variation/uncertainty and makes a qualified conclusion or management recommendation.","Review abnormal readings without deleting them, connect evidence to management, secure instruments and record follow-up."
TD-314,JSS 1-3,Raised Systems Garden,Replicate,"Prepare hypothesis, variables, treatment/comparison, replicates and QC for raised-system performance. Assign sample/instrument IDs.","Demonstrate how to replicate according to protocol, including raw-data recording and one quality-control check.",What is the hypothesis? Which variable is the response? Why replicate? What is the effect? What uncertainty qualifies the conclusion?,"Check protocol fidelity, traceable raw data, units, replicate handling, analysis and scientific integrity.","Student quantifies the response, identifies variation/uncertainty and makes a qualified conclusion or management recommendation.","Review abnormal readings without deleting them, connect evidence to management, secure instruments and record follow-up."
TD-315,JSS 1-3,Raised Systems Garden,Measure,"Prepare hypothesis, variables, treatment/comparison, replicates and QC for raised-system performance. Assign sample/instrument IDs.","Demonstrate how to measure according to protocol, including raw-data recording and one quality-control check.",What is the hypothesis? Which variable is the response? Why replicate? What is the effect? What uncertainty qualifies the conclusion?,"Check protocol fidelity, traceable raw data, units, replicate handling, analysis and scientific integrity.","Student quantifies the response, identifies variation/uncertainty and makes a qualified conclusion or management recommendation.","Review abnormal readings without deleting them, connect evidence to management, secure instruments and record follow-up."
TD-316,JSS 1-3,Raised Systems Garden,Quantify,"Prepare hypothesis, variables, treatment/comparison, replicates and QC for raised-system performance. Assign sample/instrument IDs.","Demonstrate how to quantify according to protocol, including raw-data recording and one quality-control check.",What is the hypothesis? Which variable is the response? Why replicate? What is the effect? What uncertainty qualifies the conclusion?,"Check protocol fidelity, traceable raw data, units, replicate handling, analysis and scientific integrity.","Student quantifies the response, identifies variation/uncertainty and makes a qualified conclusion or management recommendation.","Review abnormal readings without deleting them, connect evidence to management, secure instruments and record follow-up."
TD-317,JSS 1-3,Raised Systems Garden,Analyze,"Prepare hypothesis, variables, treatment/comparison, replicates and QC for raised-system performance. Assign sample/instrument IDs.","Demonstrate how to analyze according to protocol, including raw-data recording and one quality-control check.",What is the hypothesis? Which variable is the response? Why replicate? What is the effect? What uncertainty qualifies the conclusion?,"Check protocol fidelity, traceable raw data, units, replicate handling, analysis and scientific integrity.","Student quantifies the response, identifies variation/uncertainty and makes a qualified conclusion or management recommendation.","Review abnormal readings without deleting them, connect evidence to management, secure instruments and record follow-up."
TD-318,JSS 1-3,Raised Systems Garden,Diagnose,"Prepare hypothesis, variables, treatment/comparison, replicates and QC for raised-system performance. Assign sample/instrument IDs.","Demonstrate how to diagnose according to protocol, including raw-data recording and one quality-control check.",What is the hypothesis? Which variable is the response? Why replicate? What is the effect? What uncertainty qualifies the conclusion?,"Check protocol fidelity, traceable raw data, units, replicate handling, analysis and scientific integrity.","Student quantifies the response, identifies variation/uncertainty and makes a qualified conclusion or management recommendation.","Review abnormal readings without deleting them, connect evidence to management, secure instruments and record follow-up."
TD-319,JSS 1-3,Raised Systems Garden,Manage,"Prepare hypothesis, variables, treatment/comparison, replicates and QC for raised-system performance. Assign sample/instrument IDs.","Demonstrate how to manage according to protocol, including raw-data recording and one quality-control check.",What is the hypothesis? Which variable is the response? Why replicate? What is the effect? What uncertainty qualifies the conclusion?,"Check protocol fidelity, traceable raw data, units, replicate handling, analysis and scientific integrity.","Student quantifies the response, identifies variation/uncertainty and makes a qualified conclusion or management recommendation.","Review abnormal readings without deleting them, connect evidence to management, secure instruments and record follow-up."
TD-320,JSS 1-3,Raised Systems Garden,Recommend,"Prepare hypothesis, variables, treatment/comparison, replicates and QC for raised-system performance. Assign sample/instrument IDs.","Demonstrate how to recommend according to protocol, including raw-data recording and one quality-control check.",What is the hypothesis? Which variable is the response? Why replicate? What is the effect? What uncertainty qualifies the conclusion?,"Check protocol fidelity, traceable raw data, units, replicate handling, analysis and scientific integrity.","Student quantifies the response, identifies variation/uncertainty and makes a qualified conclusion or management recommendation.","Review abnormal readings without deleting them, connect evidence to management, secure instruments and record follow-up."
TD-321,JSS 1-3,Grid Experiment Garden,Question,"Prepare hypothesis, variables, treatment/comparison, replicates and QC for treatments, controls and fair comparisons. Assign sample/instrument IDs.","Demonstrate how to question according to protocol, including raw-data recording and one quality-control check.",What is the hypothesis? Which variable is the response? Why replicate? What is the effect? What uncertainty qualifies the conclusion?,"Check protocol fidelity, traceable raw data, units, replicate handling, analysis and scientific integrity.","Student quantifies the response, identifies variation/uncertainty and makes a qualified conclusion or management recommendation.","Review abnormal readings without deleting them, connect evidence to management, secure instruments and record follow-up."
TD-322,JSS 1-3,Grid Experiment Garden,Hypothesize,"Prepare hypothesis, variables, treatment/comparison, replicates and QC for treatments, controls and fair comparisons. Assign sample/instrument IDs.","Demonstrate how to hypothesize according to protocol, including raw-data recording and one quality-control check.",What is the hypothesis? Which variable is the response? Why replicate? What is the effect? What uncertainty qualifies the conclusion?,"Check protocol fidelity, traceable raw data, units, replicate handling, analysis and scientific integrity.","Student quantifies the response, identifies variation/uncertainty and makes a qualified conclusion or management recommendation.","Review abnormal readings without deleting them, connect evidence to management, secure instruments and record follow-up."
TD-323,JSS 1-3,Grid Experiment Garden,Test,"Prepare hypothesis, variables, treatment/comparison, replicates and QC for treatments, controls and fair comparisons. Assign sample/instrument IDs.","Demonstrate how to test according to protocol, including raw-data recording and one quality-control check.",What is the hypothesis? Which variable is the response? Why replicate? What is the effect? What uncertainty qualifies the conclusion?,"Check protocol fidelity, traceable raw data, units, replicate handling, analysis and scientific integrity.","Student quantifies the response, identifies variation/uncertainty and makes a qualified conclusion or management recommendation.","Review abnormal readings without deleting them, connect evidence to management, secure instruments and record follow-up."
TD-324,JSS 1-3,Grid Experiment Garden,Replicate,"Prepare hypothesis, variables, treatment/comparison, replicates and QC for treatments, controls and fair comparisons. Assign sample/instrument IDs.","Demonstrate how to replicate according to protocol, including raw-data recording and one quality-control check.",What is the hypothesis? Which variable is the response? Why replicate? What is the effect? What uncertainty qualifies the conclusion?,"Check protocol fidelity, traceable raw data, units, replicate handling, analysis and scientific integrity.","Student quantifies the response, identifies variation/uncertainty and makes a qualified conclusion or management recommendation.","Review abnormal readings without deleting them, connect evidence to management, secure instruments and record follow-up."
TD-325,JSS 1-3,Grid Experiment Garden,Measure,"Prepare hypothesis, variables, treatment/comparison, replicates and QC for treatments, controls and fair comparisons. Assign sample/instrument IDs.","Demonstrate how to measure according to protocol, including raw-data recording and one quality-control check.",What is the hypothesis? Which variable is the response? Why replicate? What is the effect? What uncertainty qualifies the conclusion?,"Check protocol fidelity, traceable raw data, units, replicate handling, analysis and scientific integrity.","Student quantifies the response, identifies variation/uncertainty and makes a qualified conclusion or management recommendation.","Review abnormal readings without deleting them, connect evidence to management, secure instruments and record follow-up."
TD-326,JSS 1-3,Grid Experiment Garden,Quantify,"Prepare hypothesis, variables, treatment/comparison, replicates and QC for treatments, controls and fair comparisons. Assign sample/instrument IDs.","Demonstrate how to quantify according to protocol, including raw-data recording and one quality-control check.",What is the hypothesis? Which variable is the response? Why replicate? What is the effect? What uncertainty qualifies the conclusion?,"Check protocol fidelity, traceable raw data, units, replicate handling, analysis and scientific integrity.","Student quantifies the response, identifies variation/uncertainty and makes a qualified conclusion or management recommendation.","Review abnormal readings without deleting them, connect evidence to management, secure instruments and record follow-up."
TD-327,JSS 1-3,Grid Experiment Garden,Analyze,"Prepare hypothesis, variables, treatment/comparison, replicates and QC for treatments, controls and fair comparisons. Assign sample/instrument IDs.","Demonstrate how to analyze according to protocol, including raw-data recording and one quality-control check.",What is the hypothesis? Which variable is the response? Why replicate? What is the effect? What uncertainty qualifies the conclusion?,"Check protocol fidelity, traceable raw data, units, replicate handling, analysis and scientific integrity.","Student quantifies the response, identifies variation/uncertainty and makes a qualified conclusion or management recommendation.","Review abnormal readings without deleting them, connect evidence to management, secure instruments and record follow-up."
TD-328,JSS 1-3,Grid Experiment Garden,Diagnose,"Prepare hypothesis, variables, treatment/comparison, replicates and QC for treatments, controls and fair comparisons. Assign sample/instrument IDs.","Demonstrate how to diagnose according to protocol, including raw-data recording and one quality-control check.",What is the hypothesis? Which variable is the response? Why replicate? What is the effect? What uncertainty qualifies the conclusion?,"Check protocol fidelity, traceable raw data, units, replicate handling, analysis and scientific integrity.","Student quantifies the response, identifies variation/uncertainty and makes a qualified conclusion or management recommendation.","Review abnormal readings without deleting them, connect evidence to management, secure instruments and record follow-up."
TD-329,JSS 1-3,Grid Experiment Garden,Manage,"Prepare hypothesis, variables, treatment/comparison, replicates and QC for treatments, controls and fair comparisons. Assign sample/instrument IDs.","Demonstrate how to manage according to protocol, including raw-data recording and one quality-control check.",What is the hypothesis? Which variable is the response? Why replicate? What is the effect? What uncertainty qualifies the conclusion?,"Check protocol fidelity, traceable raw data, units, replicate handling, analysis and scientific integrity.","Student quantifies the response, identifies variation/uncertainty and makes a qualified conclusion or management recommendation.","Review abnormal readings without deleting them, connect evidence to management, secure instruments and record follow-up."
TD-330,JSS 1-3,Grid Experiment Garden,Recommend,"Prepare hypothesis, variables, treatment/comparison, replicates and QC for treatments, controls and fair comparisons. Assign sample/instrument IDs.","Demonstrate how to recommend according to protocol, including raw-data recording and one quality-control check.",What is the hypothesis? Which variable is the response? Why replicate? What is the effect? What uncertainty qualifies the conclusion?,"Check protocol fidelity, traceable raw data, units, replicate handling, analysis and scientific integrity.","Student quantifies the response, identifies variation/uncertainty and makes a qualified conclusion or management recommendation.","Review abnormal readings without deleting them, connect evidence to management, secure instruments and record follow-up."
TD-331,JSS 1-3,Crop Rotation Garden,Question,"Prepare hypothesis, variables, treatment/comparison, replicates and QC for crop-family sequence. Assign sample/instrument IDs.","Demonstrate how to question according to protocol, including raw-data recording and one quality-control check.",What is the hypothesis? Which variable is the response? Why replicate? What is the effect? What uncertainty qualifies the conclusion?,"Check protocol fidelity, traceable raw data, units, replicate handling, analysis and scientific integrity.","Student quantifies the response, identifies variation/uncertainty and makes a qualified conclusion or management recommendation.","Review abnormal readings without deleting them, connect evidence to management, secure instruments and record follow-up."
TD-332,JSS 1-3,Crop Rotation Garden,Hypothesize,"Prepare hypothesis, variables, treatment/comparison, replicates and QC for crop-family sequence. Assign sample/instrument IDs.","Demonstrate how to hypothesize according to protocol, including raw-data recording and one quality-control check.",What is the hypothesis? Which variable is the response? Why replicate? What is the effect? What uncertainty qualifies the conclusion?,"Check protocol fidelity, traceable raw data, units, replicate handling, analysis and scientific integrity.","Student quantifies the response, identifies variation/uncertainty and makes a qualified conclusion or management recommendation.","Review abnormal readings without deleting them, connect evidence to management, secure instruments and record follow-up."
TD-333,JSS 1-3,Crop Rotation Garden,Test,"Prepare hypothesis, variables, treatment/comparison, replicates and QC for crop-family sequence. Assign sample/instrument IDs.","Demonstrate how to test according to protocol, including raw-data recording and one quality-control check.",What is the hypothesis? Which variable is the response? Why replicate? What is the effect? What uncertainty qualifies the conclusion?,"Check protocol fidelity, traceable raw data, units, replicate handling, analysis and scientific integrity.","Student quantifies the response, identifies variation/uncertainty and makes a qualified conclusion or management recommendation.","Review abnormal readings without deleting them, connect evidence to management, secure instruments and record follow-up."
TD-334,JSS 1-3,Crop Rotation Garden,Replicate,"Prepare hypothesis, variables, treatment/comparison, replicates and QC for crop-family sequence. Assign sample/instrument IDs.","Demonstrate how to replicate according to protocol, including raw-data recording and one quality-control check.",What is the hypothesis? Which variable is the response? Why replicate? What is the effect? What uncertainty qualifies the conclusion?,"Check protocol fidelity, traceable raw data, units, replicate handling, analysis and scientific integrity.","Student quantifies the response, identifies variation/uncertainty and makes a qualified conclusion or management recommendation.","Review abnormal readings without deleting them, connect evidence to management, secure instruments and record follow-up."
TD-335,JSS 1-3,Crop Rotation Garden,Measure,"Prepare hypothesis, variables, treatment/comparison, replicates and QC for crop-family sequence. Assign sample/instrument IDs.","Demonstrate how to measure according to protocol, including raw-data recording and one quality-control check.",What is the hypothesis? Which variable is the response? Why replicate? What is the effect? What uncertainty qualifies the conclusion?,"Check protocol fidelity, traceable raw data, units, replicate handling, analysis and scientific integrity.","Student quantifies the response, identifies variation/uncertainty and makes a qualified conclusion or management recommendation.","Review abnormal readings without deleting them, connect evidence to management, secure instruments and record follow-up."
TD-336,JSS 1-3,Crop Rotation Garden,Quantify,"Prepare hypothesis, variables, treatment/comparison, replicates and QC for crop-family sequence. Assign sample/instrument IDs.","Demonstrate how to quantify according to protocol, including raw-data recording and one quality-control check.",What is the hypothesis? Which variable is the response? Why replicate? What is the effect? What uncertainty qualifies the conclusion?,"Check protocol fidelity, traceable raw data, units, replicate handling, analysis and scientific integrity.","Student quantifies the response, identifies variation/uncertainty and makes a qualified conclusion or management recommendation.","Review abnormal readings without deleting them, connect evidence to management, secure instruments and record follow-up."
TD-337,JSS 1-3,Crop Rotation Garden,Analyze,"Prepare hypothesis, variables, treatment/comparison, replicates and QC for crop-family sequence. Assign sample/instrument IDs.","Demonstrate how to analyze according to protocol, including raw-data recording and one quality-control check.",What is the hypothesis? Which variable is the response? Why replicate? What is the effect? What uncertainty qualifies the conclusion?,"Check protocol fidelity, traceable raw data, units, replicate handling, analysis and scientific integrity.","Student quantifies the response, identifies variation/uncertainty and makes a qualified conclusion or management recommendation.","Review abnormal readings without deleting them, connect evidence to management, secure instruments and record follow-up."
TD-338,JSS 1-3,Crop Rotation Garden,Diagnose,"Prepare hypothesis, variables, treatment/comparison, replicates and QC for crop-family sequence. Assign sample/instrument IDs.","Demonstrate how to diagnose according to protocol, including raw-data recording and one quality-control check.",What is the hypothesis? Which variable is the response? Why replicate? What is the effect? What uncertainty qualifies the conclusion?,"Check protocol fidelity, traceable raw data, units, replicate handling, analysis and scientific integrity.","Student quantifies the response, identifies variation/uncertainty and makes a qualified conclusion or management recommendation.","Review abnormal readings without deleting them, connect evidence to management, secure instruments and record follow-up."
TD-339,JSS 1-3,Crop Rotation Garden,Manage,"Prepare hypothesis, variables, treatment/comparison, replicates and QC for crop-family sequence. Assign sample/instrument IDs.","Demonstrate how to manage according to protocol, including raw-data recording and one quality-control check.",What is the hypothesis? Which variable is the response? Why replicate? What is the effect? What uncertainty qualifies the conclusion?,"Check protocol fidelity, traceable raw data, units, replicate handling, analysis and scientific integrity.","Student quantifies the response, identifies variation/uncertainty and makes a qualified conclusion or management recommendation.","Review abnormal readings without deleting them, connect evidence to management, secure instruments and record follow-up."
TD-340,JSS 1-3,Crop Rotation Garden,Recommend,"Prepare hypothesis, variables, treatment/comparison, replicates and QC for crop-family sequence. Assign sample/instrument IDs.","Demonstrate how to recommend according to protocol, including raw-data recording and one quality-control check.",What is the hypothesis? Which variable is the response? Why replicate? What is the effect? What uncertainty qualifies the conclusion?,"Check protocol fidelity, traceable raw data, units, replicate handling, analysis and scientific integrity.","Student quantifies the response, identifies variation/uncertainty and makes a qualified conclusion or management recommendation.","Review abnormal readings without deleting them, connect evidence to management, secure instruments and record follow-up."
TD-341,JSS 1-3,Intercropping Garden,Question,"Prepare hypothesis, variables, treatment/comparison, replicates and QC for component crops and land-use efficiency. Assign sample/instrument IDs.","Demonstrate how to question according to protocol, including raw-data recording and one quality-control check.",What is the hypothesis? Which variable is the response? Why replicate? What is the effect? What uncertainty qualifies the conclusion?,"Check protocol fidelity, traceable raw data, units, replicate handling, analysis and scientific integrity.","Student quantifies the response, identifies variation/uncertainty and makes a qualified conclusion or management recommendation.","Review abnormal readings without deleting them, connect evidence to management, secure instruments and record follow-up."
TD-342,JSS 1-3,Intercropping Garden,Hypothesize,"Prepare hypothesis, variables, treatment/comparison, replicates and QC for component crops and land-use efficiency. Assign sample/instrument IDs.","Demonstrate how to hypothesize according to protocol, including raw-data recording and one quality-control check.",What is the hypothesis? Which variable is the response? Why replicate? What is the effect? What uncertainty qualifies the conclusion?,"Check protocol fidelity, traceable raw data, units, replicate handling, analysis and scientific integrity.","Student quantifies the response, identifies variation/uncertainty and makes a qualified conclusion or management recommendation.","Review abnormal readings without deleting them, connect evidence to management, secure instruments and record follow-up."
TD-343,JSS 1-3,Intercropping Garden,Test,"Prepare hypothesis, variables, treatment/comparison, replicates and QC for component crops and land-use efficiency. Assign sample/instrument IDs.","Demonstrate how to test according to protocol, including raw-data recording and one quality-control check.",What is the hypothesis? Which variable is the response? Why replicate? What is the effect? What uncertainty qualifies the conclusion?,"Check protocol fidelity, traceable raw data, units, replicate handling, analysis and scientific integrity.","Student quantifies the response, identifies variation/uncertainty and makes a qualified conclusion or management recommendation.","Review abnormal readings without deleting them, connect evidence to management, secure instruments and record follow-up."
TD-344,JSS 1-3,Intercropping Garden,Replicate,"Prepare hypothesis, variables, treatment/comparison, replicates and QC for component crops and land-use efficiency. Assign sample/instrument IDs.","Demonstrate how to replicate according to protocol, including raw-data recording and one quality-control check.",What is the hypothesis? Which variable is the response? Why replicate? What is the effect? What uncertainty qualifies the conclusion?,"Check protocol fidelity, traceable raw data, units, replicate handling, analysis and scientific integrity.","Student quantifies the response, identifies variation/uncertainty and makes a qualified conclusion or management recommendation.","Review abnormal readings without deleting them, connect evidence to management, secure instruments and record follow-up."
TD-345,JSS 1-3,Intercropping Garden,Measure,"Prepare hypothesis, variables, treatment/comparison, replicates and QC for component crops and land-use efficiency. Assign sample/instrument IDs.","Demonstrate how to measure according to protocol, including raw-data recording and one quality-control check.",What is the hypothesis? Which variable is the response? Why replicate? What is the effect? What uncertainty qualifies the conclusion?,"Check protocol fidelity, traceable raw data, units, replicate handling, analysis and scientific integrity.","Student quantifies the response, identifies variation/uncertainty and makes a qualified conclusion or management recommendation.","Review abnormal readings without deleting them, connect evidence to management, secure instruments and record follow-up."
TD-346,JSS 1-3,Intercropping Garden,Quantify,"Prepare hypothesis, variables, treatment/comparison, replicates and QC for component crops and land-use efficiency. Assign sample/instrument IDs.","Demonstrate how to quantify according to protocol, including raw-data recording and one quality-control check.",What is the hypothesis? Which variable is the response? Why replicate? What is the effect? What uncertainty qualifies the conclusion?,"Check protocol fidelity, traceable raw data, units, replicate handling, analysis and scientific integrity.","Student quantifies the response, identifies variation/uncertainty and makes a qualified conclusion or management recommendation.","Review abnormal readings without deleting them, connect evidence to management, secure instruments and record follow-up."
TD-347,JSS 1-3,Intercropping Garden,Analyze,"Prepare hypothesis, variables, treatment/comparison, replicates and QC for component crops and land-use efficiency. Assign sample/instrument IDs.","Demonstrate how to analyze according to protocol, including raw-data recording and one quality-control check.",What is the hypothesis? Which variable is the response? Why replicate? What is the effect? What uncertainty qualifies the conclusion?,"Check protocol fidelity, traceable raw data, units, replicate handling, analysis and scientific integrity.","Student quantifies the response, identifies variation/uncertainty and makes a qualified conclusion or management recommendation.","Review abnormal readings without deleting them, connect evidence to management, secure instruments and record follow-up."
TD-348,JSS 1-3,Intercropping Garden,Diagnose,"Prepare hypothesis, variables, treatment/comparison, replicates and QC for component crops and land-use efficiency. Assign sample/instrument IDs.","Demonstrate how to diagnose according to protocol, including raw-data recording and one quality-control check.",What is the hypothesis? Which variable is the response? Why replicate? What is the effect? What uncertainty qualifies the conclusion?,"Check protocol fidelity, traceable raw data, units, replicate handling, analysis and scientific integrity.","Student quantifies the response, identifies variation/uncertainty and makes a qualified conclusion or management recommendation.","Review abnormal readings without deleting them, connect evidence to management, secure instruments and record follow-up."
TD-349,JSS 1-3,Intercropping Garden,Manage,"Prepare hypothesis, variables, treatment/comparison, replicates and QC for component crops and land-use efficiency. Assign sample/instrument IDs.","Demonstrate how to manage according to protocol, including raw-data recording and one quality-control check.",What is the hypothesis? Which variable is the response? Why replicate? What is the effect? What uncertainty qualifies the conclusion?,"Check protocol fidelity, traceable raw data, units, replicate handling, analysis and scientific integrity.","Student quantifies the response, identifies variation/uncertainty and makes a qualified conclusion or management recommendation.","Review abnormal readings without deleting them, connect evidence to management, secure instruments and record follow-up."
TD-350,JSS 1-3,Intercropping Garden,Recommend,"Prepare hypothesis, variables, treatment/comparison, replicates and QC for component crops and land-use efficiency. Assign sample/instrument IDs.","Demonstrate how to recommend according to protocol, including raw-data recording and one quality-control check.",What is the hypothesis? Which variable is the response? Why replicate? What is the effect? What uncertainty qualifies the conclusion?,"Check protocol fidelity, traceable raw data, units, replicate handling, analysis and scientific integrity.","Student quantifies the response, identifies variation/uncertainty and makes a qualified conclusion or management recommendation.","Review abnormal readings without deleting them, connect evidence to management, secure instruments and record follow-up."
TD-351,JSS 1-3,Water-Smart Garden,Question,"Prepare hypothesis, variables, treatment/comparison, replicates and QC for water movement and productivity. Assign sample/instrument IDs.","Demonstrate how to question according to protocol, including raw-data recording and one quality-control check.",What is the hypothesis? Which variable is the response? Why replicate? What is the effect? What uncertainty qualifies the conclusion?,"Check protocol fidelity, traceable raw data, units, replicate handling, analysis and scientific integrity.","Student quantifies the response, identifies variation/uncertainty and makes a qualified conclusion or management recommendation.","Review abnormal readings without deleting them, connect evidence to management, secure instruments and record follow-up."
TD-352,JSS 1-3,Water-Smart Garden,Hypothesize,"Prepare hypothesis, variables, treatment/comparison, replicates and QC for water movement and productivity. Assign sample/instrument IDs.","Demonstrate how to hypothesize according to protocol, including raw-data recording and one quality-control check.",What is the hypothesis? Which variable is the response? Why replicate? What is the effect? What uncertainty qualifies the conclusion?,"Check protocol fidelity, traceable raw data, units, replicate handling, analysis and scientific integrity.","Student quantifies the response, identifies variation/uncertainty and makes a qualified conclusion or management recommendation.","Review abnormal readings without deleting them, connect evidence to management, secure instruments and record follow-up."
TD-353,JSS 1-3,Water-Smart Garden,Test,"Prepare hypothesis, variables, treatment/comparison, replicates and QC for water movement and productivity. Assign sample/instrument IDs.","Demonstrate how to test according to protocol, including raw-data recording and one quality-control check.",What is the hypothesis? Which variable is the response? Why replicate? What is the effect? What uncertainty qualifies the conclusion?,"Check protocol fidelity, traceable raw data, units, replicate handling, analysis and scientific integrity.","Student quantifies the response, identifies variation/uncertainty and makes a qualified conclusion or management recommendation.","Review abnormal readings without deleting them, connect evidence to management, secure instruments and record follow-up."
TD-354,JSS 1-3,Water-Smart Garden,Replicate,"Prepare hypothesis, variables, treatment/comparison, replicates and QC for water movement and productivity. Assign sample/instrument IDs.","Demonstrate how to replicate according to protocol, including raw-data recording and one quality-control check.",What is the hypothesis? Which variable is the response? Why replicate? What is the effect? What uncertainty qualifies the conclusion?,"Check protocol fidelity, traceable raw data, units, replicate handling, analysis and scientific integrity.","Student quantifies the response, identifies variation/uncertainty and makes a qualified conclusion or management recommendation.","Review abnormal readings without deleting them, connect evidence to management, secure instruments and record follow-up."
TD-355,JSS 1-3,Water-Smart Garden,Measure,"Prepare hypothesis, variables, treatment/comparison, replicates and QC for water movement and productivity. Assign sample/instrument IDs.","Demonstrate how to measure according to protocol, including raw-data recording and one quality-control check.",What is the hypothesis? Which variable is the response? Why replicate? What is the effect? What uncertainty qualifies the conclusion?,"Check protocol fidelity, traceable raw data, units, replicate handling, analysis and scientific integrity.","Student quantifies the response, identifies variation/uncertainty and makes a qualified conclusion or management recommendation.","Review abnormal readings without deleting them, connect evidence to management, secure instruments and record follow-up."
TD-356,JSS 1-3,Water-Smart Garden,Quantify,"Prepare hypothesis, variables, treatment/comparison, replicates and QC for water movement and productivity. Assign sample/instrument IDs.","Demonstrate how to quantify according to protocol, including raw-data recording and one quality-control check.",What is the hypothesis? Which variable is the response? Why replicate? What is the effect? What uncertainty qualifies the conclusion?,"Check protocol fidelity, traceable raw data, units, replicate handling, analysis and scientific integrity.","Student quantifies the response, identifies variation/uncertainty and makes a qualified conclusion or management recommendation.","Review abnormal readings without deleting them, connect evidence to management, secure instruments and record follow-up."
TD-357,JSS 1-3,Water-Smart Garden,Analyze,"Prepare hypothesis, variables, treatment/comparison, replicates and QC for water movement and productivity. Assign sample/instrument IDs.","Demonstrate how to analyze according to protocol, including raw-data recording and one quality-control check.",What is the hypothesis? Which variable is the response? Why replicate? What is the effect? What uncertainty qualifies the conclusion?,"Check protocol fidelity, traceable raw data, units, replicate handling, analysis and scientific integrity.","Student quantifies the response, identifies variation/uncertainty and makes a qualified conclusion or management recommendation.","Review abnormal readings without deleting them, connect evidence to management, secure instruments and record follow-up."
TD-358,JSS 1-3,Water-Smart Garden,Diagnose,"Prepare hypothesis, variables, treatment/comparison, replicates and QC for water movement and productivity. Assign sample/instrument IDs.","Demonstrate how to diagnose according to protocol, including raw-data recording and one quality-control check.",What is the hypothesis? Which variable is the response? Why replicate? What is the effect? What uncertainty qualifies the conclusion?,"Check protocol fidelity, traceable raw data, units, replicate handling, analysis and scientific integrity.","Student quantifies the response, identifies variation/uncertainty and makes a qualified conclusion or management recommendation.","Review abnormal readings without deleting them, connect evidence to management, secure instruments and record follow-up."
TD-359,JSS 1-3,Water-Smart Garden,Manage,"Prepare hypothesis, variables, treatment/comparison, replicates and QC for water movement and productivity. Assign sample/instrument IDs.","Demonstrate how to manage according to protocol, including raw-data recording and one quality-control check.",What is the hypothesis? Which variable is the response? Why replicate? What is the effect? What uncertainty qualifies the conclusion?,"Check protocol fidelity, traceable raw data, units, replicate handling, analysis and scientific integrity.","Student quantifies the response, identifies variation/uncertainty and makes a qualified conclusion or management recommendation.","Review abnormal readings without deleting them, connect evidence to management, secure instruments and record follow-up."
TD-360,JSS 1-3,Water-Smart Garden,Recommend,"Prepare hypothesis, variables, treatment/comparison, replicates and QC for water movement and productivity. Assign sample/instrument IDs.","Demonstrate how to recommend according to protocol, including raw-data recording and one quality-control check.",What is the hypothesis? Which variable is the response? Why replicate? What is the effect? What uncertainty qualifies the conclusion?,"Check protocol fidelity, traceable raw data, units, replicate handling, analysis and scientific integrity.","Student quantifies the response, identifies variation/uncertainty and makes a qualified conclusion or management recommendation.","Review abnormal readings without deleting them, connect evidence to management, secure instruments and record follow-up."
TD-361,JSS 1-3,Compost & Soil Garden,Question,"Prepare hypothesis, variables, treatment/comparison, replicates and QC for compost and soil response. Assign sample/instrument IDs.","Demonstrate how to question according to protocol, including raw-data recording and one quality-control check.",What is the hypothesis? Which variable is the response? Why replicate? What is the effect? What uncertainty qualifies the conclusion?,"Check protocol fidelity, traceable raw data, units, replicate handling, analysis and scientific integrity.","Student quantifies the response, identifies variation/uncertainty and makes a qualified conclusion or management recommendation.","Review abnormal readings without deleting them, connect evidence to management, secure instruments and record follow-up."
TD-362,JSS 1-3,Compost & Soil Garden,Hypothesize,"Prepare hypothesis, variables, treatment/comparison, replicates and QC for compost and soil response. Assign sample/instrument IDs.","Demonstrate how to hypothesize according to protocol, including raw-data recording and one quality-control check.",What is the hypothesis? Which variable is the response? Why replicate? What is the effect? What uncertainty qualifies the conclusion?,"Check protocol fidelity, traceable raw data, units, replicate handling, analysis and scientific integrity.","Student quantifies the response, identifies variation/uncertainty and makes a qualified conclusion or management recommendation.","Review abnormal readings without deleting them, connect evidence to management, secure instruments and record follow-up."
TD-363,JSS 1-3,Compost & Soil Garden,Test,"Prepare hypothesis, variables, treatment/comparison, replicates and QC for compost and soil response. Assign sample/instrument IDs.","Demonstrate how to test according to protocol, including raw-data recording and one quality-control check.",What is the hypothesis? Which variable is the response? Why replicate? What is the effect? What uncertainty qualifies the conclusion?,"Check protocol fidelity, traceable raw data, units, replicate handling, analysis and scientific integrity.","Student quantifies the response, identifies variation/uncertainty and makes a qualified conclusion or management recommendation.","Review abnormal readings without deleting them, connect evidence to management, secure instruments and record follow-up."
TD-364,JSS 1-3,Compost & Soil Garden,Replicate,"Prepare hypothesis, variables, treatment/comparison, replicates and QC for compost and soil response. Assign sample/instrument IDs.","Demonstrate how to replicate according to protocol, including raw-data recording and one quality-control check.",What is the hypothesis? Which variable is the response? Why replicate? What is the effect? What uncertainty qualifies the conclusion?,"Check protocol fidelity, traceable raw data, units, replicate handling, analysis and scientific integrity.","Student quantifies the response, identifies variation/uncertainty and makes a qualified conclusion or management recommendation.","Review abnormal readings without deleting them, connect evidence to management, secure instruments and record follow-up."
TD-365,JSS 1-3,Compost & Soil Garden,Measure,"Prepare hypothesis, variables, treatment/comparison, replicates and QC for compost and soil response. Assign sample/instrument IDs.","Demonstrate how to measure according to protocol, including raw-data recording and one quality-control check.",What is the hypothesis? Which variable is the response? Why replicate? What is the effect? What uncertainty qualifies the conclusion?,"Check protocol fidelity, traceable raw data, units, replicate handling, analysis and scientific integrity.","Student quantifies the response, identifies variation/uncertainty and makes a qualified conclusion or management recommendation.","Review abnormal readings without deleting them, connect evidence to management, secure instruments and record follow-up."
TD-366,JSS 1-3,Compost & Soil Garden,Quantify,"Prepare hypothesis, variables, treatment/comparison, replicates and QC for compost and soil response. Assign sample/instrument IDs.","Demonstrate how to quantify according to protocol, including raw-data recording and one quality-control check.",What is the hypothesis? Which variable is the response? Why replicate? What is the effect? What uncertainty qualifies the conclusion?,"Check protocol fidelity, traceable raw data, units, replicate handling, analysis and scientific integrity.","Student quantifies the response, identifies variation/uncertainty and makes a qualified conclusion or management recommendation.","Review abnormal readings without deleting them, connect evidence to management, secure instruments and record follow-up."
TD-367,JSS 1-3,Compost & Soil Garden,Analyze,"Prepare hypothesis, variables, treatment/comparison, replicates and QC for compost and soil response. Assign sample/instrument IDs.","Demonstrate how to analyze according to protocol, including raw-data recording and one quality-control check.",What is the hypothesis? Which variable is the response? Why replicate? What is the effect? What uncertainty qualifies the conclusion?,"Check protocol fidelity, traceable raw data, units, replicate handling, analysis and scientific integrity.","Student quantifies the response, identifies variation/uncertainty and makes a qualified conclusion or management recommendation.","Review abnormal readings without deleting them, connect evidence to management, secure instruments and record follow-up."
TD-368,JSS 1-3,Compost & Soil Garden,Diagnose,"Prepare hypothesis, variables, treatment/comparison, replicates and QC for compost and soil response. Assign sample/instrument IDs.","Demonstrate how to diagnose according to protocol, including raw-data recording and one quality-control check.",What is the hypothesis? Which variable is the response? Why replicate? What is the effect? What uncertainty qualifies the conclusion?,"Check protocol fidelity, traceable raw data, units, replicate handling, analysis and scientific integrity.","Student quantifies the response, identifies variation/uncertainty and makes a qualified conclusion or management recommendation.","Review abnormal readings without deleting them, connect evidence to management, secure instruments and record follow-up."
TD-369,JSS 1-3,Compost & Soil Garden,Manage,"Prepare hypothesis, variables, treatment/comparison, replicates and QC for compost and soil response. Assign sample/instrument IDs.","Demonstrate how to manage according to protocol, including raw-data recording and one quality-control check.",What is the hypothesis? Which variable is the response? Why replicate? What is the effect? What uncertainty qualifies the conclusion?,"Check protocol fidelity, traceable raw data, units, replicate handling, analysis and scientific integrity.","Student quantifies the response, identifies variation/uncertainty and makes a qualified conclusion or management recommendation.","Review abnormal readings without deleting them, connect evidence to management, secure instruments and record follow-up."
TD-370,JSS 1-3,Compost & Soil Garden,Recommend,"Prepare hypothesis, variables, treatment/comparison, replicates and QC for compost and soil response. Assign sample/instrument IDs.","Demonstrate how to recommend according to protocol, including raw-data recording and one quality-control check.",What is the hypothesis? Which variable is the response? Why replicate? What is the effect? What uncertainty qualifies the conclusion?,"Check protocol fidelity, traceable raw data, units, replicate handling, analysis and scientific integrity.","Student quantifies the response, identifies variation/uncertainty and makes a qualified conclusion or management recommendation.","Review abnormal readings without deleting them, connect evidence to management, secure instruments and record follow-up."
TD-371,JSS 1-3,Soilless Learning Garden,Question,"Prepare hypothesis, variables, treatment/comparison, replicates and QC for solution and root-zone dynamics. Assign sample/instrument IDs.","Demonstrate how to question according to protocol, including raw-data recording and one quality-control check.",What is the hypothesis? Which variable is the response? Why replicate? What is the effect? What uncertainty qualifies the conclusion?,"Check protocol fidelity, traceable raw data, units, replicate handling, analysis and scientific integrity.","Student quantifies the response, identifies variation/uncertainty and makes a qualified conclusion or management recommendation.","Review abnormal readings without deleting them, connect evidence to management, secure instruments and record follow-up."
TD-372,JSS 1-3,Soilless Learning Garden,Hypothesize,"Prepare hypothesis, variables, treatment/comparison, replicates and QC for solution and root-zone dynamics. Assign sample/instrument IDs.","Demonstrate how to hypothesize according to protocol, including raw-data recording and one quality-control check.",What is the hypothesis? Which variable is the response? Why replicate? What is the effect? What uncertainty qualifies the conclusion?,"Check protocol fidelity, traceable raw data, units, replicate handling, analysis and scientific integrity.","Student quantifies the response, identifies variation/uncertainty and makes a qualified conclusion or management recommendation.","Review abnormal readings without deleting them, connect evidence to management, secure instruments and record follow-up."
TD-373,JSS 1-3,Soilless Learning Garden,Test,"Prepare hypothesis, variables, treatment/comparison, replicates and QC for solution and root-zone dynamics. Assign sample/instrument IDs.","Demonstrate how to test according to protocol, including raw-data recording and one quality-control check.",What is the hypothesis? Which variable is the response? Why replicate? What is the effect? What uncertainty qualifies the conclusion?,"Check protocol fidelity, traceable raw data, units, replicate handling, analysis and scientific integrity.","Student quantifies the response, identifies variation/uncertainty and makes a qualified conclusion or management recommendation.","Review abnormal readings without deleting them, connect evidence to management, secure instruments and record follow-up."
TD-374,JSS 1-3,Soilless Learning Garden,Replicate,"Prepare hypothesis, variables, treatment/comparison, replicates and QC for solution and root-zone dynamics. Assign sample/instrument IDs.","Demonstrate how to replicate according to protocol, including raw-data recording and one quality-control check.",What is the hypothesis? Which variable is the response? Why replicate? What is the effect? What uncertainty qualifies the conclusion?,"Check protocol fidelity, traceable raw data, units, replicate handling, analysis and scientific integrity.","Student quantifies the response, identifies variation/uncertainty and makes a qualified conclusion or management recommendation.","Review abnormal readings without deleting them, connect evidence to management, secure instruments and record follow-up."
TD-375,JSS 1-3,Soilless Learning Garden,Measure,"Prepare hypothesis, variables, treatment/comparison, replicates and QC for solution and root-zone dynamics. Assign sample/instrument IDs.","Demonstrate how to measure according to protocol, including raw-data recording and one quality-control check.",What is the hypothesis? Which variable is the response? Why replicate? What is the effect? What uncertainty qualifies the conclusion?,"Check protocol fidelity, traceable raw data, units, replicate handling, analysis and scientific integrity.","Student quantifies the response, identifies variation/uncertainty and makes a qualified conclusion or management recommendation.","Review abnormal readings without deleting them, connect evidence to management, secure instruments and record follow-up."
TD-376,JSS 1-3,Soilless Learning Garden,Quantify,"Prepare hypothesis, variables, treatment/comparison, replicates and QC for solution and root-zone dynamics. Assign sample/instrument IDs.","Demonstrate how to quantify according to protocol, including raw-data recording and one quality-control check.",What is the hypothesis? Which variable is the response? Why replicate? What is the effect? What uncertainty qualifies the conclusion?,"Check protocol fidelity, traceable raw data, units, replicate handling, analysis and scientific integrity.","Student quantifies the response, identifies variation/uncertainty and makes a qualified conclusion or management recommendation.","Review abnormal readings without deleting them, connect evidence to management, secure instruments and record follow-up."
TD-377,JSS 1-3,Soilless Learning Garden,Analyze,"Prepare hypothesis, variables, treatment/comparison, replicates and QC for solution and root-zone dynamics. Assign sample/instrument IDs.","Demonstrate how to analyze according to protocol, including raw-data recording and one quality-control check.",What is the hypothesis? Which variable is the response? Why replicate? What is the effect? What uncertainty qualifies the conclusion?,"Check protocol fidelity, traceable raw data, units, replicate handling, analysis and scientific integrity.","Student quantifies the response, identifies variation/uncertainty and makes a qualified conclusion or management recommendation.","Review abnormal readings without deleting them, connect evidence to management, secure instruments and record follow-up."
TD-378,JSS 1-3,Soilless Learning Garden,Diagnose,"Prepare hypothesis, variables, treatment/comparison, replicates and QC for solution and root-zone dynamics. Assign sample/instrument IDs.","Demonstrate how to diagnose according to protocol, including raw-data recording and one quality-control check.",What is the hypothesis? Which variable is the response? Why replicate? What is the effect? What uncertainty qualifies the conclusion?,"Check protocol fidelity, traceable raw data, units, replicate handling, analysis and scientific integrity.","Student quantifies the response, identifies variation/uncertainty and makes a qualified conclusion or management recommendation.","Review abnormal readings without deleting them, connect evidence to management, secure instruments and record follow-up."
TD-379,JSS 1-3,Soilless Learning Garden,Manage,"Prepare hypothesis, variables, treatment/comparison, replicates and QC for solution and root-zone dynamics. Assign sample/instrument IDs.","Demonstrate how to manage according to protocol, including raw-data recording and one quality-control check.",What is the hypothesis? Which variable is the response? Why replicate? What is the effect? What uncertainty qualifies the conclusion?,"Check protocol fidelity, traceable raw data, units, replicate handling, analysis and scientific integrity.","Student quantifies the response, identifies variation/uncertainty and makes a qualified conclusion or management recommendation.","Review abnormal readings without deleting them, connect evidence to management, secure instruments and record follow-up."
TD-380,JSS 1-3,Soilless Learning Garden,Recommend,"Prepare hypothesis, variables, treatment/comparison, replicates and QC for solution and root-zone dynamics. Assign sample/instrument IDs.","Demonstrate how to recommend according to protocol, including raw-data recording and one quality-control check.",What is the hypothesis? Which variable is the response? Why replicate? What is the effect? What uncertainty qualifies the conclusion?,"Check protocol fidelity, traceable raw data, units, replicate handling, analysis and scientific integrity.","Student quantifies the response, identifies variation/uncertainty and makes a qualified conclusion or management recommendation.","Review abnormal readings without deleting them, connect evidence to management, secure instruments and record follow-up."
TD-381,JSS 1-3,Sensor-Ready Garden,Question,"Prepare hypothesis, variables, treatment/comparison, replicates and QC for sensor quality and placement. Assign sample/instrument IDs.","Demonstrate how to question according to protocol, including raw-data recording and one quality-control check.",What is the hypothesis? Which variable is the response? Why replicate? What is the effect? What uncertainty qualifies the conclusion?,"Check protocol fidelity, traceable raw data, units, replicate handling, analysis and scientific integrity.","Student quantifies the response, identifies variation/uncertainty and makes a qualified conclusion or management recommendation.","Review abnormal readings without deleting them, connect evidence to management, secure instruments and record follow-up."
TD-382,JSS 1-3,Sensor-Ready Garden,Hypothesize,"Prepare hypothesis, variables, treatment/comparison, replicates and QC for sensor quality and placement. Assign sample/instrument IDs.","Demonstrate how to hypothesize according to protocol, including raw-data recording and one quality-control check.",What is the hypothesis? Which variable is the response? Why replicate? What is the effect? What uncertainty qualifies the conclusion?,"Check protocol fidelity, traceable raw data, units, replicate handling, analysis and scientific integrity.","Student quantifies the response, identifies variation/uncertainty and makes a qualified conclusion or management recommendation.","Review abnormal readings without deleting them, connect evidence to management, secure instruments and record follow-up."
TD-383,JSS 1-3,Sensor-Ready Garden,Test,"Prepare hypothesis, variables, treatment/comparison, replicates and QC for sensor quality and placement. Assign sample/instrument IDs.","Demonstrate how to test according to protocol, including raw-data recording and one quality-control check.",What is the hypothesis? Which variable is the response? Why replicate? What is the effect? What uncertainty qualifies the conclusion?,"Check protocol fidelity, traceable raw data, units, replicate handling, analysis and scientific integrity.","Student quantifies the response, identifies variation/uncertainty and makes a qualified conclusion or management recommendation.","Review abnormal readings without deleting them, connect evidence to management, secure instruments and record follow-up."
TD-384,JSS 1-3,Sensor-Ready Garden,Replicate,"Prepare hypothesis, variables, treatment/comparison, replicates and QC for sensor quality and placement. Assign sample/instrument IDs.","Demonstrate how to replicate according to protocol, including raw-data recording and one quality-control check.",What is the hypothesis? Which variable is the response? Why replicate? What is the effect? What uncertainty qualifies the conclusion?,"Check protocol fidelity, traceable raw data, units, replicate handling, analysis and scientific integrity.","Student quantifies the response, identifies variation/uncertainty and makes a qualified conclusion or management recommendation.","Review abnormal readings without deleting them, connect evidence to management, secure instruments and record follow-up."
TD-385,JSS 1-3,Sensor-Ready Garden,Measure,"Prepare hypothesis, variables, treatment/comparison, replicates and QC for sensor quality and placement. Assign sample/instrument IDs.","Demonstrate how to measure according to protocol, including raw-data recording and one quality-control check.",What is the hypothesis? Which variable is the response? Why replicate? What is the effect? What uncertainty qualifies the conclusion?,"Check protocol fidelity, traceable raw data, units, replicate handling, analysis and scientific integrity.","Student quantifies the response, identifies variation/uncertainty and makes a qualified conclusion or management recommendation.","Review abnormal readings without deleting them, connect evidence to management, secure instruments and record follow-up."
TD-386,JSS 1-3,Sensor-Ready Garden,Quantify,"Prepare hypothesis, variables, treatment/comparison, replicates and QC for sensor quality and placement. Assign sample/instrument IDs.","Demonstrate how to quantify according to protocol, including raw-data recording and one quality-control check.",What is the hypothesis? Which variable is the response? Why replicate? What is the effect? What uncertainty qualifies the conclusion?,"Check protocol fidelity, traceable raw data, units, replicate handling, analysis and scientific integrity.","Student quantifies the response, identifies variation/uncertainty and makes a qualified conclusion or management recommendation.","Review abnormal readings without deleting them, connect evidence to management, secure instruments and record follow-up."
TD-387,JSS 1-3,Sensor-Ready Garden,Analyze,"Prepare hypothesis, variables, treatment/comparison, replicates and QC for sensor quality and placement. Assign sample/instrument IDs.","Demonstrate how to analyze according to protocol, including raw-data recording and one quality-control check.",What is the hypothesis? Which variable is the response? Why replicate? What is the effect? What uncertainty qualifies the conclusion?,"Check protocol fidelity, traceable raw data, units, replicate handling, analysis and scientific integrity.","Student quantifies the response, identifies variation/uncertainty and makes a qualified conclusion or management recommendation.","Review abnormal readings without deleting them, connect evidence to management, secure instruments and record follow-up."
TD-388,JSS 1-3,Sensor-Ready Garden,Diagnose,"Prepare hypothesis, variables, treatment/comparison, replicates and QC for sensor quality and placement. Assign sample/instrument IDs.","Demonstrate how to diagnose according to protocol, including raw-data recording and one quality-control check.",What is the hypothesis? Which variable is the response? Why replicate? What is the effect? What uncertainty qualifies the conclusion?,"Check protocol fidelity, traceable raw data, units, replicate handling, analysis and scientific integrity.","Student quantifies the response, identifies variation/uncertainty and makes a qualified conclusion or management recommendation.","Review abnormal readings without deleting them, connect evidence to management, secure instruments and record follow-up."
TD-389,JSS 1-3,Sensor-Ready Garden,Manage,"Prepare hypothesis, variables, treatment/comparison, replicates and QC for sensor quality and placement. Assign sample/instrument IDs.","Demonstrate how to manage according to protocol, including raw-data recording and one quality-control check.",What is the hypothesis? Which variable is the response? Why replicate? What is the effect? What uncertainty qualifies the conclusion?,"Check protocol fidelity, traceable raw data, units, replicate handling, analysis and scientific integrity.","Student quantifies the response, identifies variation/uncertainty and makes a qualified conclusion or management recommendation.","Review abnormal readings without deleting them, connect evidence to management, secure instruments and record follow-up."
TD-390,JSS 1-3,Sensor-Ready Garden,Recommend,"Prepare hypothesis, variables, treatment/comparison, replicates and QC for sensor quality and placement. Assign sample/instrument IDs.","Demonstrate how to recommend according to protocol, including raw-data recording and one quality-control check.",What is the hypothesis? Which variable is the response? Why replicate? What is the effect? What uncertainty qualifies the conclusion?,"Check protocol fidelity, traceable raw data, units, replicate handling, analysis and scientific integrity.","Student quantifies the response, identifies variation/uncertainty and makes a qualified conclusion or management recommendation.","Review abnormal readings without deleting them, connect evidence to management, secure instruments and record follow-up."
TD-391,JSS 1-3,Applied Systems Garden,Question,"Prepare hypothesis, variables, treatment/comparison, replicates and QC for stocks, flows, feedbacks and trade-offs. Assign sample/instrument IDs.","Demonstrate how to question according to protocol, including raw-data recording and one quality-control check.",What is the hypothesis? Which variable is the response? Why replicate? What is the effect? What uncertainty qualifies the conclusion?,"Check protocol fidelity, traceable raw data, units, replicate handling, analysis and scientific integrity.","Student quantifies the response, identifies variation/uncertainty and makes a qualified conclusion or management recommendation.","Review abnormal readings without deleting them, connect evidence to management, secure instruments and record follow-up."
TD-392,JSS 1-3,Applied Systems Garden,Hypothesize,"Prepare hypothesis, variables, treatment/comparison, replicates and QC for stocks, flows, feedbacks and trade-offs. Assign sample/instrument IDs.","Demonstrate how to hypothesize according to protocol, including raw-data recording and one quality-control check.",What is the hypothesis? Which variable is the response? Why replicate? What is the effect? What uncertainty qualifies the conclusion?,"Check protocol fidelity, traceable raw data, units, replicate handling, analysis and scientific integrity.","Student quantifies the response, identifies variation/uncertainty and makes a qualified conclusion or management recommendation.","Review abnormal readings without deleting them, connect evidence to management, secure instruments and record follow-up."
TD-393,JSS 1-3,Applied Systems Garden,Test,"Prepare hypothesis, variables, treatment/comparison, replicates and QC for stocks, flows, feedbacks and trade-offs. Assign sample/instrument IDs.","Demonstrate how to test according to protocol, including raw-data recording and one quality-control check.",What is the hypothesis? Which variable is the response? Why replicate? What is the effect? What uncertainty qualifies the conclusion?,"Check protocol fidelity, traceable raw data, units, replicate handling, analysis and scientific integrity.","Student quantifies the response, identifies variation/uncertainty and makes a qualified conclusion or management recommendation.","Review abnormal readings without deleting them, connect evidence to management, secure instruments and record follow-up."
TD-394,JSS 1-3,Applied Systems Garden,Replicate,"Prepare hypothesis, variables, treatment/comparison, replicates and QC for stocks, flows, feedbacks and trade-offs. Assign sample/instrument IDs.","Demonstrate how to replicate according to protocol, including raw-data recording and one quality-control check.",What is the hypothesis? Which variable is the response? Why replicate? What is the effect? What uncertainty qualifies the conclusion?,"Check protocol fidelity, traceable raw data, units, replicate handling, analysis and scientific integrity.","Student quantifies the response, identifies variation/uncertainty and makes a qualified conclusion or management recommendation.","Review abnormal readings without deleting them, connect evidence to management, secure instruments and record follow-up."
TD-395,JSS 1-3,Applied Systems Garden,Measure,"Prepare hypothesis, variables, treatment/comparison, replicates and QC for stocks, flows, feedbacks and trade-offs. Assign sample/instrument IDs.","Demonstrate how to measure according to protocol, including raw-data recording and one quality-control check.",What is the hypothesis? Which variable is the response? Why replicate? What is the effect? What uncertainty qualifies the conclusion?,"Check protocol fidelity, traceable raw data, units, replicate handling, analysis and scientific integrity.","Student quantifies the response, identifies variation/uncertainty and makes a qualified conclusion or management recommendation.","Review abnormal readings without deleting them, connect evidence to management, secure instruments and record follow-up."
TD-396,JSS 1-3,Applied Systems Garden,Quantify,"Prepare hypothesis, variables, treatment/comparison, replicates and QC for stocks, flows, feedbacks and trade-offs. Assign sample/instrument IDs.","Demonstrate how to quantify according to protocol, including raw-data recording and one quality-control check.",What is the hypothesis? Which variable is the response? Why replicate? What is the effect? What uncertainty qualifies the conclusion?,"Check protocol fidelity, traceable raw data, units, replicate handling, analysis and scientific integrity.","Student quantifies the response, identifies variation/uncertainty and makes a qualified conclusion or management recommendation.","Review abnormal readings without deleting them, connect evidence to management, secure instruments and record follow-up."
TD-397,JSS 1-3,Applied Systems Garden,Analyze,"Prepare hypothesis, variables, treatment/comparison, replicates and QC for stocks, flows, feedbacks and trade-offs. Assign sample/instrument IDs.","Demonstrate how to analyze according to protocol, including raw-data recording and one quality-control check.",What is the hypothesis? Which variable is the response? Why replicate? What is the effect? What uncertainty qualifies the conclusion?,"Check protocol fidelity, traceable raw data, units, replicate handling, analysis and scientific integrity.","Student quantifies the response, identifies variation/uncertainty and makes a qualified conclusion or management recommendation.","Review abnormal readings without deleting them, connect evidence to management, secure instruments and record follow-up."
TD-398,JSS 1-3,Applied Systems Garden,Diagnose,"Prepare hypothesis, variables, treatment/comparison, replicates and QC for stocks, flows, feedbacks and trade-offs. Assign sample/instrument IDs.","Demonstrate how to diagnose according to protocol, including raw-data recording and one quality-control check.",What is the hypothesis? Which variable is the response? Why replicate? What is the effect? What uncertainty qualifies the conclusion?,"Check protocol fidelity, traceable raw data, units, replicate handling, analysis and scientific integrity.","Student quantifies the response, identifies variation/uncertainty and makes a qualified conclusion or management recommendation.","Review abnormal readings without deleting them, connect evidence to management, secure instruments and record follow-up."
TD-399,JSS 1-3,Applied Systems Garden,Manage,"Prepare hypothesis, variables, treatment/comparison, replicates and QC for stocks, flows, feedbacks and trade-offs. Assign sample/instrument IDs.","Demonstrate how to manage according to protocol, including raw-data recording and one quality-control check.",What is the hypothesis? Which variable is the response? Why replicate? What is the effect? What uncertainty qualifies the conclusion?,"Check protocol fidelity, traceable raw data, units, replicate handling, analysis and scientific integrity.","Student quantifies the response, identifies variation/uncertainty and makes a qualified conclusion or management recommendation.","Review abnormal readings without deleting them, connect evidence to management, secure instruments and record follow-up."
TD-400,JSS 1-3,Applied Systems Garden,Recommend,"Prepare hypothesis, variables, treatment/comparison, replicates and QC for stocks, flows, feedbacks and trade-offs. Assign sample/instrument IDs.","Demonstrate how to recommend according to protocol, including raw-data recording and one quality-control check.",What is the hypothesis? Which variable is the response? Why replicate? What is the effect? What uncertainty qualifies the conclusion?,"Check protocol fidelity, traceable raw data, units, replicate handling, analysis and scientific integrity.","Student quantifies the response, identifies variation/uncertainty and makes a qualified conclusion or management recommendation.","Review abnormal readings without deleting them, connect evidence to management, secure instruments and record follow-up."
TD-401,SSS 1-3,Advanced Production Garden,Frame,"Specify objective, system boundary, performance metric, assumptions, constraints, acceptance criteria and QC for production and resource-use efficiency.","Demonstrate how to frame using the protocol, instrument/reference IDs, traceable data and validation/QC requirements.",What decision must this evidence support? Which assumption matters? How is quality checked? What trade-off limits optimization?,"Check reproducibility, calibration/reference evidence, calculations/models, uncertainty, validation and technical reasoning.","Student produces technically defensible evidence that supports a design, operational or optimization decision.","Document limitations and corrective actions, secure systems, and define the next validation, sensitivity or prototype test."
TD-402,SSS 1-3,Advanced Production Garden,Design,"Specify objective, system boundary, performance metric, assumptions, constraints, acceptance criteria and QC for production and resource-use efficiency.","Demonstrate how to design using the protocol, instrument/reference IDs, traceable data and validation/QC requirements.",What decision must this evidence support? Which assumption matters? How is quality checked? What trade-off limits optimization?,"Check reproducibility, calibration/reference evidence, calculations/models, uncertainty, validation and technical reasoning.","Student produces technically defensible evidence that supports a design, operational or optimization decision.","Document limitations and corrective actions, secure systems, and define the next validation, sensitivity or prototype test."
TD-403,SSS 1-3,Advanced Production Garden,Instrument,"Specify objective, system boundary, performance metric, assumptions, constraints, acceptance criteria and QC for production and resource-use efficiency.","Demonstrate how to instrument using the protocol, instrument/reference IDs, traceable data and validation/QC requirements.",What decision must this evidence support? Which assumption matters? How is quality checked? What trade-off limits optimization?,"Check reproducibility, calibration/reference evidence, calculations/models, uncertainty, validation and technical reasoning.","Student produces technically defensible evidence that supports a design, operational or optimization decision.","Document limitations and corrective actions, secure systems, and define the next validation, sensitivity or prototype test."
TD-404,SSS 1-3,Advanced Production Garden,Calibrate,"Specify objective, system boundary, performance metric, assumptions, constraints, acceptance criteria and QC for production and resource-use efficiency.","Demonstrate how to calibrate using the protocol, instrument/reference IDs, traceable data and validation/QC requirements.",What decision must this evidence support? Which assumption matters? How is quality checked? What trade-off limits optimization?,"Check reproducibility, calibration/reference evidence, calculations/models, uncertainty, validation and technical reasoning.","Student produces technically defensible evidence that supports a design, operational or optimization decision.","Document limitations and corrective actions, secure systems, and define the next validation, sensitivity or prototype test."
TD-405,SSS 1-3,Advanced Production Garden,Model,"Specify objective, system boundary, performance metric, assumptions, constraints, acceptance criteria and QC for production and resource-use efficiency.","Demonstrate how to model using the protocol, instrument/reference IDs, traceable data and validation/QC requirements.",What decision must this evidence support? Which assumption matters? How is quality checked? What trade-off limits optimization?,"Check reproducibility, calibration/reference evidence, calculations/models, uncertainty, validation and technical reasoning.","Student produces technically defensible evidence that supports a design, operational or optimization decision.","Document limitations and corrective actions, secure systems, and define the next validation, sensitivity or prototype test."
TD-406,SSS 1-3,Advanced Production Garden,Validate,"Specify objective, system boundary, performance metric, assumptions, constraints, acceptance criteria and QC for production and resource-use efficiency.","Demonstrate how to validate using the protocol, instrument/reference IDs, traceable data and validation/QC requirements.",What decision must this evidence support? Which assumption matters? How is quality checked? What trade-off limits optimization?,"Check reproducibility, calibration/reference evidence, calculations/models, uncertainty, validation and technical reasoning.","Student produces technically defensible evidence that supports a design, operational or optimization decision.","Document limitations and corrective actions, secure systems, and define the next validation, sensitivity or prototype test."
TD-407,SSS 1-3,Advanced Production Garden,Evaluate,"Specify objective, system boundary, performance metric, assumptions, constraints, acceptance criteria and QC for production and resource-use efficiency.","Demonstrate how to evaluate using the protocol, instrument/reference IDs, traceable data and validation/QC requirements.",What decision must this evidence support? Which assumption matters? How is quality checked? What trade-off limits optimization?,"Check reproducibility, calibration/reference evidence, calculations/models, uncertainty, validation and technical reasoning.","Student produces technically defensible evidence that supports a design, operational or optimization decision.","Document limitations and corrective actions, secure systems, and define the next validation, sensitivity or prototype test."
TD-408,SSS 1-3,Advanced Production Garden,Optimize,"Specify objective, system boundary, performance metric, assumptions, constraints, acceptance criteria and QC for production and resource-use efficiency.","Demonstrate how to optimize using the protocol, instrument/reference IDs, traceable data and validation/QC requirements.",What decision must this evidence support? Which assumption matters? How is quality checked? What trade-off limits optimization?,"Check reproducibility, calibration/reference evidence, calculations/models, uncertainty, validation and technical reasoning.","Student produces technically defensible evidence that supports a design, operational or optimization decision.","Document limitations and corrective actions, secure systems, and define the next validation, sensitivity or prototype test."
TD-409,SSS 1-3,Advanced Production Garden,Stress-test,"Specify objective, system boundary, performance metric, assumptions, constraints, acceptance criteria and QC for production and resource-use efficiency.","Demonstrate how to stress-test using the protocol, instrument/reference IDs, traceable data and validation/QC requirements.",What decision must this evidence support? Which assumption matters? How is quality checked? What trade-off limits optimization?,"Check reproducibility, calibration/reference evidence, calculations/models, uncertainty, validation and technical reasoning.","Student produces technically defensible evidence that supports a design, operational or optimization decision.","Document limitations and corrective actions, secure systems, and define the next validation, sensitivity or prototype test."
TD-410,SSS 1-3,Advanced Production Garden,Recommend,"Specify objective, system boundary, performance metric, assumptions, constraints, acceptance criteria and QC for production and resource-use efficiency.","Demonstrate how to recommend using the protocol, instrument/reference IDs, traceable data and validation/QC requirements.",What decision must this evidence support? Which assumption matters? How is quality checked? What trade-off limits optimization?,"Check reproducibility, calibration/reference evidence, calculations/models, uncertainty, validation and technical reasoning.","Student produces technically defensible evidence that supports a design, operational or optimization decision.","Document limitations and corrective actions, secure systems, and define the next validation, sensitivity or prototype test."
TD-411,SSS 1-3,Crop Trial Garden,Frame,"Specify objective, system boundary, performance metric, assumptions, constraints, acceptance criteria and QC for replicated treatment trials.","Demonstrate how to frame using the protocol, instrument/reference IDs, traceable data and validation/QC requirements.",What decision must this evidence support? Which assumption matters? How is quality checked? What trade-off limits optimization?,"Check reproducibility, calibration/reference evidence, calculations/models, uncertainty, validation and technical reasoning.","Student produces technically defensible evidence that supports a design, operational or optimization decision.","Document limitations and corrective actions, secure systems, and define the next validation, sensitivity or prototype test."
TD-412,SSS 1-3,Crop Trial Garden,Design,"Specify objective, system boundary, performance metric, assumptions, constraints, acceptance criteria and QC for replicated treatment trials.","Demonstrate how to design using the protocol, instrument/reference IDs, traceable data and validation/QC requirements.",What decision must this evidence support? Which assumption matters? How is quality checked? What trade-off limits optimization?,"Check reproducibility, calibration/reference evidence, calculations/models, uncertainty, validation and technical reasoning.","Student produces technically defensible evidence that supports a design, operational or optimization decision.","Document limitations and corrective actions, secure systems, and define the next validation, sensitivity or prototype test."
TD-413,SSS 1-3,Crop Trial Garden,Instrument,"Specify objective, system boundary, performance metric, assumptions, constraints, acceptance criteria and QC for replicated treatment trials.","Demonstrate how to instrument using the protocol, instrument/reference IDs, traceable data and validation/QC requirements.",What decision must this evidence support? Which assumption matters? How is quality checked? What trade-off limits optimization?,"Check reproducibility, calibration/reference evidence, calculations/models, uncertainty, validation and technical reasoning.","Student produces technically defensible evidence that supports a design, operational or optimization decision.","Document limitations and corrective actions, secure systems, and define the next validation, sensitivity or prototype test."
TD-414,SSS 1-3,Crop Trial Garden,Calibrate,"Specify objective, system boundary, performance metric, assumptions, constraints, acceptance criteria and QC for replicated treatment trials.","Demonstrate how to calibrate using the protocol, instrument/reference IDs, traceable data and validation/QC requirements.",What decision must this evidence support? Which assumption matters? How is quality checked? What trade-off limits optimization?,"Check reproducibility, calibration/reference evidence, calculations/models, uncertainty, validation and technical reasoning.","Student produces technically defensible evidence that supports a design, operational or optimization decision.","Document limitations and corrective actions, secure systems, and define the next validation, sensitivity or prototype test."
TD-415,SSS 1-3,Crop Trial Garden,Model,"Specify objective, system boundary, performance metric, assumptions, constraints, acceptance criteria and QC for replicated treatment trials.","Demonstrate how to model using the protocol, instrument/reference IDs, traceable data and validation/QC requirements.",What decision must this evidence support? Which assumption matters? How is quality checked? What trade-off limits optimization?,"Check reproducibility, calibration/reference evidence, calculations/models, uncertainty, validation and technical reasoning.","Student produces technically defensible evidence that supports a design, operational or optimization decision.","Document limitations and corrective actions, secure systems, and define the next validation, sensitivity or prototype test."
TD-416,SSS 1-3,Crop Trial Garden,Validate,"Specify objective, system boundary, performance metric, assumptions, constraints, acceptance criteria and QC for replicated treatment trials.","Demonstrate how to validate using the protocol, instrument/reference IDs, traceable data and validation/QC requirements.",What decision must this evidence support? Which assumption matters? How is quality checked? What trade-off limits optimization?,"Check reproducibility, calibration/reference evidence, calculations/models, uncertainty, validation and technical reasoning.","Student produces technically defensible evidence that supports a design, operational or optimization decision.","Document limitations and corrective actions, secure systems, and define the next validation, sensitivity or prototype test."
TD-417,SSS 1-3,Crop Trial Garden,Evaluate,"Specify objective, system boundary, performance metric, assumptions, constraints, acceptance criteria and QC for replicated treatment trials.","Demonstrate how to evaluate using the protocol, instrument/reference IDs, traceable data and validation/QC requirements.",What decision must this evidence support? Which assumption matters? How is quality checked? What trade-off limits optimization?,"Check reproducibility, calibration/reference evidence, calculations/models, uncertainty, validation and technical reasoning.","Student produces technically defensible evidence that supports a design, operational or optimization decision.","Document limitations and corrective actions, secure systems, and define the next validation, sensitivity or prototype test."
TD-418,SSS 1-3,Crop Trial Garden,Optimize,"Specify objective, system boundary, performance metric, assumptions, constraints, acceptance criteria and QC for replicated treatment trials.","Demonstrate how to optimize using the protocol, instrument/reference IDs, traceable data and validation/QC requirements.",What decision must this evidence support? Which assumption matters? How is quality checked? What trade-off limits optimization?,"Check reproducibility, calibration/reference evidence, calculations/models, uncertainty, validation and technical reasoning.","Student produces technically defensible evidence that supports a design, operational or optimization decision.","Document limitations and corrective actions, secure systems, and define the next validation, sensitivity or prototype test."
TD-419,SSS 1-3,Crop Trial Garden,Stress-test,"Specify objective, system boundary, performance metric, assumptions, constraints, acceptance criteria and QC for replicated treatment trials.","Demonstrate how to stress-test using the protocol, instrument/reference IDs, traceable data and validation/QC requirements.",What decision must this evidence support? Which assumption matters? How is quality checked? What trade-off limits optimization?,"Check reproducibility, calibration/reference evidence, calculations/models, uncertainty, validation and technical reasoning.","Student produces technically defensible evidence that supports a design, operational or optimization decision.","Document limitations and corrective actions, secure systems, and define the next validation, sensitivity or prototype test."
TD-420,SSS 1-3,Crop Trial Garden,Recommend,"Specify objective, system boundary, performance metric, assumptions, constraints, acceptance criteria and QC for replicated treatment trials.","Demonstrate how to recommend using the protocol, instrument/reference IDs, traceable data and validation/QC requirements.",What decision must this evidence support? Which assumption matters? How is quality checked? What trade-off limits optimization?,"Check reproducibility, calibration/reference evidence, calculations/models, uncertainty, validation and technical reasoning.","Student produces technically defensible evidence that supports a design, operational or optimization decision.","Document limitations and corrective actions, secure systems, and define the next validation, sensitivity or prototype test."
TD-421,SSS 1-3,Controlled Experiment Garden,Frame,"Specify objective, system boundary, performance metric, assumptions, constraints, acceptance criteria and QC for causal experimental design.","Demonstrate how to frame using the protocol, instrument/reference IDs, traceable data and validation/QC requirements.",What decision must this evidence support? Which assumption matters? How is quality checked? What trade-off limits optimization?,"Check reproducibility, calibration/reference evidence, calculations/models, uncertainty, validation and technical reasoning.","Student produces technically defensible evidence that supports a design, operational or optimization decision.","Document limitations and corrective actions, secure systems, and define the next validation, sensitivity or prototype test."
TD-422,SSS 1-3,Controlled Experiment Garden,Design,"Specify objective, system boundary, performance metric, assumptions, constraints, acceptance criteria and QC for causal experimental design.","Demonstrate how to design using the protocol, instrument/reference IDs, traceable data and validation/QC requirements.",What decision must this evidence support? Which assumption matters? How is quality checked? What trade-off limits optimization?,"Check reproducibility, calibration/reference evidence, calculations/models, uncertainty, validation and technical reasoning.","Student produces technically defensible evidence that supports a design, operational or optimization decision.","Document limitations and corrective actions, secure systems, and define the next validation, sensitivity or prototype test."
TD-423,SSS 1-3,Controlled Experiment Garden,Instrument,"Specify objective, system boundary, performance metric, assumptions, constraints, acceptance criteria and QC for causal experimental design.","Demonstrate how to instrument using the protocol, instrument/reference IDs, traceable data and validation/QC requirements.",What decision must this evidence support? Which assumption matters? How is quality checked? What trade-off limits optimization?,"Check reproducibility, calibration/reference evidence, calculations/models, uncertainty, validation and technical reasoning.","Student produces technically defensible evidence that supports a design, operational or optimization decision.","Document limitations and corrective actions, secure systems, and define the next validation, sensitivity or prototype test."
TD-424,SSS 1-3,Controlled Experiment Garden,Calibrate,"Specify objective, system boundary, performance metric, assumptions, constraints, acceptance criteria and QC for causal experimental design.","Demonstrate how to calibrate using the protocol, instrument/reference IDs, traceable data and validation/QC requirements.",What decision must this evidence support? Which assumption matters? How is quality checked? What trade-off limits optimization?,"Check reproducibility, calibration/reference evidence, calculations/models, uncertainty, validation and technical reasoning.","Student produces technically defensible evidence that supports a design, operational or optimization decision.","Document limitations and corrective actions, secure systems, and define the next validation, sensitivity or prototype test."
TD-425,SSS 1-3,Controlled Experiment Garden,Model,"Specify objective, system boundary, performance metric, assumptions, constraints, acceptance criteria and QC for causal experimental design.","Demonstrate how to model using the protocol, instrument/reference IDs, traceable data and validation/QC requirements.",What decision must this evidence support? Which assumption matters? How is quality checked? What trade-off limits optimization?,"Check reproducibility, calibration/reference evidence, calculations/models, uncertainty, validation and technical reasoning.","Student produces technically defensible evidence that supports a design, operational or optimization decision.","Document limitations and corrective actions, secure systems, and define the next validation, sensitivity or prototype test."
TD-426,SSS 1-3,Controlled Experiment Garden,Validate,"Specify objective, system boundary, performance metric, assumptions, constraints, acceptance criteria and QC for causal experimental design.","Demonstrate how to validate using the protocol, instrument/reference IDs, traceable data and validation/QC requirements.",What decision must this evidence support? Which assumption matters? How is quality checked? What trade-off limits optimization?,"Check reproducibility, calibration/reference evidence, calculations/models, uncertainty, validation and technical reasoning.","Student produces technically defensible evidence that supports a design, operational or optimization decision.","Document limitations and corrective actions, secure systems, and define the next validation, sensitivity or prototype test."
TD-427,SSS 1-3,Controlled Experiment Garden,Evaluate,"Specify objective, system boundary, performance metric, assumptions, constraints, acceptance criteria and QC for causal experimental design.","Demonstrate how to evaluate using the protocol, instrument/reference IDs, traceable data and validation/QC requirements.",What decision must this evidence support? Which assumption matters? How is quality checked? What trade-off limits optimization?,"Check reproducibility, calibration/reference evidence, calculations/models, uncertainty, validation and technical reasoning.","Student produces technically defensible evidence that supports a design, operational or optimization decision.","Document limitations and corrective actions, secure systems, and define the next validation, sensitivity or prototype test."
TD-428,SSS 1-3,Controlled Experiment Garden,Optimize,"Specify objective, system boundary, performance metric, assumptions, constraints, acceptance criteria and QC for causal experimental design.","Demonstrate how to optimize using the protocol, instrument/reference IDs, traceable data and validation/QC requirements.",What decision must this evidence support? Which assumption matters? How is quality checked? What trade-off limits optimization?,"Check reproducibility, calibration/reference evidence, calculations/models, uncertainty, validation and technical reasoning.","Student produces technically defensible evidence that supports a design, operational or optimization decision.","Document limitations and corrective actions, secure systems, and define the next validation, sensitivity or prototype test."
TD-429,SSS 1-3,Controlled Experiment Garden,Stress-test,"Specify objective, system boundary, performance metric, assumptions, constraints, acceptance criteria and QC for causal experimental design.","Demonstrate how to stress-test using the protocol, instrument/reference IDs, traceable data and validation/QC requirements.",What decision must this evidence support? Which assumption matters? How is quality checked? What trade-off limits optimization?,"Check reproducibility, calibration/reference evidence, calculations/models, uncertainty, validation and technical reasoning.","Student produces technically defensible evidence that supports a design, operational or optimization decision.","Document limitations and corrective actions, secure systems, and define the next validation, sensitivity or prototype test."
TD-430,SSS 1-3,Controlled Experiment Garden,Recommend,"Specify objective, system boundary, performance metric, assumptions, constraints, acceptance criteria and QC for causal experimental design.","Demonstrate how to recommend using the protocol, instrument/reference IDs, traceable data and validation/QC requirements.",What decision must this evidence support? Which assumption matters? How is quality checked? What trade-off limits optimization?,"Check reproducibility, calibration/reference evidence, calculations/models, uncertainty, validation and technical reasoning.","Student produces technically defensible evidence that supports a design, operational or optimization decision.","Document limitations and corrective actions, secure systems, and define the next validation, sensitivity or prototype test."
TD-431,SSS 1-3,Irrigation Engineering Garden,Frame,"Specify objective, system boundary, performance metric, assumptions, constraints, acceptance criteria and QC for hydraulic performance.","Demonstrate how to frame using the protocol, instrument/reference IDs, traceable data and validation/QC requirements.",What decision must this evidence support? Which assumption matters? How is quality checked? What trade-off limits optimization?,"Check reproducibility, calibration/reference evidence, calculations/models, uncertainty, validation and technical reasoning.","Student produces technically defensible evidence that supports a design, operational or optimization decision.","Document limitations and corrective actions, secure systems, and define the next validation, sensitivity or prototype test."
TD-432,SSS 1-3,Irrigation Engineering Garden,Design,"Specify objective, system boundary, performance metric, assumptions, constraints, acceptance criteria and QC for hydraulic performance.","Demonstrate how to design using the protocol, instrument/reference IDs, traceable data and validation/QC requirements.",What decision must this evidence support? Which assumption matters? How is quality checked? What trade-off limits optimization?,"Check reproducibility, calibration/reference evidence, calculations/models, uncertainty, validation and technical reasoning.","Student produces technically defensible evidence that supports a design, operational or optimization decision.","Document limitations and corrective actions, secure systems, and define the next validation, sensitivity or prototype test."
TD-433,SSS 1-3,Irrigation Engineering Garden,Instrument,"Specify objective, system boundary, performance metric, assumptions, constraints, acceptance criteria and QC for hydraulic performance.","Demonstrate how to instrument using the protocol, instrument/reference IDs, traceable data and validation/QC requirements.",What decision must this evidence support? Which assumption matters? How is quality checked? What trade-off limits optimization?,"Check reproducibility, calibration/reference evidence, calculations/models, uncertainty, validation and technical reasoning.","Student produces technically defensible evidence that supports a design, operational or optimization decision.","Document limitations and corrective actions, secure systems, and define the next validation, sensitivity or prototype test."
TD-434,SSS 1-3,Irrigation Engineering Garden,Calibrate,"Specify objective, system boundary, performance metric, assumptions, constraints, acceptance criteria and QC for hydraulic performance.","Demonstrate how to calibrate using the protocol, instrument/reference IDs, traceable data and validation/QC requirements.",What decision must this evidence support? Which assumption matters? How is quality checked? What trade-off limits optimization?,"Check reproducibility, calibration/reference evidence, calculations/models, uncertainty, validation and technical reasoning.","Student produces technically defensible evidence that supports a design, operational or optimization decision.","Document limitations and corrective actions, secure systems, and define the next validation, sensitivity or prototype test."
TD-435,SSS 1-3,Irrigation Engineering Garden,Model,"Specify objective, system boundary, performance metric, assumptions, constraints, acceptance criteria and QC for hydraulic performance.","Demonstrate how to model using the protocol, instrument/reference IDs, traceable data and validation/QC requirements.",What decision must this evidence support? Which assumption matters? How is quality checked? What trade-off limits optimization?,"Check reproducibility, calibration/reference evidence, calculations/models, uncertainty, validation and technical reasoning.","Student produces technically defensible evidence that supports a design, operational or optimization decision.","Document limitations and corrective actions, secure systems, and define the next validation, sensitivity or prototype test."
TD-436,SSS 1-3,Irrigation Engineering Garden,Validate,"Specify objective, system boundary, performance metric, assumptions, constraints, acceptance criteria and QC for hydraulic performance.","Demonstrate how to validate using the protocol, instrument/reference IDs, traceable data and validation/QC requirements.",What decision must this evidence support? Which assumption matters? How is quality checked? What trade-off limits optimization?,"Check reproducibility, calibration/reference evidence, calculations/models, uncertainty, validation and technical reasoning.","Student produces technically defensible evidence that supports a design, operational or optimization decision.","Document limitations and corrective actions, secure systems, and define the next validation, sensitivity or prototype test."
TD-437,SSS 1-3,Irrigation Engineering Garden,Evaluate,"Specify objective, system boundary, performance metric, assumptions, constraints, acceptance criteria and QC for hydraulic performance.","Demonstrate how to evaluate using the protocol, instrument/reference IDs, traceable data and validation/QC requirements.",What decision must this evidence support? Which assumption matters? How is quality checked? What trade-off limits optimization?,"Check reproducibility, calibration/reference evidence, calculations/models, uncertainty, validation and technical reasoning.","Student produces technically defensible evidence that supports a design, operational or optimization decision.","Document limitations and corrective actions, secure systems, and define the next validation, sensitivity or prototype test."
TD-438,SSS 1-3,Irrigation Engineering Garden,Optimize,"Specify objective, system boundary, performance metric, assumptions, constraints, acceptance criteria and QC for hydraulic performance.","Demonstrate how to optimize using the protocol, instrument/reference IDs, traceable data and validation/QC requirements.",What decision must this evidence support? Which assumption matters? How is quality checked? What trade-off limits optimization?,"Check reproducibility, calibration/reference evidence, calculations/models, uncertainty, validation and technical reasoning.","Student produces technically defensible evidence that supports a design, operational or optimization decision.","Document limitations and corrective actions, secure systems, and define the next validation, sensitivity or prototype test."
TD-439,SSS 1-3,Irrigation Engineering Garden,Stress-test,"Specify objective, system boundary, performance metric, assumptions, constraints, acceptance criteria and QC for hydraulic performance.","Demonstrate how to stress-test using the protocol, instrument/reference IDs, traceable data and validation/QC requirements.",What decision must this evidence support? Which assumption matters? How is quality checked? What trade-off limits optimization?,"Check reproducibility, calibration/reference evidence, calculations/models, uncertainty, validation and technical reasoning.","Student produces technically defensible evidence that supports a design, operational or optimization decision.","Document limitations and corrective actions, secure systems, and define the next validation, sensitivity or prototype test."
TD-440,SSS 1-3,Irrigation Engineering Garden,Recommend,"Specify objective, system boundary, performance metric, assumptions, constraints, acceptance criteria and QC for hydraulic performance.","Demonstrate how to recommend using the protocol, instrument/reference IDs, traceable data and validation/QC requirements.",What decision must this evidence support? Which assumption matters? How is quality checked? What trade-off limits optimization?,"Check reproducibility, calibration/reference evidence, calculations/models, uncertainty, validation and technical reasoning.","Student produces technically defensible evidence that supports a design, operational or optimization decision.","Document limitations and corrective actions, secure systems, and define the next validation, sensitivity or prototype test."
TD-441,SSS 1-3,Water Productivity Garden,Frame,"Specify objective, system boundary, performance metric, assumptions, constraints, acceptance criteria and QC for water balance and productivity.","Demonstrate how to frame using the protocol, instrument/reference IDs, traceable data and validation/QC requirements.",What decision must this evidence support? Which assumption matters? How is quality checked? What trade-off limits optimization?,"Check reproducibility, calibration/reference evidence, calculations/models, uncertainty, validation and technical reasoning.","Student produces technically defensible evidence that supports a design, operational or optimization decision.","Document limitations and corrective actions, secure systems, and define the next validation, sensitivity or prototype test."
TD-442,SSS 1-3,Water Productivity Garden,Design,"Specify objective, system boundary, performance metric, assumptions, constraints, acceptance criteria and QC for water balance and productivity.","Demonstrate how to design using the protocol, instrument/reference IDs, traceable data and validation/QC requirements.",What decision must this evidence support? Which assumption matters? How is quality checked? What trade-off limits optimization?,"Check reproducibility, calibration/reference evidence, calculations/models, uncertainty, validation and technical reasoning.","Student produces technically defensible evidence that supports a design, operational or optimization decision.","Document limitations and corrective actions, secure systems, and define the next validation, sensitivity or prototype test."
TD-443,SSS 1-3,Water Productivity Garden,Instrument,"Specify objective, system boundary, performance metric, assumptions, constraints, acceptance criteria and QC for water balance and productivity.","Demonstrate how to instrument using the protocol, instrument/reference IDs, traceable data and validation/QC requirements.",What decision must this evidence support? Which assumption matters? How is quality checked? What trade-off limits optimization?,"Check reproducibility, calibration/reference evidence, calculations/models, uncertainty, validation and technical reasoning.","Student produces technically defensible evidence that supports a design, operational or optimization decision.","Document limitations and corrective actions, secure systems, and define the next validation, sensitivity or prototype test."
TD-444,SSS 1-3,Water Productivity Garden,Calibrate,"Specify objective, system boundary, performance metric, assumptions, constraints, acceptance criteria and QC for water balance and productivity.","Demonstrate how to calibrate using the protocol, instrument/reference IDs, traceable data and validation/QC requirements.",What decision must this evidence support? Which assumption matters? How is quality checked? What trade-off limits optimization?,"Check reproducibility, calibration/reference evidence, calculations/models, uncertainty, validation and technical reasoning.","Student produces technically defensible evidence that supports a design, operational or optimization decision.","Document limitations and corrective actions, secure systems, and define the next validation, sensitivity or prototype test."
TD-445,SSS 1-3,Water Productivity Garden,Model,"Specify objective, system boundary, performance metric, assumptions, constraints, acceptance criteria and QC for water balance and productivity.","Demonstrate how to model using the protocol, instrument/reference IDs, traceable data and validation/QC requirements.",What decision must this evidence support? Which assumption matters? How is quality checked? What trade-off limits optimization?,"Check reproducibility, calibration/reference evidence, calculations/models, uncertainty, validation and technical reasoning.","Student produces technically defensible evidence that supports a design, operational or optimization decision.","Document limitations and corrective actions, secure systems, and define the next validation, sensitivity or prototype test."
TD-446,SSS 1-3,Water Productivity Garden,Validate,"Specify objective, system boundary, performance metric, assumptions, constraints, acceptance criteria and QC for water balance and productivity.","Demonstrate how to validate using the protocol, instrument/reference IDs, traceable data and validation/QC requirements.",What decision must this evidence support? Which assumption matters? How is quality checked? What trade-off limits optimization?,"Check reproducibility, calibration/reference evidence, calculations/models, uncertainty, validation and technical reasoning.","Student produces technically defensible evidence that supports a design, operational or optimization decision.","Document limitations and corrective actions, secure systems, and define the next validation, sensitivity or prototype test."
TD-447,SSS 1-3,Water Productivity Garden,Evaluate,"Specify objective, system boundary, performance metric, assumptions, constraints, acceptance criteria and QC for water balance and productivity.","Demonstrate how to evaluate using the protocol, instrument/reference IDs, traceable data and validation/QC requirements.",What decision must this evidence support? Which assumption matters? How is quality checked? What trade-off limits optimization?,"Check reproducibility, calibration/reference evidence, calculations/models, uncertainty, validation and technical reasoning.","Student produces technically defensible evidence that supports a design, operational or optimization decision.","Document limitations and corrective actions, secure systems, and define the next validation, sensitivity or prototype test."
TD-448,SSS 1-3,Water Productivity Garden,Optimize,"Specify objective, system boundary, performance metric, assumptions, constraints, acceptance criteria and QC for water balance and productivity.","Demonstrate how to optimize using the protocol, instrument/reference IDs, traceable data and validation/QC requirements.",What decision must this evidence support? Which assumption matters? How is quality checked? What trade-off limits optimization?,"Check reproducibility, calibration/reference evidence, calculations/models, uncertainty, validation and technical reasoning.","Student produces technically defensible evidence that supports a design, operational or optimization decision.","Document limitations and corrective actions, secure systems, and define the next validation, sensitivity or prototype test."
TD-449,SSS 1-3,Water Productivity Garden,Stress-test,"Specify objective, system boundary, performance metric, assumptions, constraints, acceptance criteria and QC for water balance and productivity.","Demonstrate how to stress-test using the protocol, instrument/reference IDs, traceable data and validation/QC requirements.",What decision must this evidence support? Which assumption matters? How is quality checked? What trade-off limits optimization?,"Check reproducibility, calibration/reference evidence, calculations/models, uncertainty, validation and technical reasoning.","Student produces technically defensible evidence that supports a design, operational or optimization decision.","Document limitations and corrective actions, secure systems, and define the next validation, sensitivity or prototype test."
TD-450,SSS 1-3,Water Productivity Garden,Recommend,"Specify objective, system boundary, performance metric, assumptions, constraints, acceptance criteria and QC for water balance and productivity.","Demonstrate how to recommend using the protocol, instrument/reference IDs, traceable data and validation/QC requirements.",What decision must this evidence support? Which assumption matters? How is quality checked? What trade-off limits optimization?,"Check reproducibility, calibration/reference evidence, calculations/models, uncertainty, validation and technical reasoning.","Student produces technically defensible evidence that supports a design, operational or optimization decision.","Document limitations and corrective actions, secure systems, and define the next validation, sensitivity or prototype test."
TD-451,SSS 1-3,Advanced Soilless Garden,Frame,"Specify objective, system boundary, performance metric, assumptions, constraints, acceptance criteria and QC for recirculating soilless control.","Demonstrate how to frame using the protocol, instrument/reference IDs, traceable data and validation/QC requirements.",What decision must this evidence support? Which assumption matters? How is quality checked? What trade-off limits optimization?,"Check reproducibility, calibration/reference evidence, calculations/models, uncertainty, validation and technical reasoning.","Student produces technically defensible evidence that supports a design, operational or optimization decision.","Document limitations and corrective actions, secure systems, and define the next validation, sensitivity or prototype test."
TD-452,SSS 1-3,Advanced Soilless Garden,Design,"Specify objective, system boundary, performance metric, assumptions, constraints, acceptance criteria and QC for recirculating soilless control.","Demonstrate how to design using the protocol, instrument/reference IDs, traceable data and validation/QC requirements.",What decision must this evidence support? Which assumption matters? How is quality checked? What trade-off limits optimization?,"Check reproducibility, calibration/reference evidence, calculations/models, uncertainty, validation and technical reasoning.","Student produces technically defensible evidence that supports a design, operational or optimization decision.","Document limitations and corrective actions, secure systems, and define the next validation, sensitivity or prototype test."
TD-453,SSS 1-3,Advanced Soilless Garden,Instrument,"Specify objective, system boundary, performance metric, assumptions, constraints, acceptance criteria and QC for recirculating soilless control.","Demonstrate how to instrument using the protocol, instrument/reference IDs, traceable data and validation/QC requirements.",What decision must this evidence support? Which assumption matters? How is quality checked? What trade-off limits optimization?,"Check reproducibility, calibration/reference evidence, calculations/models, uncertainty, validation and technical reasoning.","Student produces technically defensible evidence that supports a design, operational or optimization decision.","Document limitations and corrective actions, secure systems, and define the next validation, sensitivity or prototype test."
TD-454,SSS 1-3,Advanced Soilless Garden,Calibrate,"Specify objective, system boundary, performance metric, assumptions, constraints, acceptance criteria and QC for recirculating soilless control.","Demonstrate how to calibrate using the protocol, instrument/reference IDs, traceable data and validation/QC requirements.",What decision must this evidence support? Which assumption matters? How is quality checked? What trade-off limits optimization?,"Check reproducibility, calibration/reference evidence, calculations/models, uncertainty, validation and technical reasoning.","Student produces technically defensible evidence that supports a design, operational or optimization decision.","Document limitations and corrective actions, secure systems, and define the next validation, sensitivity or prototype test."
TD-455,SSS 1-3,Advanced Soilless Garden,Model,"Specify objective, system boundary, performance metric, assumptions, constraints, acceptance criteria and QC for recirculating soilless control.","Demonstrate how to model using the protocol, instrument/reference IDs, traceable data and validation/QC requirements.",What decision must this evidence support? Which assumption matters? How is quality checked? What trade-off limits optimization?,"Check reproducibility, calibration/reference evidence, calculations/models, uncertainty, validation and technical reasoning.","Student produces technically defensible evidence that supports a design, operational or optimization decision.","Document limitations and corrective actions, secure systems, and define the next validation, sensitivity or prototype test."
TD-456,SSS 1-3,Advanced Soilless Garden,Validate,"Specify objective, system boundary, performance metric, assumptions, constraints, acceptance criteria and QC for recirculating soilless control.","Demonstrate how to validate using the protocol, instrument/reference IDs, traceable data and validation/QC requirements.",What decision must this evidence support? Which assumption matters? How is quality checked? What trade-off limits optimization?,"Check reproducibility, calibration/reference evidence, calculations/models, uncertainty, validation and technical reasoning.","Student produces technically defensible evidence that supports a design, operational or optimization decision.","Document limitations and corrective actions, secure systems, and define the next validation, sensitivity or prototype test."
TD-457,SSS 1-3,Advanced Soilless Garden,Evaluate,"Specify objective, system boundary, performance metric, assumptions, constraints, acceptance criteria and QC for recirculating soilless control.","Demonstrate how to evaluate using the protocol, instrument/reference IDs, traceable data and validation/QC requirements.",What decision must this evidence support? Which assumption matters? How is quality checked? What trade-off limits optimization?,"Check reproducibility, calibration/reference evidence, calculations/models, uncertainty, validation and technical reasoning.","Student produces technically defensible evidence that supports a design, operational or optimization decision.","Document limitations and corrective actions, secure systems, and define the next validation, sensitivity or prototype test."
TD-458,SSS 1-3,Advanced Soilless Garden,Optimize,"Specify objective, system boundary, performance metric, assumptions, constraints, acceptance criteria and QC for recirculating soilless control.","Demonstrate how to optimize using the protocol, instrument/reference IDs, traceable data and validation/QC requirements.",What decision must this evidence support? Which assumption matters? How is quality checked? What trade-off limits optimization?,"Check reproducibility, calibration/reference evidence, calculations/models, uncertainty, validation and technical reasoning.","Student produces technically defensible evidence that supports a design, operational or optimization decision.","Document limitations and corrective actions, secure systems, and define the next validation, sensitivity or prototype test."
TD-459,SSS 1-3,Advanced Soilless Garden,Stress-test,"Specify objective, system boundary, performance metric, assumptions, constraints, acceptance criteria and QC for recirculating soilless control.","Demonstrate how to stress-test using the protocol, instrument/reference IDs, traceable data and validation/QC requirements.",What decision must this evidence support? Which assumption matters? How is quality checked? What trade-off limits optimization?,"Check reproducibility, calibration/reference evidence, calculations/models, uncertainty, validation and technical reasoning.","Student produces technically defensible evidence that supports a design, operational or optimization decision.","Document limitations and corrective actions, secure systems, and define the next validation, sensitivity or prototype test."
TD-460,SSS 1-3,Advanced Soilless Garden,Recommend,"Specify objective, system boundary, performance metric, assumptions, constraints, acceptance criteria and QC for recirculating soilless control.","Demonstrate how to recommend using the protocol, instrument/reference IDs, traceable data and validation/QC requirements.",What decision must this evidence support? Which assumption matters? How is quality checked? What trade-off limits optimization?,"Check reproducibility, calibration/reference evidence, calculations/models, uncertainty, validation and technical reasoning.","Student produces technically defensible evidence that supports a design, operational or optimization decision.","Document limitations and corrective actions, secure systems, and define the next validation, sensitivity or prototype test."
TD-461,SSS 1-3,Sensor & Monitoring Garden,Frame,"Specify objective, system boundary, performance metric, assumptions, constraints, acceptance criteria and QC for calibration and monitoring quality.","Demonstrate how to frame using the protocol, instrument/reference IDs, traceable data and validation/QC requirements.",What decision must this evidence support? Which assumption matters? How is quality checked? What trade-off limits optimization?,"Check reproducibility, calibration/reference evidence, calculations/models, uncertainty, validation and technical reasoning.","Student produces technically defensible evidence that supports a design, operational or optimization decision.","Document limitations and corrective actions, secure systems, and define the next validation, sensitivity or prototype test."
TD-462,SSS 1-3,Sensor & Monitoring Garden,Design,"Specify objective, system boundary, performance metric, assumptions, constraints, acceptance criteria and QC for calibration and monitoring quality.","Demonstrate how to design using the protocol, instrument/reference IDs, traceable data and validation/QC requirements.",What decision must this evidence support? Which assumption matters? How is quality checked? What trade-off limits optimization?,"Check reproducibility, calibration/reference evidence, calculations/models, uncertainty, validation and technical reasoning.","Student produces technically defensible evidence that supports a design, operational or optimization decision.","Document limitations and corrective actions, secure systems, and define the next validation, sensitivity or prototype test."
TD-463,SSS 1-3,Sensor & Monitoring Garden,Instrument,"Specify objective, system boundary, performance metric, assumptions, constraints, acceptance criteria and QC for calibration and monitoring quality.","Demonstrate how to instrument using the protocol, instrument/reference IDs, traceable data and validation/QC requirements.",What decision must this evidence support? Which assumption matters? How is quality checked? What trade-off limits optimization?,"Check reproducibility, calibration/reference evidence, calculations/models, uncertainty, validation and technical reasoning.","Student produces technically defensible evidence that supports a design, operational or optimization decision.","Document limitations and corrective actions, secure systems, and define the next validation, sensitivity or prototype test."
TD-464,SSS 1-3,Sensor & Monitoring Garden,Calibrate,"Specify objective, system boundary, performance metric, assumptions, constraints, acceptance criteria and QC for calibration and monitoring quality.","Demonstrate how to calibrate using the protocol, instrument/reference IDs, traceable data and validation/QC requirements.",What decision must this evidence support? Which assumption matters? How is quality checked? What trade-off limits optimization?,"Check reproducibility, calibration/reference evidence, calculations/models, uncertainty, validation and technical reasoning.","Student produces technically defensible evidence that supports a design, operational or optimization decision.","Document limitations and corrective actions, secure systems, and define the next validation, sensitivity or prototype test."
TD-465,SSS 1-3,Sensor & Monitoring Garden,Model,"Specify objective, system boundary, performance metric, assumptions, constraints, acceptance criteria and QC for calibration and monitoring quality.","Demonstrate how to model using the protocol, instrument/reference IDs, traceable data and validation/QC requirements.",What decision must this evidence support? Which assumption matters? How is quality checked? What trade-off limits optimization?,"Check reproducibility, calibration/reference evidence, calculations/models, uncertainty, validation and technical reasoning.","Student produces technically defensible evidence that supports a design, operational or optimization decision.","Document limitations and corrective actions, secure systems, and define the next validation, sensitivity or prototype test."
TD-466,SSS 1-3,Sensor & Monitoring Garden,Validate,"Specify objective, system boundary, performance metric, assumptions, constraints, acceptance criteria and QC for calibration and monitoring quality.","Demonstrate how to validate using the protocol, instrument/reference IDs, traceable data and validation/QC requirements.",What decision must this evidence support? Which assumption matters? How is quality checked? What trade-off limits optimization?,"Check reproducibility, calibration/reference evidence, calculations/models, uncertainty, validation and technical reasoning.","Student produces technically defensible evidence that supports a design, operational or optimization decision.","Document limitations and corrective actions, secure systems, and define the next validation, sensitivity or prototype test."
TD-467,SSS 1-3,Sensor & Monitoring Garden,Evaluate,"Specify objective, system boundary, performance metric, assumptions, constraints, acceptance criteria and QC for calibration and monitoring quality.","Demonstrate how to evaluate using the protocol, instrument/reference IDs, traceable data and validation/QC requirements.",What decision must this evidence support? Which assumption matters? How is quality checked? What trade-off limits optimization?,"Check reproducibility, calibration/reference evidence, calculations/models, uncertainty, validation and technical reasoning.","Student produces technically defensible evidence that supports a design, operational or optimization decision.","Document limitations and corrective actions, secure systems, and define the next validation, sensitivity or prototype test."
TD-468,SSS 1-3,Sensor & Monitoring Garden,Optimize,"Specify objective, system boundary, performance metric, assumptions, constraints, acceptance criteria and QC for calibration and monitoring quality.","Demonstrate how to optimize using the protocol, instrument/reference IDs, traceable data and validation/QC requirements.",What decision must this evidence support? Which assumption matters? How is quality checked? What trade-off limits optimization?,"Check reproducibility, calibration/reference evidence, calculations/models, uncertainty, validation and technical reasoning.","Student produces technically defensible evidence that supports a design, operational or optimization decision.","Document limitations and corrective actions, secure systems, and define the next validation, sensitivity or prototype test."
TD-469,SSS 1-3,Sensor & Monitoring Garden,Stress-test,"Specify objective, system boundary, performance metric, assumptions, constraints, acceptance criteria and QC for calibration and monitoring quality.","Demonstrate how to stress-test using the protocol, instrument/reference IDs, traceable data and validation/QC requirements.",What decision must this evidence support? Which assumption matters? How is quality checked? What trade-off limits optimization?,"Check reproducibility, calibration/reference evidence, calculations/models, uncertainty, validation and technical reasoning.","Student produces technically defensible evidence that supports a design, operational or optimization decision.","Document limitations and corrective actions, secure systems, and define the next validation, sensitivity or prototype test."
TD-470,SSS 1-3,Sensor & Monitoring Garden,Recommend,"Specify objective, system boundary, performance metric, assumptions, constraints, acceptance criteria and QC for calibration and monitoring quality.","Demonstrate how to recommend using the protocol, instrument/reference IDs, traceable data and validation/QC requirements.",What decision must this evidence support? Which assumption matters? How is quality checked? What trade-off limits optimization?,"Check reproducibility, calibration/reference evidence, calculations/models, uncertainty, validation and technical reasoning.","Student produces technically defensible evidence that supports a design, operational or optimization decision.","Document limitations and corrective actions, secure systems, and define the next validation, sensitivity or prototype test."
TD-471,SSS 1-3,Smart Irrigation Demonstrator,Frame,"Specify objective, system boundary, performance metric, assumptions, constraints, acceptance criteria and QC for feedback control.","Demonstrate how to frame using the protocol, instrument/reference IDs, traceable data and validation/QC requirements.",What decision must this evidence support? Which assumption matters? How is quality checked? What trade-off limits optimization?,"Check reproducibility, calibration/reference evidence, calculations/models, uncertainty, validation and technical reasoning.","Student produces technically defensible evidence that supports a design, operational or optimization decision.","Document limitations and corrective actions, secure systems, and define the next validation, sensitivity or prototype test."
TD-472,SSS 1-3,Smart Irrigation Demonstrator,Design,"Specify objective, system boundary, performance metric, assumptions, constraints, acceptance criteria and QC for feedback control.","Demonstrate how to design using the protocol, instrument/reference IDs, traceable data and validation/QC requirements.",What decision must this evidence support? Which assumption matters? How is quality checked? What trade-off limits optimization?,"Check reproducibility, calibration/reference evidence, calculations/models, uncertainty, validation and technical reasoning.","Student produces technically defensible evidence that supports a design, operational or optimization decision.","Document limitations and corrective actions, secure systems, and define the next validation, sensitivity or prototype test."
TD-473,SSS 1-3,Smart Irrigation Demonstrator,Instrument,"Specify objective, system boundary, performance metric, assumptions, constraints, acceptance criteria and QC for feedback control.","Demonstrate how to instrument using the protocol, instrument/reference IDs, traceable data and validation/QC requirements.",What decision must this evidence support? Which assumption matters? How is quality checked? What trade-off limits optimization?,"Check reproducibility, calibration/reference evidence, calculations/models, uncertainty, validation and technical reasoning.","Student produces technically defensible evidence that supports a design, operational or optimization decision.","Document limitations and corrective actions, secure systems, and define the next validation, sensitivity or prototype test."
TD-474,SSS 1-3,Smart Irrigation Demonstrator,Calibrate,"Specify objective, system boundary, performance metric, assumptions, constraints, acceptance criteria and QC for feedback control.","Demonstrate how to calibrate using the protocol, instrument/reference IDs, traceable data and validation/QC requirements.",What decision must this evidence support? Which assumption matters? How is quality checked? What trade-off limits optimization?,"Check reproducibility, calibration/reference evidence, calculations/models, uncertainty, validation and technical reasoning.","Student produces technically defensible evidence that supports a design, operational or optimization decision.","Document limitations and corrective actions, secure systems, and define the next validation, sensitivity or prototype test."
TD-475,SSS 1-3,Smart Irrigation Demonstrator,Model,"Specify objective, system boundary, performance metric, assumptions, constraints, acceptance criteria and QC for feedback control.","Demonstrate how to model using the protocol, instrument/reference IDs, traceable data and validation/QC requirements.",What decision must this evidence support? Which assumption matters? How is quality checked? What trade-off limits optimization?,"Check reproducibility, calibration/reference evidence, calculations/models, uncertainty, validation and technical reasoning.","Student produces technically defensible evidence that supports a design, operational or optimization decision.","Document limitations and corrective actions, secure systems, and define the next validation, sensitivity or prototype test."
TD-476,SSS 1-3,Smart Irrigation Demonstrator,Validate,"Specify objective, system boundary, performance metric, assumptions, constraints, acceptance criteria and QC for feedback control.","Demonstrate how to validate using the protocol, instrument/reference IDs, traceable data and validation/QC requirements.",What decision must this evidence support? Which assumption matters? How is quality checked? What trade-off limits optimization?,"Check reproducibility, calibration/reference evidence, calculations/models, uncertainty, validation and technical reasoning.","Student produces technically defensible evidence that supports a design, operational or optimization decision.","Document limitations and corrective actions, secure systems, and define the next validation, sensitivity or prototype test."
TD-477,SSS 1-3,Smart Irrigation Demonstrator,Evaluate,"Specify objective, system boundary, performance metric, assumptions, constraints, acceptance criteria and QC for feedback control.","Demonstrate how to evaluate using the protocol, instrument/reference IDs, traceable data and validation/QC requirements.",What decision must this evidence support? Which assumption matters? How is quality checked? What trade-off limits optimization?,"Check reproducibility, calibration/reference evidence, calculations/models, uncertainty, validation and technical reasoning.","Student produces technically defensible evidence that supports a design, operational or optimization decision.","Document limitations and corrective actions, secure systems, and define the next validation, sensitivity or prototype test."
TD-478,SSS 1-3,Smart Irrigation Demonstrator,Optimize,"Specify objective, system boundary, performance metric, assumptions, constraints, acceptance criteria and QC for feedback control.","Demonstrate how to optimize using the protocol, instrument/reference IDs, traceable data and validation/QC requirements.",What decision must this evidence support? Which assumption matters? How is quality checked? What trade-off limits optimization?,"Check reproducibility, calibration/reference evidence, calculations/models, uncertainty, validation and technical reasoning.","Student produces technically defensible evidence that supports a design, operational or optimization decision.","Document limitations and corrective actions, secure systems, and define the next validation, sensitivity or prototype test."
TD-479,SSS 1-3,Smart Irrigation Demonstrator,Stress-test,"Specify objective, system boundary, performance metric, assumptions, constraints, acceptance criteria and QC for feedback control.","Demonstrate how to stress-test using the protocol, instrument/reference IDs, traceable data and validation/QC requirements.",What decision must this evidence support? Which assumption matters? How is quality checked? What trade-off limits optimization?,"Check reproducibility, calibration/reference evidence, calculations/models, uncertainty, validation and technical reasoning.","Student produces technically defensible evidence that supports a design, operational or optimization decision.","Document limitations and corrective actions, secure systems, and define the next validation, sensitivity or prototype test."
TD-480,SSS 1-3,Smart Irrigation Demonstrator,Recommend,"Specify objective, system boundary, performance metric, assumptions, constraints, acceptance criteria and QC for feedback control.","Demonstrate how to recommend using the protocol, instrument/reference IDs, traceable data and validation/QC requirements.",What decision must this evidence support? Which assumption matters? How is quality checked? What trade-off limits optimization?,"Check reproducibility, calibration/reference evidence, calculations/models, uncertainty, validation and technical reasoning.","Student produces technically defensible evidence that supports a design, operational or optimization decision.","Document limitations and corrective actions, secure systems, and define the next validation, sensitivity or prototype test."
TD-481,SSS 1-3,Research & Design Garden,Frame,"Specify objective, system boundary, performance metric, assumptions, constraints, acceptance criteria and QC for engineering design decisions.","Demonstrate how to frame using the protocol, instrument/reference IDs, traceable data and validation/QC requirements.",What decision must this evidence support? Which assumption matters? How is quality checked? What trade-off limits optimization?,"Check reproducibility, calibration/reference evidence, calculations/models, uncertainty, validation and technical reasoning.","Student produces technically defensible evidence that supports a design, operational or optimization decision.","Document limitations and corrective actions, secure systems, and define the next validation, sensitivity or prototype test."
TD-482,SSS 1-3,Research & Design Garden,Design,"Specify objective, system boundary, performance metric, assumptions, constraints, acceptance criteria and QC for engineering design decisions.","Demonstrate how to design using the protocol, instrument/reference IDs, traceable data and validation/QC requirements.",What decision must this evidence support? Which assumption matters? How is quality checked? What trade-off limits optimization?,"Check reproducibility, calibration/reference evidence, calculations/models, uncertainty, validation and technical reasoning.","Student produces technically defensible evidence that supports a design, operational or optimization decision.","Document limitations and corrective actions, secure systems, and define the next validation, sensitivity or prototype test."
TD-483,SSS 1-3,Research & Design Garden,Instrument,"Specify objective, system boundary, performance metric, assumptions, constraints, acceptance criteria and QC for engineering design decisions.","Demonstrate how to instrument using the protocol, instrument/reference IDs, traceable data and validation/QC requirements.",What decision must this evidence support? Which assumption matters? How is quality checked? What trade-off limits optimization?,"Check reproducibility, calibration/reference evidence, calculations/models, uncertainty, validation and technical reasoning.","Student produces technically defensible evidence that supports a design, operational or optimization decision.","Document limitations and corrective actions, secure systems, and define the next validation, sensitivity or prototype test."
TD-484,SSS 1-3,Research & Design Garden,Calibrate,"Specify objective, system boundary, performance metric, assumptions, constraints, acceptance criteria and QC for engineering design decisions.","Demonstrate how to calibrate using the protocol, instrument/reference IDs, traceable data and validation/QC requirements.",What decision must this evidence support? Which assumption matters? How is quality checked? What trade-off limits optimization?,"Check reproducibility, calibration/reference evidence, calculations/models, uncertainty, validation and technical reasoning.","Student produces technically defensible evidence that supports a design, operational or optimization decision.","Document limitations and corrective actions, secure systems, and define the next validation, sensitivity or prototype test."
TD-485,SSS 1-3,Research & Design Garden,Model,"Specify objective, system boundary, performance metric, assumptions, constraints, acceptance criteria and QC for engineering design decisions.","Demonstrate how to model using the protocol, instrument/reference IDs, traceable data and validation/QC requirements.",What decision must this evidence support? Which assumption matters? How is quality checked? What trade-off limits optimization?,"Check reproducibility, calibration/reference evidence, calculations/models, uncertainty, validation and technical reasoning.","Student produces technically defensible evidence that supports a design, operational or optimization decision.","Document limitations and corrective actions, secure systems, and define the next validation, sensitivity or prototype test."
TD-486,SSS 1-3,Research & Design Garden,Validate,"Specify objective, system boundary, performance metric, assumptions, constraints, acceptance criteria and QC for engineering design decisions.","Demonstrate how to validate using the protocol, instrument/reference IDs, traceable data and validation/QC requirements.",What decision must this evidence support? Which assumption matters? How is quality checked? What trade-off limits optimization?,"Check reproducibility, calibration/reference evidence, calculations/models, uncertainty, validation and technical reasoning.","Student produces technically defensible evidence that supports a design, operational or optimization decision.","Document limitations and corrective actions, secure systems, and define the next validation, sensitivity or prototype test."
TD-487,SSS 1-3,Research & Design Garden,Evaluate,"Specify objective, system boundary, performance metric, assumptions, constraints, acceptance criteria and QC for engineering design decisions.","Demonstrate how to evaluate using the protocol, instrument/reference IDs, traceable data and validation/QC requirements.",What decision must this evidence support? Which assumption matters? How is quality checked? What trade-off limits optimization?,"Check reproducibility, calibration/reference evidence, calculations/models, uncertainty, validation and technical reasoning.","Student produces technically defensible evidence that supports a design, operational or optimization decision.","Document limitations and corrective actions, secure systems, and define the next validation, sensitivity or prototype test."
TD-488,SSS 1-3,Research & Design Garden,Optimize,"Specify objective, system boundary, performance metric, assumptions, constraints, acceptance criteria and QC for engineering design decisions.","Demonstrate how to optimize using the protocol, instrument/reference IDs, traceable data and validation/QC requirements.",What decision must this evidence support? Which assumption matters? How is quality checked? What trade-off limits optimization?,"Check reproducibility, calibration/reference evidence, calculations/models, uncertainty, validation and technical reasoning.","Student produces technically defensible evidence that supports a design, operational or optimization decision.","Document limitations and corrective actions, secure systems, and define the next validation, sensitivity or prototype test."
TD-489,SSS 1-3,Research & Design Garden,Stress-test,"Specify objective, system boundary, performance metric, assumptions, constraints, acceptance criteria and QC for engineering design decisions.","Demonstrate how to stress-test using the protocol, instrument/reference IDs, traceable data and validation/QC requirements.",What decision must this evidence support? Which assumption matters? How is quality checked? What trade-off limits optimization?,"Check reproducibility, calibration/reference evidence, calculations/models, uncertainty, validation and technical reasoning.","Student produces technically defensible evidence that supports a design, operational or optimization decision.","Document limitations and corrective actions, secure systems, and define the next validation, sensitivity or prototype test."
TD-490,SSS 1-3,Research & Design Garden,Recommend,"Specify objective, system boundary, performance metric, assumptions, constraints, acceptance criteria and QC for engineering design decisions.","Demonstrate how to recommend using the protocol, instrument/reference IDs, traceable data and validation/QC requirements.",What decision must this evidence support? Which assumption matters? How is quality checked? What trade-off limits optimization?,"Check reproducibility, calibration/reference evidence, calculations/models, uncertainty, validation and technical reasoning.","Student produces technically defensible evidence that supports a design, operational or optimization decision.","Document limitations and corrective actions, secure systems, and define the next validation, sensitivity or prototype test."
TD-491,SSS 1-3,Integrated Food Systems Laboratory,Frame,"Specify objective, system boundary, performance metric, assumptions, constraints, acceptance criteria and QC for integrated system behavior.","Demonstrate how to frame using the protocol, instrument/reference IDs, traceable data and validation/QC requirements.",What decision must this evidence support? Which assumption matters? How is quality checked? What trade-off limits optimization?,"Check reproducibility, calibration/reference evidence, calculations/models, uncertainty, validation and technical reasoning.","Student produces technically defensible evidence that supports a design, operational or optimization decision.","Document limitations and corrective actions, secure systems, and define the next validation, sensitivity or prototype test."
TD-492,SSS 1-3,Integrated Food Systems Laboratory,Design,"Specify objective, system boundary, performance metric, assumptions, constraints, acceptance criteria and QC for integrated system behavior.","Demonstrate how to design using the protocol, instrument/reference IDs, traceable data and validation/QC requirements.",What decision must this evidence support? Which assumption matters? How is quality checked? What trade-off limits optimization?,"Check reproducibility, calibration/reference evidence, calculations/models, uncertainty, validation and technical reasoning.","Student produces technically defensible evidence that supports a design, operational or optimization decision.","Document limitations and corrective actions, secure systems, and define the next validation, sensitivity or prototype test."
TD-493,SSS 1-3,Integrated Food Systems Laboratory,Instrument,"Specify objective, system boundary, performance metric, assumptions, constraints, acceptance criteria and QC for integrated system behavior.","Demonstrate how to instrument using the protocol, instrument/reference IDs, traceable data and validation/QC requirements.",What decision must this evidence support? Which assumption matters? How is quality checked? What trade-off limits optimization?,"Check reproducibility, calibration/reference evidence, calculations/models, uncertainty, validation and technical reasoning.","Student produces technically defensible evidence that supports a design, operational or optimization decision.","Document limitations and corrective actions, secure systems, and define the next validation, sensitivity or prototype test."
TD-494,SSS 1-3,Integrated Food Systems Laboratory,Calibrate,"Specify objective, system boundary, performance metric, assumptions, constraints, acceptance criteria and QC for integrated system behavior.","Demonstrate how to calibrate using the protocol, instrument/reference IDs, traceable data and validation/QC requirements.",What decision must this evidence support? Which assumption matters? How is quality checked? What trade-off limits optimization?,"Check reproducibility, calibration/reference evidence, calculations/models, uncertainty, validation and technical reasoning.","Student produces technically defensible evidence that supports a design, operational or optimization decision.","Document limitations and corrective actions, secure systems, and define the next validation, sensitivity or prototype test."
TD-495,SSS 1-3,Integrated Food Systems Laboratory,Model,"Specify objective, system boundary, performance metric, assumptions, constraints, acceptance criteria and QC for integrated system behavior.","Demonstrate how to model using the protocol, instrument/reference IDs, traceable data and validation/QC requirements.",What decision must this evidence support? Which assumption matters? How is quality checked? What trade-off limits optimization?,"Check reproducibility, calibration/reference evidence, calculations/models, uncertainty, validation and technical reasoning.","Student produces technically defensible evidence that supports a design, operational or optimization decision.","Document limitations and corrective actions, secure systems, and define the next validation, sensitivity or prototype test."
TD-496,SSS 1-3,Integrated Food Systems Laboratory,Validate,"Specify objective, system boundary, performance metric, assumptions, constraints, acceptance criteria and QC for integrated system behavior.","Demonstrate how to validate using the protocol, instrument/reference IDs, traceable data and validation/QC requirements.",What decision must this evidence support? Which assumption matters? How is quality checked? What trade-off limits optimization?,"Check reproducibility, calibration/reference evidence, calculations/models, uncertainty, validation and technical reasoning.","Student produces technically defensible evidence that supports a design, operational or optimization decision.","Document limitations and corrective actions, secure systems, and define the next validation, sensitivity or prototype test."
TD-497,SSS 1-3,Integrated Food Systems Laboratory,Evaluate,"Specify objective, system boundary, performance metric, assumptions, constraints, acceptance criteria and QC for integrated system behavior.","Demonstrate how to evaluate using the protocol, instrument/reference IDs, traceable data and validation/QC requirements.",What decision must this evidence support? Which assumption matters? How is quality checked? What trade-off limits optimization?,"Check reproducibility, calibration/reference evidence, calculations/models, uncertainty, validation and technical reasoning.","Student produces technically defensible evidence that supports a design, operational or optimization decision.","Document limitations and corrective actions, secure systems, and define the next validation, sensitivity or prototype test."
TD-498,SSS 1-3,Integrated Food Systems Laboratory,Optimize,"Specify objective, system boundary, performance metric, assumptions, constraints, acceptance criteria and QC for integrated system behavior.","Demonstrate how to optimize using the protocol, instrument/reference IDs, traceable data and validation/QC requirements.",What decision must this evidence support? Which assumption matters? How is quality checked? What trade-off limits optimization?,"Check reproducibility, calibration/reference evidence, calculations/models, uncertainty, validation and technical reasoning.","Student produces technically defensible evidence that supports a design, operational or optimization decision.","Document limitations and corrective actions, secure systems, and define the next validation, sensitivity or prototype test."
TD-499,SSS 1-3,Integrated Food Systems Laboratory,Stress-test,"Specify objective, system boundary, performance metric, assumptions, constraints, acceptance criteria and QC for integrated system behavior.","Demonstrate how to stress-test using the protocol, instrument/reference IDs, traceable data and validation/QC requirements.",What decision must this evidence support? Which assumption matters? How is quality checked? What trade-off limits optimization?,"Check reproducibility, calibration/reference evidence, calculations/models, uncertainty, validation and technical reasoning.","Student produces technically defensible evidence that supports a design, operational or optimization decision.","Document limitations and corrective actions, secure systems, and define the next validation, sensitivity or prototype test."
TD-500,SSS 1-3,Integrated Food Systems Laboratory,Recommend,"Specify objective, system boundary, performance metric, assumptions, constraints, acceptance criteria and QC for integrated system behavior.","Demonstrate how to recommend using the protocol, instrument/reference IDs, traceable data and validation/QC requirements.",What decision must this evidence support? Which assumption matters? How is quality checked? What trade-off limits optimization?,"Check reproducibility, calibration/reference evidence, calculations/models, uncertainty, validation and technical reasoning.","Student produces technically defensible evidence that supports a design, operational or optimization decision.","Document limitations and corrective actions, secure systems, and define the next validation, sensitivity or prototype test."
