ID,Level,Domain,Context,Scenario,Task,Evidence,Success_Criteria,Extension,Safety
FSC-001,Nursery,Know the Ingredient,School Garden,Your class is exploring a school garden. The teacher shows safe pictures or clean examples. Complete a simple know the ingredient challenge.,Look carefully. Match or sort the examples. Choose one good action and tell the teacher why it helps.,"Pointing/matching, simple sort, drawing, count or one spoken reason.",Recognizes the item or situation; makes a sensible choice; uses one relevant word; handles materials safely.,Draw what should happen next.,"Use only teacher-approved materials. No tasting is required. Follow school rules for food handling, allergies, handwashing and sanitation. Teachers control knives, heat, electrical equipment, chemicals and processing machinery."
FSC-002,Nursery,Build a Food Journey,Classroom Food Table,Your class is exploring a classroom food table. The teacher shows safe pictures or clean examples. Complete a simple build a food journey challenge.,Look carefully. Match or sort the examples. Choose one good action and tell the teacher why it helps.,"Pointing/matching, simple sort, drawing, count or one spoken reason.",Recognizes the item or situation; makes a sensible choice; uses one relevant word; handles materials safely.,Draw what should happen next.,"Use only teacher-approved materials. No tasting is required. Follow school rules for food handling, allergies, handwashing and sanitation. Teachers control knives, heat, electrical equipment, chemicals and processing machinery."
FSC-003,Nursery,Make a Food Choice,Harvest Basket,Your class is exploring a harvest basket. The teacher shows safe pictures or clean examples. Complete a simple make a food choice challenge.,Look carefully. Match or sort the examples. Choose one good action and tell the teacher why it helps.,"Pointing/matching, simple sort, drawing, count or one spoken reason.",Recognizes the item or situation; makes a sensible choice; uses one relevant word; handles materials safely.,Draw what should happen next.,"Use only teacher-approved materials. No tasting is required. Follow school rules for food handling, allergies, handwashing and sanitation. Teachers control knives, heat, electrical equipment, chemicals and processing machinery."
FSC-004,Nursery,Read the Label,Ingredient Display,Your class is exploring a ingredient display. The teacher shows safe pictures or clean examples. Complete a simple read the label challenge.,Look carefully. Match or sort the examples. Choose one good action and tell the teacher why it helps.,"Pointing/matching, simple sort, drawing, count or one spoken reason.",Recognizes the item or situation; makes a sensible choice; uses one relevant word; handles materials safely.,Draw what should happen next.,"Use only teacher-approved materials. No tasting is required. Follow school rules for food handling, allergies, handwashing and sanitation. Teachers control knives, heat, electrical equipment, chemicals and processing machinery."
FSC-005,Nursery,Plan a Meal,School Lunch Scenario,Your class is exploring a school lunch scenario. The teacher shows safe pictures or clean examples. Complete a simple plan a meal challenge.,Look carefully. Match or sort the examples. Choose one good action and tell the teacher why it helps.,"Pointing/matching, simple sort, drawing, count or one spoken reason.",Recognizes the item or situation; makes a sensible choice; uses one relevant word; handles materials safely.,Draw what should happen next.,"Use only teacher-approved materials. No tasting is required. Follow school rules for food handling, allergies, handwashing and sanitation. Teachers control knives, heat, electrical equipment, chemicals and processing machinery."
FSC-006,Nursery,Use Water Wisely,Water Station,Your class is exploring a water station. The teacher shows safe pictures or clean examples. Complete a simple use water wisely challenge.,Look carefully. Match or sort the examples. Choose one good action and tell the teacher why it helps.,"Pointing/matching, simple sort, drawing, count or one spoken reason.",Recognizes the item or situation; makes a sensible choice; uses one relevant word; handles materials safely.,Draw what should happen next.,"Use only teacher-approved materials. No tasting is required. Follow school rules for food handling, allergies, handwashing and sanitation. Teachers control knives, heat, electrical equipment, chemicals and processing machinery."
FSC-007,Nursery,Reduce Food Waste,Storage Shelf,Your class is exploring a storage shelf. The teacher shows safe pictures or clean examples. Complete a simple reduce food waste challenge.,Look carefully. Match or sort the examples. Choose one good action and tell the teacher why it helps.,"Pointing/matching, simple sort, drawing, count or one spoken reason.",Recognizes the item or situation; makes a sensible choice; uses one relevant word; handles materials safely.,Draw what should happen next.,"Use only teacher-approved materials. No tasting is required. Follow school rules for food handling, allergies, handwashing and sanitation. Teachers control knives, heat, electrical equipment, chemicals and processing machinery."
FSC-008,Nursery,Think Seasonally,Market Basket,Your class is exploring a market basket. The teacher shows safe pictures or clean examples. Complete a simple think seasonally challenge.,Look carefully. Match or sort the examples. Choose one good action and tell the teacher why it helps.,"Pointing/matching, simple sort, drawing, count or one spoken reason.",Recognizes the item or situation; makes a sensible choice; uses one relevant word; handles materials safely.,Draw what should happen next.,"Use only teacher-approved materials. No tasting is required. Follow school rules for food handling, allergies, handwashing and sanitation. Teachers control knives, heat, electrical equipment, chemicals and processing machinery."
FSC-009,Nursery,Store & Handle Responsibly,Food Journey Map,Your class is exploring a food journey map. The teacher shows safe pictures or clean examples. Complete a simple store & handle responsibly challenge.,Look carefully. Match or sort the examples. Choose one good action and tell the teacher why it helps.,"Pointing/matching, simple sort, drawing, count or one spoken reason.",Recognizes the item or situation; makes a sensible choice; uses one relevant word; handles materials safely.,Draw what should happen next.,"Use only teacher-approved materials. No tasting is required. Follow school rules for food handling, allergies, handwashing and sanitation. Teachers control knives, heat, electrical equipment, chemicals and processing machinery."
FSC-010,Nursery,Solve a Food-System Challenge,School Food-Waste Station,Your class is exploring a school food-waste station. The teacher shows safe pictures or clean examples. Complete a simple solve a food-system challenge challenge.,Look carefully. Match or sort the examples. Choose one good action and tell the teacher why it helps.,"Pointing/matching, simple sort, drawing, count or one spoken reason.",Recognizes the item or situation; makes a sensible choice; uses one relevant word; handles materials safely.,Draw what should happen next.,"Use only teacher-approved materials. No tasting is required. Follow school rules for food handling, allergies, handwashing and sanitation. Teachers control knives, heat, electrical equipment, chemicals and processing machinery."
FSC-011,Nursery,Know the Ingredient,Classroom Food Table,Your class is exploring a classroom food table. The teacher shows safe pictures or clean examples. Complete a simple know the ingredient challenge.,Look carefully. Match or sort the examples. Choose one good action and tell the teacher why it helps.,"Pointing/matching, simple sort, drawing, count or one spoken reason.",Recognizes the item or situation; makes a sensible choice; uses one relevant word; handles materials safely.,Draw what should happen next.,"Use only teacher-approved materials. No tasting is required. Follow school rules for food handling, allergies, handwashing and sanitation. Teachers control knives, heat, electrical equipment, chemicals and processing machinery."
FSC-012,Nursery,Build a Food Journey,Harvest Basket,Your class is exploring a harvest basket. The teacher shows safe pictures or clean examples. Complete a simple build a food journey challenge.,Look carefully. Match or sort the examples. Choose one good action and tell the teacher why it helps.,"Pointing/matching, simple sort, drawing, count or one spoken reason.",Recognizes the item or situation; makes a sensible choice; uses one relevant word; handles materials safely.,Draw what should happen next.,"Use only teacher-approved materials. No tasting is required. Follow school rules for food handling, allergies, handwashing and sanitation. Teachers control knives, heat, electrical equipment, chemicals and processing machinery."
FSC-013,Nursery,Make a Food Choice,Ingredient Display,Your class is exploring a ingredient display. The teacher shows safe pictures or clean examples. Complete a simple make a food choice challenge.,Look carefully. Match or sort the examples. Choose one good action and tell the teacher why it helps.,"Pointing/matching, simple sort, drawing, count or one spoken reason.",Recognizes the item or situation; makes a sensible choice; uses one relevant word; handles materials safely.,Draw what should happen next.,"Use only teacher-approved materials. No tasting is required. Follow school rules for food handling, allergies, handwashing and sanitation. Teachers control knives, heat, electrical equipment, chemicals and processing machinery."
FSC-014,Nursery,Read the Label,School Lunch Scenario,Your class is exploring a school lunch scenario. The teacher shows safe pictures or clean examples. Complete a simple read the label challenge.,Look carefully. Match or sort the examples. Choose one good action and tell the teacher why it helps.,"Pointing/matching, simple sort, drawing, count or one spoken reason.",Recognizes the item or situation; makes a sensible choice; uses one relevant word; handles materials safely.,Draw what should happen next.,"Use only teacher-approved materials. No tasting is required. Follow school rules for food handling, allergies, handwashing and sanitation. Teachers control knives, heat, electrical equipment, chemicals and processing machinery."
FSC-015,Nursery,Plan a Meal,Water Station,Your class is exploring a water station. The teacher shows safe pictures or clean examples. Complete a simple plan a meal challenge.,Look carefully. Match or sort the examples. Choose one good action and tell the teacher why it helps.,"Pointing/matching, simple sort, drawing, count or one spoken reason.",Recognizes the item or situation; makes a sensible choice; uses one relevant word; handles materials safely.,Draw what should happen next.,"Use only teacher-approved materials. No tasting is required. Follow school rules for food handling, allergies, handwashing and sanitation. Teachers control knives, heat, electrical equipment, chemicals and processing machinery."
FSC-016,Nursery,Use Water Wisely,Storage Shelf,Your class is exploring a storage shelf. The teacher shows safe pictures or clean examples. Complete a simple use water wisely challenge.,Look carefully. Match or sort the examples. Choose one good action and tell the teacher why it helps.,"Pointing/matching, simple sort, drawing, count or one spoken reason.",Recognizes the item or situation; makes a sensible choice; uses one relevant word; handles materials safely.,Draw what should happen next.,"Use only teacher-approved materials. No tasting is required. Follow school rules for food handling, allergies, handwashing and sanitation. Teachers control knives, heat, electrical equipment, chemicals and processing machinery."
FSC-017,Nursery,Reduce Food Waste,Market Basket,Your class is exploring a market basket. The teacher shows safe pictures or clean examples. Complete a simple reduce food waste challenge.,Look carefully. Match or sort the examples. Choose one good action and tell the teacher why it helps.,"Pointing/matching, simple sort, drawing, count or one spoken reason.",Recognizes the item or situation; makes a sensible choice; uses one relevant word; handles materials safely.,Draw what should happen next.,"Use only teacher-approved materials. No tasting is required. Follow school rules for food handling, allergies, handwashing and sanitation. Teachers control knives, heat, electrical equipment, chemicals and processing machinery."
FSC-018,Nursery,Think Seasonally,Food Journey Map,Your class is exploring a food journey map. The teacher shows safe pictures or clean examples. Complete a simple think seasonally challenge.,Look carefully. Match or sort the examples. Choose one good action and tell the teacher why it helps.,"Pointing/matching, simple sort, drawing, count or one spoken reason.",Recognizes the item or situation; makes a sensible choice; uses one relevant word; handles materials safely.,Draw what should happen next.,"Use only teacher-approved materials. No tasting is required. Follow school rules for food handling, allergies, handwashing and sanitation. Teachers control knives, heat, electrical equipment, chemicals and processing machinery."
FSC-019,Nursery,Store & Handle Responsibly,School Food-Waste Station,Your class is exploring a school food-waste station. The teacher shows safe pictures or clean examples. Complete a simple store & handle responsibly challenge.,Look carefully. Match or sort the examples. Choose one good action and tell the teacher why it helps.,"Pointing/matching, simple sort, drawing, count or one spoken reason.",Recognizes the item or situation; makes a sensible choice; uses one relevant word; handles materials safely.,Draw what should happen next.,"Use only teacher-approved materials. No tasting is required. Follow school rules for food handling, allergies, handwashing and sanitation. Teachers control knives, heat, electrical equipment, chemicals and processing machinery."
FSC-020,Nursery,Solve a Food-System Challenge,School Garden,Your class is exploring a school garden. The teacher shows safe pictures or clean examples. Complete a simple solve a food-system challenge challenge.,Look carefully. Match or sort the examples. Choose one good action and tell the teacher why it helps.,"Pointing/matching, simple sort, drawing, count or one spoken reason.",Recognizes the item or situation; makes a sensible choice; uses one relevant word; handles materials safely.,Draw what should happen next.,"Use only teacher-approved materials. No tasting is required. Follow school rules for food handling, allergies, handwashing and sanitation. Teachers control knives, heat, electrical equipment, chemicals and processing machinery."
FSC-021,Nursery,Know the Ingredient,Harvest Basket,Your class is exploring a harvest basket. The teacher shows safe pictures or clean examples. Complete a simple know the ingredient challenge.,Look carefully. Match or sort the examples. Choose one good action and tell the teacher why it helps.,"Pointing/matching, simple sort, drawing, count or one spoken reason.",Recognizes the item or situation; makes a sensible choice; uses one relevant word; handles materials safely.,Draw what should happen next.,"Use only teacher-approved materials. No tasting is required. Follow school rules for food handling, allergies, handwashing and sanitation. Teachers control knives, heat, electrical equipment, chemicals and processing machinery."
FSC-022,Nursery,Build a Food Journey,Ingredient Display,Your class is exploring a ingredient display. The teacher shows safe pictures or clean examples. Complete a simple build a food journey challenge.,Look carefully. Match or sort the examples. Choose one good action and tell the teacher why it helps.,"Pointing/matching, simple sort, drawing, count or one spoken reason.",Recognizes the item or situation; makes a sensible choice; uses one relevant word; handles materials safely.,Draw what should happen next.,"Use only teacher-approved materials. No tasting is required. Follow school rules for food handling, allergies, handwashing and sanitation. Teachers control knives, heat, electrical equipment, chemicals and processing machinery."
FSC-023,Nursery,Make a Food Choice,School Lunch Scenario,Your class is exploring a school lunch scenario. The teacher shows safe pictures or clean examples. Complete a simple make a food choice challenge.,Look carefully. Match or sort the examples. Choose one good action and tell the teacher why it helps.,"Pointing/matching, simple sort, drawing, count or one spoken reason.",Recognizes the item or situation; makes a sensible choice; uses one relevant word; handles materials safely.,Draw what should happen next.,"Use only teacher-approved materials. No tasting is required. Follow school rules for food handling, allergies, handwashing and sanitation. Teachers control knives, heat, electrical equipment, chemicals and processing machinery."
FSC-024,Nursery,Read the Label,Water Station,Your class is exploring a water station. The teacher shows safe pictures or clean examples. Complete a simple read the label challenge.,Look carefully. Match or sort the examples. Choose one good action and tell the teacher why it helps.,"Pointing/matching, simple sort, drawing, count or one spoken reason.",Recognizes the item or situation; makes a sensible choice; uses one relevant word; handles materials safely.,Draw what should happen next.,"Use only teacher-approved materials. No tasting is required. Follow school rules for food handling, allergies, handwashing and sanitation. Teachers control knives, heat, electrical equipment, chemicals and processing machinery."
FSC-025,Nursery,Plan a Meal,Storage Shelf,Your class is exploring a storage shelf. The teacher shows safe pictures or clean examples. Complete a simple plan a meal challenge.,Look carefully. Match or sort the examples. Choose one good action and tell the teacher why it helps.,"Pointing/matching, simple sort, drawing, count or one spoken reason.",Recognizes the item or situation; makes a sensible choice; uses one relevant word; handles materials safely.,Draw what should happen next.,"Use only teacher-approved materials. No tasting is required. Follow school rules for food handling, allergies, handwashing and sanitation. Teachers control knives, heat, electrical equipment, chemicals and processing machinery."
FSC-026,Nursery,Use Water Wisely,Market Basket,Your class is exploring a market basket. The teacher shows safe pictures or clean examples. Complete a simple use water wisely challenge.,Look carefully. Match or sort the examples. Choose one good action and tell the teacher why it helps.,"Pointing/matching, simple sort, drawing, count or one spoken reason.",Recognizes the item or situation; makes a sensible choice; uses one relevant word; handles materials safely.,Draw what should happen next.,"Use only teacher-approved materials. No tasting is required. Follow school rules for food handling, allergies, handwashing and sanitation. Teachers control knives, heat, electrical equipment, chemicals and processing machinery."
FSC-027,Nursery,Reduce Food Waste,Food Journey Map,Your class is exploring a food journey map. The teacher shows safe pictures or clean examples. Complete a simple reduce food waste challenge.,Look carefully. Match or sort the examples. Choose one good action and tell the teacher why it helps.,"Pointing/matching, simple sort, drawing, count or one spoken reason.",Recognizes the item or situation; makes a sensible choice; uses one relevant word; handles materials safely.,Draw what should happen next.,"Use only teacher-approved materials. No tasting is required. Follow school rules for food handling, allergies, handwashing and sanitation. Teachers control knives, heat, electrical equipment, chemicals and processing machinery."
FSC-028,Nursery,Think Seasonally,School Food-Waste Station,Your class is exploring a school food-waste station. The teacher shows safe pictures or clean examples. Complete a simple think seasonally challenge.,Look carefully. Match or sort the examples. Choose one good action and tell the teacher why it helps.,"Pointing/matching, simple sort, drawing, count or one spoken reason.",Recognizes the item or situation; makes a sensible choice; uses one relevant word; handles materials safely.,Draw what should happen next.,"Use only teacher-approved materials. No tasting is required. Follow school rules for food handling, allergies, handwashing and sanitation. Teachers control knives, heat, electrical equipment, chemicals and processing machinery."
FSC-029,Nursery,Store & Handle Responsibly,School Garden,Your class is exploring a school garden. The teacher shows safe pictures or clean examples. Complete a simple store & handle responsibly challenge.,Look carefully. Match or sort the examples. Choose one good action and tell the teacher why it helps.,"Pointing/matching, simple sort, drawing, count or one spoken reason.",Recognizes the item or situation; makes a sensible choice; uses one relevant word; handles materials safely.,Draw what should happen next.,"Use only teacher-approved materials. No tasting is required. Follow school rules for food handling, allergies, handwashing and sanitation. Teachers control knives, heat, electrical equipment, chemicals and processing machinery."
FSC-030,Nursery,Solve a Food-System Challenge,Classroom Food Table,Your class is exploring a classroom food table. The teacher shows safe pictures or clean examples. Complete a simple solve a food-system challenge challenge.,Look carefully. Match or sort the examples. Choose one good action and tell the teacher why it helps.,"Pointing/matching, simple sort, drawing, count or one spoken reason.",Recognizes the item or situation; makes a sensible choice; uses one relevant word; handles materials safely.,Draw what should happen next.,"Use only teacher-approved materials. No tasting is required. Follow school rules for food handling, allergies, handwashing and sanitation. Teachers control knives, heat, electrical equipment, chemicals and processing machinery."
FSC-031,Nursery,Know the Ingredient,Ingredient Display,Your class is exploring a ingredient display. The teacher shows safe pictures or clean examples. Complete a simple know the ingredient challenge.,Look carefully. Match or sort the examples. Choose one good action and tell the teacher why it helps.,"Pointing/matching, simple sort, drawing, count or one spoken reason.",Recognizes the item or situation; makes a sensible choice; uses one relevant word; handles materials safely.,Draw what should happen next.,"Use only teacher-approved materials. No tasting is required. Follow school rules for food handling, allergies, handwashing and sanitation. Teachers control knives, heat, electrical equipment, chemicals and processing machinery."
FSC-032,Nursery,Build a Food Journey,School Lunch Scenario,Your class is exploring a school lunch scenario. The teacher shows safe pictures or clean examples. Complete a simple build a food journey challenge.,Look carefully. Match or sort the examples. Choose one good action and tell the teacher why it helps.,"Pointing/matching, simple sort, drawing, count or one spoken reason.",Recognizes the item or situation; makes a sensible choice; uses one relevant word; handles materials safely.,Draw what should happen next.,"Use only teacher-approved materials. No tasting is required. Follow school rules for food handling, allergies, handwashing and sanitation. Teachers control knives, heat, electrical equipment, chemicals and processing machinery."
FSC-033,Nursery,Make a Food Choice,Water Station,Your class is exploring a water station. The teacher shows safe pictures or clean examples. Complete a simple make a food choice challenge.,Look carefully. Match or sort the examples. Choose one good action and tell the teacher why it helps.,"Pointing/matching, simple sort, drawing, count or one spoken reason.",Recognizes the item or situation; makes a sensible choice; uses one relevant word; handles materials safely.,Draw what should happen next.,"Use only teacher-approved materials. No tasting is required. Follow school rules for food handling, allergies, handwashing and sanitation. Teachers control knives, heat, electrical equipment, chemicals and processing machinery."
FSC-034,Nursery,Read the Label,Storage Shelf,Your class is exploring a storage shelf. The teacher shows safe pictures or clean examples. Complete a simple read the label challenge.,Look carefully. Match or sort the examples. Choose one good action and tell the teacher why it helps.,"Pointing/matching, simple sort, drawing, count or one spoken reason.",Recognizes the item or situation; makes a sensible choice; uses one relevant word; handles materials safely.,Draw what should happen next.,"Use only teacher-approved materials. No tasting is required. Follow school rules for food handling, allergies, handwashing and sanitation. Teachers control knives, heat, electrical equipment, chemicals and processing machinery."
FSC-035,Nursery,Plan a Meal,Market Basket,Your class is exploring a market basket. The teacher shows safe pictures or clean examples. Complete a simple plan a meal challenge.,Look carefully. Match or sort the examples. Choose one good action and tell the teacher why it helps.,"Pointing/matching, simple sort, drawing, count or one spoken reason.",Recognizes the item or situation; makes a sensible choice; uses one relevant word; handles materials safely.,Draw what should happen next.,"Use only teacher-approved materials. No tasting is required. Follow school rules for food handling, allergies, handwashing and sanitation. Teachers control knives, heat, electrical equipment, chemicals and processing machinery."
FSC-036,Nursery,Use Water Wisely,Food Journey Map,Your class is exploring a food journey map. The teacher shows safe pictures or clean examples. Complete a simple use water wisely challenge.,Look carefully. Match or sort the examples. Choose one good action and tell the teacher why it helps.,"Pointing/matching, simple sort, drawing, count or one spoken reason.",Recognizes the item or situation; makes a sensible choice; uses one relevant word; handles materials safely.,Draw what should happen next.,"Use only teacher-approved materials. No tasting is required. Follow school rules for food handling, allergies, handwashing and sanitation. Teachers control knives, heat, electrical equipment, chemicals and processing machinery."
FSC-037,Nursery,Reduce Food Waste,School Food-Waste Station,Your class is exploring a school food-waste station. The teacher shows safe pictures or clean examples. Complete a simple reduce food waste challenge.,Look carefully. Match or sort the examples. Choose one good action and tell the teacher why it helps.,"Pointing/matching, simple sort, drawing, count or one spoken reason.",Recognizes the item or situation; makes a sensible choice; uses one relevant word; handles materials safely.,Draw what should happen next.,"Use only teacher-approved materials. No tasting is required. Follow school rules for food handling, allergies, handwashing and sanitation. Teachers control knives, heat, electrical equipment, chemicals and processing machinery."
FSC-038,Nursery,Think Seasonally,School Garden,Your class is exploring a school garden. The teacher shows safe pictures or clean examples. Complete a simple think seasonally challenge.,Look carefully. Match or sort the examples. Choose one good action and tell the teacher why it helps.,"Pointing/matching, simple sort, drawing, count or one spoken reason.",Recognizes the item or situation; makes a sensible choice; uses one relevant word; handles materials safely.,Draw what should happen next.,"Use only teacher-approved materials. No tasting is required. Follow school rules for food handling, allergies, handwashing and sanitation. Teachers control knives, heat, electrical equipment, chemicals and processing machinery."
FSC-039,Nursery,Store & Handle Responsibly,Classroom Food Table,Your class is exploring a classroom food table. The teacher shows safe pictures or clean examples. Complete a simple store & handle responsibly challenge.,Look carefully. Match or sort the examples. Choose one good action and tell the teacher why it helps.,"Pointing/matching, simple sort, drawing, count or one spoken reason.",Recognizes the item or situation; makes a sensible choice; uses one relevant word; handles materials safely.,Draw what should happen next.,"Use only teacher-approved materials. No tasting is required. Follow school rules for food handling, allergies, handwashing and sanitation. Teachers control knives, heat, electrical equipment, chemicals and processing machinery."
FSC-040,Nursery,Solve a Food-System Challenge,Harvest Basket,Your class is exploring a harvest basket. The teacher shows safe pictures or clean examples. Complete a simple solve a food-system challenge challenge.,Look carefully. Match or sort the examples. Choose one good action and tell the teacher why it helps.,"Pointing/matching, simple sort, drawing, count or one spoken reason.",Recognizes the item or situation; makes a sensible choice; uses one relevant word; handles materials safely.,Draw what should happen next.,"Use only teacher-approved materials. No tasting is required. Follow school rules for food handling, allergies, handwashing and sanitation. Teachers control knives, heat, electrical equipment, chemicals and processing machinery."
FSC-041,Nursery,Know the Ingredient,School Lunch Scenario,Your class is exploring a school lunch scenario. The teacher shows safe pictures or clean examples. Complete a simple know the ingredient challenge.,Look carefully. Match or sort the examples. Choose one good action and tell the teacher why it helps.,"Pointing/matching, simple sort, drawing, count or one spoken reason.",Recognizes the item or situation; makes a sensible choice; uses one relevant word; handles materials safely.,Draw what should happen next.,"Use only teacher-approved materials. No tasting is required. Follow school rules for food handling, allergies, handwashing and sanitation. Teachers control knives, heat, electrical equipment, chemicals and processing machinery."
FSC-042,Nursery,Build a Food Journey,Water Station,Your class is exploring a water station. The teacher shows safe pictures or clean examples. Complete a simple build a food journey challenge.,Look carefully. Match or sort the examples. Choose one good action and tell the teacher why it helps.,"Pointing/matching, simple sort, drawing, count or one spoken reason.",Recognizes the item or situation; makes a sensible choice; uses one relevant word; handles materials safely.,Draw what should happen next.,"Use only teacher-approved materials. No tasting is required. Follow school rules for food handling, allergies, handwashing and sanitation. Teachers control knives, heat, electrical equipment, chemicals and processing machinery."
FSC-043,Nursery,Make a Food Choice,Storage Shelf,Your class is exploring a storage shelf. The teacher shows safe pictures or clean examples. Complete a simple make a food choice challenge.,Look carefully. Match or sort the examples. Choose one good action and tell the teacher why it helps.,"Pointing/matching, simple sort, drawing, count or one spoken reason.",Recognizes the item or situation; makes a sensible choice; uses one relevant word; handles materials safely.,Draw what should happen next.,"Use only teacher-approved materials. No tasting is required. Follow school rules for food handling, allergies, handwashing and sanitation. Teachers control knives, heat, electrical equipment, chemicals and processing machinery."
FSC-044,Nursery,Read the Label,Market Basket,Your class is exploring a market basket. The teacher shows safe pictures or clean examples. Complete a simple read the label challenge.,Look carefully. Match or sort the examples. Choose one good action and tell the teacher why it helps.,"Pointing/matching, simple sort, drawing, count or one spoken reason.",Recognizes the item or situation; makes a sensible choice; uses one relevant word; handles materials safely.,Draw what should happen next.,"Use only teacher-approved materials. No tasting is required. Follow school rules for food handling, allergies, handwashing and sanitation. Teachers control knives, heat, electrical equipment, chemicals and processing machinery."
FSC-045,Nursery,Plan a Meal,Food Journey Map,Your class is exploring a food journey map. The teacher shows safe pictures or clean examples. Complete a simple plan a meal challenge.,Look carefully. Match or sort the examples. Choose one good action and tell the teacher why it helps.,"Pointing/matching, simple sort, drawing, count or one spoken reason.",Recognizes the item or situation; makes a sensible choice; uses one relevant word; handles materials safely.,Draw what should happen next.,"Use only teacher-approved materials. No tasting is required. Follow school rules for food handling, allergies, handwashing and sanitation. Teachers control knives, heat, electrical equipment, chemicals and processing machinery."
FSC-046,Nursery,Use Water Wisely,School Food-Waste Station,Your class is exploring a school food-waste station. The teacher shows safe pictures or clean examples. Complete a simple use water wisely challenge.,Look carefully. Match or sort the examples. Choose one good action and tell the teacher why it helps.,"Pointing/matching, simple sort, drawing, count or one spoken reason.",Recognizes the item or situation; makes a sensible choice; uses one relevant word; handles materials safely.,Draw what should happen next.,"Use only teacher-approved materials. No tasting is required. Follow school rules for food handling, allergies, handwashing and sanitation. Teachers control knives, heat, electrical equipment, chemicals and processing machinery."
FSC-047,Nursery,Reduce Food Waste,School Garden,Your class is exploring a school garden. The teacher shows safe pictures or clean examples. Complete a simple reduce food waste challenge.,Look carefully. Match or sort the examples. Choose one good action and tell the teacher why it helps.,"Pointing/matching, simple sort, drawing, count or one spoken reason.",Recognizes the item or situation; makes a sensible choice; uses one relevant word; handles materials safely.,Draw what should happen next.,"Use only teacher-approved materials. No tasting is required. Follow school rules for food handling, allergies, handwashing and sanitation. Teachers control knives, heat, electrical equipment, chemicals and processing machinery."
FSC-048,Nursery,Think Seasonally,Classroom Food Table,Your class is exploring a classroom food table. The teacher shows safe pictures or clean examples. Complete a simple think seasonally challenge.,Look carefully. Match or sort the examples. Choose one good action and tell the teacher why it helps.,"Pointing/matching, simple sort, drawing, count or one spoken reason.",Recognizes the item or situation; makes a sensible choice; uses one relevant word; handles materials safely.,Draw what should happen next.,"Use only teacher-approved materials. No tasting is required. Follow school rules for food handling, allergies, handwashing and sanitation. Teachers control knives, heat, electrical equipment, chemicals and processing machinery."
FSC-049,Nursery,Store & Handle Responsibly,Harvest Basket,Your class is exploring a harvest basket. The teacher shows safe pictures or clean examples. Complete a simple store & handle responsibly challenge.,Look carefully. Match or sort the examples. Choose one good action and tell the teacher why it helps.,"Pointing/matching, simple sort, drawing, count or one spoken reason.",Recognizes the item or situation; makes a sensible choice; uses one relevant word; handles materials safely.,Draw what should happen next.,"Use only teacher-approved materials. No tasting is required. Follow school rules for food handling, allergies, handwashing and sanitation. Teachers control knives, heat, electrical equipment, chemicals and processing machinery."
FSC-050,Nursery,Solve a Food-System Challenge,Ingredient Display,Your class is exploring a ingredient display. The teacher shows safe pictures or clean examples. Complete a simple solve a food-system challenge challenge.,Look carefully. Match or sort the examples. Choose one good action and tell the teacher why it helps.,"Pointing/matching, simple sort, drawing, count or one spoken reason.",Recognizes the item or situation; makes a sensible choice; uses one relevant word; handles materials safely.,Draw what should happen next.,"Use only teacher-approved materials. No tasting is required. Follow school rules for food handling, allergies, handwashing and sanitation. Teachers control knives, heat, electrical equipment, chemicals and processing machinery."
FSC-051,Nursery,Know the Ingredient,Water Station,Your class is exploring a water station. The teacher shows safe pictures or clean examples. Complete a simple know the ingredient challenge.,Look carefully. Match or sort the examples. Choose one good action and tell the teacher why it helps.,"Pointing/matching, simple sort, drawing, count or one spoken reason.",Recognizes the item or situation; makes a sensible choice; uses one relevant word; handles materials safely.,Draw what should happen next.,"Use only teacher-approved materials. No tasting is required. Follow school rules for food handling, allergies, handwashing and sanitation. Teachers control knives, heat, electrical equipment, chemicals and processing machinery."
FSC-052,Nursery,Build a Food Journey,Storage Shelf,Your class is exploring a storage shelf. The teacher shows safe pictures or clean examples. Complete a simple build a food journey challenge.,Look carefully. Match or sort the examples. Choose one good action and tell the teacher why it helps.,"Pointing/matching, simple sort, drawing, count or one spoken reason.",Recognizes the item or situation; makes a sensible choice; uses one relevant word; handles materials safely.,Draw what should happen next.,"Use only teacher-approved materials. No tasting is required. Follow school rules for food handling, allergies, handwashing and sanitation. Teachers control knives, heat, electrical equipment, chemicals and processing machinery."
FSC-053,Nursery,Make a Food Choice,Market Basket,Your class is exploring a market basket. The teacher shows safe pictures or clean examples. Complete a simple make a food choice challenge.,Look carefully. Match or sort the examples. Choose one good action and tell the teacher why it helps.,"Pointing/matching, simple sort, drawing, count or one spoken reason.",Recognizes the item or situation; makes a sensible choice; uses one relevant word; handles materials safely.,Draw what should happen next.,"Use only teacher-approved materials. No tasting is required. Follow school rules for food handling, allergies, handwashing and sanitation. Teachers control knives, heat, electrical equipment, chemicals and processing machinery."
FSC-054,Nursery,Read the Label,Food Journey Map,Your class is exploring a food journey map. The teacher shows safe pictures or clean examples. Complete a simple read the label challenge.,Look carefully. Match or sort the examples. Choose one good action and tell the teacher why it helps.,"Pointing/matching, simple sort, drawing, count or one spoken reason.",Recognizes the item or situation; makes a sensible choice; uses one relevant word; handles materials safely.,Draw what should happen next.,"Use only teacher-approved materials. No tasting is required. Follow school rules for food handling, allergies, handwashing and sanitation. Teachers control knives, heat, electrical equipment, chemicals and processing machinery."
FSC-055,Nursery,Plan a Meal,School Food-Waste Station,Your class is exploring a school food-waste station. The teacher shows safe pictures or clean examples. Complete a simple plan a meal challenge.,Look carefully. Match or sort the examples. Choose one good action and tell the teacher why it helps.,"Pointing/matching, simple sort, drawing, count or one spoken reason.",Recognizes the item or situation; makes a sensible choice; uses one relevant word; handles materials safely.,Draw what should happen next.,"Use only teacher-approved materials. No tasting is required. Follow school rules for food handling, allergies, handwashing and sanitation. Teachers control knives, heat, electrical equipment, chemicals and processing machinery."
FSC-056,Nursery,Use Water Wisely,School Garden,Your class is exploring a school garden. The teacher shows safe pictures or clean examples. Complete a simple use water wisely challenge.,Look carefully. Match or sort the examples. Choose one good action and tell the teacher why it helps.,"Pointing/matching, simple sort, drawing, count or one spoken reason.",Recognizes the item or situation; makes a sensible choice; uses one relevant word; handles materials safely.,Draw what should happen next.,"Use only teacher-approved materials. No tasting is required. Follow school rules for food handling, allergies, handwashing and sanitation. Teachers control knives, heat, electrical equipment, chemicals and processing machinery."
FSC-057,Nursery,Reduce Food Waste,Classroom Food Table,Your class is exploring a classroom food table. The teacher shows safe pictures or clean examples. Complete a simple reduce food waste challenge.,Look carefully. Match or sort the examples. Choose one good action and tell the teacher why it helps.,"Pointing/matching, simple sort, drawing, count or one spoken reason.",Recognizes the item or situation; makes a sensible choice; uses one relevant word; handles materials safely.,Draw what should happen next.,"Use only teacher-approved materials. No tasting is required. Follow school rules for food handling, allergies, handwashing and sanitation. Teachers control knives, heat, electrical equipment, chemicals and processing machinery."
FSC-058,Nursery,Think Seasonally,Harvest Basket,Your class is exploring a harvest basket. The teacher shows safe pictures or clean examples. Complete a simple think seasonally challenge.,Look carefully. Match or sort the examples. Choose one good action and tell the teacher why it helps.,"Pointing/matching, simple sort, drawing, count or one spoken reason.",Recognizes the item or situation; makes a sensible choice; uses one relevant word; handles materials safely.,Draw what should happen next.,"Use only teacher-approved materials. No tasting is required. Follow school rules for food handling, allergies, handwashing and sanitation. Teachers control knives, heat, electrical equipment, chemicals and processing machinery."
FSC-059,Nursery,Store & Handle Responsibly,Ingredient Display,Your class is exploring a ingredient display. The teacher shows safe pictures or clean examples. Complete a simple store & handle responsibly challenge.,Look carefully. Match or sort the examples. Choose one good action and tell the teacher why it helps.,"Pointing/matching, simple sort, drawing, count or one spoken reason.",Recognizes the item or situation; makes a sensible choice; uses one relevant word; handles materials safely.,Draw what should happen next.,"Use only teacher-approved materials. No tasting is required. Follow school rules for food handling, allergies, handwashing and sanitation. Teachers control knives, heat, electrical equipment, chemicals and processing machinery."
FSC-060,Nursery,Solve a Food-System Challenge,School Lunch Scenario,Your class is exploring a school lunch scenario. The teacher shows safe pictures or clean examples. Complete a simple solve a food-system challenge challenge.,Look carefully. Match or sort the examples. Choose one good action and tell the teacher why it helps.,"Pointing/matching, simple sort, drawing, count or one spoken reason.",Recognizes the item or situation; makes a sensible choice; uses one relevant word; handles materials safely.,Draw what should happen next.,"Use only teacher-approved materials. No tasting is required. Follow school rules for food handling, allergies, handwashing and sanitation. Teachers control knives, heat, electrical equipment, chemicals and processing machinery."
FSC-061,Nursery,Know the Ingredient,Storage Shelf,Your class is exploring a storage shelf. The teacher shows safe pictures or clean examples. Complete a simple know the ingredient challenge.,Look carefully. Match or sort the examples. Choose one good action and tell the teacher why it helps.,"Pointing/matching, simple sort, drawing, count or one spoken reason.",Recognizes the item or situation; makes a sensible choice; uses one relevant word; handles materials safely.,Draw what should happen next.,"Use only teacher-approved materials. No tasting is required. Follow school rules for food handling, allergies, handwashing and sanitation. Teachers control knives, heat, electrical equipment, chemicals and processing machinery."
FSC-062,Nursery,Build a Food Journey,Market Basket,Your class is exploring a market basket. The teacher shows safe pictures or clean examples. Complete a simple build a food journey challenge.,Look carefully. Match or sort the examples. Choose one good action and tell the teacher why it helps.,"Pointing/matching, simple sort, drawing, count or one spoken reason.",Recognizes the item or situation; makes a sensible choice; uses one relevant word; handles materials safely.,Draw what should happen next.,"Use only teacher-approved materials. No tasting is required. Follow school rules for food handling, allergies, handwashing and sanitation. Teachers control knives, heat, electrical equipment, chemicals and processing machinery."
FSC-063,Nursery,Make a Food Choice,Food Journey Map,Your class is exploring a food journey map. The teacher shows safe pictures or clean examples. Complete a simple make a food choice challenge.,Look carefully. Match or sort the examples. Choose one good action and tell the teacher why it helps.,"Pointing/matching, simple sort, drawing, count or one spoken reason.",Recognizes the item or situation; makes a sensible choice; uses one relevant word; handles materials safely.,Draw what should happen next.,"Use only teacher-approved materials. No tasting is required. Follow school rules for food handling, allergies, handwashing and sanitation. Teachers control knives, heat, electrical equipment, chemicals and processing machinery."
FSC-064,Nursery,Read the Label,School Food-Waste Station,Your class is exploring a school food-waste station. The teacher shows safe pictures or clean examples. Complete a simple read the label challenge.,Look carefully. Match or sort the examples. Choose one good action and tell the teacher why it helps.,"Pointing/matching, simple sort, drawing, count or one spoken reason.",Recognizes the item or situation; makes a sensible choice; uses one relevant word; handles materials safely.,Draw what should happen next.,"Use only teacher-approved materials. No tasting is required. Follow school rules for food handling, allergies, handwashing and sanitation. Teachers control knives, heat, electrical equipment, chemicals and processing machinery."
FSC-065,Nursery,Plan a Meal,School Garden,Your class is exploring a school garden. The teacher shows safe pictures or clean examples. Complete a simple plan a meal challenge.,Look carefully. Match or sort the examples. Choose one good action and tell the teacher why it helps.,"Pointing/matching, simple sort, drawing, count or one spoken reason.",Recognizes the item or situation; makes a sensible choice; uses one relevant word; handles materials safely.,Draw what should happen next.,"Use only teacher-approved materials. No tasting is required. Follow school rules for food handling, allergies, handwashing and sanitation. Teachers control knives, heat, electrical equipment, chemicals and processing machinery."
FSC-066,Nursery,Use Water Wisely,Classroom Food Table,Your class is exploring a classroom food table. The teacher shows safe pictures or clean examples. Complete a simple use water wisely challenge.,Look carefully. Match or sort the examples. Choose one good action and tell the teacher why it helps.,"Pointing/matching, simple sort, drawing, count or one spoken reason.",Recognizes the item or situation; makes a sensible choice; uses one relevant word; handles materials safely.,Draw what should happen next.,"Use only teacher-approved materials. No tasting is required. Follow school rules for food handling, allergies, handwashing and sanitation. Teachers control knives, heat, electrical equipment, chemicals and processing machinery."
FSC-067,Nursery,Reduce Food Waste,Harvest Basket,Your class is exploring a harvest basket. The teacher shows safe pictures or clean examples. Complete a simple reduce food waste challenge.,Look carefully. Match or sort the examples. Choose one good action and tell the teacher why it helps.,"Pointing/matching, simple sort, drawing, count or one spoken reason.",Recognizes the item or situation; makes a sensible choice; uses one relevant word; handles materials safely.,Draw what should happen next.,"Use only teacher-approved materials. No tasting is required. Follow school rules for food handling, allergies, handwashing and sanitation. Teachers control knives, heat, electrical equipment, chemicals and processing machinery."
FSC-068,Nursery,Think Seasonally,Ingredient Display,Your class is exploring a ingredient display. The teacher shows safe pictures or clean examples. Complete a simple think seasonally challenge.,Look carefully. Match or sort the examples. Choose one good action and tell the teacher why it helps.,"Pointing/matching, simple sort, drawing, count or one spoken reason.",Recognizes the item or situation; makes a sensible choice; uses one relevant word; handles materials safely.,Draw what should happen next.,"Use only teacher-approved materials. No tasting is required. Follow school rules for food handling, allergies, handwashing and sanitation. Teachers control knives, heat, electrical equipment, chemicals and processing machinery."
FSC-069,Nursery,Store & Handle Responsibly,School Lunch Scenario,Your class is exploring a school lunch scenario. The teacher shows safe pictures or clean examples. Complete a simple store & handle responsibly challenge.,Look carefully. Match or sort the examples. Choose one good action and tell the teacher why it helps.,"Pointing/matching, simple sort, drawing, count or one spoken reason.",Recognizes the item or situation; makes a sensible choice; uses one relevant word; handles materials safely.,Draw what should happen next.,"Use only teacher-approved materials. No tasting is required. Follow school rules for food handling, allergies, handwashing and sanitation. Teachers control knives, heat, electrical equipment, chemicals and processing machinery."
FSC-070,Nursery,Solve a Food-System Challenge,Water Station,Your class is exploring a water station. The teacher shows safe pictures or clean examples. Complete a simple solve a food-system challenge challenge.,Look carefully. Match or sort the examples. Choose one good action and tell the teacher why it helps.,"Pointing/matching, simple sort, drawing, count or one spoken reason.",Recognizes the item or situation; makes a sensible choice; uses one relevant word; handles materials safely.,Draw what should happen next.,"Use only teacher-approved materials. No tasting is required. Follow school rules for food handling, allergies, handwashing and sanitation. Teachers control knives, heat, electrical equipment, chemicals and processing machinery."
FSC-071,Nursery,Know the Ingredient,Market Basket,Your class is exploring a market basket. The teacher shows safe pictures or clean examples. Complete a simple know the ingredient challenge.,Look carefully. Match or sort the examples. Choose one good action and tell the teacher why it helps.,"Pointing/matching, simple sort, drawing, count or one spoken reason.",Recognizes the item or situation; makes a sensible choice; uses one relevant word; handles materials safely.,Draw what should happen next.,"Use only teacher-approved materials. No tasting is required. Follow school rules for food handling, allergies, handwashing and sanitation. Teachers control knives, heat, electrical equipment, chemicals and processing machinery."
FSC-072,Nursery,Build a Food Journey,Food Journey Map,Your class is exploring a food journey map. The teacher shows safe pictures or clean examples. Complete a simple build a food journey challenge.,Look carefully. Match or sort the examples. Choose one good action and tell the teacher why it helps.,"Pointing/matching, simple sort, drawing, count or one spoken reason.",Recognizes the item or situation; makes a sensible choice; uses one relevant word; handles materials safely.,Draw what should happen next.,"Use only teacher-approved materials. No tasting is required. Follow school rules for food handling, allergies, handwashing and sanitation. Teachers control knives, heat, electrical equipment, chemicals and processing machinery."
FSC-073,Nursery,Make a Food Choice,School Food-Waste Station,Your class is exploring a school food-waste station. The teacher shows safe pictures or clean examples. Complete a simple make a food choice challenge.,Look carefully. Match or sort the examples. Choose one good action and tell the teacher why it helps.,"Pointing/matching, simple sort, drawing, count or one spoken reason.",Recognizes the item or situation; makes a sensible choice; uses one relevant word; handles materials safely.,Draw what should happen next.,"Use only teacher-approved materials. No tasting is required. Follow school rules for food handling, allergies, handwashing and sanitation. Teachers control knives, heat, electrical equipment, chemicals and processing machinery."
FSC-074,Nursery,Read the Label,School Garden,Your class is exploring a school garden. The teacher shows safe pictures or clean examples. Complete a simple read the label challenge.,Look carefully. Match or sort the examples. Choose one good action and tell the teacher why it helps.,"Pointing/matching, simple sort, drawing, count or one spoken reason.",Recognizes the item or situation; makes a sensible choice; uses one relevant word; handles materials safely.,Draw what should happen next.,"Use only teacher-approved materials. No tasting is required. Follow school rules for food handling, allergies, handwashing and sanitation. Teachers control knives, heat, electrical equipment, chemicals and processing machinery."
FSC-075,Nursery,Plan a Meal,Classroom Food Table,Your class is exploring a classroom food table. The teacher shows safe pictures or clean examples. Complete a simple plan a meal challenge.,Look carefully. Match or sort the examples. Choose one good action and tell the teacher why it helps.,"Pointing/matching, simple sort, drawing, count or one spoken reason.",Recognizes the item or situation; makes a sensible choice; uses one relevant word; handles materials safely.,Draw what should happen next.,"Use only teacher-approved materials. No tasting is required. Follow school rules for food handling, allergies, handwashing and sanitation. Teachers control knives, heat, electrical equipment, chemicals and processing machinery."
FSC-076,Nursery,Use Water Wisely,Harvest Basket,Your class is exploring a harvest basket. The teacher shows safe pictures or clean examples. Complete a simple use water wisely challenge.,Look carefully. Match or sort the examples. Choose one good action and tell the teacher why it helps.,"Pointing/matching, simple sort, drawing, count or one spoken reason.",Recognizes the item or situation; makes a sensible choice; uses one relevant word; handles materials safely.,Draw what should happen next.,"Use only teacher-approved materials. No tasting is required. Follow school rules for food handling, allergies, handwashing and sanitation. Teachers control knives, heat, electrical equipment, chemicals and processing machinery."
FSC-077,Nursery,Reduce Food Waste,Ingredient Display,Your class is exploring a ingredient display. The teacher shows safe pictures or clean examples. Complete a simple reduce food waste challenge.,Look carefully. Match or sort the examples. Choose one good action and tell the teacher why it helps.,"Pointing/matching, simple sort, drawing, count or one spoken reason.",Recognizes the item or situation; makes a sensible choice; uses one relevant word; handles materials safely.,Draw what should happen next.,"Use only teacher-approved materials. No tasting is required. Follow school rules for food handling, allergies, handwashing and sanitation. Teachers control knives, heat, electrical equipment, chemicals and processing machinery."
FSC-078,Nursery,Think Seasonally,School Lunch Scenario,Your class is exploring a school lunch scenario. The teacher shows safe pictures or clean examples. Complete a simple think seasonally challenge.,Look carefully. Match or sort the examples. Choose one good action and tell the teacher why it helps.,"Pointing/matching, simple sort, drawing, count or one spoken reason.",Recognizes the item or situation; makes a sensible choice; uses one relevant word; handles materials safely.,Draw what should happen next.,"Use only teacher-approved materials. No tasting is required. Follow school rules for food handling, allergies, handwashing and sanitation. Teachers control knives, heat, electrical equipment, chemicals and processing machinery."
FSC-079,Nursery,Store & Handle Responsibly,Water Station,Your class is exploring a water station. The teacher shows safe pictures or clean examples. Complete a simple store & handle responsibly challenge.,Look carefully. Match or sort the examples. Choose one good action and tell the teacher why it helps.,"Pointing/matching, simple sort, drawing, count or one spoken reason.",Recognizes the item or situation; makes a sensible choice; uses one relevant word; handles materials safely.,Draw what should happen next.,"Use only teacher-approved materials. No tasting is required. Follow school rules for food handling, allergies, handwashing and sanitation. Teachers control knives, heat, electrical equipment, chemicals and processing machinery."
FSC-080,Nursery,Solve a Food-System Challenge,Storage Shelf,Your class is exploring a storage shelf. The teacher shows safe pictures or clean examples. Complete a simple solve a food-system challenge challenge.,Look carefully. Match or sort the examples. Choose one good action and tell the teacher why it helps.,"Pointing/matching, simple sort, drawing, count or one spoken reason.",Recognizes the item or situation; makes a sensible choice; uses one relevant word; handles materials safely.,Draw what should happen next.,"Use only teacher-approved materials. No tasting is required. Follow school rules for food handling, allergies, handwashing and sanitation. Teachers control knives, heat, electrical equipment, chemicals and processing machinery."
FSC-081,Nursery,Know the Ingredient,Food Journey Map,Your class is exploring a food journey map. The teacher shows safe pictures or clean examples. Complete a simple know the ingredient challenge.,Look carefully. Match or sort the examples. Choose one good action and tell the teacher why it helps.,"Pointing/matching, simple sort, drawing, count or one spoken reason.",Recognizes the item or situation; makes a sensible choice; uses one relevant word; handles materials safely.,Draw what should happen next.,"Use only teacher-approved materials. No tasting is required. Follow school rules for food handling, allergies, handwashing and sanitation. Teachers control knives, heat, electrical equipment, chemicals and processing machinery."
FSC-082,Nursery,Build a Food Journey,School Food-Waste Station,Your class is exploring a school food-waste station. The teacher shows safe pictures or clean examples. Complete a simple build a food journey challenge.,Look carefully. Match or sort the examples. Choose one good action and tell the teacher why it helps.,"Pointing/matching, simple sort, drawing, count or one spoken reason.",Recognizes the item or situation; makes a sensible choice; uses one relevant word; handles materials safely.,Draw what should happen next.,"Use only teacher-approved materials. No tasting is required. Follow school rules for food handling, allergies, handwashing and sanitation. Teachers control knives, heat, electrical equipment, chemicals and processing machinery."
FSC-083,Nursery,Make a Food Choice,School Garden,Your class is exploring a school garden. The teacher shows safe pictures or clean examples. Complete a simple make a food choice challenge.,Look carefully. Match or sort the examples. Choose one good action and tell the teacher why it helps.,"Pointing/matching, simple sort, drawing, count or one spoken reason.",Recognizes the item or situation; makes a sensible choice; uses one relevant word; handles materials safely.,Draw what should happen next.,"Use only teacher-approved materials. No tasting is required. Follow school rules for food handling, allergies, handwashing and sanitation. Teachers control knives, heat, electrical equipment, chemicals and processing machinery."
FSC-084,Nursery,Read the Label,Classroom Food Table,Your class is exploring a classroom food table. The teacher shows safe pictures or clean examples. Complete a simple read the label challenge.,Look carefully. Match or sort the examples. Choose one good action and tell the teacher why it helps.,"Pointing/matching, simple sort, drawing, count or one spoken reason.",Recognizes the item or situation; makes a sensible choice; uses one relevant word; handles materials safely.,Draw what should happen next.,"Use only teacher-approved materials. No tasting is required. Follow school rules for food handling, allergies, handwashing and sanitation. Teachers control knives, heat, electrical equipment, chemicals and processing machinery."
FSC-085,Nursery,Plan a Meal,Harvest Basket,Your class is exploring a harvest basket. The teacher shows safe pictures or clean examples. Complete a simple plan a meal challenge.,Look carefully. Match or sort the examples. Choose one good action and tell the teacher why it helps.,"Pointing/matching, simple sort, drawing, count or one spoken reason.",Recognizes the item or situation; makes a sensible choice; uses one relevant word; handles materials safely.,Draw what should happen next.,"Use only teacher-approved materials. No tasting is required. Follow school rules for food handling, allergies, handwashing and sanitation. Teachers control knives, heat, electrical equipment, chemicals and processing machinery."
FSC-086,Nursery,Use Water Wisely,Ingredient Display,Your class is exploring a ingredient display. The teacher shows safe pictures or clean examples. Complete a simple use water wisely challenge.,Look carefully. Match or sort the examples. Choose one good action and tell the teacher why it helps.,"Pointing/matching, simple sort, drawing, count or one spoken reason.",Recognizes the item or situation; makes a sensible choice; uses one relevant word; handles materials safely.,Draw what should happen next.,"Use only teacher-approved materials. No tasting is required. Follow school rules for food handling, allergies, handwashing and sanitation. Teachers control knives, heat, electrical equipment, chemicals and processing machinery."
FSC-087,Nursery,Reduce Food Waste,School Lunch Scenario,Your class is exploring a school lunch scenario. The teacher shows safe pictures or clean examples. Complete a simple reduce food waste challenge.,Look carefully. Match or sort the examples. Choose one good action and tell the teacher why it helps.,"Pointing/matching, simple sort, drawing, count or one spoken reason.",Recognizes the item or situation; makes a sensible choice; uses one relevant word; handles materials safely.,Draw what should happen next.,"Use only teacher-approved materials. No tasting is required. Follow school rules for food handling, allergies, handwashing and sanitation. Teachers control knives, heat, electrical equipment, chemicals and processing machinery."
FSC-088,Nursery,Think Seasonally,Water Station,Your class is exploring a water station. The teacher shows safe pictures or clean examples. Complete a simple think seasonally challenge.,Look carefully. Match or sort the examples. Choose one good action and tell the teacher why it helps.,"Pointing/matching, simple sort, drawing, count or one spoken reason.",Recognizes the item or situation; makes a sensible choice; uses one relevant word; handles materials safely.,Draw what should happen next.,"Use only teacher-approved materials. No tasting is required. Follow school rules for food handling, allergies, handwashing and sanitation. Teachers control knives, heat, electrical equipment, chemicals and processing machinery."
FSC-089,Nursery,Store & Handle Responsibly,Storage Shelf,Your class is exploring a storage shelf. The teacher shows safe pictures or clean examples. Complete a simple store & handle responsibly challenge.,Look carefully. Match or sort the examples. Choose one good action and tell the teacher why it helps.,"Pointing/matching, simple sort, drawing, count or one spoken reason.",Recognizes the item or situation; makes a sensible choice; uses one relevant word; handles materials safely.,Draw what should happen next.,"Use only teacher-approved materials. No tasting is required. Follow school rules for food handling, allergies, handwashing and sanitation. Teachers control knives, heat, electrical equipment, chemicals and processing machinery."
FSC-090,Nursery,Solve a Food-System Challenge,Market Basket,Your class is exploring a market basket. The teacher shows safe pictures or clean examples. Complete a simple solve a food-system challenge challenge.,Look carefully. Match or sort the examples. Choose one good action and tell the teacher why it helps.,"Pointing/matching, simple sort, drawing, count or one spoken reason.",Recognizes the item or situation; makes a sensible choice; uses one relevant word; handles materials safely.,Draw what should happen next.,"Use only teacher-approved materials. No tasting is required. Follow school rules for food handling, allergies, handwashing and sanitation. Teachers control knives, heat, electrical equipment, chemicals and processing machinery."
FSC-091,Nursery,Know the Ingredient,School Food-Waste Station,Your class is exploring a school food-waste station. The teacher shows safe pictures or clean examples. Complete a simple know the ingredient challenge.,Look carefully. Match or sort the examples. Choose one good action and tell the teacher why it helps.,"Pointing/matching, simple sort, drawing, count or one spoken reason.",Recognizes the item or situation; makes a sensible choice; uses one relevant word; handles materials safely.,Draw what should happen next.,"Use only teacher-approved materials. No tasting is required. Follow school rules for food handling, allergies, handwashing and sanitation. Teachers control knives, heat, electrical equipment, chemicals and processing machinery."
FSC-092,Nursery,Build a Food Journey,School Garden,Your class is exploring a school garden. The teacher shows safe pictures or clean examples. Complete a simple build a food journey challenge.,Look carefully. Match or sort the examples. Choose one good action and tell the teacher why it helps.,"Pointing/matching, simple sort, drawing, count or one spoken reason.",Recognizes the item or situation; makes a sensible choice; uses one relevant word; handles materials safely.,Draw what should happen next.,"Use only teacher-approved materials. No tasting is required. Follow school rules for food handling, allergies, handwashing and sanitation. Teachers control knives, heat, electrical equipment, chemicals and processing machinery."
FSC-093,Nursery,Make a Food Choice,Classroom Food Table,Your class is exploring a classroom food table. The teacher shows safe pictures or clean examples. Complete a simple make a food choice challenge.,Look carefully. Match or sort the examples. Choose one good action and tell the teacher why it helps.,"Pointing/matching, simple sort, drawing, count or one spoken reason.",Recognizes the item or situation; makes a sensible choice; uses one relevant word; handles materials safely.,Draw what should happen next.,"Use only teacher-approved materials. No tasting is required. Follow school rules for food handling, allergies, handwashing and sanitation. Teachers control knives, heat, electrical equipment, chemicals and processing machinery."
FSC-094,Nursery,Read the Label,Harvest Basket,Your class is exploring a harvest basket. The teacher shows safe pictures or clean examples. Complete a simple read the label challenge.,Look carefully. Match or sort the examples. Choose one good action and tell the teacher why it helps.,"Pointing/matching, simple sort, drawing, count or one spoken reason.",Recognizes the item or situation; makes a sensible choice; uses one relevant word; handles materials safely.,Draw what should happen next.,"Use only teacher-approved materials. No tasting is required. Follow school rules for food handling, allergies, handwashing and sanitation. Teachers control knives, heat, electrical equipment, chemicals and processing machinery."
FSC-095,Nursery,Plan a Meal,Ingredient Display,Your class is exploring a ingredient display. The teacher shows safe pictures or clean examples. Complete a simple plan a meal challenge.,Look carefully. Match or sort the examples. Choose one good action and tell the teacher why it helps.,"Pointing/matching, simple sort, drawing, count or one spoken reason.",Recognizes the item or situation; makes a sensible choice; uses one relevant word; handles materials safely.,Draw what should happen next.,"Use only teacher-approved materials. No tasting is required. Follow school rules for food handling, allergies, handwashing and sanitation. Teachers control knives, heat, electrical equipment, chemicals and processing machinery."
FSC-096,Nursery,Use Water Wisely,School Lunch Scenario,Your class is exploring a school lunch scenario. The teacher shows safe pictures or clean examples. Complete a simple use water wisely challenge.,Look carefully. Match or sort the examples. Choose one good action and tell the teacher why it helps.,"Pointing/matching, simple sort, drawing, count or one spoken reason.",Recognizes the item or situation; makes a sensible choice; uses one relevant word; handles materials safely.,Draw what should happen next.,"Use only teacher-approved materials. No tasting is required. Follow school rules for food handling, allergies, handwashing and sanitation. Teachers control knives, heat, electrical equipment, chemicals and processing machinery."
FSC-097,Nursery,Reduce Food Waste,Water Station,Your class is exploring a water station. The teacher shows safe pictures or clean examples. Complete a simple reduce food waste challenge.,Look carefully. Match or sort the examples. Choose one good action and tell the teacher why it helps.,"Pointing/matching, simple sort, drawing, count or one spoken reason.",Recognizes the item or situation; makes a sensible choice; uses one relevant word; handles materials safely.,Draw what should happen next.,"Use only teacher-approved materials. No tasting is required. Follow school rules for food handling, allergies, handwashing and sanitation. Teachers control knives, heat, electrical equipment, chemicals and processing machinery."
FSC-098,Nursery,Think Seasonally,Storage Shelf,Your class is exploring a storage shelf. The teacher shows safe pictures or clean examples. Complete a simple think seasonally challenge.,Look carefully. Match or sort the examples. Choose one good action and tell the teacher why it helps.,"Pointing/matching, simple sort, drawing, count or one spoken reason.",Recognizes the item or situation; makes a sensible choice; uses one relevant word; handles materials safely.,Draw what should happen next.,"Use only teacher-approved materials. No tasting is required. Follow school rules for food handling, allergies, handwashing and sanitation. Teachers control knives, heat, electrical equipment, chemicals and processing machinery."
FSC-099,Nursery,Store & Handle Responsibly,Market Basket,Your class is exploring a market basket. The teacher shows safe pictures or clean examples. Complete a simple store & handle responsibly challenge.,Look carefully. Match or sort the examples. Choose one good action and tell the teacher why it helps.,"Pointing/matching, simple sort, drawing, count or one spoken reason.",Recognizes the item or situation; makes a sensible choice; uses one relevant word; handles materials safely.,Draw what should happen next.,"Use only teacher-approved materials. No tasting is required. Follow school rules for food handling, allergies, handwashing and sanitation. Teachers control knives, heat, electrical equipment, chemicals and processing machinery."
FSC-100,Nursery,Solve a Food-System Challenge,Food Journey Map,Your class is exploring a food journey map. The teacher shows safe pictures or clean examples. Complete a simple solve a food-system challenge challenge.,Look carefully. Match or sort the examples. Choose one good action and tell the teacher why it helps.,"Pointing/matching, simple sort, drawing, count or one spoken reason.",Recognizes the item or situation; makes a sensible choice; uses one relevant word; handles materials safely.,Draw what should happen next.,"Use only teacher-approved materials. No tasting is required. Follow school rules for food handling, allergies, handwashing and sanitation. Teachers control knives, heat, electrical equipment, chemicals and processing machinery."
FSC-101,Primary 1-3,Know the Ingredient,School Garden,Your group is working with a school garden. You need to use what you learned from the garden to complete a know the ingredient decision.,"Identify the important information, compare at least two options, choose an action and explain your choice with one observation or measurement.","Short table, sequence, drawing, label comparison, tally or 2-3 sentence explanation.",Correct identification; usable evidence; reasonable choice; clear garden-to-food connection.,Suggest one way to make the choice reduce waste or protect resources.,"Use only teacher-approved materials. No tasting is required. Follow school rules for food handling, allergies, handwashing and sanitation. Teachers control knives, heat, electrical equipment, chemicals and processing machinery."
FSC-102,Primary 1-3,Build a Food Journey,Classroom Food Table,Your group is working with a classroom food table. You need to use what you learned from the garden to complete a build a food journey decision.,"Identify the important information, compare at least two options, choose an action and explain your choice with one observation or measurement.","Short table, sequence, drawing, label comparison, tally or 2-3 sentence explanation.",Correct identification; usable evidence; reasonable choice; clear garden-to-food connection.,Suggest one way to make the choice reduce waste or protect resources.,"Use only teacher-approved materials. No tasting is required. Follow school rules for food handling, allergies, handwashing and sanitation. Teachers control knives, heat, electrical equipment, chemicals and processing machinery."
FSC-103,Primary 1-3,Make a Food Choice,Harvest Basket,Your group is working with a harvest basket. You need to use what you learned from the garden to complete a make a food choice decision.,"Identify the important information, compare at least two options, choose an action and explain your choice with one observation or measurement.","Short table, sequence, drawing, label comparison, tally or 2-3 sentence explanation.",Correct identification; usable evidence; reasonable choice; clear garden-to-food connection.,Suggest one way to make the choice reduce waste or protect resources.,"Use only teacher-approved materials. No tasting is required. Follow school rules for food handling, allergies, handwashing and sanitation. Teachers control knives, heat, electrical equipment, chemicals and processing machinery."
FSC-104,Primary 1-3,Read the Label,Ingredient Display,Your group is working with a ingredient display. You need to use what you learned from the garden to complete a read the label decision.,"Identify the important information, compare at least two options, choose an action and explain your choice with one observation or measurement.","Short table, sequence, drawing, label comparison, tally or 2-3 sentence explanation.",Correct identification; usable evidence; reasonable choice; clear garden-to-food connection.,Suggest one way to make the choice reduce waste or protect resources.,"Use only teacher-approved materials. No tasting is required. Follow school rules for food handling, allergies, handwashing and sanitation. Teachers control knives, heat, electrical equipment, chemicals and processing machinery."
FSC-105,Primary 1-3,Plan a Meal,School Lunch Scenario,Your group is working with a school lunch scenario. You need to use what you learned from the garden to complete a plan a meal decision.,"Identify the important information, compare at least two options, choose an action and explain your choice with one observation or measurement.","Short table, sequence, drawing, label comparison, tally or 2-3 sentence explanation.",Correct identification; usable evidence; reasonable choice; clear garden-to-food connection.,Suggest one way to make the choice reduce waste or protect resources.,"Use only teacher-approved materials. No tasting is required. Follow school rules for food handling, allergies, handwashing and sanitation. Teachers control knives, heat, electrical equipment, chemicals and processing machinery."
FSC-106,Primary 1-3,Use Water Wisely,Water Station,Your group is working with a water station. You need to use what you learned from the garden to complete a use water wisely decision.,"Identify the important information, compare at least two options, choose an action and explain your choice with one observation or measurement.","Short table, sequence, drawing, label comparison, tally or 2-3 sentence explanation.",Correct identification; usable evidence; reasonable choice; clear garden-to-food connection.,Suggest one way to make the choice reduce waste or protect resources.,"Use only teacher-approved materials. No tasting is required. Follow school rules for food handling, allergies, handwashing and sanitation. Teachers control knives, heat, electrical equipment, chemicals and processing machinery."
FSC-107,Primary 1-3,Reduce Food Waste,Storage Shelf,Your group is working with a storage shelf. You need to use what you learned from the garden to complete a reduce food waste decision.,"Identify the important information, compare at least two options, choose an action and explain your choice with one observation or measurement.","Short table, sequence, drawing, label comparison, tally or 2-3 sentence explanation.",Correct identification; usable evidence; reasonable choice; clear garden-to-food connection.,Suggest one way to make the choice reduce waste or protect resources.,"Use only teacher-approved materials. No tasting is required. Follow school rules for food handling, allergies, handwashing and sanitation. Teachers control knives, heat, electrical equipment, chemicals and processing machinery."
FSC-108,Primary 1-3,Think Seasonally,Market Basket,Your group is working with a market basket. You need to use what you learned from the garden to complete a think seasonally decision.,"Identify the important information, compare at least two options, choose an action and explain your choice with one observation or measurement.","Short table, sequence, drawing, label comparison, tally or 2-3 sentence explanation.",Correct identification; usable evidence; reasonable choice; clear garden-to-food connection.,Suggest one way to make the choice reduce waste or protect resources.,"Use only teacher-approved materials. No tasting is required. Follow school rules for food handling, allergies, handwashing and sanitation. Teachers control knives, heat, electrical equipment, chemicals and processing machinery."
FSC-109,Primary 1-3,Store & Handle Responsibly,Food Journey Map,Your group is working with a food journey map. You need to use what you learned from the garden to complete a store & handle responsibly decision.,"Identify the important information, compare at least two options, choose an action and explain your choice with one observation or measurement.","Short table, sequence, drawing, label comparison, tally or 2-3 sentence explanation.",Correct identification; usable evidence; reasonable choice; clear garden-to-food connection.,Suggest one way to make the choice reduce waste or protect resources.,"Use only teacher-approved materials. No tasting is required. Follow school rules for food handling, allergies, handwashing and sanitation. Teachers control knives, heat, electrical equipment, chemicals and processing machinery."
FSC-110,Primary 1-3,Solve a Food-System Challenge,School Food-Waste Station,Your group is working with a school food-waste station. You need to use what you learned from the garden to complete a solve a food-system challenge decision.,"Identify the important information, compare at least two options, choose an action and explain your choice with one observation or measurement.","Short table, sequence, drawing, label comparison, tally or 2-3 sentence explanation.",Correct identification; usable evidence; reasonable choice; clear garden-to-food connection.,Suggest one way to make the choice reduce waste or protect resources.,"Use only teacher-approved materials. No tasting is required. Follow school rules for food handling, allergies, handwashing and sanitation. Teachers control knives, heat, electrical equipment, chemicals and processing machinery."
FSC-111,Primary 1-3,Know the Ingredient,Classroom Food Table,Your group is working with a classroom food table. You need to use what you learned from the garden to complete a know the ingredient decision.,"Identify the important information, compare at least two options, choose an action and explain your choice with one observation or measurement.","Short table, sequence, drawing, label comparison, tally or 2-3 sentence explanation.",Correct identification; usable evidence; reasonable choice; clear garden-to-food connection.,Suggest one way to make the choice reduce waste or protect resources.,"Use only teacher-approved materials. No tasting is required. Follow school rules for food handling, allergies, handwashing and sanitation. Teachers control knives, heat, electrical equipment, chemicals and processing machinery."
FSC-112,Primary 1-3,Build a Food Journey,Harvest Basket,Your group is working with a harvest basket. You need to use what you learned from the garden to complete a build a food journey decision.,"Identify the important information, compare at least two options, choose an action and explain your choice with one observation or measurement.","Short table, sequence, drawing, label comparison, tally or 2-3 sentence explanation.",Correct identification; usable evidence; reasonable choice; clear garden-to-food connection.,Suggest one way to make the choice reduce waste or protect resources.,"Use only teacher-approved materials. No tasting is required. Follow school rules for food handling, allergies, handwashing and sanitation. Teachers control knives, heat, electrical equipment, chemicals and processing machinery."
FSC-113,Primary 1-3,Make a Food Choice,Ingredient Display,Your group is working with a ingredient display. You need to use what you learned from the garden to complete a make a food choice decision.,"Identify the important information, compare at least two options, choose an action and explain your choice with one observation or measurement.","Short table, sequence, drawing, label comparison, tally or 2-3 sentence explanation.",Correct identification; usable evidence; reasonable choice; clear garden-to-food connection.,Suggest one way to make the choice reduce waste or protect resources.,"Use only teacher-approved materials. No tasting is required. Follow school rules for food handling, allergies, handwashing and sanitation. Teachers control knives, heat, electrical equipment, chemicals and processing machinery."
FSC-114,Primary 1-3,Read the Label,School Lunch Scenario,Your group is working with a school lunch scenario. You need to use what you learned from the garden to complete a read the label decision.,"Identify the important information, compare at least two options, choose an action and explain your choice with one observation or measurement.","Short table, sequence, drawing, label comparison, tally or 2-3 sentence explanation.",Correct identification; usable evidence; reasonable choice; clear garden-to-food connection.,Suggest one way to make the choice reduce waste or protect resources.,"Use only teacher-approved materials. No tasting is required. Follow school rules for food handling, allergies, handwashing and sanitation. Teachers control knives, heat, electrical equipment, chemicals and processing machinery."
FSC-115,Primary 1-3,Plan a Meal,Water Station,Your group is working with a water station. You need to use what you learned from the garden to complete a plan a meal decision.,"Identify the important information, compare at least two options, choose an action and explain your choice with one observation or measurement.","Short table, sequence, drawing, label comparison, tally or 2-3 sentence explanation.",Correct identification; usable evidence; reasonable choice; clear garden-to-food connection.,Suggest one way to make the choice reduce waste or protect resources.,"Use only teacher-approved materials. No tasting is required. Follow school rules for food handling, allergies, handwashing and sanitation. Teachers control knives, heat, electrical equipment, chemicals and processing machinery."
FSC-116,Primary 1-3,Use Water Wisely,Storage Shelf,Your group is working with a storage shelf. You need to use what you learned from the garden to complete a use water wisely decision.,"Identify the important information, compare at least two options, choose an action and explain your choice with one observation or measurement.","Short table, sequence, drawing, label comparison, tally or 2-3 sentence explanation.",Correct identification; usable evidence; reasonable choice; clear garden-to-food connection.,Suggest one way to make the choice reduce waste or protect resources.,"Use only teacher-approved materials. No tasting is required. Follow school rules for food handling, allergies, handwashing and sanitation. Teachers control knives, heat, electrical equipment, chemicals and processing machinery."
FSC-117,Primary 1-3,Reduce Food Waste,Market Basket,Your group is working with a market basket. You need to use what you learned from the garden to complete a reduce food waste decision.,"Identify the important information, compare at least two options, choose an action and explain your choice with one observation or measurement.","Short table, sequence, drawing, label comparison, tally or 2-3 sentence explanation.",Correct identification; usable evidence; reasonable choice; clear garden-to-food connection.,Suggest one way to make the choice reduce waste or protect resources.,"Use only teacher-approved materials. No tasting is required. Follow school rules for food handling, allergies, handwashing and sanitation. Teachers control knives, heat, electrical equipment, chemicals and processing machinery."
FSC-118,Primary 1-3,Think Seasonally,Food Journey Map,Your group is working with a food journey map. You need to use what you learned from the garden to complete a think seasonally decision.,"Identify the important information, compare at least two options, choose an action and explain your choice with one observation or measurement.","Short table, sequence, drawing, label comparison, tally or 2-3 sentence explanation.",Correct identification; usable evidence; reasonable choice; clear garden-to-food connection.,Suggest one way to make the choice reduce waste or protect resources.,"Use only teacher-approved materials. No tasting is required. Follow school rules for food handling, allergies, handwashing and sanitation. Teachers control knives, heat, electrical equipment, chemicals and processing machinery."
FSC-119,Primary 1-3,Store & Handle Responsibly,School Food-Waste Station,Your group is working with a school food-waste station. You need to use what you learned from the garden to complete a store & handle responsibly decision.,"Identify the important information, compare at least two options, choose an action and explain your choice with one observation or measurement.","Short table, sequence, drawing, label comparison, tally or 2-3 sentence explanation.",Correct identification; usable evidence; reasonable choice; clear garden-to-food connection.,Suggest one way to make the choice reduce waste or protect resources.,"Use only teacher-approved materials. No tasting is required. Follow school rules for food handling, allergies, handwashing and sanitation. Teachers control knives, heat, electrical equipment, chemicals and processing machinery."
FSC-120,Primary 1-3,Solve a Food-System Challenge,School Garden,Your group is working with a school garden. You need to use what you learned from the garden to complete a solve a food-system challenge decision.,"Identify the important information, compare at least two options, choose an action and explain your choice with one observation or measurement.","Short table, sequence, drawing, label comparison, tally or 2-3 sentence explanation.",Correct identification; usable evidence; reasonable choice; clear garden-to-food connection.,Suggest one way to make the choice reduce waste or protect resources.,"Use only teacher-approved materials. No tasting is required. Follow school rules for food handling, allergies, handwashing and sanitation. Teachers control knives, heat, electrical equipment, chemicals and processing machinery."
FSC-121,Primary 1-3,Know the Ingredient,Harvest Basket,Your group is working with a harvest basket. You need to use what you learned from the garden to complete a know the ingredient decision.,"Identify the important information, compare at least two options, choose an action and explain your choice with one observation or measurement.","Short table, sequence, drawing, label comparison, tally or 2-3 sentence explanation.",Correct identification; usable evidence; reasonable choice; clear garden-to-food connection.,Suggest one way to make the choice reduce waste or protect resources.,"Use only teacher-approved materials. No tasting is required. Follow school rules for food handling, allergies, handwashing and sanitation. Teachers control knives, heat, electrical equipment, chemicals and processing machinery."
FSC-122,Primary 1-3,Build a Food Journey,Ingredient Display,Your group is working with a ingredient display. You need to use what you learned from the garden to complete a build a food journey decision.,"Identify the important information, compare at least two options, choose an action and explain your choice with one observation or measurement.","Short table, sequence, drawing, label comparison, tally or 2-3 sentence explanation.",Correct identification; usable evidence; reasonable choice; clear garden-to-food connection.,Suggest one way to make the choice reduce waste or protect resources.,"Use only teacher-approved materials. No tasting is required. Follow school rules for food handling, allergies, handwashing and sanitation. Teachers control knives, heat, electrical equipment, chemicals and processing machinery."
FSC-123,Primary 1-3,Make a Food Choice,School Lunch Scenario,Your group is working with a school lunch scenario. You need to use what you learned from the garden to complete a make a food choice decision.,"Identify the important information, compare at least two options, choose an action and explain your choice with one observation or measurement.","Short table, sequence, drawing, label comparison, tally or 2-3 sentence explanation.",Correct identification; usable evidence; reasonable choice; clear garden-to-food connection.,Suggest one way to make the choice reduce waste or protect resources.,"Use only teacher-approved materials. No tasting is required. Follow school rules for food handling, allergies, handwashing and sanitation. Teachers control knives, heat, electrical equipment, chemicals and processing machinery."
FSC-124,Primary 1-3,Read the Label,Water Station,Your group is working with a water station. You need to use what you learned from the garden to complete a read the label decision.,"Identify the important information, compare at least two options, choose an action and explain your choice with one observation or measurement.","Short table, sequence, drawing, label comparison, tally or 2-3 sentence explanation.",Correct identification; usable evidence; reasonable choice; clear garden-to-food connection.,Suggest one way to make the choice reduce waste or protect resources.,"Use only teacher-approved materials. No tasting is required. Follow school rules for food handling, allergies, handwashing and sanitation. Teachers control knives, heat, electrical equipment, chemicals and processing machinery."
FSC-125,Primary 1-3,Plan a Meal,Storage Shelf,Your group is working with a storage shelf. You need to use what you learned from the garden to complete a plan a meal decision.,"Identify the important information, compare at least two options, choose an action and explain your choice with one observation or measurement.","Short table, sequence, drawing, label comparison, tally or 2-3 sentence explanation.",Correct identification; usable evidence; reasonable choice; clear garden-to-food connection.,Suggest one way to make the choice reduce waste or protect resources.,"Use only teacher-approved materials. No tasting is required. Follow school rules for food handling, allergies, handwashing and sanitation. Teachers control knives, heat, electrical equipment, chemicals and processing machinery."
FSC-126,Primary 1-3,Use Water Wisely,Market Basket,Your group is working with a market basket. You need to use what you learned from the garden to complete a use water wisely decision.,"Identify the important information, compare at least two options, choose an action and explain your choice with one observation or measurement.","Short table, sequence, drawing, label comparison, tally or 2-3 sentence explanation.",Correct identification; usable evidence; reasonable choice; clear garden-to-food connection.,Suggest one way to make the choice reduce waste or protect resources.,"Use only teacher-approved materials. No tasting is required. Follow school rules for food handling, allergies, handwashing and sanitation. Teachers control knives, heat, electrical equipment, chemicals and processing machinery."
FSC-127,Primary 1-3,Reduce Food Waste,Food Journey Map,Your group is working with a food journey map. You need to use what you learned from the garden to complete a reduce food waste decision.,"Identify the important information, compare at least two options, choose an action and explain your choice with one observation or measurement.","Short table, sequence, drawing, label comparison, tally or 2-3 sentence explanation.",Correct identification; usable evidence; reasonable choice; clear garden-to-food connection.,Suggest one way to make the choice reduce waste or protect resources.,"Use only teacher-approved materials. No tasting is required. Follow school rules for food handling, allergies, handwashing and sanitation. Teachers control knives, heat, electrical equipment, chemicals and processing machinery."
FSC-128,Primary 1-3,Think Seasonally,School Food-Waste Station,Your group is working with a school food-waste station. You need to use what you learned from the garden to complete a think seasonally decision.,"Identify the important information, compare at least two options, choose an action and explain your choice with one observation or measurement.","Short table, sequence, drawing, label comparison, tally or 2-3 sentence explanation.",Correct identification; usable evidence; reasonable choice; clear garden-to-food connection.,Suggest one way to make the choice reduce waste or protect resources.,"Use only teacher-approved materials. No tasting is required. Follow school rules for food handling, allergies, handwashing and sanitation. Teachers control knives, heat, electrical equipment, chemicals and processing machinery."
FSC-129,Primary 1-3,Store & Handle Responsibly,School Garden,Your group is working with a school garden. You need to use what you learned from the garden to complete a store & handle responsibly decision.,"Identify the important information, compare at least two options, choose an action and explain your choice with one observation or measurement.","Short table, sequence, drawing, label comparison, tally or 2-3 sentence explanation.",Correct identification; usable evidence; reasonable choice; clear garden-to-food connection.,Suggest one way to make the choice reduce waste or protect resources.,"Use only teacher-approved materials. No tasting is required. Follow school rules for food handling, allergies, handwashing and sanitation. Teachers control knives, heat, electrical equipment, chemicals and processing machinery."
FSC-130,Primary 1-3,Solve a Food-System Challenge,Classroom Food Table,Your group is working with a classroom food table. You need to use what you learned from the garden to complete a solve a food-system challenge decision.,"Identify the important information, compare at least two options, choose an action and explain your choice with one observation or measurement.","Short table, sequence, drawing, label comparison, tally or 2-3 sentence explanation.",Correct identification; usable evidence; reasonable choice; clear garden-to-food connection.,Suggest one way to make the choice reduce waste or protect resources.,"Use only teacher-approved materials. No tasting is required. Follow school rules for food handling, allergies, handwashing and sanitation. Teachers control knives, heat, electrical equipment, chemicals and processing machinery."
FSC-131,Primary 1-3,Know the Ingredient,Ingredient Display,Your group is working with a ingredient display. You need to use what you learned from the garden to complete a know the ingredient decision.,"Identify the important information, compare at least two options, choose an action and explain your choice with one observation or measurement.","Short table, sequence, drawing, label comparison, tally or 2-3 sentence explanation.",Correct identification; usable evidence; reasonable choice; clear garden-to-food connection.,Suggest one way to make the choice reduce waste or protect resources.,"Use only teacher-approved materials. No tasting is required. Follow school rules for food handling, allergies, handwashing and sanitation. Teachers control knives, heat, electrical equipment, chemicals and processing machinery."
FSC-132,Primary 1-3,Build a Food Journey,School Lunch Scenario,Your group is working with a school lunch scenario. You need to use what you learned from the garden to complete a build a food journey decision.,"Identify the important information, compare at least two options, choose an action and explain your choice with one observation or measurement.","Short table, sequence, drawing, label comparison, tally or 2-3 sentence explanation.",Correct identification; usable evidence; reasonable choice; clear garden-to-food connection.,Suggest one way to make the choice reduce waste or protect resources.,"Use only teacher-approved materials. No tasting is required. Follow school rules for food handling, allergies, handwashing and sanitation. Teachers control knives, heat, electrical equipment, chemicals and processing machinery."
FSC-133,Primary 1-3,Make a Food Choice,Water Station,Your group is working with a water station. You need to use what you learned from the garden to complete a make a food choice decision.,"Identify the important information, compare at least two options, choose an action and explain your choice with one observation or measurement.","Short table, sequence, drawing, label comparison, tally or 2-3 sentence explanation.",Correct identification; usable evidence; reasonable choice; clear garden-to-food connection.,Suggest one way to make the choice reduce waste or protect resources.,"Use only teacher-approved materials. No tasting is required. Follow school rules for food handling, allergies, handwashing and sanitation. Teachers control knives, heat, electrical equipment, chemicals and processing machinery."
FSC-134,Primary 1-3,Read the Label,Storage Shelf,Your group is working with a storage shelf. You need to use what you learned from the garden to complete a read the label decision.,"Identify the important information, compare at least two options, choose an action and explain your choice with one observation or measurement.","Short table, sequence, drawing, label comparison, tally or 2-3 sentence explanation.",Correct identification; usable evidence; reasonable choice; clear garden-to-food connection.,Suggest one way to make the choice reduce waste or protect resources.,"Use only teacher-approved materials. No tasting is required. Follow school rules for food handling, allergies, handwashing and sanitation. Teachers control knives, heat, electrical equipment, chemicals and processing machinery."
FSC-135,Primary 1-3,Plan a Meal,Market Basket,Your group is working with a market basket. You need to use what you learned from the garden to complete a plan a meal decision.,"Identify the important information, compare at least two options, choose an action and explain your choice with one observation or measurement.","Short table, sequence, drawing, label comparison, tally or 2-3 sentence explanation.",Correct identification; usable evidence; reasonable choice; clear garden-to-food connection.,Suggest one way to make the choice reduce waste or protect resources.,"Use only teacher-approved materials. No tasting is required. Follow school rules for food handling, allergies, handwashing and sanitation. Teachers control knives, heat, electrical equipment, chemicals and processing machinery."
FSC-136,Primary 1-3,Use Water Wisely,Food Journey Map,Your group is working with a food journey map. You need to use what you learned from the garden to complete a use water wisely decision.,"Identify the important information, compare at least two options, choose an action and explain your choice with one observation or measurement.","Short table, sequence, drawing, label comparison, tally or 2-3 sentence explanation.",Correct identification; usable evidence; reasonable choice; clear garden-to-food connection.,Suggest one way to make the choice reduce waste or protect resources.,"Use only teacher-approved materials. No tasting is required. Follow school rules for food handling, allergies, handwashing and sanitation. Teachers control knives, heat, electrical equipment, chemicals and processing machinery."
FSC-137,Primary 1-3,Reduce Food Waste,School Food-Waste Station,Your group is working with a school food-waste station. You need to use what you learned from the garden to complete a reduce food waste decision.,"Identify the important information, compare at least two options, choose an action and explain your choice with one observation or measurement.","Short table, sequence, drawing, label comparison, tally or 2-3 sentence explanation.",Correct identification; usable evidence; reasonable choice; clear garden-to-food connection.,Suggest one way to make the choice reduce waste or protect resources.,"Use only teacher-approved materials. No tasting is required. Follow school rules for food handling, allergies, handwashing and sanitation. Teachers control knives, heat, electrical equipment, chemicals and processing machinery."
FSC-138,Primary 1-3,Think Seasonally,School Garden,Your group is working with a school garden. You need to use what you learned from the garden to complete a think seasonally decision.,"Identify the important information, compare at least two options, choose an action and explain your choice with one observation or measurement.","Short table, sequence, drawing, label comparison, tally or 2-3 sentence explanation.",Correct identification; usable evidence; reasonable choice; clear garden-to-food connection.,Suggest one way to make the choice reduce waste or protect resources.,"Use only teacher-approved materials. No tasting is required. Follow school rules for food handling, allergies, handwashing and sanitation. Teachers control knives, heat, electrical equipment, chemicals and processing machinery."
FSC-139,Primary 1-3,Store & Handle Responsibly,Classroom Food Table,Your group is working with a classroom food table. You need to use what you learned from the garden to complete a store & handle responsibly decision.,"Identify the important information, compare at least two options, choose an action and explain your choice with one observation or measurement.","Short table, sequence, drawing, label comparison, tally or 2-3 sentence explanation.",Correct identification; usable evidence; reasonable choice; clear garden-to-food connection.,Suggest one way to make the choice reduce waste or protect resources.,"Use only teacher-approved materials. No tasting is required. Follow school rules for food handling, allergies, handwashing and sanitation. Teachers control knives, heat, electrical equipment, chemicals and processing machinery."
FSC-140,Primary 1-3,Solve a Food-System Challenge,Harvest Basket,Your group is working with a harvest basket. You need to use what you learned from the garden to complete a solve a food-system challenge decision.,"Identify the important information, compare at least two options, choose an action and explain your choice with one observation or measurement.","Short table, sequence, drawing, label comparison, tally or 2-3 sentence explanation.",Correct identification; usable evidence; reasonable choice; clear garden-to-food connection.,Suggest one way to make the choice reduce waste or protect resources.,"Use only teacher-approved materials. No tasting is required. Follow school rules for food handling, allergies, handwashing and sanitation. Teachers control knives, heat, electrical equipment, chemicals and processing machinery."
FSC-141,Primary 1-3,Know the Ingredient,School Lunch Scenario,Your group is working with a school lunch scenario. You need to use what you learned from the garden to complete a know the ingredient decision.,"Identify the important information, compare at least two options, choose an action and explain your choice with one observation or measurement.","Short table, sequence, drawing, label comparison, tally or 2-3 sentence explanation.",Correct identification; usable evidence; reasonable choice; clear garden-to-food connection.,Suggest one way to make the choice reduce waste or protect resources.,"Use only teacher-approved materials. No tasting is required. Follow school rules for food handling, allergies, handwashing and sanitation. Teachers control knives, heat, electrical equipment, chemicals and processing machinery."
FSC-142,Primary 1-3,Build a Food Journey,Water Station,Your group is working with a water station. You need to use what you learned from the garden to complete a build a food journey decision.,"Identify the important information, compare at least two options, choose an action and explain your choice with one observation or measurement.","Short table, sequence, drawing, label comparison, tally or 2-3 sentence explanation.",Correct identification; usable evidence; reasonable choice; clear garden-to-food connection.,Suggest one way to make the choice reduce waste or protect resources.,"Use only teacher-approved materials. No tasting is required. Follow school rules for food handling, allergies, handwashing and sanitation. Teachers control knives, heat, electrical equipment, chemicals and processing machinery."
FSC-143,Primary 1-3,Make a Food Choice,Storage Shelf,Your group is working with a storage shelf. You need to use what you learned from the garden to complete a make a food choice decision.,"Identify the important information, compare at least two options, choose an action and explain your choice with one observation or measurement.","Short table, sequence, drawing, label comparison, tally or 2-3 sentence explanation.",Correct identification; usable evidence; reasonable choice; clear garden-to-food connection.,Suggest one way to make the choice reduce waste or protect resources.,"Use only teacher-approved materials. No tasting is required. Follow school rules for food handling, allergies, handwashing and sanitation. Teachers control knives, heat, electrical equipment, chemicals and processing machinery."
FSC-144,Primary 1-3,Read the Label,Market Basket,Your group is working with a market basket. You need to use what you learned from the garden to complete a read the label decision.,"Identify the important information, compare at least two options, choose an action and explain your choice with one observation or measurement.","Short table, sequence, drawing, label comparison, tally or 2-3 sentence explanation.",Correct identification; usable evidence; reasonable choice; clear garden-to-food connection.,Suggest one way to make the choice reduce waste or protect resources.,"Use only teacher-approved materials. No tasting is required. Follow school rules for food handling, allergies, handwashing and sanitation. Teachers control knives, heat, electrical equipment, chemicals and processing machinery."
FSC-145,Primary 1-3,Plan a Meal,Food Journey Map,Your group is working with a food journey map. You need to use what you learned from the garden to complete a plan a meal decision.,"Identify the important information, compare at least two options, choose an action and explain your choice with one observation or measurement.","Short table, sequence, drawing, label comparison, tally or 2-3 sentence explanation.",Correct identification; usable evidence; reasonable choice; clear garden-to-food connection.,Suggest one way to make the choice reduce waste or protect resources.,"Use only teacher-approved materials. No tasting is required. Follow school rules for food handling, allergies, handwashing and sanitation. Teachers control knives, heat, electrical equipment, chemicals and processing machinery."
FSC-146,Primary 1-3,Use Water Wisely,School Food-Waste Station,Your group is working with a school food-waste station. You need to use what you learned from the garden to complete a use water wisely decision.,"Identify the important information, compare at least two options, choose an action and explain your choice with one observation or measurement.","Short table, sequence, drawing, label comparison, tally or 2-3 sentence explanation.",Correct identification; usable evidence; reasonable choice; clear garden-to-food connection.,Suggest one way to make the choice reduce waste or protect resources.,"Use only teacher-approved materials. No tasting is required. Follow school rules for food handling, allergies, handwashing and sanitation. Teachers control knives, heat, electrical equipment, chemicals and processing machinery."
FSC-147,Primary 1-3,Reduce Food Waste,School Garden,Your group is working with a school garden. You need to use what you learned from the garden to complete a reduce food waste decision.,"Identify the important information, compare at least two options, choose an action and explain your choice with one observation or measurement.","Short table, sequence, drawing, label comparison, tally or 2-3 sentence explanation.",Correct identification; usable evidence; reasonable choice; clear garden-to-food connection.,Suggest one way to make the choice reduce waste or protect resources.,"Use only teacher-approved materials. No tasting is required. Follow school rules for food handling, allergies, handwashing and sanitation. Teachers control knives, heat, electrical equipment, chemicals and processing machinery."
FSC-148,Primary 1-3,Think Seasonally,Classroom Food Table,Your group is working with a classroom food table. You need to use what you learned from the garden to complete a think seasonally decision.,"Identify the important information, compare at least two options, choose an action and explain your choice with one observation or measurement.","Short table, sequence, drawing, label comparison, tally or 2-3 sentence explanation.",Correct identification; usable evidence; reasonable choice; clear garden-to-food connection.,Suggest one way to make the choice reduce waste or protect resources.,"Use only teacher-approved materials. No tasting is required. Follow school rules for food handling, allergies, handwashing and sanitation. Teachers control knives, heat, electrical equipment, chemicals and processing machinery."
FSC-149,Primary 1-3,Store & Handle Responsibly,Harvest Basket,Your group is working with a harvest basket. You need to use what you learned from the garden to complete a store & handle responsibly decision.,"Identify the important information, compare at least two options, choose an action and explain your choice with one observation or measurement.","Short table, sequence, drawing, label comparison, tally or 2-3 sentence explanation.",Correct identification; usable evidence; reasonable choice; clear garden-to-food connection.,Suggest one way to make the choice reduce waste or protect resources.,"Use only teacher-approved materials. No tasting is required. Follow school rules for food handling, allergies, handwashing and sanitation. Teachers control knives, heat, electrical equipment, chemicals and processing machinery."
FSC-150,Primary 1-3,Solve a Food-System Challenge,Ingredient Display,Your group is working with a ingredient display. You need to use what you learned from the garden to complete a solve a food-system challenge decision.,"Identify the important information, compare at least two options, choose an action and explain your choice with one observation or measurement.","Short table, sequence, drawing, label comparison, tally or 2-3 sentence explanation.",Correct identification; usable evidence; reasonable choice; clear garden-to-food connection.,Suggest one way to make the choice reduce waste or protect resources.,"Use only teacher-approved materials. No tasting is required. Follow school rules for food handling, allergies, handwashing and sanitation. Teachers control knives, heat, electrical equipment, chemicals and processing machinery."
FSC-151,Primary 1-3,Know the Ingredient,Water Station,Your group is working with a water station. You need to use what you learned from the garden to complete a know the ingredient decision.,"Identify the important information, compare at least two options, choose an action and explain your choice with one observation or measurement.","Short table, sequence, drawing, label comparison, tally or 2-3 sentence explanation.",Correct identification; usable evidence; reasonable choice; clear garden-to-food connection.,Suggest one way to make the choice reduce waste or protect resources.,"Use only teacher-approved materials. No tasting is required. Follow school rules for food handling, allergies, handwashing and sanitation. Teachers control knives, heat, electrical equipment, chemicals and processing machinery."
FSC-152,Primary 1-3,Build a Food Journey,Storage Shelf,Your group is working with a storage shelf. You need to use what you learned from the garden to complete a build a food journey decision.,"Identify the important information, compare at least two options, choose an action and explain your choice with one observation or measurement.","Short table, sequence, drawing, label comparison, tally or 2-3 sentence explanation.",Correct identification; usable evidence; reasonable choice; clear garden-to-food connection.,Suggest one way to make the choice reduce waste or protect resources.,"Use only teacher-approved materials. No tasting is required. Follow school rules for food handling, allergies, handwashing and sanitation. Teachers control knives, heat, electrical equipment, chemicals and processing machinery."
FSC-153,Primary 1-3,Make a Food Choice,Market Basket,Your group is working with a market basket. You need to use what you learned from the garden to complete a make a food choice decision.,"Identify the important information, compare at least two options, choose an action and explain your choice with one observation or measurement.","Short table, sequence, drawing, label comparison, tally or 2-3 sentence explanation.",Correct identification; usable evidence; reasonable choice; clear garden-to-food connection.,Suggest one way to make the choice reduce waste or protect resources.,"Use only teacher-approved materials. No tasting is required. Follow school rules for food handling, allergies, handwashing and sanitation. Teachers control knives, heat, electrical equipment, chemicals and processing machinery."
FSC-154,Primary 1-3,Read the Label,Food Journey Map,Your group is working with a food journey map. You need to use what you learned from the garden to complete a read the label decision.,"Identify the important information, compare at least two options, choose an action and explain your choice with one observation or measurement.","Short table, sequence, drawing, label comparison, tally or 2-3 sentence explanation.",Correct identification; usable evidence; reasonable choice; clear garden-to-food connection.,Suggest one way to make the choice reduce waste or protect resources.,"Use only teacher-approved materials. No tasting is required. Follow school rules for food handling, allergies, handwashing and sanitation. Teachers control knives, heat, electrical equipment, chemicals and processing machinery."
FSC-155,Primary 1-3,Plan a Meal,School Food-Waste Station,Your group is working with a school food-waste station. You need to use what you learned from the garden to complete a plan a meal decision.,"Identify the important information, compare at least two options, choose an action and explain your choice with one observation or measurement.","Short table, sequence, drawing, label comparison, tally or 2-3 sentence explanation.",Correct identification; usable evidence; reasonable choice; clear garden-to-food connection.,Suggest one way to make the choice reduce waste or protect resources.,"Use only teacher-approved materials. No tasting is required. Follow school rules for food handling, allergies, handwashing and sanitation. Teachers control knives, heat, electrical equipment, chemicals and processing machinery."
FSC-156,Primary 1-3,Use Water Wisely,School Garden,Your group is working with a school garden. You need to use what you learned from the garden to complete a use water wisely decision.,"Identify the important information, compare at least two options, choose an action and explain your choice with one observation or measurement.","Short table, sequence, drawing, label comparison, tally or 2-3 sentence explanation.",Correct identification; usable evidence; reasonable choice; clear garden-to-food connection.,Suggest one way to make the choice reduce waste or protect resources.,"Use only teacher-approved materials. No tasting is required. Follow school rules for food handling, allergies, handwashing and sanitation. Teachers control knives, heat, electrical equipment, chemicals and processing machinery."
FSC-157,Primary 1-3,Reduce Food Waste,Classroom Food Table,Your group is working with a classroom food table. You need to use what you learned from the garden to complete a reduce food waste decision.,"Identify the important information, compare at least two options, choose an action and explain your choice with one observation or measurement.","Short table, sequence, drawing, label comparison, tally or 2-3 sentence explanation.",Correct identification; usable evidence; reasonable choice; clear garden-to-food connection.,Suggest one way to make the choice reduce waste or protect resources.,"Use only teacher-approved materials. No tasting is required. Follow school rules for food handling, allergies, handwashing and sanitation. Teachers control knives, heat, electrical equipment, chemicals and processing machinery."
FSC-158,Primary 1-3,Think Seasonally,Harvest Basket,Your group is working with a harvest basket. You need to use what you learned from the garden to complete a think seasonally decision.,"Identify the important information, compare at least two options, choose an action and explain your choice with one observation or measurement.","Short table, sequence, drawing, label comparison, tally or 2-3 sentence explanation.",Correct identification; usable evidence; reasonable choice; clear garden-to-food connection.,Suggest one way to make the choice reduce waste or protect resources.,"Use only teacher-approved materials. No tasting is required. Follow school rules for food handling, allergies, handwashing and sanitation. Teachers control knives, heat, electrical equipment, chemicals and processing machinery."
FSC-159,Primary 1-3,Store & Handle Responsibly,Ingredient Display,Your group is working with a ingredient display. You need to use what you learned from the garden to complete a store & handle responsibly decision.,"Identify the important information, compare at least two options, choose an action and explain your choice with one observation or measurement.","Short table, sequence, drawing, label comparison, tally or 2-3 sentence explanation.",Correct identification; usable evidence; reasonable choice; clear garden-to-food connection.,Suggest one way to make the choice reduce waste or protect resources.,"Use only teacher-approved materials. No tasting is required. Follow school rules for food handling, allergies, handwashing and sanitation. Teachers control knives, heat, electrical equipment, chemicals and processing machinery."
FSC-160,Primary 1-3,Solve a Food-System Challenge,School Lunch Scenario,Your group is working with a school lunch scenario. You need to use what you learned from the garden to complete a solve a food-system challenge decision.,"Identify the important information, compare at least two options, choose an action and explain your choice with one observation or measurement.","Short table, sequence, drawing, label comparison, tally or 2-3 sentence explanation.",Correct identification; usable evidence; reasonable choice; clear garden-to-food connection.,Suggest one way to make the choice reduce waste or protect resources.,"Use only teacher-approved materials. No tasting is required. Follow school rules for food handling, allergies, handwashing and sanitation. Teachers control knives, heat, electrical equipment, chemicals and processing machinery."
FSC-161,Primary 1-3,Know the Ingredient,Storage Shelf,Your group is working with a storage shelf. You need to use what you learned from the garden to complete a know the ingredient decision.,"Identify the important information, compare at least two options, choose an action and explain your choice with one observation or measurement.","Short table, sequence, drawing, label comparison, tally or 2-3 sentence explanation.",Correct identification; usable evidence; reasonable choice; clear garden-to-food connection.,Suggest one way to make the choice reduce waste or protect resources.,"Use only teacher-approved materials. No tasting is required. Follow school rules for food handling, allergies, handwashing and sanitation. Teachers control knives, heat, electrical equipment, chemicals and processing machinery."
FSC-162,Primary 1-3,Build a Food Journey,Market Basket,Your group is working with a market basket. You need to use what you learned from the garden to complete a build a food journey decision.,"Identify the important information, compare at least two options, choose an action and explain your choice with one observation or measurement.","Short table, sequence, drawing, label comparison, tally or 2-3 sentence explanation.",Correct identification; usable evidence; reasonable choice; clear garden-to-food connection.,Suggest one way to make the choice reduce waste or protect resources.,"Use only teacher-approved materials. No tasting is required. Follow school rules for food handling, allergies, handwashing and sanitation. Teachers control knives, heat, electrical equipment, chemicals and processing machinery."
FSC-163,Primary 1-3,Make a Food Choice,Food Journey Map,Your group is working with a food journey map. You need to use what you learned from the garden to complete a make a food choice decision.,"Identify the important information, compare at least two options, choose an action and explain your choice with one observation or measurement.","Short table, sequence, drawing, label comparison, tally or 2-3 sentence explanation.",Correct identification; usable evidence; reasonable choice; clear garden-to-food connection.,Suggest one way to make the choice reduce waste or protect resources.,"Use only teacher-approved materials. No tasting is required. Follow school rules for food handling, allergies, handwashing and sanitation. Teachers control knives, heat, electrical equipment, chemicals and processing machinery."
FSC-164,Primary 1-3,Read the Label,School Food-Waste Station,Your group is working with a school food-waste station. You need to use what you learned from the garden to complete a read the label decision.,"Identify the important information, compare at least two options, choose an action and explain your choice with one observation or measurement.","Short table, sequence, drawing, label comparison, tally or 2-3 sentence explanation.",Correct identification; usable evidence; reasonable choice; clear garden-to-food connection.,Suggest one way to make the choice reduce waste or protect resources.,"Use only teacher-approved materials. No tasting is required. Follow school rules for food handling, allergies, handwashing and sanitation. Teachers control knives, heat, electrical equipment, chemicals and processing machinery."
FSC-165,Primary 1-3,Plan a Meal,School Garden,Your group is working with a school garden. You need to use what you learned from the garden to complete a plan a meal decision.,"Identify the important information, compare at least two options, choose an action and explain your choice with one observation or measurement.","Short table, sequence, drawing, label comparison, tally or 2-3 sentence explanation.",Correct identification; usable evidence; reasonable choice; clear garden-to-food connection.,Suggest one way to make the choice reduce waste or protect resources.,"Use only teacher-approved materials. No tasting is required. Follow school rules for food handling, allergies, handwashing and sanitation. Teachers control knives, heat, electrical equipment, chemicals and processing machinery."
FSC-166,Primary 1-3,Use Water Wisely,Classroom Food Table,Your group is working with a classroom food table. You need to use what you learned from the garden to complete a use water wisely decision.,"Identify the important information, compare at least two options, choose an action and explain your choice with one observation or measurement.","Short table, sequence, drawing, label comparison, tally or 2-3 sentence explanation.",Correct identification; usable evidence; reasonable choice; clear garden-to-food connection.,Suggest one way to make the choice reduce waste or protect resources.,"Use only teacher-approved materials. No tasting is required. Follow school rules for food handling, allergies, handwashing and sanitation. Teachers control knives, heat, electrical equipment, chemicals and processing machinery."
FSC-167,Primary 1-3,Reduce Food Waste,Harvest Basket,Your group is working with a harvest basket. You need to use what you learned from the garden to complete a reduce food waste decision.,"Identify the important information, compare at least two options, choose an action and explain your choice with one observation or measurement.","Short table, sequence, drawing, label comparison, tally or 2-3 sentence explanation.",Correct identification; usable evidence; reasonable choice; clear garden-to-food connection.,Suggest one way to make the choice reduce waste or protect resources.,"Use only teacher-approved materials. No tasting is required. Follow school rules for food handling, allergies, handwashing and sanitation. Teachers control knives, heat, electrical equipment, chemicals and processing machinery."
FSC-168,Primary 1-3,Think Seasonally,Ingredient Display,Your group is working with a ingredient display. You need to use what you learned from the garden to complete a think seasonally decision.,"Identify the important information, compare at least two options, choose an action and explain your choice with one observation or measurement.","Short table, sequence, drawing, label comparison, tally or 2-3 sentence explanation.",Correct identification; usable evidence; reasonable choice; clear garden-to-food connection.,Suggest one way to make the choice reduce waste or protect resources.,"Use only teacher-approved materials. No tasting is required. Follow school rules for food handling, allergies, handwashing and sanitation. Teachers control knives, heat, electrical equipment, chemicals and processing machinery."
FSC-169,Primary 1-3,Store & Handle Responsibly,School Lunch Scenario,Your group is working with a school lunch scenario. You need to use what you learned from the garden to complete a store & handle responsibly decision.,"Identify the important information, compare at least two options, choose an action and explain your choice with one observation or measurement.","Short table, sequence, drawing, label comparison, tally or 2-3 sentence explanation.",Correct identification; usable evidence; reasonable choice; clear garden-to-food connection.,Suggest one way to make the choice reduce waste or protect resources.,"Use only teacher-approved materials. No tasting is required. Follow school rules for food handling, allergies, handwashing and sanitation. Teachers control knives, heat, electrical equipment, chemicals and processing machinery."
FSC-170,Primary 1-3,Solve a Food-System Challenge,Water Station,Your group is working with a water station. You need to use what you learned from the garden to complete a solve a food-system challenge decision.,"Identify the important information, compare at least two options, choose an action and explain your choice with one observation or measurement.","Short table, sequence, drawing, label comparison, tally or 2-3 sentence explanation.",Correct identification; usable evidence; reasonable choice; clear garden-to-food connection.,Suggest one way to make the choice reduce waste or protect resources.,"Use only teacher-approved materials. No tasting is required. Follow school rules for food handling, allergies, handwashing and sanitation. Teachers control knives, heat, electrical equipment, chemicals and processing machinery."
FSC-171,Primary 1-3,Know the Ingredient,Market Basket,Your group is working with a market basket. You need to use what you learned from the garden to complete a know the ingredient decision.,"Identify the important information, compare at least two options, choose an action and explain your choice with one observation or measurement.","Short table, sequence, drawing, label comparison, tally or 2-3 sentence explanation.",Correct identification; usable evidence; reasonable choice; clear garden-to-food connection.,Suggest one way to make the choice reduce waste or protect resources.,"Use only teacher-approved materials. No tasting is required. Follow school rules for food handling, allergies, handwashing and sanitation. Teachers control knives, heat, electrical equipment, chemicals and processing machinery."
FSC-172,Primary 1-3,Build a Food Journey,Food Journey Map,Your group is working with a food journey map. You need to use what you learned from the garden to complete a build a food journey decision.,"Identify the important information, compare at least two options, choose an action and explain your choice with one observation or measurement.","Short table, sequence, drawing, label comparison, tally or 2-3 sentence explanation.",Correct identification; usable evidence; reasonable choice; clear garden-to-food connection.,Suggest one way to make the choice reduce waste or protect resources.,"Use only teacher-approved materials. No tasting is required. Follow school rules for food handling, allergies, handwashing and sanitation. Teachers control knives, heat, electrical equipment, chemicals and processing machinery."
FSC-173,Primary 1-3,Make a Food Choice,School Food-Waste Station,Your group is working with a school food-waste station. You need to use what you learned from the garden to complete a make a food choice decision.,"Identify the important information, compare at least two options, choose an action and explain your choice with one observation or measurement.","Short table, sequence, drawing, label comparison, tally or 2-3 sentence explanation.",Correct identification; usable evidence; reasonable choice; clear garden-to-food connection.,Suggest one way to make the choice reduce waste or protect resources.,"Use only teacher-approved materials. No tasting is required. Follow school rules for food handling, allergies, handwashing and sanitation. Teachers control knives, heat, electrical equipment, chemicals and processing machinery."
FSC-174,Primary 1-3,Read the Label,School Garden,Your group is working with a school garden. You need to use what you learned from the garden to complete a read the label decision.,"Identify the important information, compare at least two options, choose an action and explain your choice with one observation or measurement.","Short table, sequence, drawing, label comparison, tally or 2-3 sentence explanation.",Correct identification; usable evidence; reasonable choice; clear garden-to-food connection.,Suggest one way to make the choice reduce waste or protect resources.,"Use only teacher-approved materials. No tasting is required. Follow school rules for food handling, allergies, handwashing and sanitation. Teachers control knives, heat, electrical equipment, chemicals and processing machinery."
FSC-175,Primary 1-3,Plan a Meal,Classroom Food Table,Your group is working with a classroom food table. You need to use what you learned from the garden to complete a plan a meal decision.,"Identify the important information, compare at least two options, choose an action and explain your choice with one observation or measurement.","Short table, sequence, drawing, label comparison, tally or 2-3 sentence explanation.",Correct identification; usable evidence; reasonable choice; clear garden-to-food connection.,Suggest one way to make the choice reduce waste or protect resources.,"Use only teacher-approved materials. No tasting is required. Follow school rules for food handling, allergies, handwashing and sanitation. Teachers control knives, heat, electrical equipment, chemicals and processing machinery."
FSC-176,Primary 1-3,Use Water Wisely,Harvest Basket,Your group is working with a harvest basket. You need to use what you learned from the garden to complete a use water wisely decision.,"Identify the important information, compare at least two options, choose an action and explain your choice with one observation or measurement.","Short table, sequence, drawing, label comparison, tally or 2-3 sentence explanation.",Correct identification; usable evidence; reasonable choice; clear garden-to-food connection.,Suggest one way to make the choice reduce waste or protect resources.,"Use only teacher-approved materials. No tasting is required. Follow school rules for food handling, allergies, handwashing and sanitation. Teachers control knives, heat, electrical equipment, chemicals and processing machinery."
FSC-177,Primary 1-3,Reduce Food Waste,Ingredient Display,Your group is working with a ingredient display. You need to use what you learned from the garden to complete a reduce food waste decision.,"Identify the important information, compare at least two options, choose an action and explain your choice with one observation or measurement.","Short table, sequence, drawing, label comparison, tally or 2-3 sentence explanation.",Correct identification; usable evidence; reasonable choice; clear garden-to-food connection.,Suggest one way to make the choice reduce waste or protect resources.,"Use only teacher-approved materials. No tasting is required. Follow school rules for food handling, allergies, handwashing and sanitation. Teachers control knives, heat, electrical equipment, chemicals and processing machinery."
FSC-178,Primary 1-3,Think Seasonally,School Lunch Scenario,Your group is working with a school lunch scenario. You need to use what you learned from the garden to complete a think seasonally decision.,"Identify the important information, compare at least two options, choose an action and explain your choice with one observation or measurement.","Short table, sequence, drawing, label comparison, tally or 2-3 sentence explanation.",Correct identification; usable evidence; reasonable choice; clear garden-to-food connection.,Suggest one way to make the choice reduce waste or protect resources.,"Use only teacher-approved materials. No tasting is required. Follow school rules for food handling, allergies, handwashing and sanitation. Teachers control knives, heat, electrical equipment, chemicals and processing machinery."
FSC-179,Primary 1-3,Store & Handle Responsibly,Water Station,Your group is working with a water station. You need to use what you learned from the garden to complete a store & handle responsibly decision.,"Identify the important information, compare at least two options, choose an action and explain your choice with one observation or measurement.","Short table, sequence, drawing, label comparison, tally or 2-3 sentence explanation.",Correct identification; usable evidence; reasonable choice; clear garden-to-food connection.,Suggest one way to make the choice reduce waste or protect resources.,"Use only teacher-approved materials. No tasting is required. Follow school rules for food handling, allergies, handwashing and sanitation. Teachers control knives, heat, electrical equipment, chemicals and processing machinery."
FSC-180,Primary 1-3,Solve a Food-System Challenge,Storage Shelf,Your group is working with a storage shelf. You need to use what you learned from the garden to complete a solve a food-system challenge decision.,"Identify the important information, compare at least two options, choose an action and explain your choice with one observation or measurement.","Short table, sequence, drawing, label comparison, tally or 2-3 sentence explanation.",Correct identification; usable evidence; reasonable choice; clear garden-to-food connection.,Suggest one way to make the choice reduce waste or protect resources.,"Use only teacher-approved materials. No tasting is required. Follow school rules for food handling, allergies, handwashing and sanitation. Teachers control knives, heat, electrical equipment, chemicals and processing machinery."
FSC-181,Primary 1-3,Know the Ingredient,Food Journey Map,Your group is working with a food journey map. You need to use what you learned from the garden to complete a know the ingredient decision.,"Identify the important information, compare at least two options, choose an action and explain your choice with one observation or measurement.","Short table, sequence, drawing, label comparison, tally or 2-3 sentence explanation.",Correct identification; usable evidence; reasonable choice; clear garden-to-food connection.,Suggest one way to make the choice reduce waste or protect resources.,"Use only teacher-approved materials. No tasting is required. Follow school rules for food handling, allergies, handwashing and sanitation. Teachers control knives, heat, electrical equipment, chemicals and processing machinery."
FSC-182,Primary 1-3,Build a Food Journey,School Food-Waste Station,Your group is working with a school food-waste station. You need to use what you learned from the garden to complete a build a food journey decision.,"Identify the important information, compare at least two options, choose an action and explain your choice with one observation or measurement.","Short table, sequence, drawing, label comparison, tally or 2-3 sentence explanation.",Correct identification; usable evidence; reasonable choice; clear garden-to-food connection.,Suggest one way to make the choice reduce waste or protect resources.,"Use only teacher-approved materials. No tasting is required. Follow school rules for food handling, allergies, handwashing and sanitation. Teachers control knives, heat, electrical equipment, chemicals and processing machinery."
FSC-183,Primary 1-3,Make a Food Choice,School Garden,Your group is working with a school garden. You need to use what you learned from the garden to complete a make a food choice decision.,"Identify the important information, compare at least two options, choose an action and explain your choice with one observation or measurement.","Short table, sequence, drawing, label comparison, tally or 2-3 sentence explanation.",Correct identification; usable evidence; reasonable choice; clear garden-to-food connection.,Suggest one way to make the choice reduce waste or protect resources.,"Use only teacher-approved materials. No tasting is required. Follow school rules for food handling, allergies, handwashing and sanitation. Teachers control knives, heat, electrical equipment, chemicals and processing machinery."
FSC-184,Primary 1-3,Read the Label,Classroom Food Table,Your group is working with a classroom food table. You need to use what you learned from the garden to complete a read the label decision.,"Identify the important information, compare at least two options, choose an action and explain your choice with one observation or measurement.","Short table, sequence, drawing, label comparison, tally or 2-3 sentence explanation.",Correct identification; usable evidence; reasonable choice; clear garden-to-food connection.,Suggest one way to make the choice reduce waste or protect resources.,"Use only teacher-approved materials. No tasting is required. Follow school rules for food handling, allergies, handwashing and sanitation. Teachers control knives, heat, electrical equipment, chemicals and processing machinery."
FSC-185,Primary 1-3,Plan a Meal,Harvest Basket,Your group is working with a harvest basket. You need to use what you learned from the garden to complete a plan a meal decision.,"Identify the important information, compare at least two options, choose an action and explain your choice with one observation or measurement.","Short table, sequence, drawing, label comparison, tally or 2-3 sentence explanation.",Correct identification; usable evidence; reasonable choice; clear garden-to-food connection.,Suggest one way to make the choice reduce waste or protect resources.,"Use only teacher-approved materials. No tasting is required. Follow school rules for food handling, allergies, handwashing and sanitation. Teachers control knives, heat, electrical equipment, chemicals and processing machinery."
FSC-186,Primary 1-3,Use Water Wisely,Ingredient Display,Your group is working with a ingredient display. You need to use what you learned from the garden to complete a use water wisely decision.,"Identify the important information, compare at least two options, choose an action and explain your choice with one observation or measurement.","Short table, sequence, drawing, label comparison, tally or 2-3 sentence explanation.",Correct identification; usable evidence; reasonable choice; clear garden-to-food connection.,Suggest one way to make the choice reduce waste or protect resources.,"Use only teacher-approved materials. No tasting is required. Follow school rules for food handling, allergies, handwashing and sanitation. Teachers control knives, heat, electrical equipment, chemicals and processing machinery."
FSC-187,Primary 1-3,Reduce Food Waste,School Lunch Scenario,Your group is working with a school lunch scenario. You need to use what you learned from the garden to complete a reduce food waste decision.,"Identify the important information, compare at least two options, choose an action and explain your choice with one observation or measurement.","Short table, sequence, drawing, label comparison, tally or 2-3 sentence explanation.",Correct identification; usable evidence; reasonable choice; clear garden-to-food connection.,Suggest one way to make the choice reduce waste or protect resources.,"Use only teacher-approved materials. No tasting is required. Follow school rules for food handling, allergies, handwashing and sanitation. Teachers control knives, heat, electrical equipment, chemicals and processing machinery."
FSC-188,Primary 1-3,Think Seasonally,Water Station,Your group is working with a water station. You need to use what you learned from the garden to complete a think seasonally decision.,"Identify the important information, compare at least two options, choose an action and explain your choice with one observation or measurement.","Short table, sequence, drawing, label comparison, tally or 2-3 sentence explanation.",Correct identification; usable evidence; reasonable choice; clear garden-to-food connection.,Suggest one way to make the choice reduce waste or protect resources.,"Use only teacher-approved materials. No tasting is required. Follow school rules for food handling, allergies, handwashing and sanitation. Teachers control knives, heat, electrical equipment, chemicals and processing machinery."
FSC-189,Primary 1-3,Store & Handle Responsibly,Storage Shelf,Your group is working with a storage shelf. You need to use what you learned from the garden to complete a store & handle responsibly decision.,"Identify the important information, compare at least two options, choose an action and explain your choice with one observation or measurement.","Short table, sequence, drawing, label comparison, tally or 2-3 sentence explanation.",Correct identification; usable evidence; reasonable choice; clear garden-to-food connection.,Suggest one way to make the choice reduce waste or protect resources.,"Use only teacher-approved materials. No tasting is required. Follow school rules for food handling, allergies, handwashing and sanitation. Teachers control knives, heat, electrical equipment, chemicals and processing machinery."
FSC-190,Primary 1-3,Solve a Food-System Challenge,Market Basket,Your group is working with a market basket. You need to use what you learned from the garden to complete a solve a food-system challenge decision.,"Identify the important information, compare at least two options, choose an action and explain your choice with one observation or measurement.","Short table, sequence, drawing, label comparison, tally or 2-3 sentence explanation.",Correct identification; usable evidence; reasonable choice; clear garden-to-food connection.,Suggest one way to make the choice reduce waste or protect resources.,"Use only teacher-approved materials. No tasting is required. Follow school rules for food handling, allergies, handwashing and sanitation. Teachers control knives, heat, electrical equipment, chemicals and processing machinery."
FSC-191,Primary 1-3,Know the Ingredient,School Food-Waste Station,Your group is working with a school food-waste station. You need to use what you learned from the garden to complete a know the ingredient decision.,"Identify the important information, compare at least two options, choose an action and explain your choice with one observation or measurement.","Short table, sequence, drawing, label comparison, tally or 2-3 sentence explanation.",Correct identification; usable evidence; reasonable choice; clear garden-to-food connection.,Suggest one way to make the choice reduce waste or protect resources.,"Use only teacher-approved materials. No tasting is required. Follow school rules for food handling, allergies, handwashing and sanitation. Teachers control knives, heat, electrical equipment, chemicals and processing machinery."
FSC-192,Primary 1-3,Build a Food Journey,School Garden,Your group is working with a school garden. You need to use what you learned from the garden to complete a build a food journey decision.,"Identify the important information, compare at least two options, choose an action and explain your choice with one observation or measurement.","Short table, sequence, drawing, label comparison, tally or 2-3 sentence explanation.",Correct identification; usable evidence; reasonable choice; clear garden-to-food connection.,Suggest one way to make the choice reduce waste or protect resources.,"Use only teacher-approved materials. No tasting is required. Follow school rules for food handling, allergies, handwashing and sanitation. Teachers control knives, heat, electrical equipment, chemicals and processing machinery."
FSC-193,Primary 1-3,Make a Food Choice,Classroom Food Table,Your group is working with a classroom food table. You need to use what you learned from the garden to complete a make a food choice decision.,"Identify the important information, compare at least two options, choose an action and explain your choice with one observation or measurement.","Short table, sequence, drawing, label comparison, tally or 2-3 sentence explanation.",Correct identification; usable evidence; reasonable choice; clear garden-to-food connection.,Suggest one way to make the choice reduce waste or protect resources.,"Use only teacher-approved materials. No tasting is required. Follow school rules for food handling, allergies, handwashing and sanitation. Teachers control knives, heat, electrical equipment, chemicals and processing machinery."
FSC-194,Primary 1-3,Read the Label,Harvest Basket,Your group is working with a harvest basket. You need to use what you learned from the garden to complete a read the label decision.,"Identify the important information, compare at least two options, choose an action and explain your choice with one observation or measurement.","Short table, sequence, drawing, label comparison, tally or 2-3 sentence explanation.",Correct identification; usable evidence; reasonable choice; clear garden-to-food connection.,Suggest one way to make the choice reduce waste or protect resources.,"Use only teacher-approved materials. No tasting is required. Follow school rules for food handling, allergies, handwashing and sanitation. Teachers control knives, heat, electrical equipment, chemicals and processing machinery."
FSC-195,Primary 1-3,Plan a Meal,Ingredient Display,Your group is working with a ingredient display. You need to use what you learned from the garden to complete a plan a meal decision.,"Identify the important information, compare at least two options, choose an action and explain your choice with one observation or measurement.","Short table, sequence, drawing, label comparison, tally or 2-3 sentence explanation.",Correct identification; usable evidence; reasonable choice; clear garden-to-food connection.,Suggest one way to make the choice reduce waste or protect resources.,"Use only teacher-approved materials. No tasting is required. Follow school rules for food handling, allergies, handwashing and sanitation. Teachers control knives, heat, electrical equipment, chemicals and processing machinery."
FSC-196,Primary 1-3,Use Water Wisely,School Lunch Scenario,Your group is working with a school lunch scenario. You need to use what you learned from the garden to complete a use water wisely decision.,"Identify the important information, compare at least two options, choose an action and explain your choice with one observation or measurement.","Short table, sequence, drawing, label comparison, tally or 2-3 sentence explanation.",Correct identification; usable evidence; reasonable choice; clear garden-to-food connection.,Suggest one way to make the choice reduce waste or protect resources.,"Use only teacher-approved materials. No tasting is required. Follow school rules for food handling, allergies, handwashing and sanitation. Teachers control knives, heat, electrical equipment, chemicals and processing machinery."
FSC-197,Primary 1-3,Reduce Food Waste,Water Station,Your group is working with a water station. You need to use what you learned from the garden to complete a reduce food waste decision.,"Identify the important information, compare at least two options, choose an action and explain your choice with one observation or measurement.","Short table, sequence, drawing, label comparison, tally or 2-3 sentence explanation.",Correct identification; usable evidence; reasonable choice; clear garden-to-food connection.,Suggest one way to make the choice reduce waste or protect resources.,"Use only teacher-approved materials. No tasting is required. Follow school rules for food handling, allergies, handwashing and sanitation. Teachers control knives, heat, electrical equipment, chemicals and processing machinery."
FSC-198,Primary 1-3,Think Seasonally,Storage Shelf,Your group is working with a storage shelf. You need to use what you learned from the garden to complete a think seasonally decision.,"Identify the important information, compare at least two options, choose an action and explain your choice with one observation or measurement.","Short table, sequence, drawing, label comparison, tally or 2-3 sentence explanation.",Correct identification; usable evidence; reasonable choice; clear garden-to-food connection.,Suggest one way to make the choice reduce waste or protect resources.,"Use only teacher-approved materials. No tasting is required. Follow school rules for food handling, allergies, handwashing and sanitation. Teachers control knives, heat, electrical equipment, chemicals and processing machinery."
FSC-199,Primary 1-3,Store & Handle Responsibly,Market Basket,Your group is working with a market basket. You need to use what you learned from the garden to complete a store & handle responsibly decision.,"Identify the important information, compare at least two options, choose an action and explain your choice with one observation or measurement.","Short table, sequence, drawing, label comparison, tally or 2-3 sentence explanation.",Correct identification; usable evidence; reasonable choice; clear garden-to-food connection.,Suggest one way to make the choice reduce waste or protect resources.,"Use only teacher-approved materials. No tasting is required. Follow school rules for food handling, allergies, handwashing and sanitation. Teachers control knives, heat, electrical equipment, chemicals and processing machinery."
FSC-200,Primary 1-3,Solve a Food-System Challenge,Food Journey Map,Your group is working with a food journey map. You need to use what you learned from the garden to complete a solve a food-system challenge decision.,"Identify the important information, compare at least two options, choose an action and explain your choice with one observation or measurement.","Short table, sequence, drawing, label comparison, tally or 2-3 sentence explanation.",Correct identification; usable evidence; reasonable choice; clear garden-to-food connection.,Suggest one way to make the choice reduce waste or protect resources.,"Use only teacher-approved materials. No tasting is required. Follow school rules for food handling, allergies, handwashing and sanitation. Teachers control knives, heat, electrical equipment, chemicals and processing machinery."
FSC-201,Primary 4-6,Know the Ingredient,School Garden,A school team must improve a school garden. The team asks you to solve a know the ingredient problem using evidence rather than guesswork.,"Define the question, collect/read relevant evidence, make at least one calculation or structured comparison, identify a limitation and justify the preferred action.","Evidence table, calculation/graph where appropriate, decision and justification.",Fair comparison; correct units/reading; evidence supports conclusion; limitation is acknowledged.,Propose a second option and state what evidence would make you change your decision.,"Use only teacher-approved materials. No tasting is required. Follow school rules for food handling, allergies, handwashing and sanitation. Teachers control knives, heat, electrical equipment, chemicals and processing machinery."
FSC-202,Primary 4-6,Build a Food Journey,Classroom Food Table,A school team must improve a classroom food table. The team asks you to solve a build a food journey problem using evidence rather than guesswork.,"Define the question, collect/read relevant evidence, make at least one calculation or structured comparison, identify a limitation and justify the preferred action.","Evidence table, calculation/graph where appropriate, decision and justification.",Fair comparison; correct units/reading; evidence supports conclusion; limitation is acknowledged.,Propose a second option and state what evidence would make you change your decision.,"Use only teacher-approved materials. No tasting is required. Follow school rules for food handling, allergies, handwashing and sanitation. Teachers control knives, heat, electrical equipment, chemicals and processing machinery."
FSC-203,Primary 4-6,Make a Food Choice,Harvest Basket,A school team must improve a harvest basket. The team asks you to solve a make a food choice problem using evidence rather than guesswork.,"Define the question, collect/read relevant evidence, make at least one calculation or structured comparison, identify a limitation and justify the preferred action.","Evidence table, calculation/graph where appropriate, decision and justification.",Fair comparison; correct units/reading; evidence supports conclusion; limitation is acknowledged.,Propose a second option and state what evidence would make you change your decision.,"Use only teacher-approved materials. No tasting is required. Follow school rules for food handling, allergies, handwashing and sanitation. Teachers control knives, heat, electrical equipment, chemicals and processing machinery."
FSC-204,Primary 4-6,Read the Label,Ingredient Display,A school team must improve a ingredient display. The team asks you to solve a read the label problem using evidence rather than guesswork.,"Define the question, collect/read relevant evidence, make at least one calculation or structured comparison, identify a limitation and justify the preferred action.","Evidence table, calculation/graph where appropriate, decision and justification.",Fair comparison; correct units/reading; evidence supports conclusion; limitation is acknowledged.,Propose a second option and state what evidence would make you change your decision.,"Use only teacher-approved materials. No tasting is required. Follow school rules for food handling, allergies, handwashing and sanitation. Teachers control knives, heat, electrical equipment, chemicals and processing machinery."
FSC-205,Primary 4-6,Plan a Meal,School Lunch Scenario,A school team must improve a school lunch scenario. The team asks you to solve a plan a meal problem using evidence rather than guesswork.,"Define the question, collect/read relevant evidence, make at least one calculation or structured comparison, identify a limitation and justify the preferred action.","Evidence table, calculation/graph where appropriate, decision and justification.",Fair comparison; correct units/reading; evidence supports conclusion; limitation is acknowledged.,Propose a second option and state what evidence would make you change your decision.,"Use only teacher-approved materials. No tasting is required. Follow school rules for food handling, allergies, handwashing and sanitation. Teachers control knives, heat, electrical equipment, chemicals and processing machinery."
FSC-206,Primary 4-6,Use Water Wisely,Water Station,A school team must improve a water station. The team asks you to solve a use water wisely problem using evidence rather than guesswork.,"Define the question, collect/read relevant evidence, make at least one calculation or structured comparison, identify a limitation and justify the preferred action.","Evidence table, calculation/graph where appropriate, decision and justification.",Fair comparison; correct units/reading; evidence supports conclusion; limitation is acknowledged.,Propose a second option and state what evidence would make you change your decision.,"Use only teacher-approved materials. No tasting is required. Follow school rules for food handling, allergies, handwashing and sanitation. Teachers control knives, heat, electrical equipment, chemicals and processing machinery."
FSC-207,Primary 4-6,Reduce Food Waste,Storage Shelf,A school team must improve a storage shelf. The team asks you to solve a reduce food waste problem using evidence rather than guesswork.,"Define the question, collect/read relevant evidence, make at least one calculation or structured comparison, identify a limitation and justify the preferred action.","Evidence table, calculation/graph where appropriate, decision and justification.",Fair comparison; correct units/reading; evidence supports conclusion; limitation is acknowledged.,Propose a second option and state what evidence would make you change your decision.,"Use only teacher-approved materials. No tasting is required. Follow school rules for food handling, allergies, handwashing and sanitation. Teachers control knives, heat, electrical equipment, chemicals and processing machinery."
FSC-208,Primary 4-6,Think Seasonally,Market Basket,A school team must improve a market basket. The team asks you to solve a think seasonally problem using evidence rather than guesswork.,"Define the question, collect/read relevant evidence, make at least one calculation or structured comparison, identify a limitation and justify the preferred action.","Evidence table, calculation/graph where appropriate, decision and justification.",Fair comparison; correct units/reading; evidence supports conclusion; limitation is acknowledged.,Propose a second option and state what evidence would make you change your decision.,"Use only teacher-approved materials. No tasting is required. Follow school rules for food handling, allergies, handwashing and sanitation. Teachers control knives, heat, electrical equipment, chemicals and processing machinery."
FSC-209,Primary 4-6,Store & Handle Responsibly,Food Journey Map,A school team must improve a food journey map. The team asks you to solve a store & handle responsibly problem using evidence rather than guesswork.,"Define the question, collect/read relevant evidence, make at least one calculation or structured comparison, identify a limitation and justify the preferred action.","Evidence table, calculation/graph where appropriate, decision and justification.",Fair comparison; correct units/reading; evidence supports conclusion; limitation is acknowledged.,Propose a second option and state what evidence would make you change your decision.,"Use only teacher-approved materials. No tasting is required. Follow school rules for food handling, allergies, handwashing and sanitation. Teachers control knives, heat, electrical equipment, chemicals and processing machinery."
FSC-210,Primary 4-6,Solve a Food-System Challenge,School Food-Waste Station,A school team must improve a school food-waste station. The team asks you to solve a solve a food-system challenge problem using evidence rather than guesswork.,"Define the question, collect/read relevant evidence, make at least one calculation or structured comparison, identify a limitation and justify the preferred action.","Evidence table, calculation/graph where appropriate, decision and justification.",Fair comparison; correct units/reading; evidence supports conclusion; limitation is acknowledged.,Propose a second option and state what evidence would make you change your decision.,"Use only teacher-approved materials. No tasting is required. Follow school rules for food handling, allergies, handwashing and sanitation. Teachers control knives, heat, electrical equipment, chemicals and processing machinery."
FSC-211,Primary 4-6,Know the Ingredient,Classroom Food Table,A school team must improve a classroom food table. The team asks you to solve a know the ingredient problem using evidence rather than guesswork.,"Define the question, collect/read relevant evidence, make at least one calculation or structured comparison, identify a limitation and justify the preferred action.","Evidence table, calculation/graph where appropriate, decision and justification.",Fair comparison; correct units/reading; evidence supports conclusion; limitation is acknowledged.,Propose a second option and state what evidence would make you change your decision.,"Use only teacher-approved materials. No tasting is required. Follow school rules for food handling, allergies, handwashing and sanitation. Teachers control knives, heat, electrical equipment, chemicals and processing machinery."
FSC-212,Primary 4-6,Build a Food Journey,Harvest Basket,A school team must improve a harvest basket. The team asks you to solve a build a food journey problem using evidence rather than guesswork.,"Define the question, collect/read relevant evidence, make at least one calculation or structured comparison, identify a limitation and justify the preferred action.","Evidence table, calculation/graph where appropriate, decision and justification.",Fair comparison; correct units/reading; evidence supports conclusion; limitation is acknowledged.,Propose a second option and state what evidence would make you change your decision.,"Use only teacher-approved materials. No tasting is required. Follow school rules for food handling, allergies, handwashing and sanitation. Teachers control knives, heat, electrical equipment, chemicals and processing machinery."
FSC-213,Primary 4-6,Make a Food Choice,Ingredient Display,A school team must improve a ingredient display. The team asks you to solve a make a food choice problem using evidence rather than guesswork.,"Define the question, collect/read relevant evidence, make at least one calculation or structured comparison, identify a limitation and justify the preferred action.","Evidence table, calculation/graph where appropriate, decision and justification.",Fair comparison; correct units/reading; evidence supports conclusion; limitation is acknowledged.,Propose a second option and state what evidence would make you change your decision.,"Use only teacher-approved materials. No tasting is required. Follow school rules for food handling, allergies, handwashing and sanitation. Teachers control knives, heat, electrical equipment, chemicals and processing machinery."
FSC-214,Primary 4-6,Read the Label,School Lunch Scenario,A school team must improve a school lunch scenario. The team asks you to solve a read the label problem using evidence rather than guesswork.,"Define the question, collect/read relevant evidence, make at least one calculation or structured comparison, identify a limitation and justify the preferred action.","Evidence table, calculation/graph where appropriate, decision and justification.",Fair comparison; correct units/reading; evidence supports conclusion; limitation is acknowledged.,Propose a second option and state what evidence would make you change your decision.,"Use only teacher-approved materials. No tasting is required. Follow school rules for food handling, allergies, handwashing and sanitation. Teachers control knives, heat, electrical equipment, chemicals and processing machinery."
FSC-215,Primary 4-6,Plan a Meal,Water Station,A school team must improve a water station. The team asks you to solve a plan a meal problem using evidence rather than guesswork.,"Define the question, collect/read relevant evidence, make at least one calculation or structured comparison, identify a limitation and justify the preferred action.","Evidence table, calculation/graph where appropriate, decision and justification.",Fair comparison; correct units/reading; evidence supports conclusion; limitation is acknowledged.,Propose a second option and state what evidence would make you change your decision.,"Use only teacher-approved materials. No tasting is required. Follow school rules for food handling, allergies, handwashing and sanitation. Teachers control knives, heat, electrical equipment, chemicals and processing machinery."
FSC-216,Primary 4-6,Use Water Wisely,Storage Shelf,A school team must improve a storage shelf. The team asks you to solve a use water wisely problem using evidence rather than guesswork.,"Define the question, collect/read relevant evidence, make at least one calculation or structured comparison, identify a limitation and justify the preferred action.","Evidence table, calculation/graph where appropriate, decision and justification.",Fair comparison; correct units/reading; evidence supports conclusion; limitation is acknowledged.,Propose a second option and state what evidence would make you change your decision.,"Use only teacher-approved materials. No tasting is required. Follow school rules for food handling, allergies, handwashing and sanitation. Teachers control knives, heat, electrical equipment, chemicals and processing machinery."
FSC-217,Primary 4-6,Reduce Food Waste,Market Basket,A school team must improve a market basket. The team asks you to solve a reduce food waste problem using evidence rather than guesswork.,"Define the question, collect/read relevant evidence, make at least one calculation or structured comparison, identify a limitation and justify the preferred action.","Evidence table, calculation/graph where appropriate, decision and justification.",Fair comparison; correct units/reading; evidence supports conclusion; limitation is acknowledged.,Propose a second option and state what evidence would make you change your decision.,"Use only teacher-approved materials. No tasting is required. Follow school rules for food handling, allergies, handwashing and sanitation. Teachers control knives, heat, electrical equipment, chemicals and processing machinery."
FSC-218,Primary 4-6,Think Seasonally,Food Journey Map,A school team must improve a food journey map. The team asks you to solve a think seasonally problem using evidence rather than guesswork.,"Define the question, collect/read relevant evidence, make at least one calculation or structured comparison, identify a limitation and justify the preferred action.","Evidence table, calculation/graph where appropriate, decision and justification.",Fair comparison; correct units/reading; evidence supports conclusion; limitation is acknowledged.,Propose a second option and state what evidence would make you change your decision.,"Use only teacher-approved materials. No tasting is required. Follow school rules for food handling, allergies, handwashing and sanitation. Teachers control knives, heat, electrical equipment, chemicals and processing machinery."
FSC-219,Primary 4-6,Store & Handle Responsibly,School Food-Waste Station,A school team must improve a school food-waste station. The team asks you to solve a store & handle responsibly problem using evidence rather than guesswork.,"Define the question, collect/read relevant evidence, make at least one calculation or structured comparison, identify a limitation and justify the preferred action.","Evidence table, calculation/graph where appropriate, decision and justification.",Fair comparison; correct units/reading; evidence supports conclusion; limitation is acknowledged.,Propose a second option and state what evidence would make you change your decision.,"Use only teacher-approved materials. No tasting is required. Follow school rules for food handling, allergies, handwashing and sanitation. Teachers control knives, heat, electrical equipment, chemicals and processing machinery."
FSC-220,Primary 4-6,Solve a Food-System Challenge,School Garden,A school team must improve a school garden. The team asks you to solve a solve a food-system challenge problem using evidence rather than guesswork.,"Define the question, collect/read relevant evidence, make at least one calculation or structured comparison, identify a limitation and justify the preferred action.","Evidence table, calculation/graph where appropriate, decision and justification.",Fair comparison; correct units/reading; evidence supports conclusion; limitation is acknowledged.,Propose a second option and state what evidence would make you change your decision.,"Use only teacher-approved materials. No tasting is required. Follow school rules for food handling, allergies, handwashing and sanitation. Teachers control knives, heat, electrical equipment, chemicals and processing machinery."
FSC-221,Primary 4-6,Know the Ingredient,Harvest Basket,A school team must improve a harvest basket. The team asks you to solve a know the ingredient problem using evidence rather than guesswork.,"Define the question, collect/read relevant evidence, make at least one calculation or structured comparison, identify a limitation and justify the preferred action.","Evidence table, calculation/graph where appropriate, decision and justification.",Fair comparison; correct units/reading; evidence supports conclusion; limitation is acknowledged.,Propose a second option and state what evidence would make you change your decision.,"Use only teacher-approved materials. No tasting is required. Follow school rules for food handling, allergies, handwashing and sanitation. Teachers control knives, heat, electrical equipment, chemicals and processing machinery."
FSC-222,Primary 4-6,Build a Food Journey,Ingredient Display,A school team must improve a ingredient display. The team asks you to solve a build a food journey problem using evidence rather than guesswork.,"Define the question, collect/read relevant evidence, make at least one calculation or structured comparison, identify a limitation and justify the preferred action.","Evidence table, calculation/graph where appropriate, decision and justification.",Fair comparison; correct units/reading; evidence supports conclusion; limitation is acknowledged.,Propose a second option and state what evidence would make you change your decision.,"Use only teacher-approved materials. No tasting is required. Follow school rules for food handling, allergies, handwashing and sanitation. Teachers control knives, heat, electrical equipment, chemicals and processing machinery."
FSC-223,Primary 4-6,Make a Food Choice,School Lunch Scenario,A school team must improve a school lunch scenario. The team asks you to solve a make a food choice problem using evidence rather than guesswork.,"Define the question, collect/read relevant evidence, make at least one calculation or structured comparison, identify a limitation and justify the preferred action.","Evidence table, calculation/graph where appropriate, decision and justification.",Fair comparison; correct units/reading; evidence supports conclusion; limitation is acknowledged.,Propose a second option and state what evidence would make you change your decision.,"Use only teacher-approved materials. No tasting is required. Follow school rules for food handling, allergies, handwashing and sanitation. Teachers control knives, heat, electrical equipment, chemicals and processing machinery."
FSC-224,Primary 4-6,Read the Label,Water Station,A school team must improve a water station. The team asks you to solve a read the label problem using evidence rather than guesswork.,"Define the question, collect/read relevant evidence, make at least one calculation or structured comparison, identify a limitation and justify the preferred action.","Evidence table, calculation/graph where appropriate, decision and justification.",Fair comparison; correct units/reading; evidence supports conclusion; limitation is acknowledged.,Propose a second option and state what evidence would make you change your decision.,"Use only teacher-approved materials. No tasting is required. Follow school rules for food handling, allergies, handwashing and sanitation. Teachers control knives, heat, electrical equipment, chemicals and processing machinery."
FSC-225,Primary 4-6,Plan a Meal,Storage Shelf,A school team must improve a storage shelf. The team asks you to solve a plan a meal problem using evidence rather than guesswork.,"Define the question, collect/read relevant evidence, make at least one calculation or structured comparison, identify a limitation and justify the preferred action.","Evidence table, calculation/graph where appropriate, decision and justification.",Fair comparison; correct units/reading; evidence supports conclusion; limitation is acknowledged.,Propose a second option and state what evidence would make you change your decision.,"Use only teacher-approved materials. No tasting is required. Follow school rules for food handling, allergies, handwashing and sanitation. Teachers control knives, heat, electrical equipment, chemicals and processing machinery."
FSC-226,Primary 4-6,Use Water Wisely,Market Basket,A school team must improve a market basket. The team asks you to solve a use water wisely problem using evidence rather than guesswork.,"Define the question, collect/read relevant evidence, make at least one calculation or structured comparison, identify a limitation and justify the preferred action.","Evidence table, calculation/graph where appropriate, decision and justification.",Fair comparison; correct units/reading; evidence supports conclusion; limitation is acknowledged.,Propose a second option and state what evidence would make you change your decision.,"Use only teacher-approved materials. No tasting is required. Follow school rules for food handling, allergies, handwashing and sanitation. Teachers control knives, heat, electrical equipment, chemicals and processing machinery."
FSC-227,Primary 4-6,Reduce Food Waste,Food Journey Map,A school team must improve a food journey map. The team asks you to solve a reduce food waste problem using evidence rather than guesswork.,"Define the question, collect/read relevant evidence, make at least one calculation or structured comparison, identify a limitation and justify the preferred action.","Evidence table, calculation/graph where appropriate, decision and justification.",Fair comparison; correct units/reading; evidence supports conclusion; limitation is acknowledged.,Propose a second option and state what evidence would make you change your decision.,"Use only teacher-approved materials. No tasting is required. Follow school rules for food handling, allergies, handwashing and sanitation. Teachers control knives, heat, electrical equipment, chemicals and processing machinery."
FSC-228,Primary 4-6,Think Seasonally,School Food-Waste Station,A school team must improve a school food-waste station. The team asks you to solve a think seasonally problem using evidence rather than guesswork.,"Define the question, collect/read relevant evidence, make at least one calculation or structured comparison, identify a limitation and justify the preferred action.","Evidence table, calculation/graph where appropriate, decision and justification.",Fair comparison; correct units/reading; evidence supports conclusion; limitation is acknowledged.,Propose a second option and state what evidence would make you change your decision.,"Use only teacher-approved materials. No tasting is required. Follow school rules for food handling, allergies, handwashing and sanitation. Teachers control knives, heat, electrical equipment, chemicals and processing machinery."
FSC-229,Primary 4-6,Store & Handle Responsibly,School Garden,A school team must improve a school garden. The team asks you to solve a store & handle responsibly problem using evidence rather than guesswork.,"Define the question, collect/read relevant evidence, make at least one calculation or structured comparison, identify a limitation and justify the preferred action.","Evidence table, calculation/graph where appropriate, decision and justification.",Fair comparison; correct units/reading; evidence supports conclusion; limitation is acknowledged.,Propose a second option and state what evidence would make you change your decision.,"Use only teacher-approved materials. No tasting is required. Follow school rules for food handling, allergies, handwashing and sanitation. Teachers control knives, heat, electrical equipment, chemicals and processing machinery."
FSC-230,Primary 4-6,Solve a Food-System Challenge,Classroom Food Table,A school team must improve a classroom food table. The team asks you to solve a solve a food-system challenge problem using evidence rather than guesswork.,"Define the question, collect/read relevant evidence, make at least one calculation or structured comparison, identify a limitation and justify the preferred action.","Evidence table, calculation/graph where appropriate, decision and justification.",Fair comparison; correct units/reading; evidence supports conclusion; limitation is acknowledged.,Propose a second option and state what evidence would make you change your decision.,"Use only teacher-approved materials. No tasting is required. Follow school rules for food handling, allergies, handwashing and sanitation. Teachers control knives, heat, electrical equipment, chemicals and processing machinery."
FSC-231,Primary 4-6,Know the Ingredient,Ingredient Display,A school team must improve a ingredient display. The team asks you to solve a know the ingredient problem using evidence rather than guesswork.,"Define the question, collect/read relevant evidence, make at least one calculation or structured comparison, identify a limitation and justify the preferred action.","Evidence table, calculation/graph where appropriate, decision and justification.",Fair comparison; correct units/reading; evidence supports conclusion; limitation is acknowledged.,Propose a second option and state what evidence would make you change your decision.,"Use only teacher-approved materials. No tasting is required. Follow school rules for food handling, allergies, handwashing and sanitation. Teachers control knives, heat, electrical equipment, chemicals and processing machinery."
FSC-232,Primary 4-6,Build a Food Journey,School Lunch Scenario,A school team must improve a school lunch scenario. The team asks you to solve a build a food journey problem using evidence rather than guesswork.,"Define the question, collect/read relevant evidence, make at least one calculation or structured comparison, identify a limitation and justify the preferred action.","Evidence table, calculation/graph where appropriate, decision and justification.",Fair comparison; correct units/reading; evidence supports conclusion; limitation is acknowledged.,Propose a second option and state what evidence would make you change your decision.,"Use only teacher-approved materials. No tasting is required. Follow school rules for food handling, allergies, handwashing and sanitation. Teachers control knives, heat, electrical equipment, chemicals and processing machinery."
FSC-233,Primary 4-6,Make a Food Choice,Water Station,A school team must improve a water station. The team asks you to solve a make a food choice problem using evidence rather than guesswork.,"Define the question, collect/read relevant evidence, make at least one calculation or structured comparison, identify a limitation and justify the preferred action.","Evidence table, calculation/graph where appropriate, decision and justification.",Fair comparison; correct units/reading; evidence supports conclusion; limitation is acknowledged.,Propose a second option and state what evidence would make you change your decision.,"Use only teacher-approved materials. No tasting is required. Follow school rules for food handling, allergies, handwashing and sanitation. Teachers control knives, heat, electrical equipment, chemicals and processing machinery."
FSC-234,Primary 4-6,Read the Label,Storage Shelf,A school team must improve a storage shelf. The team asks you to solve a read the label problem using evidence rather than guesswork.,"Define the question, collect/read relevant evidence, make at least one calculation or structured comparison, identify a limitation and justify the preferred action.","Evidence table, calculation/graph where appropriate, decision and justification.",Fair comparison; correct units/reading; evidence supports conclusion; limitation is acknowledged.,Propose a second option and state what evidence would make you change your decision.,"Use only teacher-approved materials. No tasting is required. Follow school rules for food handling, allergies, handwashing and sanitation. Teachers control knives, heat, electrical equipment, chemicals and processing machinery."
FSC-235,Primary 4-6,Plan a Meal,Market Basket,A school team must improve a market basket. The team asks you to solve a plan a meal problem using evidence rather than guesswork.,"Define the question, collect/read relevant evidence, make at least one calculation or structured comparison, identify a limitation and justify the preferred action.","Evidence table, calculation/graph where appropriate, decision and justification.",Fair comparison; correct units/reading; evidence supports conclusion; limitation is acknowledged.,Propose a second option and state what evidence would make you change your decision.,"Use only teacher-approved materials. No tasting is required. Follow school rules for food handling, allergies, handwashing and sanitation. Teachers control knives, heat, electrical equipment, chemicals and processing machinery."
FSC-236,Primary 4-6,Use Water Wisely,Food Journey Map,A school team must improve a food journey map. The team asks you to solve a use water wisely problem using evidence rather than guesswork.,"Define the question, collect/read relevant evidence, make at least one calculation or structured comparison, identify a limitation and justify the preferred action.","Evidence table, calculation/graph where appropriate, decision and justification.",Fair comparison; correct units/reading; evidence supports conclusion; limitation is acknowledged.,Propose a second option and state what evidence would make you change your decision.,"Use only teacher-approved materials. No tasting is required. Follow school rules for food handling, allergies, handwashing and sanitation. Teachers control knives, heat, electrical equipment, chemicals and processing machinery."
FSC-237,Primary 4-6,Reduce Food Waste,School Food-Waste Station,A school team must improve a school food-waste station. The team asks you to solve a reduce food waste problem using evidence rather than guesswork.,"Define the question, collect/read relevant evidence, make at least one calculation or structured comparison, identify a limitation and justify the preferred action.","Evidence table, calculation/graph where appropriate, decision and justification.",Fair comparison; correct units/reading; evidence supports conclusion; limitation is acknowledged.,Propose a second option and state what evidence would make you change your decision.,"Use only teacher-approved materials. No tasting is required. Follow school rules for food handling, allergies, handwashing and sanitation. Teachers control knives, heat, electrical equipment, chemicals and processing machinery."
FSC-238,Primary 4-6,Think Seasonally,School Garden,A school team must improve a school garden. The team asks you to solve a think seasonally problem using evidence rather than guesswork.,"Define the question, collect/read relevant evidence, make at least one calculation or structured comparison, identify a limitation and justify the preferred action.","Evidence table, calculation/graph where appropriate, decision and justification.",Fair comparison; correct units/reading; evidence supports conclusion; limitation is acknowledged.,Propose a second option and state what evidence would make you change your decision.,"Use only teacher-approved materials. No tasting is required. Follow school rules for food handling, allergies, handwashing and sanitation. Teachers control knives, heat, electrical equipment, chemicals and processing machinery."
FSC-239,Primary 4-6,Store & Handle Responsibly,Classroom Food Table,A school team must improve a classroom food table. The team asks you to solve a store & handle responsibly problem using evidence rather than guesswork.,"Define the question, collect/read relevant evidence, make at least one calculation or structured comparison, identify a limitation and justify the preferred action.","Evidence table, calculation/graph where appropriate, decision and justification.",Fair comparison; correct units/reading; evidence supports conclusion; limitation is acknowledged.,Propose a second option and state what evidence would make you change your decision.,"Use only teacher-approved materials. No tasting is required. Follow school rules for food handling, allergies, handwashing and sanitation. Teachers control knives, heat, electrical equipment, chemicals and processing machinery."
FSC-240,Primary 4-6,Solve a Food-System Challenge,Harvest Basket,A school team must improve a harvest basket. The team asks you to solve a solve a food-system challenge problem using evidence rather than guesswork.,"Define the question, collect/read relevant evidence, make at least one calculation or structured comparison, identify a limitation and justify the preferred action.","Evidence table, calculation/graph where appropriate, decision and justification.",Fair comparison; correct units/reading; evidence supports conclusion; limitation is acknowledged.,Propose a second option and state what evidence would make you change your decision.,"Use only teacher-approved materials. No tasting is required. Follow school rules for food handling, allergies, handwashing and sanitation. Teachers control knives, heat, electrical equipment, chemicals and processing machinery."
FSC-241,Primary 4-6,Know the Ingredient,School Lunch Scenario,A school team must improve a school lunch scenario. The team asks you to solve a know the ingredient problem using evidence rather than guesswork.,"Define the question, collect/read relevant evidence, make at least one calculation or structured comparison, identify a limitation and justify the preferred action.","Evidence table, calculation/graph where appropriate, decision and justification.",Fair comparison; correct units/reading; evidence supports conclusion; limitation is acknowledged.,Propose a second option and state what evidence would make you change your decision.,"Use only teacher-approved materials. No tasting is required. Follow school rules for food handling, allergies, handwashing and sanitation. Teachers control knives, heat, electrical equipment, chemicals and processing machinery."
FSC-242,Primary 4-6,Build a Food Journey,Water Station,A school team must improve a water station. The team asks you to solve a build a food journey problem using evidence rather than guesswork.,"Define the question, collect/read relevant evidence, make at least one calculation or structured comparison, identify a limitation and justify the preferred action.","Evidence table, calculation/graph where appropriate, decision and justification.",Fair comparison; correct units/reading; evidence supports conclusion; limitation is acknowledged.,Propose a second option and state what evidence would make you change your decision.,"Use only teacher-approved materials. No tasting is required. Follow school rules for food handling, allergies, handwashing and sanitation. Teachers control knives, heat, electrical equipment, chemicals and processing machinery."
FSC-243,Primary 4-6,Make a Food Choice,Storage Shelf,A school team must improve a storage shelf. The team asks you to solve a make a food choice problem using evidence rather than guesswork.,"Define the question, collect/read relevant evidence, make at least one calculation or structured comparison, identify a limitation and justify the preferred action.","Evidence table, calculation/graph where appropriate, decision and justification.",Fair comparison; correct units/reading; evidence supports conclusion; limitation is acknowledged.,Propose a second option and state what evidence would make you change your decision.,"Use only teacher-approved materials. No tasting is required. Follow school rules for food handling, allergies, handwashing and sanitation. Teachers control knives, heat, electrical equipment, chemicals and processing machinery."
FSC-244,Primary 4-6,Read the Label,Market Basket,A school team must improve a market basket. The team asks you to solve a read the label problem using evidence rather than guesswork.,"Define the question, collect/read relevant evidence, make at least one calculation or structured comparison, identify a limitation and justify the preferred action.","Evidence table, calculation/graph where appropriate, decision and justification.",Fair comparison; correct units/reading; evidence supports conclusion; limitation is acknowledged.,Propose a second option and state what evidence would make you change your decision.,"Use only teacher-approved materials. No tasting is required. Follow school rules for food handling, allergies, handwashing and sanitation. Teachers control knives, heat, electrical equipment, chemicals and processing machinery."
FSC-245,Primary 4-6,Plan a Meal,Food Journey Map,A school team must improve a food journey map. The team asks you to solve a plan a meal problem using evidence rather than guesswork.,"Define the question, collect/read relevant evidence, make at least one calculation or structured comparison, identify a limitation and justify the preferred action.","Evidence table, calculation/graph where appropriate, decision and justification.",Fair comparison; correct units/reading; evidence supports conclusion; limitation is acknowledged.,Propose a second option and state what evidence would make you change your decision.,"Use only teacher-approved materials. No tasting is required. Follow school rules for food handling, allergies, handwashing and sanitation. Teachers control knives, heat, electrical equipment, chemicals and processing machinery."
FSC-246,Primary 4-6,Use Water Wisely,School Food-Waste Station,A school team must improve a school food-waste station. The team asks you to solve a use water wisely problem using evidence rather than guesswork.,"Define the question, collect/read relevant evidence, make at least one calculation or structured comparison, identify a limitation and justify the preferred action.","Evidence table, calculation/graph where appropriate, decision and justification.",Fair comparison; correct units/reading; evidence supports conclusion; limitation is acknowledged.,Propose a second option and state what evidence would make you change your decision.,"Use only teacher-approved materials. No tasting is required. Follow school rules for food handling, allergies, handwashing and sanitation. Teachers control knives, heat, electrical equipment, chemicals and processing machinery."
FSC-247,Primary 4-6,Reduce Food Waste,School Garden,A school team must improve a school garden. The team asks you to solve a reduce food waste problem using evidence rather than guesswork.,"Define the question, collect/read relevant evidence, make at least one calculation or structured comparison, identify a limitation and justify the preferred action.","Evidence table, calculation/graph where appropriate, decision and justification.",Fair comparison; correct units/reading; evidence supports conclusion; limitation is acknowledged.,Propose a second option and state what evidence would make you change your decision.,"Use only teacher-approved materials. No tasting is required. Follow school rules for food handling, allergies, handwashing and sanitation. Teachers control knives, heat, electrical equipment, chemicals and processing machinery."
FSC-248,Primary 4-6,Think Seasonally,Classroom Food Table,A school team must improve a classroom food table. The team asks you to solve a think seasonally problem using evidence rather than guesswork.,"Define the question, collect/read relevant evidence, make at least one calculation or structured comparison, identify a limitation and justify the preferred action.","Evidence table, calculation/graph where appropriate, decision and justification.",Fair comparison; correct units/reading; evidence supports conclusion; limitation is acknowledged.,Propose a second option and state what evidence would make you change your decision.,"Use only teacher-approved materials. No tasting is required. Follow school rules for food handling, allergies, handwashing and sanitation. Teachers control knives, heat, electrical equipment, chemicals and processing machinery."
FSC-249,Primary 4-6,Store & Handle Responsibly,Harvest Basket,A school team must improve a harvest basket. The team asks you to solve a store & handle responsibly problem using evidence rather than guesswork.,"Define the question, collect/read relevant evidence, make at least one calculation or structured comparison, identify a limitation and justify the preferred action.","Evidence table, calculation/graph where appropriate, decision and justification.",Fair comparison; correct units/reading; evidence supports conclusion; limitation is acknowledged.,Propose a second option and state what evidence would make you change your decision.,"Use only teacher-approved materials. No tasting is required. Follow school rules for food handling, allergies, handwashing and sanitation. Teachers control knives, heat, electrical equipment, chemicals and processing machinery."
FSC-250,Primary 4-6,Solve a Food-System Challenge,Ingredient Display,A school team must improve a ingredient display. The team asks you to solve a solve a food-system challenge problem using evidence rather than guesswork.,"Define the question, collect/read relevant evidence, make at least one calculation or structured comparison, identify a limitation and justify the preferred action.","Evidence table, calculation/graph where appropriate, decision and justification.",Fair comparison; correct units/reading; evidence supports conclusion; limitation is acknowledged.,Propose a second option and state what evidence would make you change your decision.,"Use only teacher-approved materials. No tasting is required. Follow school rules for food handling, allergies, handwashing and sanitation. Teachers control knives, heat, electrical equipment, chemicals and processing machinery."
FSC-251,Primary 4-6,Know the Ingredient,Water Station,A school team must improve a water station. The team asks you to solve a know the ingredient problem using evidence rather than guesswork.,"Define the question, collect/read relevant evidence, make at least one calculation or structured comparison, identify a limitation and justify the preferred action.","Evidence table, calculation/graph where appropriate, decision and justification.",Fair comparison; correct units/reading; evidence supports conclusion; limitation is acknowledged.,Propose a second option and state what evidence would make you change your decision.,"Use only teacher-approved materials. No tasting is required. Follow school rules for food handling, allergies, handwashing and sanitation. Teachers control knives, heat, electrical equipment, chemicals and processing machinery."
FSC-252,Primary 4-6,Build a Food Journey,Storage Shelf,A school team must improve a storage shelf. The team asks you to solve a build a food journey problem using evidence rather than guesswork.,"Define the question, collect/read relevant evidence, make at least one calculation or structured comparison, identify a limitation and justify the preferred action.","Evidence table, calculation/graph where appropriate, decision and justification.",Fair comparison; correct units/reading; evidence supports conclusion; limitation is acknowledged.,Propose a second option and state what evidence would make you change your decision.,"Use only teacher-approved materials. No tasting is required. Follow school rules for food handling, allergies, handwashing and sanitation. Teachers control knives, heat, electrical equipment, chemicals and processing machinery."
FSC-253,Primary 4-6,Make a Food Choice,Market Basket,A school team must improve a market basket. The team asks you to solve a make a food choice problem using evidence rather than guesswork.,"Define the question, collect/read relevant evidence, make at least one calculation or structured comparison, identify a limitation and justify the preferred action.","Evidence table, calculation/graph where appropriate, decision and justification.",Fair comparison; correct units/reading; evidence supports conclusion; limitation is acknowledged.,Propose a second option and state what evidence would make you change your decision.,"Use only teacher-approved materials. No tasting is required. Follow school rules for food handling, allergies, handwashing and sanitation. Teachers control knives, heat, electrical equipment, chemicals and processing machinery."
FSC-254,Primary 4-6,Read the Label,Food Journey Map,A school team must improve a food journey map. The team asks you to solve a read the label problem using evidence rather than guesswork.,"Define the question, collect/read relevant evidence, make at least one calculation or structured comparison, identify a limitation and justify the preferred action.","Evidence table, calculation/graph where appropriate, decision and justification.",Fair comparison; correct units/reading; evidence supports conclusion; limitation is acknowledged.,Propose a second option and state what evidence would make you change your decision.,"Use only teacher-approved materials. No tasting is required. Follow school rules for food handling, allergies, handwashing and sanitation. Teachers control knives, heat, electrical equipment, chemicals and processing machinery."
FSC-255,Primary 4-6,Plan a Meal,School Food-Waste Station,A school team must improve a school food-waste station. The team asks you to solve a plan a meal problem using evidence rather than guesswork.,"Define the question, collect/read relevant evidence, make at least one calculation or structured comparison, identify a limitation and justify the preferred action.","Evidence table, calculation/graph where appropriate, decision and justification.",Fair comparison; correct units/reading; evidence supports conclusion; limitation is acknowledged.,Propose a second option and state what evidence would make you change your decision.,"Use only teacher-approved materials. No tasting is required. Follow school rules for food handling, allergies, handwashing and sanitation. Teachers control knives, heat, electrical equipment, chemicals and processing machinery."
FSC-256,Primary 4-6,Use Water Wisely,School Garden,A school team must improve a school garden. The team asks you to solve a use water wisely problem using evidence rather than guesswork.,"Define the question, collect/read relevant evidence, make at least one calculation or structured comparison, identify a limitation and justify the preferred action.","Evidence table, calculation/graph where appropriate, decision and justification.",Fair comparison; correct units/reading; evidence supports conclusion; limitation is acknowledged.,Propose a second option and state what evidence would make you change your decision.,"Use only teacher-approved materials. No tasting is required. Follow school rules for food handling, allergies, handwashing and sanitation. Teachers control knives, heat, electrical equipment, chemicals and processing machinery."
FSC-257,Primary 4-6,Reduce Food Waste,Classroom Food Table,A school team must improve a classroom food table. The team asks you to solve a reduce food waste problem using evidence rather than guesswork.,"Define the question, collect/read relevant evidence, make at least one calculation or structured comparison, identify a limitation and justify the preferred action.","Evidence table, calculation/graph where appropriate, decision and justification.",Fair comparison; correct units/reading; evidence supports conclusion; limitation is acknowledged.,Propose a second option and state what evidence would make you change your decision.,"Use only teacher-approved materials. No tasting is required. Follow school rules for food handling, allergies, handwashing and sanitation. Teachers control knives, heat, electrical equipment, chemicals and processing machinery."
FSC-258,Primary 4-6,Think Seasonally,Harvest Basket,A school team must improve a harvest basket. The team asks you to solve a think seasonally problem using evidence rather than guesswork.,"Define the question, collect/read relevant evidence, make at least one calculation or structured comparison, identify a limitation and justify the preferred action.","Evidence table, calculation/graph where appropriate, decision and justification.",Fair comparison; correct units/reading; evidence supports conclusion; limitation is acknowledged.,Propose a second option and state what evidence would make you change your decision.,"Use only teacher-approved materials. No tasting is required. Follow school rules for food handling, allergies, handwashing and sanitation. Teachers control knives, heat, electrical equipment, chemicals and processing machinery."
FSC-259,Primary 4-6,Store & Handle Responsibly,Ingredient Display,A school team must improve a ingredient display. The team asks you to solve a store & handle responsibly problem using evidence rather than guesswork.,"Define the question, collect/read relevant evidence, make at least one calculation or structured comparison, identify a limitation and justify the preferred action.","Evidence table, calculation/graph where appropriate, decision and justification.",Fair comparison; correct units/reading; evidence supports conclusion; limitation is acknowledged.,Propose a second option and state what evidence would make you change your decision.,"Use only teacher-approved materials. No tasting is required. Follow school rules for food handling, allergies, handwashing and sanitation. Teachers control knives, heat, electrical equipment, chemicals and processing machinery."
FSC-260,Primary 4-6,Solve a Food-System Challenge,School Lunch Scenario,A school team must improve a school lunch scenario. The team asks you to solve a solve a food-system challenge problem using evidence rather than guesswork.,"Define the question, collect/read relevant evidence, make at least one calculation or structured comparison, identify a limitation and justify the preferred action.","Evidence table, calculation/graph where appropriate, decision and justification.",Fair comparison; correct units/reading; evidence supports conclusion; limitation is acknowledged.,Propose a second option and state what evidence would make you change your decision.,"Use only teacher-approved materials. No tasting is required. Follow school rules for food handling, allergies, handwashing and sanitation. Teachers control knives, heat, electrical equipment, chemicals and processing machinery."
FSC-261,Primary 4-6,Know the Ingredient,Storage Shelf,A school team must improve a storage shelf. The team asks you to solve a know the ingredient problem using evidence rather than guesswork.,"Define the question, collect/read relevant evidence, make at least one calculation or structured comparison, identify a limitation and justify the preferred action.","Evidence table, calculation/graph where appropriate, decision and justification.",Fair comparison; correct units/reading; evidence supports conclusion; limitation is acknowledged.,Propose a second option and state what evidence would make you change your decision.,"Use only teacher-approved materials. No tasting is required. Follow school rules for food handling, allergies, handwashing and sanitation. Teachers control knives, heat, electrical equipment, chemicals and processing machinery."
FSC-262,Primary 4-6,Build a Food Journey,Market Basket,A school team must improve a market basket. The team asks you to solve a build a food journey problem using evidence rather than guesswork.,"Define the question, collect/read relevant evidence, make at least one calculation or structured comparison, identify a limitation and justify the preferred action.","Evidence table, calculation/graph where appropriate, decision and justification.",Fair comparison; correct units/reading; evidence supports conclusion; limitation is acknowledged.,Propose a second option and state what evidence would make you change your decision.,"Use only teacher-approved materials. No tasting is required. Follow school rules for food handling, allergies, handwashing and sanitation. Teachers control knives, heat, electrical equipment, chemicals and processing machinery."
FSC-263,Primary 4-6,Make a Food Choice,Food Journey Map,A school team must improve a food journey map. The team asks you to solve a make a food choice problem using evidence rather than guesswork.,"Define the question, collect/read relevant evidence, make at least one calculation or structured comparison, identify a limitation and justify the preferred action.","Evidence table, calculation/graph where appropriate, decision and justification.",Fair comparison; correct units/reading; evidence supports conclusion; limitation is acknowledged.,Propose a second option and state what evidence would make you change your decision.,"Use only teacher-approved materials. No tasting is required. Follow school rules for food handling, allergies, handwashing and sanitation. Teachers control knives, heat, electrical equipment, chemicals and processing machinery."
FSC-264,Primary 4-6,Read the Label,School Food-Waste Station,A school team must improve a school food-waste station. The team asks you to solve a read the label problem using evidence rather than guesswork.,"Define the question, collect/read relevant evidence, make at least one calculation or structured comparison, identify a limitation and justify the preferred action.","Evidence table, calculation/graph where appropriate, decision and justification.",Fair comparison; correct units/reading; evidence supports conclusion; limitation is acknowledged.,Propose a second option and state what evidence would make you change your decision.,"Use only teacher-approved materials. No tasting is required. Follow school rules for food handling, allergies, handwashing and sanitation. Teachers control knives, heat, electrical equipment, chemicals and processing machinery."
FSC-265,Primary 4-6,Plan a Meal,School Garden,A school team must improve a school garden. The team asks you to solve a plan a meal problem using evidence rather than guesswork.,"Define the question, collect/read relevant evidence, make at least one calculation or structured comparison, identify a limitation and justify the preferred action.","Evidence table, calculation/graph where appropriate, decision and justification.",Fair comparison; correct units/reading; evidence supports conclusion; limitation is acknowledged.,Propose a second option and state what evidence would make you change your decision.,"Use only teacher-approved materials. No tasting is required. Follow school rules for food handling, allergies, handwashing and sanitation. Teachers control knives, heat, electrical equipment, chemicals and processing machinery."
FSC-266,Primary 4-6,Use Water Wisely,Classroom Food Table,A school team must improve a classroom food table. The team asks you to solve a use water wisely problem using evidence rather than guesswork.,"Define the question, collect/read relevant evidence, make at least one calculation or structured comparison, identify a limitation and justify the preferred action.","Evidence table, calculation/graph where appropriate, decision and justification.",Fair comparison; correct units/reading; evidence supports conclusion; limitation is acknowledged.,Propose a second option and state what evidence would make you change your decision.,"Use only teacher-approved materials. No tasting is required. Follow school rules for food handling, allergies, handwashing and sanitation. Teachers control knives, heat, electrical equipment, chemicals and processing machinery."
FSC-267,Primary 4-6,Reduce Food Waste,Harvest Basket,A school team must improve a harvest basket. The team asks you to solve a reduce food waste problem using evidence rather than guesswork.,"Define the question, collect/read relevant evidence, make at least one calculation or structured comparison, identify a limitation and justify the preferred action.","Evidence table, calculation/graph where appropriate, decision and justification.",Fair comparison; correct units/reading; evidence supports conclusion; limitation is acknowledged.,Propose a second option and state what evidence would make you change your decision.,"Use only teacher-approved materials. No tasting is required. Follow school rules for food handling, allergies, handwashing and sanitation. Teachers control knives, heat, electrical equipment, chemicals and processing machinery."
FSC-268,Primary 4-6,Think Seasonally,Ingredient Display,A school team must improve a ingredient display. The team asks you to solve a think seasonally problem using evidence rather than guesswork.,"Define the question, collect/read relevant evidence, make at least one calculation or structured comparison, identify a limitation and justify the preferred action.","Evidence table, calculation/graph where appropriate, decision and justification.",Fair comparison; correct units/reading; evidence supports conclusion; limitation is acknowledged.,Propose a second option and state what evidence would make you change your decision.,"Use only teacher-approved materials. No tasting is required. Follow school rules for food handling, allergies, handwashing and sanitation. Teachers control knives, heat, electrical equipment, chemicals and processing machinery."
FSC-269,Primary 4-6,Store & Handle Responsibly,School Lunch Scenario,A school team must improve a school lunch scenario. The team asks you to solve a store & handle responsibly problem using evidence rather than guesswork.,"Define the question, collect/read relevant evidence, make at least one calculation or structured comparison, identify a limitation and justify the preferred action.","Evidence table, calculation/graph where appropriate, decision and justification.",Fair comparison; correct units/reading; evidence supports conclusion; limitation is acknowledged.,Propose a second option and state what evidence would make you change your decision.,"Use only teacher-approved materials. No tasting is required. Follow school rules for food handling, allergies, handwashing and sanitation. Teachers control knives, heat, electrical equipment, chemicals and processing machinery."
FSC-270,Primary 4-6,Solve a Food-System Challenge,Water Station,A school team must improve a water station. The team asks you to solve a solve a food-system challenge problem using evidence rather than guesswork.,"Define the question, collect/read relevant evidence, make at least one calculation or structured comparison, identify a limitation and justify the preferred action.","Evidence table, calculation/graph where appropriate, decision and justification.",Fair comparison; correct units/reading; evidence supports conclusion; limitation is acknowledged.,Propose a second option and state what evidence would make you change your decision.,"Use only teacher-approved materials. No tasting is required. Follow school rules for food handling, allergies, handwashing and sanitation. Teachers control knives, heat, electrical equipment, chemicals and processing machinery."
FSC-271,Primary 4-6,Know the Ingredient,Market Basket,A school team must improve a market basket. The team asks you to solve a know the ingredient problem using evidence rather than guesswork.,"Define the question, collect/read relevant evidence, make at least one calculation or structured comparison, identify a limitation and justify the preferred action.","Evidence table, calculation/graph where appropriate, decision and justification.",Fair comparison; correct units/reading; evidence supports conclusion; limitation is acknowledged.,Propose a second option and state what evidence would make you change your decision.,"Use only teacher-approved materials. No tasting is required. Follow school rules for food handling, allergies, handwashing and sanitation. Teachers control knives, heat, electrical equipment, chemicals and processing machinery."
FSC-272,Primary 4-6,Build a Food Journey,Food Journey Map,A school team must improve a food journey map. The team asks you to solve a build a food journey problem using evidence rather than guesswork.,"Define the question, collect/read relevant evidence, make at least one calculation or structured comparison, identify a limitation and justify the preferred action.","Evidence table, calculation/graph where appropriate, decision and justification.",Fair comparison; correct units/reading; evidence supports conclusion; limitation is acknowledged.,Propose a second option and state what evidence would make you change your decision.,"Use only teacher-approved materials. No tasting is required. Follow school rules for food handling, allergies, handwashing and sanitation. Teachers control knives, heat, electrical equipment, chemicals and processing machinery."
FSC-273,Primary 4-6,Make a Food Choice,School Food-Waste Station,A school team must improve a school food-waste station. The team asks you to solve a make a food choice problem using evidence rather than guesswork.,"Define the question, collect/read relevant evidence, make at least one calculation or structured comparison, identify a limitation and justify the preferred action.","Evidence table, calculation/graph where appropriate, decision and justification.",Fair comparison; correct units/reading; evidence supports conclusion; limitation is acknowledged.,Propose a second option and state what evidence would make you change your decision.,"Use only teacher-approved materials. No tasting is required. Follow school rules for food handling, allergies, handwashing and sanitation. Teachers control knives, heat, electrical equipment, chemicals and processing machinery."
FSC-274,Primary 4-6,Read the Label,School Garden,A school team must improve a school garden. The team asks you to solve a read the label problem using evidence rather than guesswork.,"Define the question, collect/read relevant evidence, make at least one calculation or structured comparison, identify a limitation and justify the preferred action.","Evidence table, calculation/graph where appropriate, decision and justification.",Fair comparison; correct units/reading; evidence supports conclusion; limitation is acknowledged.,Propose a second option and state what evidence would make you change your decision.,"Use only teacher-approved materials. No tasting is required. Follow school rules for food handling, allergies, handwashing and sanitation. Teachers control knives, heat, electrical equipment, chemicals and processing machinery."
FSC-275,Primary 4-6,Plan a Meal,Classroom Food Table,A school team must improve a classroom food table. The team asks you to solve a plan a meal problem using evidence rather than guesswork.,"Define the question, collect/read relevant evidence, make at least one calculation or structured comparison, identify a limitation and justify the preferred action.","Evidence table, calculation/graph where appropriate, decision and justification.",Fair comparison; correct units/reading; evidence supports conclusion; limitation is acknowledged.,Propose a second option and state what evidence would make you change your decision.,"Use only teacher-approved materials. No tasting is required. Follow school rules for food handling, allergies, handwashing and sanitation. Teachers control knives, heat, electrical equipment, chemicals and processing machinery."
FSC-276,Primary 4-6,Use Water Wisely,Harvest Basket,A school team must improve a harvest basket. The team asks you to solve a use water wisely problem using evidence rather than guesswork.,"Define the question, collect/read relevant evidence, make at least one calculation or structured comparison, identify a limitation and justify the preferred action.","Evidence table, calculation/graph where appropriate, decision and justification.",Fair comparison; correct units/reading; evidence supports conclusion; limitation is acknowledged.,Propose a second option and state what evidence would make you change your decision.,"Use only teacher-approved materials. No tasting is required. Follow school rules for food handling, allergies, handwashing and sanitation. Teachers control knives, heat, electrical equipment, chemicals and processing machinery."
FSC-277,Primary 4-6,Reduce Food Waste,Ingredient Display,A school team must improve a ingredient display. The team asks you to solve a reduce food waste problem using evidence rather than guesswork.,"Define the question, collect/read relevant evidence, make at least one calculation or structured comparison, identify a limitation and justify the preferred action.","Evidence table, calculation/graph where appropriate, decision and justification.",Fair comparison; correct units/reading; evidence supports conclusion; limitation is acknowledged.,Propose a second option and state what evidence would make you change your decision.,"Use only teacher-approved materials. No tasting is required. Follow school rules for food handling, allergies, handwashing and sanitation. Teachers control knives, heat, electrical equipment, chemicals and processing machinery."
FSC-278,Primary 4-6,Think Seasonally,School Lunch Scenario,A school team must improve a school lunch scenario. The team asks you to solve a think seasonally problem using evidence rather than guesswork.,"Define the question, collect/read relevant evidence, make at least one calculation or structured comparison, identify a limitation and justify the preferred action.","Evidence table, calculation/graph where appropriate, decision and justification.",Fair comparison; correct units/reading; evidence supports conclusion; limitation is acknowledged.,Propose a second option and state what evidence would make you change your decision.,"Use only teacher-approved materials. No tasting is required. Follow school rules for food handling, allergies, handwashing and sanitation. Teachers control knives, heat, electrical equipment, chemicals and processing machinery."
FSC-279,Primary 4-6,Store & Handle Responsibly,Water Station,A school team must improve a water station. The team asks you to solve a store & handle responsibly problem using evidence rather than guesswork.,"Define the question, collect/read relevant evidence, make at least one calculation or structured comparison, identify a limitation and justify the preferred action.","Evidence table, calculation/graph where appropriate, decision and justification.",Fair comparison; correct units/reading; evidence supports conclusion; limitation is acknowledged.,Propose a second option and state what evidence would make you change your decision.,"Use only teacher-approved materials. No tasting is required. Follow school rules for food handling, allergies, handwashing and sanitation. Teachers control knives, heat, electrical equipment, chemicals and processing machinery."
FSC-280,Primary 4-6,Solve a Food-System Challenge,Storage Shelf,A school team must improve a storage shelf. The team asks you to solve a solve a food-system challenge problem using evidence rather than guesswork.,"Define the question, collect/read relevant evidence, make at least one calculation or structured comparison, identify a limitation and justify the preferred action.","Evidence table, calculation/graph where appropriate, decision and justification.",Fair comparison; correct units/reading; evidence supports conclusion; limitation is acknowledged.,Propose a second option and state what evidence would make you change your decision.,"Use only teacher-approved materials. No tasting is required. Follow school rules for food handling, allergies, handwashing and sanitation. Teachers control knives, heat, electrical equipment, chemicals and processing machinery."
FSC-281,Primary 4-6,Know the Ingredient,Food Journey Map,A school team must improve a food journey map. The team asks you to solve a know the ingredient problem using evidence rather than guesswork.,"Define the question, collect/read relevant evidence, make at least one calculation or structured comparison, identify a limitation and justify the preferred action.","Evidence table, calculation/graph where appropriate, decision and justification.",Fair comparison; correct units/reading; evidence supports conclusion; limitation is acknowledged.,Propose a second option and state what evidence would make you change your decision.,"Use only teacher-approved materials. No tasting is required. Follow school rules for food handling, allergies, handwashing and sanitation. Teachers control knives, heat, electrical equipment, chemicals and processing machinery."
FSC-282,Primary 4-6,Build a Food Journey,School Food-Waste Station,A school team must improve a school food-waste station. The team asks you to solve a build a food journey problem using evidence rather than guesswork.,"Define the question, collect/read relevant evidence, make at least one calculation or structured comparison, identify a limitation and justify the preferred action.","Evidence table, calculation/graph where appropriate, decision and justification.",Fair comparison; correct units/reading; evidence supports conclusion; limitation is acknowledged.,Propose a second option and state what evidence would make you change your decision.,"Use only teacher-approved materials. No tasting is required. Follow school rules for food handling, allergies, handwashing and sanitation. Teachers control knives, heat, electrical equipment, chemicals and processing machinery."
FSC-283,Primary 4-6,Make a Food Choice,School Garden,A school team must improve a school garden. The team asks you to solve a make a food choice problem using evidence rather than guesswork.,"Define the question, collect/read relevant evidence, make at least one calculation or structured comparison, identify a limitation and justify the preferred action.","Evidence table, calculation/graph where appropriate, decision and justification.",Fair comparison; correct units/reading; evidence supports conclusion; limitation is acknowledged.,Propose a second option and state what evidence would make you change your decision.,"Use only teacher-approved materials. No tasting is required. Follow school rules for food handling, allergies, handwashing and sanitation. Teachers control knives, heat, electrical equipment, chemicals and processing machinery."
FSC-284,Primary 4-6,Read the Label,Classroom Food Table,A school team must improve a classroom food table. The team asks you to solve a read the label problem using evidence rather than guesswork.,"Define the question, collect/read relevant evidence, make at least one calculation or structured comparison, identify a limitation and justify the preferred action.","Evidence table, calculation/graph where appropriate, decision and justification.",Fair comparison; correct units/reading; evidence supports conclusion; limitation is acknowledged.,Propose a second option and state what evidence would make you change your decision.,"Use only teacher-approved materials. No tasting is required. Follow school rules for food handling, allergies, handwashing and sanitation. Teachers control knives, heat, electrical equipment, chemicals and processing machinery."
FSC-285,Primary 4-6,Plan a Meal,Harvest Basket,A school team must improve a harvest basket. The team asks you to solve a plan a meal problem using evidence rather than guesswork.,"Define the question, collect/read relevant evidence, make at least one calculation or structured comparison, identify a limitation and justify the preferred action.","Evidence table, calculation/graph where appropriate, decision and justification.",Fair comparison; correct units/reading; evidence supports conclusion; limitation is acknowledged.,Propose a second option and state what evidence would make you change your decision.,"Use only teacher-approved materials. No tasting is required. Follow school rules for food handling, allergies, handwashing and sanitation. Teachers control knives, heat, electrical equipment, chemicals and processing machinery."
FSC-286,Primary 4-6,Use Water Wisely,Ingredient Display,A school team must improve a ingredient display. The team asks you to solve a use water wisely problem using evidence rather than guesswork.,"Define the question, collect/read relevant evidence, make at least one calculation or structured comparison, identify a limitation and justify the preferred action.","Evidence table, calculation/graph where appropriate, decision and justification.",Fair comparison; correct units/reading; evidence supports conclusion; limitation is acknowledged.,Propose a second option and state what evidence would make you change your decision.,"Use only teacher-approved materials. No tasting is required. Follow school rules for food handling, allergies, handwashing and sanitation. Teachers control knives, heat, electrical equipment, chemicals and processing machinery."
FSC-287,Primary 4-6,Reduce Food Waste,School Lunch Scenario,A school team must improve a school lunch scenario. The team asks you to solve a reduce food waste problem using evidence rather than guesswork.,"Define the question, collect/read relevant evidence, make at least one calculation or structured comparison, identify a limitation and justify the preferred action.","Evidence table, calculation/graph where appropriate, decision and justification.",Fair comparison; correct units/reading; evidence supports conclusion; limitation is acknowledged.,Propose a second option and state what evidence would make you change your decision.,"Use only teacher-approved materials. No tasting is required. Follow school rules for food handling, allergies, handwashing and sanitation. Teachers control knives, heat, electrical equipment, chemicals and processing machinery."
FSC-288,Primary 4-6,Think Seasonally,Water Station,A school team must improve a water station. The team asks you to solve a think seasonally problem using evidence rather than guesswork.,"Define the question, collect/read relevant evidence, make at least one calculation or structured comparison, identify a limitation and justify the preferred action.","Evidence table, calculation/graph where appropriate, decision and justification.",Fair comparison; correct units/reading; evidence supports conclusion; limitation is acknowledged.,Propose a second option and state what evidence would make you change your decision.,"Use only teacher-approved materials. No tasting is required. Follow school rules for food handling, allergies, handwashing and sanitation. Teachers control knives, heat, electrical equipment, chemicals and processing machinery."
FSC-289,Primary 4-6,Store & Handle Responsibly,Storage Shelf,A school team must improve a storage shelf. The team asks you to solve a store & handle responsibly problem using evidence rather than guesswork.,"Define the question, collect/read relevant evidence, make at least one calculation or structured comparison, identify a limitation and justify the preferred action.","Evidence table, calculation/graph where appropriate, decision and justification.",Fair comparison; correct units/reading; evidence supports conclusion; limitation is acknowledged.,Propose a second option and state what evidence would make you change your decision.,"Use only teacher-approved materials. No tasting is required. Follow school rules for food handling, allergies, handwashing and sanitation. Teachers control knives, heat, electrical equipment, chemicals and processing machinery."
FSC-290,Primary 4-6,Solve a Food-System Challenge,Market Basket,A school team must improve a market basket. The team asks you to solve a solve a food-system challenge problem using evidence rather than guesswork.,"Define the question, collect/read relevant evidence, make at least one calculation or structured comparison, identify a limitation and justify the preferred action.","Evidence table, calculation/graph where appropriate, decision and justification.",Fair comparison; correct units/reading; evidence supports conclusion; limitation is acknowledged.,Propose a second option and state what evidence would make you change your decision.,"Use only teacher-approved materials. No tasting is required. Follow school rules for food handling, allergies, handwashing and sanitation. Teachers control knives, heat, electrical equipment, chemicals and processing machinery."
FSC-291,Primary 4-6,Know the Ingredient,School Food-Waste Station,A school team must improve a school food-waste station. The team asks you to solve a know the ingredient problem using evidence rather than guesswork.,"Define the question, collect/read relevant evidence, make at least one calculation or structured comparison, identify a limitation and justify the preferred action.","Evidence table, calculation/graph where appropriate, decision and justification.",Fair comparison; correct units/reading; evidence supports conclusion; limitation is acknowledged.,Propose a second option and state what evidence would make you change your decision.,"Use only teacher-approved materials. No tasting is required. Follow school rules for food handling, allergies, handwashing and sanitation. Teachers control knives, heat, electrical equipment, chemicals and processing machinery."
FSC-292,Primary 4-6,Build a Food Journey,School Garden,A school team must improve a school garden. The team asks you to solve a build a food journey problem using evidence rather than guesswork.,"Define the question, collect/read relevant evidence, make at least one calculation or structured comparison, identify a limitation and justify the preferred action.","Evidence table, calculation/graph where appropriate, decision and justification.",Fair comparison; correct units/reading; evidence supports conclusion; limitation is acknowledged.,Propose a second option and state what evidence would make you change your decision.,"Use only teacher-approved materials. No tasting is required. Follow school rules for food handling, allergies, handwashing and sanitation. Teachers control knives, heat, electrical equipment, chemicals and processing machinery."
FSC-293,Primary 4-6,Make a Food Choice,Classroom Food Table,A school team must improve a classroom food table. The team asks you to solve a make a food choice problem using evidence rather than guesswork.,"Define the question, collect/read relevant evidence, make at least one calculation or structured comparison, identify a limitation and justify the preferred action.","Evidence table, calculation/graph where appropriate, decision and justification.",Fair comparison; correct units/reading; evidence supports conclusion; limitation is acknowledged.,Propose a second option and state what evidence would make you change your decision.,"Use only teacher-approved materials. No tasting is required. Follow school rules for food handling, allergies, handwashing and sanitation. Teachers control knives, heat, electrical equipment, chemicals and processing machinery."
FSC-294,Primary 4-6,Read the Label,Harvest Basket,A school team must improve a harvest basket. The team asks you to solve a read the label problem using evidence rather than guesswork.,"Define the question, collect/read relevant evidence, make at least one calculation or structured comparison, identify a limitation and justify the preferred action.","Evidence table, calculation/graph where appropriate, decision and justification.",Fair comparison; correct units/reading; evidence supports conclusion; limitation is acknowledged.,Propose a second option and state what evidence would make you change your decision.,"Use only teacher-approved materials. No tasting is required. Follow school rules for food handling, allergies, handwashing and sanitation. Teachers control knives, heat, electrical equipment, chemicals and processing machinery."
FSC-295,Primary 4-6,Plan a Meal,Ingredient Display,A school team must improve a ingredient display. The team asks you to solve a plan a meal problem using evidence rather than guesswork.,"Define the question, collect/read relevant evidence, make at least one calculation or structured comparison, identify a limitation and justify the preferred action.","Evidence table, calculation/graph where appropriate, decision and justification.",Fair comparison; correct units/reading; evidence supports conclusion; limitation is acknowledged.,Propose a second option and state what evidence would make you change your decision.,"Use only teacher-approved materials. No tasting is required. Follow school rules for food handling, allergies, handwashing and sanitation. Teachers control knives, heat, electrical equipment, chemicals and processing machinery."
FSC-296,Primary 4-6,Use Water Wisely,School Lunch Scenario,A school team must improve a school lunch scenario. The team asks you to solve a use water wisely problem using evidence rather than guesswork.,"Define the question, collect/read relevant evidence, make at least one calculation or structured comparison, identify a limitation and justify the preferred action.","Evidence table, calculation/graph where appropriate, decision and justification.",Fair comparison; correct units/reading; evidence supports conclusion; limitation is acknowledged.,Propose a second option and state what evidence would make you change your decision.,"Use only teacher-approved materials. No tasting is required. Follow school rules for food handling, allergies, handwashing and sanitation. Teachers control knives, heat, electrical equipment, chemicals and processing machinery."
FSC-297,Primary 4-6,Reduce Food Waste,Water Station,A school team must improve a water station. The team asks you to solve a reduce food waste problem using evidence rather than guesswork.,"Define the question, collect/read relevant evidence, make at least one calculation or structured comparison, identify a limitation and justify the preferred action.","Evidence table, calculation/graph where appropriate, decision and justification.",Fair comparison; correct units/reading; evidence supports conclusion; limitation is acknowledged.,Propose a second option and state what evidence would make you change your decision.,"Use only teacher-approved materials. No tasting is required. Follow school rules for food handling, allergies, handwashing and sanitation. Teachers control knives, heat, electrical equipment, chemicals and processing machinery."
FSC-298,Primary 4-6,Think Seasonally,Storage Shelf,A school team must improve a storage shelf. The team asks you to solve a think seasonally problem using evidence rather than guesswork.,"Define the question, collect/read relevant evidence, make at least one calculation or structured comparison, identify a limitation and justify the preferred action.","Evidence table, calculation/graph where appropriate, decision and justification.",Fair comparison; correct units/reading; evidence supports conclusion; limitation is acknowledged.,Propose a second option and state what evidence would make you change your decision.,"Use only teacher-approved materials. No tasting is required. Follow school rules for food handling, allergies, handwashing and sanitation. Teachers control knives, heat, electrical equipment, chemicals and processing machinery."
FSC-299,Primary 4-6,Store & Handle Responsibly,Market Basket,A school team must improve a market basket. The team asks you to solve a store & handle responsibly problem using evidence rather than guesswork.,"Define the question, collect/read relevant evidence, make at least one calculation or structured comparison, identify a limitation and justify the preferred action.","Evidence table, calculation/graph where appropriate, decision and justification.",Fair comparison; correct units/reading; evidence supports conclusion; limitation is acknowledged.,Propose a second option and state what evidence would make you change your decision.,"Use only teacher-approved materials. No tasting is required. Follow school rules for food handling, allergies, handwashing and sanitation. Teachers control knives, heat, electrical equipment, chemicals and processing machinery."
FSC-300,Primary 4-6,Solve a Food-System Challenge,Food Journey Map,A school team must improve a food journey map. The team asks you to solve a solve a food-system challenge problem using evidence rather than guesswork.,"Define the question, collect/read relevant evidence, make at least one calculation or structured comparison, identify a limitation and justify the preferred action.","Evidence table, calculation/graph where appropriate, decision and justification.",Fair comparison; correct units/reading; evidence supports conclusion; limitation is acknowledged.,Propose a second option and state what evidence would make you change your decision.,"Use only teacher-approved materials. No tasting is required. Follow school rules for food handling, allergies, handwashing and sanitation. Teachers control knives, heat, electrical equipment, chemicals and processing machinery."
FSC-301,JSS 1-3,Know the Ingredient,School Garden,The school is reviewing a school garden. You are assigned a know the ingredient problem that requires a defensible management decision.,"Define criteria and variables, collect or interpret traceable data, quantify the relevant difference/loss/use, evaluate uncertainty and recommend an action with a trigger or threshold.","Problem statement, data/calculation, evaluation, uncertainty note and management recommendation.",Traceable evidence; quantitative reasoning; explicit criteria; qualified conclusion; actionable recommendation.,Conduct a sensitivity check: identify one assumption that could reverse the decision.,"Use only teacher-approved materials. No tasting is required. Follow school rules for food handling, allergies, handwashing and sanitation. Teachers control knives, heat, electrical equipment, chemicals and processing machinery."
FSC-302,JSS 1-3,Build a Food Journey,Classroom Food Table,The school is reviewing a classroom food table. You are assigned a build a food journey problem that requires a defensible management decision.,"Define criteria and variables, collect or interpret traceable data, quantify the relevant difference/loss/use, evaluate uncertainty and recommend an action with a trigger or threshold.","Problem statement, data/calculation, evaluation, uncertainty note and management recommendation.",Traceable evidence; quantitative reasoning; explicit criteria; qualified conclusion; actionable recommendation.,Conduct a sensitivity check: identify one assumption that could reverse the decision.,"Use only teacher-approved materials. No tasting is required. Follow school rules for food handling, allergies, handwashing and sanitation. Teachers control knives, heat, electrical equipment, chemicals and processing machinery."
FSC-303,JSS 1-3,Make a Food Choice,Harvest Basket,The school is reviewing a harvest basket. You are assigned a make a food choice problem that requires a defensible management decision.,"Define criteria and variables, collect or interpret traceable data, quantify the relevant difference/loss/use, evaluate uncertainty and recommend an action with a trigger or threshold.","Problem statement, data/calculation, evaluation, uncertainty note and management recommendation.",Traceable evidence; quantitative reasoning; explicit criteria; qualified conclusion; actionable recommendation.,Conduct a sensitivity check: identify one assumption that could reverse the decision.,"Use only teacher-approved materials. No tasting is required. Follow school rules for food handling, allergies, handwashing and sanitation. Teachers control knives, heat, electrical equipment, chemicals and processing machinery."
FSC-304,JSS 1-3,Read the Label,Ingredient Display,The school is reviewing a ingredient display. You are assigned a read the label problem that requires a defensible management decision.,"Define criteria and variables, collect or interpret traceable data, quantify the relevant difference/loss/use, evaluate uncertainty and recommend an action with a trigger or threshold.","Problem statement, data/calculation, evaluation, uncertainty note and management recommendation.",Traceable evidence; quantitative reasoning; explicit criteria; qualified conclusion; actionable recommendation.,Conduct a sensitivity check: identify one assumption that could reverse the decision.,"Use only teacher-approved materials. No tasting is required. Follow school rules for food handling, allergies, handwashing and sanitation. Teachers control knives, heat, electrical equipment, chemicals and processing machinery."
FSC-305,JSS 1-3,Plan a Meal,School Lunch Scenario,The school is reviewing a school lunch scenario. You are assigned a plan a meal problem that requires a defensible management decision.,"Define criteria and variables, collect or interpret traceable data, quantify the relevant difference/loss/use, evaluate uncertainty and recommend an action with a trigger or threshold.","Problem statement, data/calculation, evaluation, uncertainty note and management recommendation.",Traceable evidence; quantitative reasoning; explicit criteria; qualified conclusion; actionable recommendation.,Conduct a sensitivity check: identify one assumption that could reverse the decision.,"Use only teacher-approved materials. No tasting is required. Follow school rules for food handling, allergies, handwashing and sanitation. Teachers control knives, heat, electrical equipment, chemicals and processing machinery."
FSC-306,JSS 1-3,Use Water Wisely,Water Station,The school is reviewing a water station. You are assigned a use water wisely problem that requires a defensible management decision.,"Define criteria and variables, collect or interpret traceable data, quantify the relevant difference/loss/use, evaluate uncertainty and recommend an action with a trigger or threshold.","Problem statement, data/calculation, evaluation, uncertainty note and management recommendation.",Traceable evidence; quantitative reasoning; explicit criteria; qualified conclusion; actionable recommendation.,Conduct a sensitivity check: identify one assumption that could reverse the decision.,"Use only teacher-approved materials. No tasting is required. Follow school rules for food handling, allergies, handwashing and sanitation. Teachers control knives, heat, electrical equipment, chemicals and processing machinery."
FSC-307,JSS 1-3,Reduce Food Waste,Storage Shelf,The school is reviewing a storage shelf. You are assigned a reduce food waste problem that requires a defensible management decision.,"Define criteria and variables, collect or interpret traceable data, quantify the relevant difference/loss/use, evaluate uncertainty and recommend an action with a trigger or threshold.","Problem statement, data/calculation, evaluation, uncertainty note and management recommendation.",Traceable evidence; quantitative reasoning; explicit criteria; qualified conclusion; actionable recommendation.,Conduct a sensitivity check: identify one assumption that could reverse the decision.,"Use only teacher-approved materials. No tasting is required. Follow school rules for food handling, allergies, handwashing and sanitation. Teachers control knives, heat, electrical equipment, chemicals and processing machinery."
FSC-308,JSS 1-3,Think Seasonally,Market Basket,The school is reviewing a market basket. You are assigned a think seasonally problem that requires a defensible management decision.,"Define criteria and variables, collect or interpret traceable data, quantify the relevant difference/loss/use, evaluate uncertainty and recommend an action with a trigger or threshold.","Problem statement, data/calculation, evaluation, uncertainty note and management recommendation.",Traceable evidence; quantitative reasoning; explicit criteria; qualified conclusion; actionable recommendation.,Conduct a sensitivity check: identify one assumption that could reverse the decision.,"Use only teacher-approved materials. No tasting is required. Follow school rules for food handling, allergies, handwashing and sanitation. Teachers control knives, heat, electrical equipment, chemicals and processing machinery."
FSC-309,JSS 1-3,Store & Handle Responsibly,Food Journey Map,The school is reviewing a food journey map. You are assigned a store & handle responsibly problem that requires a defensible management decision.,"Define criteria and variables, collect or interpret traceable data, quantify the relevant difference/loss/use, evaluate uncertainty and recommend an action with a trigger or threshold.","Problem statement, data/calculation, evaluation, uncertainty note and management recommendation.",Traceable evidence; quantitative reasoning; explicit criteria; qualified conclusion; actionable recommendation.,Conduct a sensitivity check: identify one assumption that could reverse the decision.,"Use only teacher-approved materials. No tasting is required. Follow school rules for food handling, allergies, handwashing and sanitation. Teachers control knives, heat, electrical equipment, chemicals and processing machinery."
FSC-310,JSS 1-3,Solve a Food-System Challenge,School Food-Waste Station,The school is reviewing a school food-waste station. You are assigned a solve a food-system challenge problem that requires a defensible management decision.,"Define criteria and variables, collect or interpret traceable data, quantify the relevant difference/loss/use, evaluate uncertainty and recommend an action with a trigger or threshold.","Problem statement, data/calculation, evaluation, uncertainty note and management recommendation.",Traceable evidence; quantitative reasoning; explicit criteria; qualified conclusion; actionable recommendation.,Conduct a sensitivity check: identify one assumption that could reverse the decision.,"Use only teacher-approved materials. No tasting is required. Follow school rules for food handling, allergies, handwashing and sanitation. Teachers control knives, heat, electrical equipment, chemicals and processing machinery."
FSC-311,JSS 1-3,Know the Ingredient,Classroom Food Table,The school is reviewing a classroom food table. You are assigned a know the ingredient problem that requires a defensible management decision.,"Define criteria and variables, collect or interpret traceable data, quantify the relevant difference/loss/use, evaluate uncertainty and recommend an action with a trigger or threshold.","Problem statement, data/calculation, evaluation, uncertainty note and management recommendation.",Traceable evidence; quantitative reasoning; explicit criteria; qualified conclusion; actionable recommendation.,Conduct a sensitivity check: identify one assumption that could reverse the decision.,"Use only teacher-approved materials. No tasting is required. Follow school rules for food handling, allergies, handwashing and sanitation. Teachers control knives, heat, electrical equipment, chemicals and processing machinery."
FSC-312,JSS 1-3,Build a Food Journey,Harvest Basket,The school is reviewing a harvest basket. You are assigned a build a food journey problem that requires a defensible management decision.,"Define criteria and variables, collect or interpret traceable data, quantify the relevant difference/loss/use, evaluate uncertainty and recommend an action with a trigger or threshold.","Problem statement, data/calculation, evaluation, uncertainty note and management recommendation.",Traceable evidence; quantitative reasoning; explicit criteria; qualified conclusion; actionable recommendation.,Conduct a sensitivity check: identify one assumption that could reverse the decision.,"Use only teacher-approved materials. No tasting is required. Follow school rules for food handling, allergies, handwashing and sanitation. Teachers control knives, heat, electrical equipment, chemicals and processing machinery."
FSC-313,JSS 1-3,Make a Food Choice,Ingredient Display,The school is reviewing a ingredient display. You are assigned a make a food choice problem that requires a defensible management decision.,"Define criteria and variables, collect or interpret traceable data, quantify the relevant difference/loss/use, evaluate uncertainty and recommend an action with a trigger or threshold.","Problem statement, data/calculation, evaluation, uncertainty note and management recommendation.",Traceable evidence; quantitative reasoning; explicit criteria; qualified conclusion; actionable recommendation.,Conduct a sensitivity check: identify one assumption that could reverse the decision.,"Use only teacher-approved materials. No tasting is required. Follow school rules for food handling, allergies, handwashing and sanitation. Teachers control knives, heat, electrical equipment, chemicals and processing machinery."
FSC-314,JSS 1-3,Read the Label,School Lunch Scenario,The school is reviewing a school lunch scenario. You are assigned a read the label problem that requires a defensible management decision.,"Define criteria and variables, collect or interpret traceable data, quantify the relevant difference/loss/use, evaluate uncertainty and recommend an action with a trigger or threshold.","Problem statement, data/calculation, evaluation, uncertainty note and management recommendation.",Traceable evidence; quantitative reasoning; explicit criteria; qualified conclusion; actionable recommendation.,Conduct a sensitivity check: identify one assumption that could reverse the decision.,"Use only teacher-approved materials. No tasting is required. Follow school rules for food handling, allergies, handwashing and sanitation. Teachers control knives, heat, electrical equipment, chemicals and processing machinery."
FSC-315,JSS 1-3,Plan a Meal,Water Station,The school is reviewing a water station. You are assigned a plan a meal problem that requires a defensible management decision.,"Define criteria and variables, collect or interpret traceable data, quantify the relevant difference/loss/use, evaluate uncertainty and recommend an action with a trigger or threshold.","Problem statement, data/calculation, evaluation, uncertainty note and management recommendation.",Traceable evidence; quantitative reasoning; explicit criteria; qualified conclusion; actionable recommendation.,Conduct a sensitivity check: identify one assumption that could reverse the decision.,"Use only teacher-approved materials. No tasting is required. Follow school rules for food handling, allergies, handwashing and sanitation. Teachers control knives, heat, electrical equipment, chemicals and processing machinery."
FSC-316,JSS 1-3,Use Water Wisely,Storage Shelf,The school is reviewing a storage shelf. You are assigned a use water wisely problem that requires a defensible management decision.,"Define criteria and variables, collect or interpret traceable data, quantify the relevant difference/loss/use, evaluate uncertainty and recommend an action with a trigger or threshold.","Problem statement, data/calculation, evaluation, uncertainty note and management recommendation.",Traceable evidence; quantitative reasoning; explicit criteria; qualified conclusion; actionable recommendation.,Conduct a sensitivity check: identify one assumption that could reverse the decision.,"Use only teacher-approved materials. No tasting is required. Follow school rules for food handling, allergies, handwashing and sanitation. Teachers control knives, heat, electrical equipment, chemicals and processing machinery."
FSC-317,JSS 1-3,Reduce Food Waste,Market Basket,The school is reviewing a market basket. You are assigned a reduce food waste problem that requires a defensible management decision.,"Define criteria and variables, collect or interpret traceable data, quantify the relevant difference/loss/use, evaluate uncertainty and recommend an action with a trigger or threshold.","Problem statement, data/calculation, evaluation, uncertainty note and management recommendation.",Traceable evidence; quantitative reasoning; explicit criteria; qualified conclusion; actionable recommendation.,Conduct a sensitivity check: identify one assumption that could reverse the decision.,"Use only teacher-approved materials. No tasting is required. Follow school rules for food handling, allergies, handwashing and sanitation. Teachers control knives, heat, electrical equipment, chemicals and processing machinery."
FSC-318,JSS 1-3,Think Seasonally,Food Journey Map,The school is reviewing a food journey map. You are assigned a think seasonally problem that requires a defensible management decision.,"Define criteria and variables, collect or interpret traceable data, quantify the relevant difference/loss/use, evaluate uncertainty and recommend an action with a trigger or threshold.","Problem statement, data/calculation, evaluation, uncertainty note and management recommendation.",Traceable evidence; quantitative reasoning; explicit criteria; qualified conclusion; actionable recommendation.,Conduct a sensitivity check: identify one assumption that could reverse the decision.,"Use only teacher-approved materials. No tasting is required. Follow school rules for food handling, allergies, handwashing and sanitation. Teachers control knives, heat, electrical equipment, chemicals and processing machinery."
FSC-319,JSS 1-3,Store & Handle Responsibly,School Food-Waste Station,The school is reviewing a school food-waste station. You are assigned a store & handle responsibly problem that requires a defensible management decision.,"Define criteria and variables, collect or interpret traceable data, quantify the relevant difference/loss/use, evaluate uncertainty and recommend an action with a trigger or threshold.","Problem statement, data/calculation, evaluation, uncertainty note and management recommendation.",Traceable evidence; quantitative reasoning; explicit criteria; qualified conclusion; actionable recommendation.,Conduct a sensitivity check: identify one assumption that could reverse the decision.,"Use only teacher-approved materials. No tasting is required. Follow school rules for food handling, allergies, handwashing and sanitation. Teachers control knives, heat, electrical equipment, chemicals and processing machinery."
FSC-320,JSS 1-3,Solve a Food-System Challenge,School Garden,The school is reviewing a school garden. You are assigned a solve a food-system challenge problem that requires a defensible management decision.,"Define criteria and variables, collect or interpret traceable data, quantify the relevant difference/loss/use, evaluate uncertainty and recommend an action with a trigger or threshold.","Problem statement, data/calculation, evaluation, uncertainty note and management recommendation.",Traceable evidence; quantitative reasoning; explicit criteria; qualified conclusion; actionable recommendation.,Conduct a sensitivity check: identify one assumption that could reverse the decision.,"Use only teacher-approved materials. No tasting is required. Follow school rules for food handling, allergies, handwashing and sanitation. Teachers control knives, heat, electrical equipment, chemicals and processing machinery."
FSC-321,JSS 1-3,Know the Ingredient,Harvest Basket,The school is reviewing a harvest basket. You are assigned a know the ingredient problem that requires a defensible management decision.,"Define criteria and variables, collect or interpret traceable data, quantify the relevant difference/loss/use, evaluate uncertainty and recommend an action with a trigger or threshold.","Problem statement, data/calculation, evaluation, uncertainty note and management recommendation.",Traceable evidence; quantitative reasoning; explicit criteria; qualified conclusion; actionable recommendation.,Conduct a sensitivity check: identify one assumption that could reverse the decision.,"Use only teacher-approved materials. No tasting is required. Follow school rules for food handling, allergies, handwashing and sanitation. Teachers control knives, heat, electrical equipment, chemicals and processing machinery."
FSC-322,JSS 1-3,Build a Food Journey,Ingredient Display,The school is reviewing a ingredient display. You are assigned a build a food journey problem that requires a defensible management decision.,"Define criteria and variables, collect or interpret traceable data, quantify the relevant difference/loss/use, evaluate uncertainty and recommend an action with a trigger or threshold.","Problem statement, data/calculation, evaluation, uncertainty note and management recommendation.",Traceable evidence; quantitative reasoning; explicit criteria; qualified conclusion; actionable recommendation.,Conduct a sensitivity check: identify one assumption that could reverse the decision.,"Use only teacher-approved materials. No tasting is required. Follow school rules for food handling, allergies, handwashing and sanitation. Teachers control knives, heat, electrical equipment, chemicals and processing machinery."
FSC-323,JSS 1-3,Make a Food Choice,School Lunch Scenario,The school is reviewing a school lunch scenario. You are assigned a make a food choice problem that requires a defensible management decision.,"Define criteria and variables, collect or interpret traceable data, quantify the relevant difference/loss/use, evaluate uncertainty and recommend an action with a trigger or threshold.","Problem statement, data/calculation, evaluation, uncertainty note and management recommendation.",Traceable evidence; quantitative reasoning; explicit criteria; qualified conclusion; actionable recommendation.,Conduct a sensitivity check: identify one assumption that could reverse the decision.,"Use only teacher-approved materials. No tasting is required. Follow school rules for food handling, allergies, handwashing and sanitation. Teachers control knives, heat, electrical equipment, chemicals and processing machinery."
FSC-324,JSS 1-3,Read the Label,Water Station,The school is reviewing a water station. You are assigned a read the label problem that requires a defensible management decision.,"Define criteria and variables, collect or interpret traceable data, quantify the relevant difference/loss/use, evaluate uncertainty and recommend an action with a trigger or threshold.","Problem statement, data/calculation, evaluation, uncertainty note and management recommendation.",Traceable evidence; quantitative reasoning; explicit criteria; qualified conclusion; actionable recommendation.,Conduct a sensitivity check: identify one assumption that could reverse the decision.,"Use only teacher-approved materials. No tasting is required. Follow school rules for food handling, allergies, handwashing and sanitation. Teachers control knives, heat, electrical equipment, chemicals and processing machinery."
FSC-325,JSS 1-3,Plan a Meal,Storage Shelf,The school is reviewing a storage shelf. You are assigned a plan a meal problem that requires a defensible management decision.,"Define criteria and variables, collect or interpret traceable data, quantify the relevant difference/loss/use, evaluate uncertainty and recommend an action with a trigger or threshold.","Problem statement, data/calculation, evaluation, uncertainty note and management recommendation.",Traceable evidence; quantitative reasoning; explicit criteria; qualified conclusion; actionable recommendation.,Conduct a sensitivity check: identify one assumption that could reverse the decision.,"Use only teacher-approved materials. No tasting is required. Follow school rules for food handling, allergies, handwashing and sanitation. Teachers control knives, heat, electrical equipment, chemicals and processing machinery."
FSC-326,JSS 1-3,Use Water Wisely,Market Basket,The school is reviewing a market basket. You are assigned a use water wisely problem that requires a defensible management decision.,"Define criteria and variables, collect or interpret traceable data, quantify the relevant difference/loss/use, evaluate uncertainty and recommend an action with a trigger or threshold.","Problem statement, data/calculation, evaluation, uncertainty note and management recommendation.",Traceable evidence; quantitative reasoning; explicit criteria; qualified conclusion; actionable recommendation.,Conduct a sensitivity check: identify one assumption that could reverse the decision.,"Use only teacher-approved materials. No tasting is required. Follow school rules for food handling, allergies, handwashing and sanitation. Teachers control knives, heat, electrical equipment, chemicals and processing machinery."
FSC-327,JSS 1-3,Reduce Food Waste,Food Journey Map,The school is reviewing a food journey map. You are assigned a reduce food waste problem that requires a defensible management decision.,"Define criteria and variables, collect or interpret traceable data, quantify the relevant difference/loss/use, evaluate uncertainty and recommend an action with a trigger or threshold.","Problem statement, data/calculation, evaluation, uncertainty note and management recommendation.",Traceable evidence; quantitative reasoning; explicit criteria; qualified conclusion; actionable recommendation.,Conduct a sensitivity check: identify one assumption that could reverse the decision.,"Use only teacher-approved materials. No tasting is required. Follow school rules for food handling, allergies, handwashing and sanitation. Teachers control knives, heat, electrical equipment, chemicals and processing machinery."
FSC-328,JSS 1-3,Think Seasonally,School Food-Waste Station,The school is reviewing a school food-waste station. You are assigned a think seasonally problem that requires a defensible management decision.,"Define criteria and variables, collect or interpret traceable data, quantify the relevant difference/loss/use, evaluate uncertainty and recommend an action with a trigger or threshold.","Problem statement, data/calculation, evaluation, uncertainty note and management recommendation.",Traceable evidence; quantitative reasoning; explicit criteria; qualified conclusion; actionable recommendation.,Conduct a sensitivity check: identify one assumption that could reverse the decision.,"Use only teacher-approved materials. No tasting is required. Follow school rules for food handling, allergies, handwashing and sanitation. Teachers control knives, heat, electrical equipment, chemicals and processing machinery."
FSC-329,JSS 1-3,Store & Handle Responsibly,School Garden,The school is reviewing a school garden. You are assigned a store & handle responsibly problem that requires a defensible management decision.,"Define criteria and variables, collect or interpret traceable data, quantify the relevant difference/loss/use, evaluate uncertainty and recommend an action with a trigger or threshold.","Problem statement, data/calculation, evaluation, uncertainty note and management recommendation.",Traceable evidence; quantitative reasoning; explicit criteria; qualified conclusion; actionable recommendation.,Conduct a sensitivity check: identify one assumption that could reverse the decision.,"Use only teacher-approved materials. No tasting is required. Follow school rules for food handling, allergies, handwashing and sanitation. Teachers control knives, heat, electrical equipment, chemicals and processing machinery."
FSC-330,JSS 1-3,Solve a Food-System Challenge,Classroom Food Table,The school is reviewing a classroom food table. You are assigned a solve a food-system challenge problem that requires a defensible management decision.,"Define criteria and variables, collect or interpret traceable data, quantify the relevant difference/loss/use, evaluate uncertainty and recommend an action with a trigger or threshold.","Problem statement, data/calculation, evaluation, uncertainty note and management recommendation.",Traceable evidence; quantitative reasoning; explicit criteria; qualified conclusion; actionable recommendation.,Conduct a sensitivity check: identify one assumption that could reverse the decision.,"Use only teacher-approved materials. No tasting is required. Follow school rules for food handling, allergies, handwashing and sanitation. Teachers control knives, heat, electrical equipment, chemicals and processing machinery."
FSC-331,JSS 1-3,Know the Ingredient,Ingredient Display,The school is reviewing a ingredient display. You are assigned a know the ingredient problem that requires a defensible management decision.,"Define criteria and variables, collect or interpret traceable data, quantify the relevant difference/loss/use, evaluate uncertainty and recommend an action with a trigger or threshold.","Problem statement, data/calculation, evaluation, uncertainty note and management recommendation.",Traceable evidence; quantitative reasoning; explicit criteria; qualified conclusion; actionable recommendation.,Conduct a sensitivity check: identify one assumption that could reverse the decision.,"Use only teacher-approved materials. No tasting is required. Follow school rules for food handling, allergies, handwashing and sanitation. Teachers control knives, heat, electrical equipment, chemicals and processing machinery."
FSC-332,JSS 1-3,Build a Food Journey,School Lunch Scenario,The school is reviewing a school lunch scenario. You are assigned a build a food journey problem that requires a defensible management decision.,"Define criteria and variables, collect or interpret traceable data, quantify the relevant difference/loss/use, evaluate uncertainty and recommend an action with a trigger or threshold.","Problem statement, data/calculation, evaluation, uncertainty note and management recommendation.",Traceable evidence; quantitative reasoning; explicit criteria; qualified conclusion; actionable recommendation.,Conduct a sensitivity check: identify one assumption that could reverse the decision.,"Use only teacher-approved materials. No tasting is required. Follow school rules for food handling, allergies, handwashing and sanitation. Teachers control knives, heat, electrical equipment, chemicals and processing machinery."
FSC-333,JSS 1-3,Make a Food Choice,Water Station,The school is reviewing a water station. You are assigned a make a food choice problem that requires a defensible management decision.,"Define criteria and variables, collect or interpret traceable data, quantify the relevant difference/loss/use, evaluate uncertainty and recommend an action with a trigger or threshold.","Problem statement, data/calculation, evaluation, uncertainty note and management recommendation.",Traceable evidence; quantitative reasoning; explicit criteria; qualified conclusion; actionable recommendation.,Conduct a sensitivity check: identify one assumption that could reverse the decision.,"Use only teacher-approved materials. No tasting is required. Follow school rules for food handling, allergies, handwashing and sanitation. Teachers control knives, heat, electrical equipment, chemicals and processing machinery."
FSC-334,JSS 1-3,Read the Label,Storage Shelf,The school is reviewing a storage shelf. You are assigned a read the label problem that requires a defensible management decision.,"Define criteria and variables, collect or interpret traceable data, quantify the relevant difference/loss/use, evaluate uncertainty and recommend an action with a trigger or threshold.","Problem statement, data/calculation, evaluation, uncertainty note and management recommendation.",Traceable evidence; quantitative reasoning; explicit criteria; qualified conclusion; actionable recommendation.,Conduct a sensitivity check: identify one assumption that could reverse the decision.,"Use only teacher-approved materials. No tasting is required. Follow school rules for food handling, allergies, handwashing and sanitation. Teachers control knives, heat, electrical equipment, chemicals and processing machinery."
FSC-335,JSS 1-3,Plan a Meal,Market Basket,The school is reviewing a market basket. You are assigned a plan a meal problem that requires a defensible management decision.,"Define criteria and variables, collect or interpret traceable data, quantify the relevant difference/loss/use, evaluate uncertainty and recommend an action with a trigger or threshold.","Problem statement, data/calculation, evaluation, uncertainty note and management recommendation.",Traceable evidence; quantitative reasoning; explicit criteria; qualified conclusion; actionable recommendation.,Conduct a sensitivity check: identify one assumption that could reverse the decision.,"Use only teacher-approved materials. No tasting is required. Follow school rules for food handling, allergies, handwashing and sanitation. Teachers control knives, heat, electrical equipment, chemicals and processing machinery."
FSC-336,JSS 1-3,Use Water Wisely,Food Journey Map,The school is reviewing a food journey map. You are assigned a use water wisely problem that requires a defensible management decision.,"Define criteria and variables, collect or interpret traceable data, quantify the relevant difference/loss/use, evaluate uncertainty and recommend an action with a trigger or threshold.","Problem statement, data/calculation, evaluation, uncertainty note and management recommendation.",Traceable evidence; quantitative reasoning; explicit criteria; qualified conclusion; actionable recommendation.,Conduct a sensitivity check: identify one assumption that could reverse the decision.,"Use only teacher-approved materials. No tasting is required. Follow school rules for food handling, allergies, handwashing and sanitation. Teachers control knives, heat, electrical equipment, chemicals and processing machinery."
FSC-337,JSS 1-3,Reduce Food Waste,School Food-Waste Station,The school is reviewing a school food-waste station. You are assigned a reduce food waste problem that requires a defensible management decision.,"Define criteria and variables, collect or interpret traceable data, quantify the relevant difference/loss/use, evaluate uncertainty and recommend an action with a trigger or threshold.","Problem statement, data/calculation, evaluation, uncertainty note and management recommendation.",Traceable evidence; quantitative reasoning; explicit criteria; qualified conclusion; actionable recommendation.,Conduct a sensitivity check: identify one assumption that could reverse the decision.,"Use only teacher-approved materials. No tasting is required. Follow school rules for food handling, allergies, handwashing and sanitation. Teachers control knives, heat, electrical equipment, chemicals and processing machinery."
FSC-338,JSS 1-3,Think Seasonally,School Garden,The school is reviewing a school garden. You are assigned a think seasonally problem that requires a defensible management decision.,"Define criteria and variables, collect or interpret traceable data, quantify the relevant difference/loss/use, evaluate uncertainty and recommend an action with a trigger or threshold.","Problem statement, data/calculation, evaluation, uncertainty note and management recommendation.",Traceable evidence; quantitative reasoning; explicit criteria; qualified conclusion; actionable recommendation.,Conduct a sensitivity check: identify one assumption that could reverse the decision.,"Use only teacher-approved materials. No tasting is required. Follow school rules for food handling, allergies, handwashing and sanitation. Teachers control knives, heat, electrical equipment, chemicals and processing machinery."
FSC-339,JSS 1-3,Store & Handle Responsibly,Classroom Food Table,The school is reviewing a classroom food table. You are assigned a store & handle responsibly problem that requires a defensible management decision.,"Define criteria and variables, collect or interpret traceable data, quantify the relevant difference/loss/use, evaluate uncertainty and recommend an action with a trigger or threshold.","Problem statement, data/calculation, evaluation, uncertainty note and management recommendation.",Traceable evidence; quantitative reasoning; explicit criteria; qualified conclusion; actionable recommendation.,Conduct a sensitivity check: identify one assumption that could reverse the decision.,"Use only teacher-approved materials. No tasting is required. Follow school rules for food handling, allergies, handwashing and sanitation. Teachers control knives, heat, electrical equipment, chemicals and processing machinery."
FSC-340,JSS 1-3,Solve a Food-System Challenge,Harvest Basket,The school is reviewing a harvest basket. You are assigned a solve a food-system challenge problem that requires a defensible management decision.,"Define criteria and variables, collect or interpret traceable data, quantify the relevant difference/loss/use, evaluate uncertainty and recommend an action with a trigger or threshold.","Problem statement, data/calculation, evaluation, uncertainty note and management recommendation.",Traceable evidence; quantitative reasoning; explicit criteria; qualified conclusion; actionable recommendation.,Conduct a sensitivity check: identify one assumption that could reverse the decision.,"Use only teacher-approved materials. No tasting is required. Follow school rules for food handling, allergies, handwashing and sanitation. Teachers control knives, heat, electrical equipment, chemicals and processing machinery."
FSC-341,JSS 1-3,Know the Ingredient,School Lunch Scenario,The school is reviewing a school lunch scenario. You are assigned a know the ingredient problem that requires a defensible management decision.,"Define criteria and variables, collect or interpret traceable data, quantify the relevant difference/loss/use, evaluate uncertainty and recommend an action with a trigger or threshold.","Problem statement, data/calculation, evaluation, uncertainty note and management recommendation.",Traceable evidence; quantitative reasoning; explicit criteria; qualified conclusion; actionable recommendation.,Conduct a sensitivity check: identify one assumption that could reverse the decision.,"Use only teacher-approved materials. No tasting is required. Follow school rules for food handling, allergies, handwashing and sanitation. Teachers control knives, heat, electrical equipment, chemicals and processing machinery."
FSC-342,JSS 1-3,Build a Food Journey,Water Station,The school is reviewing a water station. You are assigned a build a food journey problem that requires a defensible management decision.,"Define criteria and variables, collect or interpret traceable data, quantify the relevant difference/loss/use, evaluate uncertainty and recommend an action with a trigger or threshold.","Problem statement, data/calculation, evaluation, uncertainty note and management recommendation.",Traceable evidence; quantitative reasoning; explicit criteria; qualified conclusion; actionable recommendation.,Conduct a sensitivity check: identify one assumption that could reverse the decision.,"Use only teacher-approved materials. No tasting is required. Follow school rules for food handling, allergies, handwashing and sanitation. Teachers control knives, heat, electrical equipment, chemicals and processing machinery."
FSC-343,JSS 1-3,Make a Food Choice,Storage Shelf,The school is reviewing a storage shelf. You are assigned a make a food choice problem that requires a defensible management decision.,"Define criteria and variables, collect or interpret traceable data, quantify the relevant difference/loss/use, evaluate uncertainty and recommend an action with a trigger or threshold.","Problem statement, data/calculation, evaluation, uncertainty note and management recommendation.",Traceable evidence; quantitative reasoning; explicit criteria; qualified conclusion; actionable recommendation.,Conduct a sensitivity check: identify one assumption that could reverse the decision.,"Use only teacher-approved materials. No tasting is required. Follow school rules for food handling, allergies, handwashing and sanitation. Teachers control knives, heat, electrical equipment, chemicals and processing machinery."
FSC-344,JSS 1-3,Read the Label,Market Basket,The school is reviewing a market basket. You are assigned a read the label problem that requires a defensible management decision.,"Define criteria and variables, collect or interpret traceable data, quantify the relevant difference/loss/use, evaluate uncertainty and recommend an action with a trigger or threshold.","Problem statement, data/calculation, evaluation, uncertainty note and management recommendation.",Traceable evidence; quantitative reasoning; explicit criteria; qualified conclusion; actionable recommendation.,Conduct a sensitivity check: identify one assumption that could reverse the decision.,"Use only teacher-approved materials. No tasting is required. Follow school rules for food handling, allergies, handwashing and sanitation. Teachers control knives, heat, electrical equipment, chemicals and processing machinery."
FSC-345,JSS 1-3,Plan a Meal,Food Journey Map,The school is reviewing a food journey map. You are assigned a plan a meal problem that requires a defensible management decision.,"Define criteria and variables, collect or interpret traceable data, quantify the relevant difference/loss/use, evaluate uncertainty and recommend an action with a trigger or threshold.","Problem statement, data/calculation, evaluation, uncertainty note and management recommendation.",Traceable evidence; quantitative reasoning; explicit criteria; qualified conclusion; actionable recommendation.,Conduct a sensitivity check: identify one assumption that could reverse the decision.,"Use only teacher-approved materials. No tasting is required. Follow school rules for food handling, allergies, handwashing and sanitation. Teachers control knives, heat, electrical equipment, chemicals and processing machinery."
FSC-346,JSS 1-3,Use Water Wisely,School Food-Waste Station,The school is reviewing a school food-waste station. You are assigned a use water wisely problem that requires a defensible management decision.,"Define criteria and variables, collect or interpret traceable data, quantify the relevant difference/loss/use, evaluate uncertainty and recommend an action with a trigger or threshold.","Problem statement, data/calculation, evaluation, uncertainty note and management recommendation.",Traceable evidence; quantitative reasoning; explicit criteria; qualified conclusion; actionable recommendation.,Conduct a sensitivity check: identify one assumption that could reverse the decision.,"Use only teacher-approved materials. No tasting is required. Follow school rules for food handling, allergies, handwashing and sanitation. Teachers control knives, heat, electrical equipment, chemicals and processing machinery."
FSC-347,JSS 1-3,Reduce Food Waste,School Garden,The school is reviewing a school garden. You are assigned a reduce food waste problem that requires a defensible management decision.,"Define criteria and variables, collect or interpret traceable data, quantify the relevant difference/loss/use, evaluate uncertainty and recommend an action with a trigger or threshold.","Problem statement, data/calculation, evaluation, uncertainty note and management recommendation.",Traceable evidence; quantitative reasoning; explicit criteria; qualified conclusion; actionable recommendation.,Conduct a sensitivity check: identify one assumption that could reverse the decision.,"Use only teacher-approved materials. No tasting is required. Follow school rules for food handling, allergies, handwashing and sanitation. Teachers control knives, heat, electrical equipment, chemicals and processing machinery."
FSC-348,JSS 1-3,Think Seasonally,Classroom Food Table,The school is reviewing a classroom food table. You are assigned a think seasonally problem that requires a defensible management decision.,"Define criteria and variables, collect or interpret traceable data, quantify the relevant difference/loss/use, evaluate uncertainty and recommend an action with a trigger or threshold.","Problem statement, data/calculation, evaluation, uncertainty note and management recommendation.",Traceable evidence; quantitative reasoning; explicit criteria; qualified conclusion; actionable recommendation.,Conduct a sensitivity check: identify one assumption that could reverse the decision.,"Use only teacher-approved materials. No tasting is required. Follow school rules for food handling, allergies, handwashing and sanitation. Teachers control knives, heat, electrical equipment, chemicals and processing machinery."
FSC-349,JSS 1-3,Store & Handle Responsibly,Harvest Basket,The school is reviewing a harvest basket. You are assigned a store & handle responsibly problem that requires a defensible management decision.,"Define criteria and variables, collect or interpret traceable data, quantify the relevant difference/loss/use, evaluate uncertainty and recommend an action with a trigger or threshold.","Problem statement, data/calculation, evaluation, uncertainty note and management recommendation.",Traceable evidence; quantitative reasoning; explicit criteria; qualified conclusion; actionable recommendation.,Conduct a sensitivity check: identify one assumption that could reverse the decision.,"Use only teacher-approved materials. No tasting is required. Follow school rules for food handling, allergies, handwashing and sanitation. Teachers control knives, heat, electrical equipment, chemicals and processing machinery."
FSC-350,JSS 1-3,Solve a Food-System Challenge,Ingredient Display,The school is reviewing a ingredient display. You are assigned a solve a food-system challenge problem that requires a defensible management decision.,"Define criteria and variables, collect or interpret traceable data, quantify the relevant difference/loss/use, evaluate uncertainty and recommend an action with a trigger or threshold.","Problem statement, data/calculation, evaluation, uncertainty note and management recommendation.",Traceable evidence; quantitative reasoning; explicit criteria; qualified conclusion; actionable recommendation.,Conduct a sensitivity check: identify one assumption that could reverse the decision.,"Use only teacher-approved materials. No tasting is required. Follow school rules for food handling, allergies, handwashing and sanitation. Teachers control knives, heat, electrical equipment, chemicals and processing machinery."
FSC-351,JSS 1-3,Know the Ingredient,Water Station,The school is reviewing a water station. You are assigned a know the ingredient problem that requires a defensible management decision.,"Define criteria and variables, collect or interpret traceable data, quantify the relevant difference/loss/use, evaluate uncertainty and recommend an action with a trigger or threshold.","Problem statement, data/calculation, evaluation, uncertainty note and management recommendation.",Traceable evidence; quantitative reasoning; explicit criteria; qualified conclusion; actionable recommendation.,Conduct a sensitivity check: identify one assumption that could reverse the decision.,"Use only teacher-approved materials. No tasting is required. Follow school rules for food handling, allergies, handwashing and sanitation. Teachers control knives, heat, electrical equipment, chemicals and processing machinery."
FSC-352,JSS 1-3,Build a Food Journey,Storage Shelf,The school is reviewing a storage shelf. You are assigned a build a food journey problem that requires a defensible management decision.,"Define criteria and variables, collect or interpret traceable data, quantify the relevant difference/loss/use, evaluate uncertainty and recommend an action with a trigger or threshold.","Problem statement, data/calculation, evaluation, uncertainty note and management recommendation.",Traceable evidence; quantitative reasoning; explicit criteria; qualified conclusion; actionable recommendation.,Conduct a sensitivity check: identify one assumption that could reverse the decision.,"Use only teacher-approved materials. No tasting is required. Follow school rules for food handling, allergies, handwashing and sanitation. Teachers control knives, heat, electrical equipment, chemicals and processing machinery."
FSC-353,JSS 1-3,Make a Food Choice,Market Basket,The school is reviewing a market basket. You are assigned a make a food choice problem that requires a defensible management decision.,"Define criteria and variables, collect or interpret traceable data, quantify the relevant difference/loss/use, evaluate uncertainty and recommend an action with a trigger or threshold.","Problem statement, data/calculation, evaluation, uncertainty note and management recommendation.",Traceable evidence; quantitative reasoning; explicit criteria; qualified conclusion; actionable recommendation.,Conduct a sensitivity check: identify one assumption that could reverse the decision.,"Use only teacher-approved materials. No tasting is required. Follow school rules for food handling, allergies, handwashing and sanitation. Teachers control knives, heat, electrical equipment, chemicals and processing machinery."
FSC-354,JSS 1-3,Read the Label,Food Journey Map,The school is reviewing a food journey map. You are assigned a read the label problem that requires a defensible management decision.,"Define criteria and variables, collect or interpret traceable data, quantify the relevant difference/loss/use, evaluate uncertainty and recommend an action with a trigger or threshold.","Problem statement, data/calculation, evaluation, uncertainty note and management recommendation.",Traceable evidence; quantitative reasoning; explicit criteria; qualified conclusion; actionable recommendation.,Conduct a sensitivity check: identify one assumption that could reverse the decision.,"Use only teacher-approved materials. No tasting is required. Follow school rules for food handling, allergies, handwashing and sanitation. Teachers control knives, heat, electrical equipment, chemicals and processing machinery."
FSC-355,JSS 1-3,Plan a Meal,School Food-Waste Station,The school is reviewing a school food-waste station. You are assigned a plan a meal problem that requires a defensible management decision.,"Define criteria and variables, collect or interpret traceable data, quantify the relevant difference/loss/use, evaluate uncertainty and recommend an action with a trigger or threshold.","Problem statement, data/calculation, evaluation, uncertainty note and management recommendation.",Traceable evidence; quantitative reasoning; explicit criteria; qualified conclusion; actionable recommendation.,Conduct a sensitivity check: identify one assumption that could reverse the decision.,"Use only teacher-approved materials. No tasting is required. Follow school rules for food handling, allergies, handwashing and sanitation. Teachers control knives, heat, electrical equipment, chemicals and processing machinery."
FSC-356,JSS 1-3,Use Water Wisely,School Garden,The school is reviewing a school garden. You are assigned a use water wisely problem that requires a defensible management decision.,"Define criteria and variables, collect or interpret traceable data, quantify the relevant difference/loss/use, evaluate uncertainty and recommend an action with a trigger or threshold.","Problem statement, data/calculation, evaluation, uncertainty note and management recommendation.",Traceable evidence; quantitative reasoning; explicit criteria; qualified conclusion; actionable recommendation.,Conduct a sensitivity check: identify one assumption that could reverse the decision.,"Use only teacher-approved materials. No tasting is required. Follow school rules for food handling, allergies, handwashing and sanitation. Teachers control knives, heat, electrical equipment, chemicals and processing machinery."
FSC-357,JSS 1-3,Reduce Food Waste,Classroom Food Table,The school is reviewing a classroom food table. You are assigned a reduce food waste problem that requires a defensible management decision.,"Define criteria and variables, collect or interpret traceable data, quantify the relevant difference/loss/use, evaluate uncertainty and recommend an action with a trigger or threshold.","Problem statement, data/calculation, evaluation, uncertainty note and management recommendation.",Traceable evidence; quantitative reasoning; explicit criteria; qualified conclusion; actionable recommendation.,Conduct a sensitivity check: identify one assumption that could reverse the decision.,"Use only teacher-approved materials. No tasting is required. Follow school rules for food handling, allergies, handwashing and sanitation. Teachers control knives, heat, electrical equipment, chemicals and processing machinery."
FSC-358,JSS 1-3,Think Seasonally,Harvest Basket,The school is reviewing a harvest basket. You are assigned a think seasonally problem that requires a defensible management decision.,"Define criteria and variables, collect or interpret traceable data, quantify the relevant difference/loss/use, evaluate uncertainty and recommend an action with a trigger or threshold.","Problem statement, data/calculation, evaluation, uncertainty note and management recommendation.",Traceable evidence; quantitative reasoning; explicit criteria; qualified conclusion; actionable recommendation.,Conduct a sensitivity check: identify one assumption that could reverse the decision.,"Use only teacher-approved materials. No tasting is required. Follow school rules for food handling, allergies, handwashing and sanitation. Teachers control knives, heat, electrical equipment, chemicals and processing machinery."
FSC-359,JSS 1-3,Store & Handle Responsibly,Ingredient Display,The school is reviewing a ingredient display. You are assigned a store & handle responsibly problem that requires a defensible management decision.,"Define criteria and variables, collect or interpret traceable data, quantify the relevant difference/loss/use, evaluate uncertainty and recommend an action with a trigger or threshold.","Problem statement, data/calculation, evaluation, uncertainty note and management recommendation.",Traceable evidence; quantitative reasoning; explicit criteria; qualified conclusion; actionable recommendation.,Conduct a sensitivity check: identify one assumption that could reverse the decision.,"Use only teacher-approved materials. No tasting is required. Follow school rules for food handling, allergies, handwashing and sanitation. Teachers control knives, heat, electrical equipment, chemicals and processing machinery."
FSC-360,JSS 1-3,Solve a Food-System Challenge,School Lunch Scenario,The school is reviewing a school lunch scenario. You are assigned a solve a food-system challenge problem that requires a defensible management decision.,"Define criteria and variables, collect or interpret traceable data, quantify the relevant difference/loss/use, evaluate uncertainty and recommend an action with a trigger or threshold.","Problem statement, data/calculation, evaluation, uncertainty note and management recommendation.",Traceable evidence; quantitative reasoning; explicit criteria; qualified conclusion; actionable recommendation.,Conduct a sensitivity check: identify one assumption that could reverse the decision.,"Use only teacher-approved materials. No tasting is required. Follow school rules for food handling, allergies, handwashing and sanitation. Teachers control knives, heat, electrical equipment, chemicals and processing machinery."
FSC-361,JSS 1-3,Know the Ingredient,Storage Shelf,The school is reviewing a storage shelf. You are assigned a know the ingredient problem that requires a defensible management decision.,"Define criteria and variables, collect or interpret traceable data, quantify the relevant difference/loss/use, evaluate uncertainty and recommend an action with a trigger or threshold.","Problem statement, data/calculation, evaluation, uncertainty note and management recommendation.",Traceable evidence; quantitative reasoning; explicit criteria; qualified conclusion; actionable recommendation.,Conduct a sensitivity check: identify one assumption that could reverse the decision.,"Use only teacher-approved materials. No tasting is required. Follow school rules for food handling, allergies, handwashing and sanitation. Teachers control knives, heat, electrical equipment, chemicals and processing machinery."
FSC-362,JSS 1-3,Build a Food Journey,Market Basket,The school is reviewing a market basket. You are assigned a build a food journey problem that requires a defensible management decision.,"Define criteria and variables, collect or interpret traceable data, quantify the relevant difference/loss/use, evaluate uncertainty and recommend an action with a trigger or threshold.","Problem statement, data/calculation, evaluation, uncertainty note and management recommendation.",Traceable evidence; quantitative reasoning; explicit criteria; qualified conclusion; actionable recommendation.,Conduct a sensitivity check: identify one assumption that could reverse the decision.,"Use only teacher-approved materials. No tasting is required. Follow school rules for food handling, allergies, handwashing and sanitation. Teachers control knives, heat, electrical equipment, chemicals and processing machinery."
FSC-363,JSS 1-3,Make a Food Choice,Food Journey Map,The school is reviewing a food journey map. You are assigned a make a food choice problem that requires a defensible management decision.,"Define criteria and variables, collect or interpret traceable data, quantify the relevant difference/loss/use, evaluate uncertainty and recommend an action with a trigger or threshold.","Problem statement, data/calculation, evaluation, uncertainty note and management recommendation.",Traceable evidence; quantitative reasoning; explicit criteria; qualified conclusion; actionable recommendation.,Conduct a sensitivity check: identify one assumption that could reverse the decision.,"Use only teacher-approved materials. No tasting is required. Follow school rules for food handling, allergies, handwashing and sanitation. Teachers control knives, heat, electrical equipment, chemicals and processing machinery."
FSC-364,JSS 1-3,Read the Label,School Food-Waste Station,The school is reviewing a school food-waste station. You are assigned a read the label problem that requires a defensible management decision.,"Define criteria and variables, collect or interpret traceable data, quantify the relevant difference/loss/use, evaluate uncertainty and recommend an action with a trigger or threshold.","Problem statement, data/calculation, evaluation, uncertainty note and management recommendation.",Traceable evidence; quantitative reasoning; explicit criteria; qualified conclusion; actionable recommendation.,Conduct a sensitivity check: identify one assumption that could reverse the decision.,"Use only teacher-approved materials. No tasting is required. Follow school rules for food handling, allergies, handwashing and sanitation. Teachers control knives, heat, electrical equipment, chemicals and processing machinery."
FSC-365,JSS 1-3,Plan a Meal,School Garden,The school is reviewing a school garden. You are assigned a plan a meal problem that requires a defensible management decision.,"Define criteria and variables, collect or interpret traceable data, quantify the relevant difference/loss/use, evaluate uncertainty and recommend an action with a trigger or threshold.","Problem statement, data/calculation, evaluation, uncertainty note and management recommendation.",Traceable evidence; quantitative reasoning; explicit criteria; qualified conclusion; actionable recommendation.,Conduct a sensitivity check: identify one assumption that could reverse the decision.,"Use only teacher-approved materials. No tasting is required. Follow school rules for food handling, allergies, handwashing and sanitation. Teachers control knives, heat, electrical equipment, chemicals and processing machinery."
FSC-366,JSS 1-3,Use Water Wisely,Classroom Food Table,The school is reviewing a classroom food table. You are assigned a use water wisely problem that requires a defensible management decision.,"Define criteria and variables, collect or interpret traceable data, quantify the relevant difference/loss/use, evaluate uncertainty and recommend an action with a trigger or threshold.","Problem statement, data/calculation, evaluation, uncertainty note and management recommendation.",Traceable evidence; quantitative reasoning; explicit criteria; qualified conclusion; actionable recommendation.,Conduct a sensitivity check: identify one assumption that could reverse the decision.,"Use only teacher-approved materials. No tasting is required. Follow school rules for food handling, allergies, handwashing and sanitation. Teachers control knives, heat, electrical equipment, chemicals and processing machinery."
FSC-367,JSS 1-3,Reduce Food Waste,Harvest Basket,The school is reviewing a harvest basket. You are assigned a reduce food waste problem that requires a defensible management decision.,"Define criteria and variables, collect or interpret traceable data, quantify the relevant difference/loss/use, evaluate uncertainty and recommend an action with a trigger or threshold.","Problem statement, data/calculation, evaluation, uncertainty note and management recommendation.",Traceable evidence; quantitative reasoning; explicit criteria; qualified conclusion; actionable recommendation.,Conduct a sensitivity check: identify one assumption that could reverse the decision.,"Use only teacher-approved materials. No tasting is required. Follow school rules for food handling, allergies, handwashing and sanitation. Teachers control knives, heat, electrical equipment, chemicals and processing machinery."
FSC-368,JSS 1-3,Think Seasonally,Ingredient Display,The school is reviewing a ingredient display. You are assigned a think seasonally problem that requires a defensible management decision.,"Define criteria and variables, collect or interpret traceable data, quantify the relevant difference/loss/use, evaluate uncertainty and recommend an action with a trigger or threshold.","Problem statement, data/calculation, evaluation, uncertainty note and management recommendation.",Traceable evidence; quantitative reasoning; explicit criteria; qualified conclusion; actionable recommendation.,Conduct a sensitivity check: identify one assumption that could reverse the decision.,"Use only teacher-approved materials. No tasting is required. Follow school rules for food handling, allergies, handwashing and sanitation. Teachers control knives, heat, electrical equipment, chemicals and processing machinery."
FSC-369,JSS 1-3,Store & Handle Responsibly,School Lunch Scenario,The school is reviewing a school lunch scenario. You are assigned a store & handle responsibly problem that requires a defensible management decision.,"Define criteria and variables, collect or interpret traceable data, quantify the relevant difference/loss/use, evaluate uncertainty and recommend an action with a trigger or threshold.","Problem statement, data/calculation, evaluation, uncertainty note and management recommendation.",Traceable evidence; quantitative reasoning; explicit criteria; qualified conclusion; actionable recommendation.,Conduct a sensitivity check: identify one assumption that could reverse the decision.,"Use only teacher-approved materials. No tasting is required. Follow school rules for food handling, allergies, handwashing and sanitation. Teachers control knives, heat, electrical equipment, chemicals and processing machinery."
FSC-370,JSS 1-3,Solve a Food-System Challenge,Water Station,The school is reviewing a water station. You are assigned a solve a food-system challenge problem that requires a defensible management decision.,"Define criteria and variables, collect or interpret traceable data, quantify the relevant difference/loss/use, evaluate uncertainty and recommend an action with a trigger or threshold.","Problem statement, data/calculation, evaluation, uncertainty note and management recommendation.",Traceable evidence; quantitative reasoning; explicit criteria; qualified conclusion; actionable recommendation.,Conduct a sensitivity check: identify one assumption that could reverse the decision.,"Use only teacher-approved materials. No tasting is required. Follow school rules for food handling, allergies, handwashing and sanitation. Teachers control knives, heat, electrical equipment, chemicals and processing machinery."
FSC-371,JSS 1-3,Know the Ingredient,Market Basket,The school is reviewing a market basket. You are assigned a know the ingredient problem that requires a defensible management decision.,"Define criteria and variables, collect or interpret traceable data, quantify the relevant difference/loss/use, evaluate uncertainty and recommend an action with a trigger or threshold.","Problem statement, data/calculation, evaluation, uncertainty note and management recommendation.",Traceable evidence; quantitative reasoning; explicit criteria; qualified conclusion; actionable recommendation.,Conduct a sensitivity check: identify one assumption that could reverse the decision.,"Use only teacher-approved materials. No tasting is required. Follow school rules for food handling, allergies, handwashing and sanitation. Teachers control knives, heat, electrical equipment, chemicals and processing machinery."
FSC-372,JSS 1-3,Build a Food Journey,Food Journey Map,The school is reviewing a food journey map. You are assigned a build a food journey problem that requires a defensible management decision.,"Define criteria and variables, collect or interpret traceable data, quantify the relevant difference/loss/use, evaluate uncertainty and recommend an action with a trigger or threshold.","Problem statement, data/calculation, evaluation, uncertainty note and management recommendation.",Traceable evidence; quantitative reasoning; explicit criteria; qualified conclusion; actionable recommendation.,Conduct a sensitivity check: identify one assumption that could reverse the decision.,"Use only teacher-approved materials. No tasting is required. Follow school rules for food handling, allergies, handwashing and sanitation. Teachers control knives, heat, electrical equipment, chemicals and processing machinery."
FSC-373,JSS 1-3,Make a Food Choice,School Food-Waste Station,The school is reviewing a school food-waste station. You are assigned a make a food choice problem that requires a defensible management decision.,"Define criteria and variables, collect or interpret traceable data, quantify the relevant difference/loss/use, evaluate uncertainty and recommend an action with a trigger or threshold.","Problem statement, data/calculation, evaluation, uncertainty note and management recommendation.",Traceable evidence; quantitative reasoning; explicit criteria; qualified conclusion; actionable recommendation.,Conduct a sensitivity check: identify one assumption that could reverse the decision.,"Use only teacher-approved materials. No tasting is required. Follow school rules for food handling, allergies, handwashing and sanitation. Teachers control knives, heat, electrical equipment, chemicals and processing machinery."
FSC-374,JSS 1-3,Read the Label,School Garden,The school is reviewing a school garden. You are assigned a read the label problem that requires a defensible management decision.,"Define criteria and variables, collect or interpret traceable data, quantify the relevant difference/loss/use, evaluate uncertainty and recommend an action with a trigger or threshold.","Problem statement, data/calculation, evaluation, uncertainty note and management recommendation.",Traceable evidence; quantitative reasoning; explicit criteria; qualified conclusion; actionable recommendation.,Conduct a sensitivity check: identify one assumption that could reverse the decision.,"Use only teacher-approved materials. No tasting is required. Follow school rules for food handling, allergies, handwashing and sanitation. Teachers control knives, heat, electrical equipment, chemicals and processing machinery."
FSC-375,JSS 1-3,Plan a Meal,Classroom Food Table,The school is reviewing a classroom food table. You are assigned a plan a meal problem that requires a defensible management decision.,"Define criteria and variables, collect or interpret traceable data, quantify the relevant difference/loss/use, evaluate uncertainty and recommend an action with a trigger or threshold.","Problem statement, data/calculation, evaluation, uncertainty note and management recommendation.",Traceable evidence; quantitative reasoning; explicit criteria; qualified conclusion; actionable recommendation.,Conduct a sensitivity check: identify one assumption that could reverse the decision.,"Use only teacher-approved materials. No tasting is required. Follow school rules for food handling, allergies, handwashing and sanitation. Teachers control knives, heat, electrical equipment, chemicals and processing machinery."
FSC-376,JSS 1-3,Use Water Wisely,Harvest Basket,The school is reviewing a harvest basket. You are assigned a use water wisely problem that requires a defensible management decision.,"Define criteria and variables, collect or interpret traceable data, quantify the relevant difference/loss/use, evaluate uncertainty and recommend an action with a trigger or threshold.","Problem statement, data/calculation, evaluation, uncertainty note and management recommendation.",Traceable evidence; quantitative reasoning; explicit criteria; qualified conclusion; actionable recommendation.,Conduct a sensitivity check: identify one assumption that could reverse the decision.,"Use only teacher-approved materials. No tasting is required. Follow school rules for food handling, allergies, handwashing and sanitation. Teachers control knives, heat, electrical equipment, chemicals and processing machinery."
FSC-377,JSS 1-3,Reduce Food Waste,Ingredient Display,The school is reviewing a ingredient display. You are assigned a reduce food waste problem that requires a defensible management decision.,"Define criteria and variables, collect or interpret traceable data, quantify the relevant difference/loss/use, evaluate uncertainty and recommend an action with a trigger or threshold.","Problem statement, data/calculation, evaluation, uncertainty note and management recommendation.",Traceable evidence; quantitative reasoning; explicit criteria; qualified conclusion; actionable recommendation.,Conduct a sensitivity check: identify one assumption that could reverse the decision.,"Use only teacher-approved materials. No tasting is required. Follow school rules for food handling, allergies, handwashing and sanitation. Teachers control knives, heat, electrical equipment, chemicals and processing machinery."
FSC-378,JSS 1-3,Think Seasonally,School Lunch Scenario,The school is reviewing a school lunch scenario. You are assigned a think seasonally problem that requires a defensible management decision.,"Define criteria and variables, collect or interpret traceable data, quantify the relevant difference/loss/use, evaluate uncertainty and recommend an action with a trigger or threshold.","Problem statement, data/calculation, evaluation, uncertainty note and management recommendation.",Traceable evidence; quantitative reasoning; explicit criteria; qualified conclusion; actionable recommendation.,Conduct a sensitivity check: identify one assumption that could reverse the decision.,"Use only teacher-approved materials. No tasting is required. Follow school rules for food handling, allergies, handwashing and sanitation. Teachers control knives, heat, electrical equipment, chemicals and processing machinery."
FSC-379,JSS 1-3,Store & Handle Responsibly,Water Station,The school is reviewing a water station. You are assigned a store & handle responsibly problem that requires a defensible management decision.,"Define criteria and variables, collect or interpret traceable data, quantify the relevant difference/loss/use, evaluate uncertainty and recommend an action with a trigger or threshold.","Problem statement, data/calculation, evaluation, uncertainty note and management recommendation.",Traceable evidence; quantitative reasoning; explicit criteria; qualified conclusion; actionable recommendation.,Conduct a sensitivity check: identify one assumption that could reverse the decision.,"Use only teacher-approved materials. No tasting is required. Follow school rules for food handling, allergies, handwashing and sanitation. Teachers control knives, heat, electrical equipment, chemicals and processing machinery."
FSC-380,JSS 1-3,Solve a Food-System Challenge,Storage Shelf,The school is reviewing a storage shelf. You are assigned a solve a food-system challenge problem that requires a defensible management decision.,"Define criteria and variables, collect or interpret traceable data, quantify the relevant difference/loss/use, evaluate uncertainty and recommend an action with a trigger or threshold.","Problem statement, data/calculation, evaluation, uncertainty note and management recommendation.",Traceable evidence; quantitative reasoning; explicit criteria; qualified conclusion; actionable recommendation.,Conduct a sensitivity check: identify one assumption that could reverse the decision.,"Use only teacher-approved materials. No tasting is required. Follow school rules for food handling, allergies, handwashing and sanitation. Teachers control knives, heat, electrical equipment, chemicals and processing machinery."
FSC-381,JSS 1-3,Know the Ingredient,Food Journey Map,The school is reviewing a food journey map. You are assigned a know the ingredient problem that requires a defensible management decision.,"Define criteria and variables, collect or interpret traceable data, quantify the relevant difference/loss/use, evaluate uncertainty and recommend an action with a trigger or threshold.","Problem statement, data/calculation, evaluation, uncertainty note and management recommendation.",Traceable evidence; quantitative reasoning; explicit criteria; qualified conclusion; actionable recommendation.,Conduct a sensitivity check: identify one assumption that could reverse the decision.,"Use only teacher-approved materials. No tasting is required. Follow school rules for food handling, allergies, handwashing and sanitation. Teachers control knives, heat, electrical equipment, chemicals and processing machinery."
FSC-382,JSS 1-3,Build a Food Journey,School Food-Waste Station,The school is reviewing a school food-waste station. You are assigned a build a food journey problem that requires a defensible management decision.,"Define criteria and variables, collect or interpret traceable data, quantify the relevant difference/loss/use, evaluate uncertainty and recommend an action with a trigger or threshold.","Problem statement, data/calculation, evaluation, uncertainty note and management recommendation.",Traceable evidence; quantitative reasoning; explicit criteria; qualified conclusion; actionable recommendation.,Conduct a sensitivity check: identify one assumption that could reverse the decision.,"Use only teacher-approved materials. No tasting is required. Follow school rules for food handling, allergies, handwashing and sanitation. Teachers control knives, heat, electrical equipment, chemicals and processing machinery."
FSC-383,JSS 1-3,Make a Food Choice,School Garden,The school is reviewing a school garden. You are assigned a make a food choice problem that requires a defensible management decision.,"Define criteria and variables, collect or interpret traceable data, quantify the relevant difference/loss/use, evaluate uncertainty and recommend an action with a trigger or threshold.","Problem statement, data/calculation, evaluation, uncertainty note and management recommendation.",Traceable evidence; quantitative reasoning; explicit criteria; qualified conclusion; actionable recommendation.,Conduct a sensitivity check: identify one assumption that could reverse the decision.,"Use only teacher-approved materials. No tasting is required. Follow school rules for food handling, allergies, handwashing and sanitation. Teachers control knives, heat, electrical equipment, chemicals and processing machinery."
FSC-384,JSS 1-3,Read the Label,Classroom Food Table,The school is reviewing a classroom food table. You are assigned a read the label problem that requires a defensible management decision.,"Define criteria and variables, collect or interpret traceable data, quantify the relevant difference/loss/use, evaluate uncertainty and recommend an action with a trigger or threshold.","Problem statement, data/calculation, evaluation, uncertainty note and management recommendation.",Traceable evidence; quantitative reasoning; explicit criteria; qualified conclusion; actionable recommendation.,Conduct a sensitivity check: identify one assumption that could reverse the decision.,"Use only teacher-approved materials. No tasting is required. Follow school rules for food handling, allergies, handwashing and sanitation. Teachers control knives, heat, electrical equipment, chemicals and processing machinery."
FSC-385,JSS 1-3,Plan a Meal,Harvest Basket,The school is reviewing a harvest basket. You are assigned a plan a meal problem that requires a defensible management decision.,"Define criteria and variables, collect or interpret traceable data, quantify the relevant difference/loss/use, evaluate uncertainty and recommend an action with a trigger or threshold.","Problem statement, data/calculation, evaluation, uncertainty note and management recommendation.",Traceable evidence; quantitative reasoning; explicit criteria; qualified conclusion; actionable recommendation.,Conduct a sensitivity check: identify one assumption that could reverse the decision.,"Use only teacher-approved materials. No tasting is required. Follow school rules for food handling, allergies, handwashing and sanitation. Teachers control knives, heat, electrical equipment, chemicals and processing machinery."
FSC-386,JSS 1-3,Use Water Wisely,Ingredient Display,The school is reviewing a ingredient display. You are assigned a use water wisely problem that requires a defensible management decision.,"Define criteria and variables, collect or interpret traceable data, quantify the relevant difference/loss/use, evaluate uncertainty and recommend an action with a trigger or threshold.","Problem statement, data/calculation, evaluation, uncertainty note and management recommendation.",Traceable evidence; quantitative reasoning; explicit criteria; qualified conclusion; actionable recommendation.,Conduct a sensitivity check: identify one assumption that could reverse the decision.,"Use only teacher-approved materials. No tasting is required. Follow school rules for food handling, allergies, handwashing and sanitation. Teachers control knives, heat, electrical equipment, chemicals and processing machinery."
FSC-387,JSS 1-3,Reduce Food Waste,School Lunch Scenario,The school is reviewing a school lunch scenario. You are assigned a reduce food waste problem that requires a defensible management decision.,"Define criteria and variables, collect or interpret traceable data, quantify the relevant difference/loss/use, evaluate uncertainty and recommend an action with a trigger or threshold.","Problem statement, data/calculation, evaluation, uncertainty note and management recommendation.",Traceable evidence; quantitative reasoning; explicit criteria; qualified conclusion; actionable recommendation.,Conduct a sensitivity check: identify one assumption that could reverse the decision.,"Use only teacher-approved materials. No tasting is required. Follow school rules for food handling, allergies, handwashing and sanitation. Teachers control knives, heat, electrical equipment, chemicals and processing machinery."
FSC-388,JSS 1-3,Think Seasonally,Water Station,The school is reviewing a water station. You are assigned a think seasonally problem that requires a defensible management decision.,"Define criteria and variables, collect or interpret traceable data, quantify the relevant difference/loss/use, evaluate uncertainty and recommend an action with a trigger or threshold.","Problem statement, data/calculation, evaluation, uncertainty note and management recommendation.",Traceable evidence; quantitative reasoning; explicit criteria; qualified conclusion; actionable recommendation.,Conduct a sensitivity check: identify one assumption that could reverse the decision.,"Use only teacher-approved materials. No tasting is required. Follow school rules for food handling, allergies, handwashing and sanitation. Teachers control knives, heat, electrical equipment, chemicals and processing machinery."
FSC-389,JSS 1-3,Store & Handle Responsibly,Storage Shelf,The school is reviewing a storage shelf. You are assigned a store & handle responsibly problem that requires a defensible management decision.,"Define criteria and variables, collect or interpret traceable data, quantify the relevant difference/loss/use, evaluate uncertainty and recommend an action with a trigger or threshold.","Problem statement, data/calculation, evaluation, uncertainty note and management recommendation.",Traceable evidence; quantitative reasoning; explicit criteria; qualified conclusion; actionable recommendation.,Conduct a sensitivity check: identify one assumption that could reverse the decision.,"Use only teacher-approved materials. No tasting is required. Follow school rules for food handling, allergies, handwashing and sanitation. Teachers control knives, heat, electrical equipment, chemicals and processing machinery."
FSC-390,JSS 1-3,Solve a Food-System Challenge,Market Basket,The school is reviewing a market basket. You are assigned a solve a food-system challenge problem that requires a defensible management decision.,"Define criteria and variables, collect or interpret traceable data, quantify the relevant difference/loss/use, evaluate uncertainty and recommend an action with a trigger or threshold.","Problem statement, data/calculation, evaluation, uncertainty note and management recommendation.",Traceable evidence; quantitative reasoning; explicit criteria; qualified conclusion; actionable recommendation.,Conduct a sensitivity check: identify one assumption that could reverse the decision.,"Use only teacher-approved materials. No tasting is required. Follow school rules for food handling, allergies, handwashing and sanitation. Teachers control knives, heat, electrical equipment, chemicals and processing machinery."
FSC-391,JSS 1-3,Know the Ingredient,School Food-Waste Station,The school is reviewing a school food-waste station. You are assigned a know the ingredient problem that requires a defensible management decision.,"Define criteria and variables, collect or interpret traceable data, quantify the relevant difference/loss/use, evaluate uncertainty and recommend an action with a trigger or threshold.","Problem statement, data/calculation, evaluation, uncertainty note and management recommendation.",Traceable evidence; quantitative reasoning; explicit criteria; qualified conclusion; actionable recommendation.,Conduct a sensitivity check: identify one assumption that could reverse the decision.,"Use only teacher-approved materials. No tasting is required. Follow school rules for food handling, allergies, handwashing and sanitation. Teachers control knives, heat, electrical equipment, chemicals and processing machinery."
FSC-392,JSS 1-3,Build a Food Journey,School Garden,The school is reviewing a school garden. You are assigned a build a food journey problem that requires a defensible management decision.,"Define criteria and variables, collect or interpret traceable data, quantify the relevant difference/loss/use, evaluate uncertainty and recommend an action with a trigger or threshold.","Problem statement, data/calculation, evaluation, uncertainty note and management recommendation.",Traceable evidence; quantitative reasoning; explicit criteria; qualified conclusion; actionable recommendation.,Conduct a sensitivity check: identify one assumption that could reverse the decision.,"Use only teacher-approved materials. No tasting is required. Follow school rules for food handling, allergies, handwashing and sanitation. Teachers control knives, heat, electrical equipment, chemicals and processing machinery."
FSC-393,JSS 1-3,Make a Food Choice,Classroom Food Table,The school is reviewing a classroom food table. You are assigned a make a food choice problem that requires a defensible management decision.,"Define criteria and variables, collect or interpret traceable data, quantify the relevant difference/loss/use, evaluate uncertainty and recommend an action with a trigger or threshold.","Problem statement, data/calculation, evaluation, uncertainty note and management recommendation.",Traceable evidence; quantitative reasoning; explicit criteria; qualified conclusion; actionable recommendation.,Conduct a sensitivity check: identify one assumption that could reverse the decision.,"Use only teacher-approved materials. No tasting is required. Follow school rules for food handling, allergies, handwashing and sanitation. Teachers control knives, heat, electrical equipment, chemicals and processing machinery."
FSC-394,JSS 1-3,Read the Label,Harvest Basket,The school is reviewing a harvest basket. You are assigned a read the label problem that requires a defensible management decision.,"Define criteria and variables, collect or interpret traceable data, quantify the relevant difference/loss/use, evaluate uncertainty and recommend an action with a trigger or threshold.","Problem statement, data/calculation, evaluation, uncertainty note and management recommendation.",Traceable evidence; quantitative reasoning; explicit criteria; qualified conclusion; actionable recommendation.,Conduct a sensitivity check: identify one assumption that could reverse the decision.,"Use only teacher-approved materials. No tasting is required. Follow school rules for food handling, allergies, handwashing and sanitation. Teachers control knives, heat, electrical equipment, chemicals and processing machinery."
FSC-395,JSS 1-3,Plan a Meal,Ingredient Display,The school is reviewing a ingredient display. You are assigned a plan a meal problem that requires a defensible management decision.,"Define criteria and variables, collect or interpret traceable data, quantify the relevant difference/loss/use, evaluate uncertainty and recommend an action with a trigger or threshold.","Problem statement, data/calculation, evaluation, uncertainty note and management recommendation.",Traceable evidence; quantitative reasoning; explicit criteria; qualified conclusion; actionable recommendation.,Conduct a sensitivity check: identify one assumption that could reverse the decision.,"Use only teacher-approved materials. No tasting is required. Follow school rules for food handling, allergies, handwashing and sanitation. Teachers control knives, heat, electrical equipment, chemicals and processing machinery."
FSC-396,JSS 1-3,Use Water Wisely,School Lunch Scenario,The school is reviewing a school lunch scenario. You are assigned a use water wisely problem that requires a defensible management decision.,"Define criteria and variables, collect or interpret traceable data, quantify the relevant difference/loss/use, evaluate uncertainty and recommend an action with a trigger or threshold.","Problem statement, data/calculation, evaluation, uncertainty note and management recommendation.",Traceable evidence; quantitative reasoning; explicit criteria; qualified conclusion; actionable recommendation.,Conduct a sensitivity check: identify one assumption that could reverse the decision.,"Use only teacher-approved materials. No tasting is required. Follow school rules for food handling, allergies, handwashing and sanitation. Teachers control knives, heat, electrical equipment, chemicals and processing machinery."
FSC-397,JSS 1-3,Reduce Food Waste,Water Station,The school is reviewing a water station. You are assigned a reduce food waste problem that requires a defensible management decision.,"Define criteria and variables, collect or interpret traceable data, quantify the relevant difference/loss/use, evaluate uncertainty and recommend an action with a trigger or threshold.","Problem statement, data/calculation, evaluation, uncertainty note and management recommendation.",Traceable evidence; quantitative reasoning; explicit criteria; qualified conclusion; actionable recommendation.,Conduct a sensitivity check: identify one assumption that could reverse the decision.,"Use only teacher-approved materials. No tasting is required. Follow school rules for food handling, allergies, handwashing and sanitation. Teachers control knives, heat, electrical equipment, chemicals and processing machinery."
FSC-398,JSS 1-3,Think Seasonally,Storage Shelf,The school is reviewing a storage shelf. You are assigned a think seasonally problem that requires a defensible management decision.,"Define criteria and variables, collect or interpret traceable data, quantify the relevant difference/loss/use, evaluate uncertainty and recommend an action with a trigger or threshold.","Problem statement, data/calculation, evaluation, uncertainty note and management recommendation.",Traceable evidence; quantitative reasoning; explicit criteria; qualified conclusion; actionable recommendation.,Conduct a sensitivity check: identify one assumption that could reverse the decision.,"Use only teacher-approved materials. No tasting is required. Follow school rules for food handling, allergies, handwashing and sanitation. Teachers control knives, heat, electrical equipment, chemicals and processing machinery."
FSC-399,JSS 1-3,Store & Handle Responsibly,Market Basket,The school is reviewing a market basket. You are assigned a store & handle responsibly problem that requires a defensible management decision.,"Define criteria and variables, collect or interpret traceable data, quantify the relevant difference/loss/use, evaluate uncertainty and recommend an action with a trigger or threshold.","Problem statement, data/calculation, evaluation, uncertainty note and management recommendation.",Traceable evidence; quantitative reasoning; explicit criteria; qualified conclusion; actionable recommendation.,Conduct a sensitivity check: identify one assumption that could reverse the decision.,"Use only teacher-approved materials. No tasting is required. Follow school rules for food handling, allergies, handwashing and sanitation. Teachers control knives, heat, electrical equipment, chemicals and processing machinery."
FSC-400,JSS 1-3,Solve a Food-System Challenge,Food Journey Map,The school is reviewing a food journey map. You are assigned a solve a food-system challenge problem that requires a defensible management decision.,"Define criteria and variables, collect or interpret traceable data, quantify the relevant difference/loss/use, evaluate uncertainty and recommend an action with a trigger or threshold.","Problem statement, data/calculation, evaluation, uncertainty note and management recommendation.",Traceable evidence; quantitative reasoning; explicit criteria; qualified conclusion; actionable recommendation.,Conduct a sensitivity check: identify one assumption that could reverse the decision.,"Use only teacher-approved materials. No tasting is required. Follow school rules for food handling, allergies, handwashing and sanitation. Teachers control knives, heat, electrical equipment, chemicals and processing machinery."
FSC-401,SSS 1-3,Know the Ingredient,School Garden,"A school food-system design team is evaluating a school garden. Your role is to frame and solve a know the ingredient challenge under performance, resource and safety constraints.","Define system boundary, objective and constraints; establish indicators; compare scenarios; quantify a performance metric; identify trade-offs and uncertainty; recommend an optimized or robust option with acceptance criteria.","System/process map, metric or model, scenario comparison, uncertainty/trade-off analysis and recommendation.",Clear objective; valid indicators; reproducible reasoning; constraints respected; recommendation tied to measurable acceptance criteria.,"Design a pilot test, monitoring plan or decision rule to validate the recommendation.","Use only teacher-approved materials. No tasting is required. Follow school rules for food handling, allergies, handwashing and sanitation. Teachers control knives, heat, electrical equipment, chemicals and processing machinery."
FSC-402,SSS 1-3,Build a Food Journey,Classroom Food Table,"A school food-system design team is evaluating a classroom food table. Your role is to frame and solve a build a food journey challenge under performance, resource and safety constraints.","Define system boundary, objective and constraints; establish indicators; compare scenarios; quantify a performance metric; identify trade-offs and uncertainty; recommend an optimized or robust option with acceptance criteria.","System/process map, metric or model, scenario comparison, uncertainty/trade-off analysis and recommendation.",Clear objective; valid indicators; reproducible reasoning; constraints respected; recommendation tied to measurable acceptance criteria.,"Design a pilot test, monitoring plan or decision rule to validate the recommendation.","Use only teacher-approved materials. No tasting is required. Follow school rules for food handling, allergies, handwashing and sanitation. Teachers control knives, heat, electrical equipment, chemicals and processing machinery."
FSC-403,SSS 1-3,Make a Food Choice,Harvest Basket,"A school food-system design team is evaluating a harvest basket. Your role is to frame and solve a make a food choice challenge under performance, resource and safety constraints.","Define system boundary, objective and constraints; establish indicators; compare scenarios; quantify a performance metric; identify trade-offs and uncertainty; recommend an optimized or robust option with acceptance criteria.","System/process map, metric or model, scenario comparison, uncertainty/trade-off analysis and recommendation.",Clear objective; valid indicators; reproducible reasoning; constraints respected; recommendation tied to measurable acceptance criteria.,"Design a pilot test, monitoring plan or decision rule to validate the recommendation.","Use only teacher-approved materials. No tasting is required. Follow school rules for food handling, allergies, handwashing and sanitation. Teachers control knives, heat, electrical equipment, chemicals and processing machinery."
FSC-404,SSS 1-3,Read the Label,Ingredient Display,"A school food-system design team is evaluating a ingredient display. Your role is to frame and solve a read the label challenge under performance, resource and safety constraints.","Define system boundary, objective and constraints; establish indicators; compare scenarios; quantify a performance metric; identify trade-offs and uncertainty; recommend an optimized or robust option with acceptance criteria.","System/process map, metric or model, scenario comparison, uncertainty/trade-off analysis and recommendation.",Clear objective; valid indicators; reproducible reasoning; constraints respected; recommendation tied to measurable acceptance criteria.,"Design a pilot test, monitoring plan or decision rule to validate the recommendation.","Use only teacher-approved materials. No tasting is required. Follow school rules for food handling, allergies, handwashing and sanitation. Teachers control knives, heat, electrical equipment, chemicals and processing machinery."
FSC-405,SSS 1-3,Plan a Meal,School Lunch Scenario,"A school food-system design team is evaluating a school lunch scenario. Your role is to frame and solve a plan a meal challenge under performance, resource and safety constraints.","Define system boundary, objective and constraints; establish indicators; compare scenarios; quantify a performance metric; identify trade-offs and uncertainty; recommend an optimized or robust option with acceptance criteria.","System/process map, metric or model, scenario comparison, uncertainty/trade-off analysis and recommendation.",Clear objective; valid indicators; reproducible reasoning; constraints respected; recommendation tied to measurable acceptance criteria.,"Design a pilot test, monitoring plan or decision rule to validate the recommendation.","Use only teacher-approved materials. No tasting is required. Follow school rules for food handling, allergies, handwashing and sanitation. Teachers control knives, heat, electrical equipment, chemicals and processing machinery."
FSC-406,SSS 1-3,Use Water Wisely,Water Station,"A school food-system design team is evaluating a water station. Your role is to frame and solve a use water wisely challenge under performance, resource and safety constraints.","Define system boundary, objective and constraints; establish indicators; compare scenarios; quantify a performance metric; identify trade-offs and uncertainty; recommend an optimized or robust option with acceptance criteria.","System/process map, metric or model, scenario comparison, uncertainty/trade-off analysis and recommendation.",Clear objective; valid indicators; reproducible reasoning; constraints respected; recommendation tied to measurable acceptance criteria.,"Design a pilot test, monitoring plan or decision rule to validate the recommendation.","Use only teacher-approved materials. No tasting is required. Follow school rules for food handling, allergies, handwashing and sanitation. Teachers control knives, heat, electrical equipment, chemicals and processing machinery."
FSC-407,SSS 1-3,Reduce Food Waste,Storage Shelf,"A school food-system design team is evaluating a storage shelf. Your role is to frame and solve a reduce food waste challenge under performance, resource and safety constraints.","Define system boundary, objective and constraints; establish indicators; compare scenarios; quantify a performance metric; identify trade-offs and uncertainty; recommend an optimized or robust option with acceptance criteria.","System/process map, metric or model, scenario comparison, uncertainty/trade-off analysis and recommendation.",Clear objective; valid indicators; reproducible reasoning; constraints respected; recommendation tied to measurable acceptance criteria.,"Design a pilot test, monitoring plan or decision rule to validate the recommendation.","Use only teacher-approved materials. No tasting is required. Follow school rules for food handling, allergies, handwashing and sanitation. Teachers control knives, heat, electrical equipment, chemicals and processing machinery."
FSC-408,SSS 1-3,Think Seasonally,Market Basket,"A school food-system design team is evaluating a market basket. Your role is to frame and solve a think seasonally challenge under performance, resource and safety constraints.","Define system boundary, objective and constraints; establish indicators; compare scenarios; quantify a performance metric; identify trade-offs and uncertainty; recommend an optimized or robust option with acceptance criteria.","System/process map, metric or model, scenario comparison, uncertainty/trade-off analysis and recommendation.",Clear objective; valid indicators; reproducible reasoning; constraints respected; recommendation tied to measurable acceptance criteria.,"Design a pilot test, monitoring plan or decision rule to validate the recommendation.","Use only teacher-approved materials. No tasting is required. Follow school rules for food handling, allergies, handwashing and sanitation. Teachers control knives, heat, electrical equipment, chemicals and processing machinery."
FSC-409,SSS 1-3,Store & Handle Responsibly,Food Journey Map,"A school food-system design team is evaluating a food journey map. Your role is to frame and solve a store & handle responsibly challenge under performance, resource and safety constraints.","Define system boundary, objective and constraints; establish indicators; compare scenarios; quantify a performance metric; identify trade-offs and uncertainty; recommend an optimized or robust option with acceptance criteria.","System/process map, metric or model, scenario comparison, uncertainty/trade-off analysis and recommendation.",Clear objective; valid indicators; reproducible reasoning; constraints respected; recommendation tied to measurable acceptance criteria.,"Design a pilot test, monitoring plan or decision rule to validate the recommendation.","Use only teacher-approved materials. No tasting is required. Follow school rules for food handling, allergies, handwashing and sanitation. Teachers control knives, heat, electrical equipment, chemicals and processing machinery."
FSC-410,SSS 1-3,Solve a Food-System Challenge,School Food-Waste Station,"A school food-system design team is evaluating a school food-waste station. Your role is to frame and solve a solve a food-system challenge challenge under performance, resource and safety constraints.","Define system boundary, objective and constraints; establish indicators; compare scenarios; quantify a performance metric; identify trade-offs and uncertainty; recommend an optimized or robust option with acceptance criteria.","System/process map, metric or model, scenario comparison, uncertainty/trade-off analysis and recommendation.",Clear objective; valid indicators; reproducible reasoning; constraints respected; recommendation tied to measurable acceptance criteria.,"Design a pilot test, monitoring plan or decision rule to validate the recommendation.","Use only teacher-approved materials. No tasting is required. Follow school rules for food handling, allergies, handwashing and sanitation. Teachers control knives, heat, electrical equipment, chemicals and processing machinery."
FSC-411,SSS 1-3,Know the Ingredient,Classroom Food Table,"A school food-system design team is evaluating a classroom food table. Your role is to frame and solve a know the ingredient challenge under performance, resource and safety constraints.","Define system boundary, objective and constraints; establish indicators; compare scenarios; quantify a performance metric; identify trade-offs and uncertainty; recommend an optimized or robust option with acceptance criteria.","System/process map, metric or model, scenario comparison, uncertainty/trade-off analysis and recommendation.",Clear objective; valid indicators; reproducible reasoning; constraints respected; recommendation tied to measurable acceptance criteria.,"Design a pilot test, monitoring plan or decision rule to validate the recommendation.","Use only teacher-approved materials. No tasting is required. Follow school rules for food handling, allergies, handwashing and sanitation. Teachers control knives, heat, electrical equipment, chemicals and processing machinery."
FSC-412,SSS 1-3,Build a Food Journey,Harvest Basket,"A school food-system design team is evaluating a harvest basket. Your role is to frame and solve a build a food journey challenge under performance, resource and safety constraints.","Define system boundary, objective and constraints; establish indicators; compare scenarios; quantify a performance metric; identify trade-offs and uncertainty; recommend an optimized or robust option with acceptance criteria.","System/process map, metric or model, scenario comparison, uncertainty/trade-off analysis and recommendation.",Clear objective; valid indicators; reproducible reasoning; constraints respected; recommendation tied to measurable acceptance criteria.,"Design a pilot test, monitoring plan or decision rule to validate the recommendation.","Use only teacher-approved materials. No tasting is required. Follow school rules for food handling, allergies, handwashing and sanitation. Teachers control knives, heat, electrical equipment, chemicals and processing machinery."
FSC-413,SSS 1-3,Make a Food Choice,Ingredient Display,"A school food-system design team is evaluating a ingredient display. Your role is to frame and solve a make a food choice challenge under performance, resource and safety constraints.","Define system boundary, objective and constraints; establish indicators; compare scenarios; quantify a performance metric; identify trade-offs and uncertainty; recommend an optimized or robust option with acceptance criteria.","System/process map, metric or model, scenario comparison, uncertainty/trade-off analysis and recommendation.",Clear objective; valid indicators; reproducible reasoning; constraints respected; recommendation tied to measurable acceptance criteria.,"Design a pilot test, monitoring plan or decision rule to validate the recommendation.","Use only teacher-approved materials. No tasting is required. Follow school rules for food handling, allergies, handwashing and sanitation. Teachers control knives, heat, electrical equipment, chemicals and processing machinery."
FSC-414,SSS 1-3,Read the Label,School Lunch Scenario,"A school food-system design team is evaluating a school lunch scenario. Your role is to frame and solve a read the label challenge under performance, resource and safety constraints.","Define system boundary, objective and constraints; establish indicators; compare scenarios; quantify a performance metric; identify trade-offs and uncertainty; recommend an optimized or robust option with acceptance criteria.","System/process map, metric or model, scenario comparison, uncertainty/trade-off analysis and recommendation.",Clear objective; valid indicators; reproducible reasoning; constraints respected; recommendation tied to measurable acceptance criteria.,"Design a pilot test, monitoring plan or decision rule to validate the recommendation.","Use only teacher-approved materials. No tasting is required. Follow school rules for food handling, allergies, handwashing and sanitation. Teachers control knives, heat, electrical equipment, chemicals and processing machinery."
FSC-415,SSS 1-3,Plan a Meal,Water Station,"A school food-system design team is evaluating a water station. Your role is to frame and solve a plan a meal challenge under performance, resource and safety constraints.","Define system boundary, objective and constraints; establish indicators; compare scenarios; quantify a performance metric; identify trade-offs and uncertainty; recommend an optimized or robust option with acceptance criteria.","System/process map, metric or model, scenario comparison, uncertainty/trade-off analysis and recommendation.",Clear objective; valid indicators; reproducible reasoning; constraints respected; recommendation tied to measurable acceptance criteria.,"Design a pilot test, monitoring plan or decision rule to validate the recommendation.","Use only teacher-approved materials. No tasting is required. Follow school rules for food handling, allergies, handwashing and sanitation. Teachers control knives, heat, electrical equipment, chemicals and processing machinery."
FSC-416,SSS 1-3,Use Water Wisely,Storage Shelf,"A school food-system design team is evaluating a storage shelf. Your role is to frame and solve a use water wisely challenge under performance, resource and safety constraints.","Define system boundary, objective and constraints; establish indicators; compare scenarios; quantify a performance metric; identify trade-offs and uncertainty; recommend an optimized or robust option with acceptance criteria.","System/process map, metric or model, scenario comparison, uncertainty/trade-off analysis and recommendation.",Clear objective; valid indicators; reproducible reasoning; constraints respected; recommendation tied to measurable acceptance criteria.,"Design a pilot test, monitoring plan or decision rule to validate the recommendation.","Use only teacher-approved materials. No tasting is required. Follow school rules for food handling, allergies, handwashing and sanitation. Teachers control knives, heat, electrical equipment, chemicals and processing machinery."
FSC-417,SSS 1-3,Reduce Food Waste,Market Basket,"A school food-system design team is evaluating a market basket. Your role is to frame and solve a reduce food waste challenge under performance, resource and safety constraints.","Define system boundary, objective and constraints; establish indicators; compare scenarios; quantify a performance metric; identify trade-offs and uncertainty; recommend an optimized or robust option with acceptance criteria.","System/process map, metric or model, scenario comparison, uncertainty/trade-off analysis and recommendation.",Clear objective; valid indicators; reproducible reasoning; constraints respected; recommendation tied to measurable acceptance criteria.,"Design a pilot test, monitoring plan or decision rule to validate the recommendation.","Use only teacher-approved materials. No tasting is required. Follow school rules for food handling, allergies, handwashing and sanitation. Teachers control knives, heat, electrical equipment, chemicals and processing machinery."
FSC-418,SSS 1-3,Think Seasonally,Food Journey Map,"A school food-system design team is evaluating a food journey map. Your role is to frame and solve a think seasonally challenge under performance, resource and safety constraints.","Define system boundary, objective and constraints; establish indicators; compare scenarios; quantify a performance metric; identify trade-offs and uncertainty; recommend an optimized or robust option with acceptance criteria.","System/process map, metric or model, scenario comparison, uncertainty/trade-off analysis and recommendation.",Clear objective; valid indicators; reproducible reasoning; constraints respected; recommendation tied to measurable acceptance criteria.,"Design a pilot test, monitoring plan or decision rule to validate the recommendation.","Use only teacher-approved materials. No tasting is required. Follow school rules for food handling, allergies, handwashing and sanitation. Teachers control knives, heat, electrical equipment, chemicals and processing machinery."
FSC-419,SSS 1-3,Store & Handle Responsibly,School Food-Waste Station,"A school food-system design team is evaluating a school food-waste station. Your role is to frame and solve a store & handle responsibly challenge under performance, resource and safety constraints.","Define system boundary, objective and constraints; establish indicators; compare scenarios; quantify a performance metric; identify trade-offs and uncertainty; recommend an optimized or robust option with acceptance criteria.","System/process map, metric or model, scenario comparison, uncertainty/trade-off analysis and recommendation.",Clear objective; valid indicators; reproducible reasoning; constraints respected; recommendation tied to measurable acceptance criteria.,"Design a pilot test, monitoring plan or decision rule to validate the recommendation.","Use only teacher-approved materials. No tasting is required. Follow school rules for food handling, allergies, handwashing and sanitation. Teachers control knives, heat, electrical equipment, chemicals and processing machinery."
FSC-420,SSS 1-3,Solve a Food-System Challenge,School Garden,"A school food-system design team is evaluating a school garden. Your role is to frame and solve a solve a food-system challenge challenge under performance, resource and safety constraints.","Define system boundary, objective and constraints; establish indicators; compare scenarios; quantify a performance metric; identify trade-offs and uncertainty; recommend an optimized or robust option with acceptance criteria.","System/process map, metric or model, scenario comparison, uncertainty/trade-off analysis and recommendation.",Clear objective; valid indicators; reproducible reasoning; constraints respected; recommendation tied to measurable acceptance criteria.,"Design a pilot test, monitoring plan or decision rule to validate the recommendation.","Use only teacher-approved materials. No tasting is required. Follow school rules for food handling, allergies, handwashing and sanitation. Teachers control knives, heat, electrical equipment, chemicals and processing machinery."
FSC-421,SSS 1-3,Know the Ingredient,Harvest Basket,"A school food-system design team is evaluating a harvest basket. Your role is to frame and solve a know the ingredient challenge under performance, resource and safety constraints.","Define system boundary, objective and constraints; establish indicators; compare scenarios; quantify a performance metric; identify trade-offs and uncertainty; recommend an optimized or robust option with acceptance criteria.","System/process map, metric or model, scenario comparison, uncertainty/trade-off analysis and recommendation.",Clear objective; valid indicators; reproducible reasoning; constraints respected; recommendation tied to measurable acceptance criteria.,"Design a pilot test, monitoring plan or decision rule to validate the recommendation.","Use only teacher-approved materials. No tasting is required. Follow school rules for food handling, allergies, handwashing and sanitation. Teachers control knives, heat, electrical equipment, chemicals and processing machinery."
FSC-422,SSS 1-3,Build a Food Journey,Ingredient Display,"A school food-system design team is evaluating a ingredient display. Your role is to frame and solve a build a food journey challenge under performance, resource and safety constraints.","Define system boundary, objective and constraints; establish indicators; compare scenarios; quantify a performance metric; identify trade-offs and uncertainty; recommend an optimized or robust option with acceptance criteria.","System/process map, metric or model, scenario comparison, uncertainty/trade-off analysis and recommendation.",Clear objective; valid indicators; reproducible reasoning; constraints respected; recommendation tied to measurable acceptance criteria.,"Design a pilot test, monitoring plan or decision rule to validate the recommendation.","Use only teacher-approved materials. No tasting is required. Follow school rules for food handling, allergies, handwashing and sanitation. Teachers control knives, heat, electrical equipment, chemicals and processing machinery."
FSC-423,SSS 1-3,Make a Food Choice,School Lunch Scenario,"A school food-system design team is evaluating a school lunch scenario. Your role is to frame and solve a make a food choice challenge under performance, resource and safety constraints.","Define system boundary, objective and constraints; establish indicators; compare scenarios; quantify a performance metric; identify trade-offs and uncertainty; recommend an optimized or robust option with acceptance criteria.","System/process map, metric or model, scenario comparison, uncertainty/trade-off analysis and recommendation.",Clear objective; valid indicators; reproducible reasoning; constraints respected; recommendation tied to measurable acceptance criteria.,"Design a pilot test, monitoring plan or decision rule to validate the recommendation.","Use only teacher-approved materials. No tasting is required. Follow school rules for food handling, allergies, handwashing and sanitation. Teachers control knives, heat, electrical equipment, chemicals and processing machinery."
FSC-424,SSS 1-3,Read the Label,Water Station,"A school food-system design team is evaluating a water station. Your role is to frame and solve a read the label challenge under performance, resource and safety constraints.","Define system boundary, objective and constraints; establish indicators; compare scenarios; quantify a performance metric; identify trade-offs and uncertainty; recommend an optimized or robust option with acceptance criteria.","System/process map, metric or model, scenario comparison, uncertainty/trade-off analysis and recommendation.",Clear objective; valid indicators; reproducible reasoning; constraints respected; recommendation tied to measurable acceptance criteria.,"Design a pilot test, monitoring plan or decision rule to validate the recommendation.","Use only teacher-approved materials. No tasting is required. Follow school rules for food handling, allergies, handwashing and sanitation. Teachers control knives, heat, electrical equipment, chemicals and processing machinery."
FSC-425,SSS 1-3,Plan a Meal,Storage Shelf,"A school food-system design team is evaluating a storage shelf. Your role is to frame and solve a plan a meal challenge under performance, resource and safety constraints.","Define system boundary, objective and constraints; establish indicators; compare scenarios; quantify a performance metric; identify trade-offs and uncertainty; recommend an optimized or robust option with acceptance criteria.","System/process map, metric or model, scenario comparison, uncertainty/trade-off analysis and recommendation.",Clear objective; valid indicators; reproducible reasoning; constraints respected; recommendation tied to measurable acceptance criteria.,"Design a pilot test, monitoring plan or decision rule to validate the recommendation.","Use only teacher-approved materials. No tasting is required. Follow school rules for food handling, allergies, handwashing and sanitation. Teachers control knives, heat, electrical equipment, chemicals and processing machinery."
FSC-426,SSS 1-3,Use Water Wisely,Market Basket,"A school food-system design team is evaluating a market basket. Your role is to frame and solve a use water wisely challenge under performance, resource and safety constraints.","Define system boundary, objective and constraints; establish indicators; compare scenarios; quantify a performance metric; identify trade-offs and uncertainty; recommend an optimized or robust option with acceptance criteria.","System/process map, metric or model, scenario comparison, uncertainty/trade-off analysis and recommendation.",Clear objective; valid indicators; reproducible reasoning; constraints respected; recommendation tied to measurable acceptance criteria.,"Design a pilot test, monitoring plan or decision rule to validate the recommendation.","Use only teacher-approved materials. No tasting is required. Follow school rules for food handling, allergies, handwashing and sanitation. Teachers control knives, heat, electrical equipment, chemicals and processing machinery."
FSC-427,SSS 1-3,Reduce Food Waste,Food Journey Map,"A school food-system design team is evaluating a food journey map. Your role is to frame and solve a reduce food waste challenge under performance, resource and safety constraints.","Define system boundary, objective and constraints; establish indicators; compare scenarios; quantify a performance metric; identify trade-offs and uncertainty; recommend an optimized or robust option with acceptance criteria.","System/process map, metric or model, scenario comparison, uncertainty/trade-off analysis and recommendation.",Clear objective; valid indicators; reproducible reasoning; constraints respected; recommendation tied to measurable acceptance criteria.,"Design a pilot test, monitoring plan or decision rule to validate the recommendation.","Use only teacher-approved materials. No tasting is required. Follow school rules for food handling, allergies, handwashing and sanitation. Teachers control knives, heat, electrical equipment, chemicals and processing machinery."
FSC-428,SSS 1-3,Think Seasonally,School Food-Waste Station,"A school food-system design team is evaluating a school food-waste station. Your role is to frame and solve a think seasonally challenge under performance, resource and safety constraints.","Define system boundary, objective and constraints; establish indicators; compare scenarios; quantify a performance metric; identify trade-offs and uncertainty; recommend an optimized or robust option with acceptance criteria.","System/process map, metric or model, scenario comparison, uncertainty/trade-off analysis and recommendation.",Clear objective; valid indicators; reproducible reasoning; constraints respected; recommendation tied to measurable acceptance criteria.,"Design a pilot test, monitoring plan or decision rule to validate the recommendation.","Use only teacher-approved materials. No tasting is required. Follow school rules for food handling, allergies, handwashing and sanitation. Teachers control knives, heat, electrical equipment, chemicals and processing machinery."
FSC-429,SSS 1-3,Store & Handle Responsibly,School Garden,"A school food-system design team is evaluating a school garden. Your role is to frame and solve a store & handle responsibly challenge under performance, resource and safety constraints.","Define system boundary, objective and constraints; establish indicators; compare scenarios; quantify a performance metric; identify trade-offs and uncertainty; recommend an optimized or robust option with acceptance criteria.","System/process map, metric or model, scenario comparison, uncertainty/trade-off analysis and recommendation.",Clear objective; valid indicators; reproducible reasoning; constraints respected; recommendation tied to measurable acceptance criteria.,"Design a pilot test, monitoring plan or decision rule to validate the recommendation.","Use only teacher-approved materials. No tasting is required. Follow school rules for food handling, allergies, handwashing and sanitation. Teachers control knives, heat, electrical equipment, chemicals and processing machinery."
FSC-430,SSS 1-3,Solve a Food-System Challenge,Classroom Food Table,"A school food-system design team is evaluating a classroom food table. Your role is to frame and solve a solve a food-system challenge challenge under performance, resource and safety constraints.","Define system boundary, objective and constraints; establish indicators; compare scenarios; quantify a performance metric; identify trade-offs and uncertainty; recommend an optimized or robust option with acceptance criteria.","System/process map, metric or model, scenario comparison, uncertainty/trade-off analysis and recommendation.",Clear objective; valid indicators; reproducible reasoning; constraints respected; recommendation tied to measurable acceptance criteria.,"Design a pilot test, monitoring plan or decision rule to validate the recommendation.","Use only teacher-approved materials. No tasting is required. Follow school rules for food handling, allergies, handwashing and sanitation. Teachers control knives, heat, electrical equipment, chemicals and processing machinery."
FSC-431,SSS 1-3,Know the Ingredient,Ingredient Display,"A school food-system design team is evaluating a ingredient display. Your role is to frame and solve a know the ingredient challenge under performance, resource and safety constraints.","Define system boundary, objective and constraints; establish indicators; compare scenarios; quantify a performance metric; identify trade-offs and uncertainty; recommend an optimized or robust option with acceptance criteria.","System/process map, metric or model, scenario comparison, uncertainty/trade-off analysis and recommendation.",Clear objective; valid indicators; reproducible reasoning; constraints respected; recommendation tied to measurable acceptance criteria.,"Design a pilot test, monitoring plan or decision rule to validate the recommendation.","Use only teacher-approved materials. No tasting is required. Follow school rules for food handling, allergies, handwashing and sanitation. Teachers control knives, heat, electrical equipment, chemicals and processing machinery."
FSC-432,SSS 1-3,Build a Food Journey,School Lunch Scenario,"A school food-system design team is evaluating a school lunch scenario. Your role is to frame and solve a build a food journey challenge under performance, resource and safety constraints.","Define system boundary, objective and constraints; establish indicators; compare scenarios; quantify a performance metric; identify trade-offs and uncertainty; recommend an optimized or robust option with acceptance criteria.","System/process map, metric or model, scenario comparison, uncertainty/trade-off analysis and recommendation.",Clear objective; valid indicators; reproducible reasoning; constraints respected; recommendation tied to measurable acceptance criteria.,"Design a pilot test, monitoring plan or decision rule to validate the recommendation.","Use only teacher-approved materials. No tasting is required. Follow school rules for food handling, allergies, handwashing and sanitation. Teachers control knives, heat, electrical equipment, chemicals and processing machinery."
FSC-433,SSS 1-3,Make a Food Choice,Water Station,"A school food-system design team is evaluating a water station. Your role is to frame and solve a make a food choice challenge under performance, resource and safety constraints.","Define system boundary, objective and constraints; establish indicators; compare scenarios; quantify a performance metric; identify trade-offs and uncertainty; recommend an optimized or robust option with acceptance criteria.","System/process map, metric or model, scenario comparison, uncertainty/trade-off analysis and recommendation.",Clear objective; valid indicators; reproducible reasoning; constraints respected; recommendation tied to measurable acceptance criteria.,"Design a pilot test, monitoring plan or decision rule to validate the recommendation.","Use only teacher-approved materials. No tasting is required. Follow school rules for food handling, allergies, handwashing and sanitation. Teachers control knives, heat, electrical equipment, chemicals and processing machinery."
FSC-434,SSS 1-3,Read the Label,Storage Shelf,"A school food-system design team is evaluating a storage shelf. Your role is to frame and solve a read the label challenge under performance, resource and safety constraints.","Define system boundary, objective and constraints; establish indicators; compare scenarios; quantify a performance metric; identify trade-offs and uncertainty; recommend an optimized or robust option with acceptance criteria.","System/process map, metric or model, scenario comparison, uncertainty/trade-off analysis and recommendation.",Clear objective; valid indicators; reproducible reasoning; constraints respected; recommendation tied to measurable acceptance criteria.,"Design a pilot test, monitoring plan or decision rule to validate the recommendation.","Use only teacher-approved materials. No tasting is required. Follow school rules for food handling, allergies, handwashing and sanitation. Teachers control knives, heat, electrical equipment, chemicals and processing machinery."
FSC-435,SSS 1-3,Plan a Meal,Market Basket,"A school food-system design team is evaluating a market basket. Your role is to frame and solve a plan a meal challenge under performance, resource and safety constraints.","Define system boundary, objective and constraints; establish indicators; compare scenarios; quantify a performance metric; identify trade-offs and uncertainty; recommend an optimized or robust option with acceptance criteria.","System/process map, metric or model, scenario comparison, uncertainty/trade-off analysis and recommendation.",Clear objective; valid indicators; reproducible reasoning; constraints respected; recommendation tied to measurable acceptance criteria.,"Design a pilot test, monitoring plan or decision rule to validate the recommendation.","Use only teacher-approved materials. No tasting is required. Follow school rules for food handling, allergies, handwashing and sanitation. Teachers control knives, heat, electrical equipment, chemicals and processing machinery."
FSC-436,SSS 1-3,Use Water Wisely,Food Journey Map,"A school food-system design team is evaluating a food journey map. Your role is to frame and solve a use water wisely challenge under performance, resource and safety constraints.","Define system boundary, objective and constraints; establish indicators; compare scenarios; quantify a performance metric; identify trade-offs and uncertainty; recommend an optimized or robust option with acceptance criteria.","System/process map, metric or model, scenario comparison, uncertainty/trade-off analysis and recommendation.",Clear objective; valid indicators; reproducible reasoning; constraints respected; recommendation tied to measurable acceptance criteria.,"Design a pilot test, monitoring plan or decision rule to validate the recommendation.","Use only teacher-approved materials. No tasting is required. Follow school rules for food handling, allergies, handwashing and sanitation. Teachers control knives, heat, electrical equipment, chemicals and processing machinery."
FSC-437,SSS 1-3,Reduce Food Waste,School Food-Waste Station,"A school food-system design team is evaluating a school food-waste station. Your role is to frame and solve a reduce food waste challenge under performance, resource and safety constraints.","Define system boundary, objective and constraints; establish indicators; compare scenarios; quantify a performance metric; identify trade-offs and uncertainty; recommend an optimized or robust option with acceptance criteria.","System/process map, metric or model, scenario comparison, uncertainty/trade-off analysis and recommendation.",Clear objective; valid indicators; reproducible reasoning; constraints respected; recommendation tied to measurable acceptance criteria.,"Design a pilot test, monitoring plan or decision rule to validate the recommendation.","Use only teacher-approved materials. No tasting is required. Follow school rules for food handling, allergies, handwashing and sanitation. Teachers control knives, heat, electrical equipment, chemicals and processing machinery."
FSC-438,SSS 1-3,Think Seasonally,School Garden,"A school food-system design team is evaluating a school garden. Your role is to frame and solve a think seasonally challenge under performance, resource and safety constraints.","Define system boundary, objective and constraints; establish indicators; compare scenarios; quantify a performance metric; identify trade-offs and uncertainty; recommend an optimized or robust option with acceptance criteria.","System/process map, metric or model, scenario comparison, uncertainty/trade-off analysis and recommendation.",Clear objective; valid indicators; reproducible reasoning; constraints respected; recommendation tied to measurable acceptance criteria.,"Design a pilot test, monitoring plan or decision rule to validate the recommendation.","Use only teacher-approved materials. No tasting is required. Follow school rules for food handling, allergies, handwashing and sanitation. Teachers control knives, heat, electrical equipment, chemicals and processing machinery."
FSC-439,SSS 1-3,Store & Handle Responsibly,Classroom Food Table,"A school food-system design team is evaluating a classroom food table. Your role is to frame and solve a store & handle responsibly challenge under performance, resource and safety constraints.","Define system boundary, objective and constraints; establish indicators; compare scenarios; quantify a performance metric; identify trade-offs and uncertainty; recommend an optimized or robust option with acceptance criteria.","System/process map, metric or model, scenario comparison, uncertainty/trade-off analysis and recommendation.",Clear objective; valid indicators; reproducible reasoning; constraints respected; recommendation tied to measurable acceptance criteria.,"Design a pilot test, monitoring plan or decision rule to validate the recommendation.","Use only teacher-approved materials. No tasting is required. Follow school rules for food handling, allergies, handwashing and sanitation. Teachers control knives, heat, electrical equipment, chemicals and processing machinery."
FSC-440,SSS 1-3,Solve a Food-System Challenge,Harvest Basket,"A school food-system design team is evaluating a harvest basket. Your role is to frame and solve a solve a food-system challenge challenge under performance, resource and safety constraints.","Define system boundary, objective and constraints; establish indicators; compare scenarios; quantify a performance metric; identify trade-offs and uncertainty; recommend an optimized or robust option with acceptance criteria.","System/process map, metric or model, scenario comparison, uncertainty/trade-off analysis and recommendation.",Clear objective; valid indicators; reproducible reasoning; constraints respected; recommendation tied to measurable acceptance criteria.,"Design a pilot test, monitoring plan or decision rule to validate the recommendation.","Use only teacher-approved materials. No tasting is required. Follow school rules for food handling, allergies, handwashing and sanitation. Teachers control knives, heat, electrical equipment, chemicals and processing machinery."
FSC-441,SSS 1-3,Know the Ingredient,School Lunch Scenario,"A school food-system design team is evaluating a school lunch scenario. Your role is to frame and solve a know the ingredient challenge under performance, resource and safety constraints.","Define system boundary, objective and constraints; establish indicators; compare scenarios; quantify a performance metric; identify trade-offs and uncertainty; recommend an optimized or robust option with acceptance criteria.","System/process map, metric or model, scenario comparison, uncertainty/trade-off analysis and recommendation.",Clear objective; valid indicators; reproducible reasoning; constraints respected; recommendation tied to measurable acceptance criteria.,"Design a pilot test, monitoring plan or decision rule to validate the recommendation.","Use only teacher-approved materials. No tasting is required. Follow school rules for food handling, allergies, handwashing and sanitation. Teachers control knives, heat, electrical equipment, chemicals and processing machinery."
FSC-442,SSS 1-3,Build a Food Journey,Water Station,"A school food-system design team is evaluating a water station. Your role is to frame and solve a build a food journey challenge under performance, resource and safety constraints.","Define system boundary, objective and constraints; establish indicators; compare scenarios; quantify a performance metric; identify trade-offs and uncertainty; recommend an optimized or robust option with acceptance criteria.","System/process map, metric or model, scenario comparison, uncertainty/trade-off analysis and recommendation.",Clear objective; valid indicators; reproducible reasoning; constraints respected; recommendation tied to measurable acceptance criteria.,"Design a pilot test, monitoring plan or decision rule to validate the recommendation.","Use only teacher-approved materials. No tasting is required. Follow school rules for food handling, allergies, handwashing and sanitation. Teachers control knives, heat, electrical equipment, chemicals and processing machinery."
FSC-443,SSS 1-3,Make a Food Choice,Storage Shelf,"A school food-system design team is evaluating a storage shelf. Your role is to frame and solve a make a food choice challenge under performance, resource and safety constraints.","Define system boundary, objective and constraints; establish indicators; compare scenarios; quantify a performance metric; identify trade-offs and uncertainty; recommend an optimized or robust option with acceptance criteria.","System/process map, metric or model, scenario comparison, uncertainty/trade-off analysis and recommendation.",Clear objective; valid indicators; reproducible reasoning; constraints respected; recommendation tied to measurable acceptance criteria.,"Design a pilot test, monitoring plan or decision rule to validate the recommendation.","Use only teacher-approved materials. No tasting is required. Follow school rules for food handling, allergies, handwashing and sanitation. Teachers control knives, heat, electrical equipment, chemicals and processing machinery."
FSC-444,SSS 1-3,Read the Label,Market Basket,"A school food-system design team is evaluating a market basket. Your role is to frame and solve a read the label challenge under performance, resource and safety constraints.","Define system boundary, objective and constraints; establish indicators; compare scenarios; quantify a performance metric; identify trade-offs and uncertainty; recommend an optimized or robust option with acceptance criteria.","System/process map, metric or model, scenario comparison, uncertainty/trade-off analysis and recommendation.",Clear objective; valid indicators; reproducible reasoning; constraints respected; recommendation tied to measurable acceptance criteria.,"Design a pilot test, monitoring plan or decision rule to validate the recommendation.","Use only teacher-approved materials. No tasting is required. Follow school rules for food handling, allergies, handwashing and sanitation. Teachers control knives, heat, electrical equipment, chemicals and processing machinery."
FSC-445,SSS 1-3,Plan a Meal,Food Journey Map,"A school food-system design team is evaluating a food journey map. Your role is to frame and solve a plan a meal challenge under performance, resource and safety constraints.","Define system boundary, objective and constraints; establish indicators; compare scenarios; quantify a performance metric; identify trade-offs and uncertainty; recommend an optimized or robust option with acceptance criteria.","System/process map, metric or model, scenario comparison, uncertainty/trade-off analysis and recommendation.",Clear objective; valid indicators; reproducible reasoning; constraints respected; recommendation tied to measurable acceptance criteria.,"Design a pilot test, monitoring plan or decision rule to validate the recommendation.","Use only teacher-approved materials. No tasting is required. Follow school rules for food handling, allergies, handwashing and sanitation. Teachers control knives, heat, electrical equipment, chemicals and processing machinery."
FSC-446,SSS 1-3,Use Water Wisely,School Food-Waste Station,"A school food-system design team is evaluating a school food-waste station. Your role is to frame and solve a use water wisely challenge under performance, resource and safety constraints.","Define system boundary, objective and constraints; establish indicators; compare scenarios; quantify a performance metric; identify trade-offs and uncertainty; recommend an optimized or robust option with acceptance criteria.","System/process map, metric or model, scenario comparison, uncertainty/trade-off analysis and recommendation.",Clear objective; valid indicators; reproducible reasoning; constraints respected; recommendation tied to measurable acceptance criteria.,"Design a pilot test, monitoring plan or decision rule to validate the recommendation.","Use only teacher-approved materials. No tasting is required. Follow school rules for food handling, allergies, handwashing and sanitation. Teachers control knives, heat, electrical equipment, chemicals and processing machinery."
FSC-447,SSS 1-3,Reduce Food Waste,School Garden,"A school food-system design team is evaluating a school garden. Your role is to frame and solve a reduce food waste challenge under performance, resource and safety constraints.","Define system boundary, objective and constraints; establish indicators; compare scenarios; quantify a performance metric; identify trade-offs and uncertainty; recommend an optimized or robust option with acceptance criteria.","System/process map, metric or model, scenario comparison, uncertainty/trade-off analysis and recommendation.",Clear objective; valid indicators; reproducible reasoning; constraints respected; recommendation tied to measurable acceptance criteria.,"Design a pilot test, monitoring plan or decision rule to validate the recommendation.","Use only teacher-approved materials. No tasting is required. Follow school rules for food handling, allergies, handwashing and sanitation. Teachers control knives, heat, electrical equipment, chemicals and processing machinery."
FSC-448,SSS 1-3,Think Seasonally,Classroom Food Table,"A school food-system design team is evaluating a classroom food table. Your role is to frame and solve a think seasonally challenge under performance, resource and safety constraints.","Define system boundary, objective and constraints; establish indicators; compare scenarios; quantify a performance metric; identify trade-offs and uncertainty; recommend an optimized or robust option with acceptance criteria.","System/process map, metric or model, scenario comparison, uncertainty/trade-off analysis and recommendation.",Clear objective; valid indicators; reproducible reasoning; constraints respected; recommendation tied to measurable acceptance criteria.,"Design a pilot test, monitoring plan or decision rule to validate the recommendation.","Use only teacher-approved materials. No tasting is required. Follow school rules for food handling, allergies, handwashing and sanitation. Teachers control knives, heat, electrical equipment, chemicals and processing machinery."
FSC-449,SSS 1-3,Store & Handle Responsibly,Harvest Basket,"A school food-system design team is evaluating a harvest basket. Your role is to frame and solve a store & handle responsibly challenge under performance, resource and safety constraints.","Define system boundary, objective and constraints; establish indicators; compare scenarios; quantify a performance metric; identify trade-offs and uncertainty; recommend an optimized or robust option with acceptance criteria.","System/process map, metric or model, scenario comparison, uncertainty/trade-off analysis and recommendation.",Clear objective; valid indicators; reproducible reasoning; constraints respected; recommendation tied to measurable acceptance criteria.,"Design a pilot test, monitoring plan or decision rule to validate the recommendation.","Use only teacher-approved materials. No tasting is required. Follow school rules for food handling, allergies, handwashing and sanitation. Teachers control knives, heat, electrical equipment, chemicals and processing machinery."
FSC-450,SSS 1-3,Solve a Food-System Challenge,Ingredient Display,"A school food-system design team is evaluating a ingredient display. Your role is to frame and solve a solve a food-system challenge challenge under performance, resource and safety constraints.","Define system boundary, objective and constraints; establish indicators; compare scenarios; quantify a performance metric; identify trade-offs and uncertainty; recommend an optimized or robust option with acceptance criteria.","System/process map, metric or model, scenario comparison, uncertainty/trade-off analysis and recommendation.",Clear objective; valid indicators; reproducible reasoning; constraints respected; recommendation tied to measurable acceptance criteria.,"Design a pilot test, monitoring plan or decision rule to validate the recommendation.","Use only teacher-approved materials. No tasting is required. Follow school rules for food handling, allergies, handwashing and sanitation. Teachers control knives, heat, electrical equipment, chemicals and processing machinery."
FSC-451,SSS 1-3,Know the Ingredient,Water Station,"A school food-system design team is evaluating a water station. Your role is to frame and solve a know the ingredient challenge under performance, resource and safety constraints.","Define system boundary, objective and constraints; establish indicators; compare scenarios; quantify a performance metric; identify trade-offs and uncertainty; recommend an optimized or robust option with acceptance criteria.","System/process map, metric or model, scenario comparison, uncertainty/trade-off analysis and recommendation.",Clear objective; valid indicators; reproducible reasoning; constraints respected; recommendation tied to measurable acceptance criteria.,"Design a pilot test, monitoring plan or decision rule to validate the recommendation.","Use only teacher-approved materials. No tasting is required. Follow school rules for food handling, allergies, handwashing and sanitation. Teachers control knives, heat, electrical equipment, chemicals and processing machinery."
FSC-452,SSS 1-3,Build a Food Journey,Storage Shelf,"A school food-system design team is evaluating a storage shelf. Your role is to frame and solve a build a food journey challenge under performance, resource and safety constraints.","Define system boundary, objective and constraints; establish indicators; compare scenarios; quantify a performance metric; identify trade-offs and uncertainty; recommend an optimized or robust option with acceptance criteria.","System/process map, metric or model, scenario comparison, uncertainty/trade-off analysis and recommendation.",Clear objective; valid indicators; reproducible reasoning; constraints respected; recommendation tied to measurable acceptance criteria.,"Design a pilot test, monitoring plan or decision rule to validate the recommendation.","Use only teacher-approved materials. No tasting is required. Follow school rules for food handling, allergies, handwashing and sanitation. Teachers control knives, heat, electrical equipment, chemicals and processing machinery."
FSC-453,SSS 1-3,Make a Food Choice,Market Basket,"A school food-system design team is evaluating a market basket. Your role is to frame and solve a make a food choice challenge under performance, resource and safety constraints.","Define system boundary, objective and constraints; establish indicators; compare scenarios; quantify a performance metric; identify trade-offs and uncertainty; recommend an optimized or robust option with acceptance criteria.","System/process map, metric or model, scenario comparison, uncertainty/trade-off analysis and recommendation.",Clear objective; valid indicators; reproducible reasoning; constraints respected; recommendation tied to measurable acceptance criteria.,"Design a pilot test, monitoring plan or decision rule to validate the recommendation.","Use only teacher-approved materials. No tasting is required. Follow school rules for food handling, allergies, handwashing and sanitation. Teachers control knives, heat, electrical equipment, chemicals and processing machinery."
FSC-454,SSS 1-3,Read the Label,Food Journey Map,"A school food-system design team is evaluating a food journey map. Your role is to frame and solve a read the label challenge under performance, resource and safety constraints.","Define system boundary, objective and constraints; establish indicators; compare scenarios; quantify a performance metric; identify trade-offs and uncertainty; recommend an optimized or robust option with acceptance criteria.","System/process map, metric or model, scenario comparison, uncertainty/trade-off analysis and recommendation.",Clear objective; valid indicators; reproducible reasoning; constraints respected; recommendation tied to measurable acceptance criteria.,"Design a pilot test, monitoring plan or decision rule to validate the recommendation.","Use only teacher-approved materials. No tasting is required. Follow school rules for food handling, allergies, handwashing and sanitation. Teachers control knives, heat, electrical equipment, chemicals and processing machinery."
FSC-455,SSS 1-3,Plan a Meal,School Food-Waste Station,"A school food-system design team is evaluating a school food-waste station. Your role is to frame and solve a plan a meal challenge under performance, resource and safety constraints.","Define system boundary, objective and constraints; establish indicators; compare scenarios; quantify a performance metric; identify trade-offs and uncertainty; recommend an optimized or robust option with acceptance criteria.","System/process map, metric or model, scenario comparison, uncertainty/trade-off analysis and recommendation.",Clear objective; valid indicators; reproducible reasoning; constraints respected; recommendation tied to measurable acceptance criteria.,"Design a pilot test, monitoring plan or decision rule to validate the recommendation.","Use only teacher-approved materials. No tasting is required. Follow school rules for food handling, allergies, handwashing and sanitation. Teachers control knives, heat, electrical equipment, chemicals and processing machinery."
FSC-456,SSS 1-3,Use Water Wisely,School Garden,"A school food-system design team is evaluating a school garden. Your role is to frame and solve a use water wisely challenge under performance, resource and safety constraints.","Define system boundary, objective and constraints; establish indicators; compare scenarios; quantify a performance metric; identify trade-offs and uncertainty; recommend an optimized or robust option with acceptance criteria.","System/process map, metric or model, scenario comparison, uncertainty/trade-off analysis and recommendation.",Clear objective; valid indicators; reproducible reasoning; constraints respected; recommendation tied to measurable acceptance criteria.,"Design a pilot test, monitoring plan or decision rule to validate the recommendation.","Use only teacher-approved materials. No tasting is required. Follow school rules for food handling, allergies, handwashing and sanitation. Teachers control knives, heat, electrical equipment, chemicals and processing machinery."
FSC-457,SSS 1-3,Reduce Food Waste,Classroom Food Table,"A school food-system design team is evaluating a classroom food table. Your role is to frame and solve a reduce food waste challenge under performance, resource and safety constraints.","Define system boundary, objective and constraints; establish indicators; compare scenarios; quantify a performance metric; identify trade-offs and uncertainty; recommend an optimized or robust option with acceptance criteria.","System/process map, metric or model, scenario comparison, uncertainty/trade-off analysis and recommendation.",Clear objective; valid indicators; reproducible reasoning; constraints respected; recommendation tied to measurable acceptance criteria.,"Design a pilot test, monitoring plan or decision rule to validate the recommendation.","Use only teacher-approved materials. No tasting is required. Follow school rules for food handling, allergies, handwashing and sanitation. Teachers control knives, heat, electrical equipment, chemicals and processing machinery."
FSC-458,SSS 1-3,Think Seasonally,Harvest Basket,"A school food-system design team is evaluating a harvest basket. Your role is to frame and solve a think seasonally challenge under performance, resource and safety constraints.","Define system boundary, objective and constraints; establish indicators; compare scenarios; quantify a performance metric; identify trade-offs and uncertainty; recommend an optimized or robust option with acceptance criteria.","System/process map, metric or model, scenario comparison, uncertainty/trade-off analysis and recommendation.",Clear objective; valid indicators; reproducible reasoning; constraints respected; recommendation tied to measurable acceptance criteria.,"Design a pilot test, monitoring plan or decision rule to validate the recommendation.","Use only teacher-approved materials. No tasting is required. Follow school rules for food handling, allergies, handwashing and sanitation. Teachers control knives, heat, electrical equipment, chemicals and processing machinery."
FSC-459,SSS 1-3,Store & Handle Responsibly,Ingredient Display,"A school food-system design team is evaluating a ingredient display. Your role is to frame and solve a store & handle responsibly challenge under performance, resource and safety constraints.","Define system boundary, objective and constraints; establish indicators; compare scenarios; quantify a performance metric; identify trade-offs and uncertainty; recommend an optimized or robust option with acceptance criteria.","System/process map, metric or model, scenario comparison, uncertainty/trade-off analysis and recommendation.",Clear objective; valid indicators; reproducible reasoning; constraints respected; recommendation tied to measurable acceptance criteria.,"Design a pilot test, monitoring plan or decision rule to validate the recommendation.","Use only teacher-approved materials. No tasting is required. Follow school rules for food handling, allergies, handwashing and sanitation. Teachers control knives, heat, electrical equipment, chemicals and processing machinery."
FSC-460,SSS 1-3,Solve a Food-System Challenge,School Lunch Scenario,"A school food-system design team is evaluating a school lunch scenario. Your role is to frame and solve a solve a food-system challenge challenge under performance, resource and safety constraints.","Define system boundary, objective and constraints; establish indicators; compare scenarios; quantify a performance metric; identify trade-offs and uncertainty; recommend an optimized or robust option with acceptance criteria.","System/process map, metric or model, scenario comparison, uncertainty/trade-off analysis and recommendation.",Clear objective; valid indicators; reproducible reasoning; constraints respected; recommendation tied to measurable acceptance criteria.,"Design a pilot test, monitoring plan or decision rule to validate the recommendation.","Use only teacher-approved materials. No tasting is required. Follow school rules for food handling, allergies, handwashing and sanitation. Teachers control knives, heat, electrical equipment, chemicals and processing machinery."
FSC-461,SSS 1-3,Know the Ingredient,Storage Shelf,"A school food-system design team is evaluating a storage shelf. Your role is to frame and solve a know the ingredient challenge under performance, resource and safety constraints.","Define system boundary, objective and constraints; establish indicators; compare scenarios; quantify a performance metric; identify trade-offs and uncertainty; recommend an optimized or robust option with acceptance criteria.","System/process map, metric or model, scenario comparison, uncertainty/trade-off analysis and recommendation.",Clear objective; valid indicators; reproducible reasoning; constraints respected; recommendation tied to measurable acceptance criteria.,"Design a pilot test, monitoring plan or decision rule to validate the recommendation.","Use only teacher-approved materials. No tasting is required. Follow school rules for food handling, allergies, handwashing and sanitation. Teachers control knives, heat, electrical equipment, chemicals and processing machinery."
FSC-462,SSS 1-3,Build a Food Journey,Market Basket,"A school food-system design team is evaluating a market basket. Your role is to frame and solve a build a food journey challenge under performance, resource and safety constraints.","Define system boundary, objective and constraints; establish indicators; compare scenarios; quantify a performance metric; identify trade-offs and uncertainty; recommend an optimized or robust option with acceptance criteria.","System/process map, metric or model, scenario comparison, uncertainty/trade-off analysis and recommendation.",Clear objective; valid indicators; reproducible reasoning; constraints respected; recommendation tied to measurable acceptance criteria.,"Design a pilot test, monitoring plan or decision rule to validate the recommendation.","Use only teacher-approved materials. No tasting is required. Follow school rules for food handling, allergies, handwashing and sanitation. Teachers control knives, heat, electrical equipment, chemicals and processing machinery."
FSC-463,SSS 1-3,Make a Food Choice,Food Journey Map,"A school food-system design team is evaluating a food journey map. Your role is to frame and solve a make a food choice challenge under performance, resource and safety constraints.","Define system boundary, objective and constraints; establish indicators; compare scenarios; quantify a performance metric; identify trade-offs and uncertainty; recommend an optimized or robust option with acceptance criteria.","System/process map, metric or model, scenario comparison, uncertainty/trade-off analysis and recommendation.",Clear objective; valid indicators; reproducible reasoning; constraints respected; recommendation tied to measurable acceptance criteria.,"Design a pilot test, monitoring plan or decision rule to validate the recommendation.","Use only teacher-approved materials. No tasting is required. Follow school rules for food handling, allergies, handwashing and sanitation. Teachers control knives, heat, electrical equipment, chemicals and processing machinery."
FSC-464,SSS 1-3,Read the Label,School Food-Waste Station,"A school food-system design team is evaluating a school food-waste station. Your role is to frame and solve a read the label challenge under performance, resource and safety constraints.","Define system boundary, objective and constraints; establish indicators; compare scenarios; quantify a performance metric; identify trade-offs and uncertainty; recommend an optimized or robust option with acceptance criteria.","System/process map, metric or model, scenario comparison, uncertainty/trade-off analysis and recommendation.",Clear objective; valid indicators; reproducible reasoning; constraints respected; recommendation tied to measurable acceptance criteria.,"Design a pilot test, monitoring plan or decision rule to validate the recommendation.","Use only teacher-approved materials. No tasting is required. Follow school rules for food handling, allergies, handwashing and sanitation. Teachers control knives, heat, electrical equipment, chemicals and processing machinery."
FSC-465,SSS 1-3,Plan a Meal,School Garden,"A school food-system design team is evaluating a school garden. Your role is to frame and solve a plan a meal challenge under performance, resource and safety constraints.","Define system boundary, objective and constraints; establish indicators; compare scenarios; quantify a performance metric; identify trade-offs and uncertainty; recommend an optimized or robust option with acceptance criteria.","System/process map, metric or model, scenario comparison, uncertainty/trade-off analysis and recommendation.",Clear objective; valid indicators; reproducible reasoning; constraints respected; recommendation tied to measurable acceptance criteria.,"Design a pilot test, monitoring plan or decision rule to validate the recommendation.","Use only teacher-approved materials. No tasting is required. Follow school rules for food handling, allergies, handwashing and sanitation. Teachers control knives, heat, electrical equipment, chemicals and processing machinery."
FSC-466,SSS 1-3,Use Water Wisely,Classroom Food Table,"A school food-system design team is evaluating a classroom food table. Your role is to frame and solve a use water wisely challenge under performance, resource and safety constraints.","Define system boundary, objective and constraints; establish indicators; compare scenarios; quantify a performance metric; identify trade-offs and uncertainty; recommend an optimized or robust option with acceptance criteria.","System/process map, metric or model, scenario comparison, uncertainty/trade-off analysis and recommendation.",Clear objective; valid indicators; reproducible reasoning; constraints respected; recommendation tied to measurable acceptance criteria.,"Design a pilot test, monitoring plan or decision rule to validate the recommendation.","Use only teacher-approved materials. No tasting is required. Follow school rules for food handling, allergies, handwashing and sanitation. Teachers control knives, heat, electrical equipment, chemicals and processing machinery."
FSC-467,SSS 1-3,Reduce Food Waste,Harvest Basket,"A school food-system design team is evaluating a harvest basket. Your role is to frame and solve a reduce food waste challenge under performance, resource and safety constraints.","Define system boundary, objective and constraints; establish indicators; compare scenarios; quantify a performance metric; identify trade-offs and uncertainty; recommend an optimized or robust option with acceptance criteria.","System/process map, metric or model, scenario comparison, uncertainty/trade-off analysis and recommendation.",Clear objective; valid indicators; reproducible reasoning; constraints respected; recommendation tied to measurable acceptance criteria.,"Design a pilot test, monitoring plan or decision rule to validate the recommendation.","Use only teacher-approved materials. No tasting is required. Follow school rules for food handling, allergies, handwashing and sanitation. Teachers control knives, heat, electrical equipment, chemicals and processing machinery."
FSC-468,SSS 1-3,Think Seasonally,Ingredient Display,"A school food-system design team is evaluating a ingredient display. Your role is to frame and solve a think seasonally challenge under performance, resource and safety constraints.","Define system boundary, objective and constraints; establish indicators; compare scenarios; quantify a performance metric; identify trade-offs and uncertainty; recommend an optimized or robust option with acceptance criteria.","System/process map, metric or model, scenario comparison, uncertainty/trade-off analysis and recommendation.",Clear objective; valid indicators; reproducible reasoning; constraints respected; recommendation tied to measurable acceptance criteria.,"Design a pilot test, monitoring plan or decision rule to validate the recommendation.","Use only teacher-approved materials. No tasting is required. Follow school rules for food handling, allergies, handwashing and sanitation. Teachers control knives, heat, electrical equipment, chemicals and processing machinery."
FSC-469,SSS 1-3,Store & Handle Responsibly,School Lunch Scenario,"A school food-system design team is evaluating a school lunch scenario. Your role is to frame and solve a store & handle responsibly challenge under performance, resource and safety constraints.","Define system boundary, objective and constraints; establish indicators; compare scenarios; quantify a performance metric; identify trade-offs and uncertainty; recommend an optimized or robust option with acceptance criteria.","System/process map, metric or model, scenario comparison, uncertainty/trade-off analysis and recommendation.",Clear objective; valid indicators; reproducible reasoning; constraints respected; recommendation tied to measurable acceptance criteria.,"Design a pilot test, monitoring plan or decision rule to validate the recommendation.","Use only teacher-approved materials. No tasting is required. Follow school rules for food handling, allergies, handwashing and sanitation. Teachers control knives, heat, electrical equipment, chemicals and processing machinery."
FSC-470,SSS 1-3,Solve a Food-System Challenge,Water Station,"A school food-system design team is evaluating a water station. Your role is to frame and solve a solve a food-system challenge challenge under performance, resource and safety constraints.","Define system boundary, objective and constraints; establish indicators; compare scenarios; quantify a performance metric; identify trade-offs and uncertainty; recommend an optimized or robust option with acceptance criteria.","System/process map, metric or model, scenario comparison, uncertainty/trade-off analysis and recommendation.",Clear objective; valid indicators; reproducible reasoning; constraints respected; recommendation tied to measurable acceptance criteria.,"Design a pilot test, monitoring plan or decision rule to validate the recommendation.","Use only teacher-approved materials. No tasting is required. Follow school rules for food handling, allergies, handwashing and sanitation. Teachers control knives, heat, electrical equipment, chemicals and processing machinery."
FSC-471,SSS 1-3,Know the Ingredient,Market Basket,"A school food-system design team is evaluating a market basket. Your role is to frame and solve a know the ingredient challenge under performance, resource and safety constraints.","Define system boundary, objective and constraints; establish indicators; compare scenarios; quantify a performance metric; identify trade-offs and uncertainty; recommend an optimized or robust option with acceptance criteria.","System/process map, metric or model, scenario comparison, uncertainty/trade-off analysis and recommendation.",Clear objective; valid indicators; reproducible reasoning; constraints respected; recommendation tied to measurable acceptance criteria.,"Design a pilot test, monitoring plan or decision rule to validate the recommendation.","Use only teacher-approved materials. No tasting is required. Follow school rules for food handling, allergies, handwashing and sanitation. Teachers control knives, heat, electrical equipment, chemicals and processing machinery."
FSC-472,SSS 1-3,Build a Food Journey,Food Journey Map,"A school food-system design team is evaluating a food journey map. Your role is to frame and solve a build a food journey challenge under performance, resource and safety constraints.","Define system boundary, objective and constraints; establish indicators; compare scenarios; quantify a performance metric; identify trade-offs and uncertainty; recommend an optimized or robust option with acceptance criteria.","System/process map, metric or model, scenario comparison, uncertainty/trade-off analysis and recommendation.",Clear objective; valid indicators; reproducible reasoning; constraints respected; recommendation tied to measurable acceptance criteria.,"Design a pilot test, monitoring plan or decision rule to validate the recommendation.","Use only teacher-approved materials. No tasting is required. Follow school rules for food handling, allergies, handwashing and sanitation. Teachers control knives, heat, electrical equipment, chemicals and processing machinery."
FSC-473,SSS 1-3,Make a Food Choice,School Food-Waste Station,"A school food-system design team is evaluating a school food-waste station. Your role is to frame and solve a make a food choice challenge under performance, resource and safety constraints.","Define system boundary, objective and constraints; establish indicators; compare scenarios; quantify a performance metric; identify trade-offs and uncertainty; recommend an optimized or robust option with acceptance criteria.","System/process map, metric or model, scenario comparison, uncertainty/trade-off analysis and recommendation.",Clear objective; valid indicators; reproducible reasoning; constraints respected; recommendation tied to measurable acceptance criteria.,"Design a pilot test, monitoring plan or decision rule to validate the recommendation.","Use only teacher-approved materials. No tasting is required. Follow school rules for food handling, allergies, handwashing and sanitation. Teachers control knives, heat, electrical equipment, chemicals and processing machinery."
FSC-474,SSS 1-3,Read the Label,School Garden,"A school food-system design team is evaluating a school garden. Your role is to frame and solve a read the label challenge under performance, resource and safety constraints.","Define system boundary, objective and constraints; establish indicators; compare scenarios; quantify a performance metric; identify trade-offs and uncertainty; recommend an optimized or robust option with acceptance criteria.","System/process map, metric or model, scenario comparison, uncertainty/trade-off analysis and recommendation.",Clear objective; valid indicators; reproducible reasoning; constraints respected; recommendation tied to measurable acceptance criteria.,"Design a pilot test, monitoring plan or decision rule to validate the recommendation.","Use only teacher-approved materials. No tasting is required. Follow school rules for food handling, allergies, handwashing and sanitation. Teachers control knives, heat, electrical equipment, chemicals and processing machinery."
FSC-475,SSS 1-3,Plan a Meal,Classroom Food Table,"A school food-system design team is evaluating a classroom food table. Your role is to frame and solve a plan a meal challenge under performance, resource and safety constraints.","Define system boundary, objective and constraints; establish indicators; compare scenarios; quantify a performance metric; identify trade-offs and uncertainty; recommend an optimized or robust option with acceptance criteria.","System/process map, metric or model, scenario comparison, uncertainty/trade-off analysis and recommendation.",Clear objective; valid indicators; reproducible reasoning; constraints respected; recommendation tied to measurable acceptance criteria.,"Design a pilot test, monitoring plan or decision rule to validate the recommendation.","Use only teacher-approved materials. No tasting is required. Follow school rules for food handling, allergies, handwashing and sanitation. Teachers control knives, heat, electrical equipment, chemicals and processing machinery."
FSC-476,SSS 1-3,Use Water Wisely,Harvest Basket,"A school food-system design team is evaluating a harvest basket. Your role is to frame and solve a use water wisely challenge under performance, resource and safety constraints.","Define system boundary, objective and constraints; establish indicators; compare scenarios; quantify a performance metric; identify trade-offs and uncertainty; recommend an optimized or robust option with acceptance criteria.","System/process map, metric or model, scenario comparison, uncertainty/trade-off analysis and recommendation.",Clear objective; valid indicators; reproducible reasoning; constraints respected; recommendation tied to measurable acceptance criteria.,"Design a pilot test, monitoring plan or decision rule to validate the recommendation.","Use only teacher-approved materials. No tasting is required. Follow school rules for food handling, allergies, handwashing and sanitation. Teachers control knives, heat, electrical equipment, chemicals and processing machinery."
FSC-477,SSS 1-3,Reduce Food Waste,Ingredient Display,"A school food-system design team is evaluating a ingredient display. Your role is to frame and solve a reduce food waste challenge under performance, resource and safety constraints.","Define system boundary, objective and constraints; establish indicators; compare scenarios; quantify a performance metric; identify trade-offs and uncertainty; recommend an optimized or robust option with acceptance criteria.","System/process map, metric or model, scenario comparison, uncertainty/trade-off analysis and recommendation.",Clear objective; valid indicators; reproducible reasoning; constraints respected; recommendation tied to measurable acceptance criteria.,"Design a pilot test, monitoring plan or decision rule to validate the recommendation.","Use only teacher-approved materials. No tasting is required. Follow school rules for food handling, allergies, handwashing and sanitation. Teachers control knives, heat, electrical equipment, chemicals and processing machinery."
FSC-478,SSS 1-3,Think Seasonally,School Lunch Scenario,"A school food-system design team is evaluating a school lunch scenario. Your role is to frame and solve a think seasonally challenge under performance, resource and safety constraints.","Define system boundary, objective and constraints; establish indicators; compare scenarios; quantify a performance metric; identify trade-offs and uncertainty; recommend an optimized or robust option with acceptance criteria.","System/process map, metric or model, scenario comparison, uncertainty/trade-off analysis and recommendation.",Clear objective; valid indicators; reproducible reasoning; constraints respected; recommendation tied to measurable acceptance criteria.,"Design a pilot test, monitoring plan or decision rule to validate the recommendation.","Use only teacher-approved materials. No tasting is required. Follow school rules for food handling, allergies, handwashing and sanitation. Teachers control knives, heat, electrical equipment, chemicals and processing machinery."
FSC-479,SSS 1-3,Store & Handle Responsibly,Water Station,"A school food-system design team is evaluating a water station. Your role is to frame and solve a store & handle responsibly challenge under performance, resource and safety constraints.","Define system boundary, objective and constraints; establish indicators; compare scenarios; quantify a performance metric; identify trade-offs and uncertainty; recommend an optimized or robust option with acceptance criteria.","System/process map, metric or model, scenario comparison, uncertainty/trade-off analysis and recommendation.",Clear objective; valid indicators; reproducible reasoning; constraints respected; recommendation tied to measurable acceptance criteria.,"Design a pilot test, monitoring plan or decision rule to validate the recommendation.","Use only teacher-approved materials. No tasting is required. Follow school rules for food handling, allergies, handwashing and sanitation. Teachers control knives, heat, electrical equipment, chemicals and processing machinery."
FSC-480,SSS 1-3,Solve a Food-System Challenge,Storage Shelf,"A school food-system design team is evaluating a storage shelf. Your role is to frame and solve a solve a food-system challenge challenge under performance, resource and safety constraints.","Define system boundary, objective and constraints; establish indicators; compare scenarios; quantify a performance metric; identify trade-offs and uncertainty; recommend an optimized or robust option with acceptance criteria.","System/process map, metric or model, scenario comparison, uncertainty/trade-off analysis and recommendation.",Clear objective; valid indicators; reproducible reasoning; constraints respected; recommendation tied to measurable acceptance criteria.,"Design a pilot test, monitoring plan or decision rule to validate the recommendation.","Use only teacher-approved materials. No tasting is required. Follow school rules for food handling, allergies, handwashing and sanitation. Teachers control knives, heat, electrical equipment, chemicals and processing machinery."
FSC-481,SSS 1-3,Know the Ingredient,Food Journey Map,"A school food-system design team is evaluating a food journey map. Your role is to frame and solve a know the ingredient challenge under performance, resource and safety constraints.","Define system boundary, objective and constraints; establish indicators; compare scenarios; quantify a performance metric; identify trade-offs and uncertainty; recommend an optimized or robust option with acceptance criteria.","System/process map, metric or model, scenario comparison, uncertainty/trade-off analysis and recommendation.",Clear objective; valid indicators; reproducible reasoning; constraints respected; recommendation tied to measurable acceptance criteria.,"Design a pilot test, monitoring plan or decision rule to validate the recommendation.","Use only teacher-approved materials. No tasting is required. Follow school rules for food handling, allergies, handwashing and sanitation. Teachers control knives, heat, electrical equipment, chemicals and processing machinery."
FSC-482,SSS 1-3,Build a Food Journey,School Food-Waste Station,"A school food-system design team is evaluating a school food-waste station. Your role is to frame and solve a build a food journey challenge under performance, resource and safety constraints.","Define system boundary, objective and constraints; establish indicators; compare scenarios; quantify a performance metric; identify trade-offs and uncertainty; recommend an optimized or robust option with acceptance criteria.","System/process map, metric or model, scenario comparison, uncertainty/trade-off analysis and recommendation.",Clear objective; valid indicators; reproducible reasoning; constraints respected; recommendation tied to measurable acceptance criteria.,"Design a pilot test, monitoring plan or decision rule to validate the recommendation.","Use only teacher-approved materials. No tasting is required. Follow school rules for food handling, allergies, handwashing and sanitation. Teachers control knives, heat, electrical equipment, chemicals and processing machinery."
FSC-483,SSS 1-3,Make a Food Choice,School Garden,"A school food-system design team is evaluating a school garden. Your role is to frame and solve a make a food choice challenge under performance, resource and safety constraints.","Define system boundary, objective and constraints; establish indicators; compare scenarios; quantify a performance metric; identify trade-offs and uncertainty; recommend an optimized or robust option with acceptance criteria.","System/process map, metric or model, scenario comparison, uncertainty/trade-off analysis and recommendation.",Clear objective; valid indicators; reproducible reasoning; constraints respected; recommendation tied to measurable acceptance criteria.,"Design a pilot test, monitoring plan or decision rule to validate the recommendation.","Use only teacher-approved materials. No tasting is required. Follow school rules for food handling, allergies, handwashing and sanitation. Teachers control knives, heat, electrical equipment, chemicals and processing machinery."
FSC-484,SSS 1-3,Read the Label,Classroom Food Table,"A school food-system design team is evaluating a classroom food table. Your role is to frame and solve a read the label challenge under performance, resource and safety constraints.","Define system boundary, objective and constraints; establish indicators; compare scenarios; quantify a performance metric; identify trade-offs and uncertainty; recommend an optimized or robust option with acceptance criteria.","System/process map, metric or model, scenario comparison, uncertainty/trade-off analysis and recommendation.",Clear objective; valid indicators; reproducible reasoning; constraints respected; recommendation tied to measurable acceptance criteria.,"Design a pilot test, monitoring plan or decision rule to validate the recommendation.","Use only teacher-approved materials. No tasting is required. Follow school rules for food handling, allergies, handwashing and sanitation. Teachers control knives, heat, electrical equipment, chemicals and processing machinery."
FSC-485,SSS 1-3,Plan a Meal,Harvest Basket,"A school food-system design team is evaluating a harvest basket. Your role is to frame and solve a plan a meal challenge under performance, resource and safety constraints.","Define system boundary, objective and constraints; establish indicators; compare scenarios; quantify a performance metric; identify trade-offs and uncertainty; recommend an optimized or robust option with acceptance criteria.","System/process map, metric or model, scenario comparison, uncertainty/trade-off analysis and recommendation.",Clear objective; valid indicators; reproducible reasoning; constraints respected; recommendation tied to measurable acceptance criteria.,"Design a pilot test, monitoring plan or decision rule to validate the recommendation.","Use only teacher-approved materials. No tasting is required. Follow school rules for food handling, allergies, handwashing and sanitation. Teachers control knives, heat, electrical equipment, chemicals and processing machinery."
FSC-486,SSS 1-3,Use Water Wisely,Ingredient Display,"A school food-system design team is evaluating a ingredient display. Your role is to frame and solve a use water wisely challenge under performance, resource and safety constraints.","Define system boundary, objective and constraints; establish indicators; compare scenarios; quantify a performance metric; identify trade-offs and uncertainty; recommend an optimized or robust option with acceptance criteria.","System/process map, metric or model, scenario comparison, uncertainty/trade-off analysis and recommendation.",Clear objective; valid indicators; reproducible reasoning; constraints respected; recommendation tied to measurable acceptance criteria.,"Design a pilot test, monitoring plan or decision rule to validate the recommendation.","Use only teacher-approved materials. No tasting is required. Follow school rules for food handling, allergies, handwashing and sanitation. Teachers control knives, heat, electrical equipment, chemicals and processing machinery."
FSC-487,SSS 1-3,Reduce Food Waste,School Lunch Scenario,"A school food-system design team is evaluating a school lunch scenario. Your role is to frame and solve a reduce food waste challenge under performance, resource and safety constraints.","Define system boundary, objective and constraints; establish indicators; compare scenarios; quantify a performance metric; identify trade-offs and uncertainty; recommend an optimized or robust option with acceptance criteria.","System/process map, metric or model, scenario comparison, uncertainty/trade-off analysis and recommendation.",Clear objective; valid indicators; reproducible reasoning; constraints respected; recommendation tied to measurable acceptance criteria.,"Design a pilot test, monitoring plan or decision rule to validate the recommendation.","Use only teacher-approved materials. No tasting is required. Follow school rules for food handling, allergies, handwashing and sanitation. Teachers control knives, heat, electrical equipment, chemicals and processing machinery."
FSC-488,SSS 1-3,Think Seasonally,Water Station,"A school food-system design team is evaluating a water station. Your role is to frame and solve a think seasonally challenge under performance, resource and safety constraints.","Define system boundary, objective and constraints; establish indicators; compare scenarios; quantify a performance metric; identify trade-offs and uncertainty; recommend an optimized or robust option with acceptance criteria.","System/process map, metric or model, scenario comparison, uncertainty/trade-off analysis and recommendation.",Clear objective; valid indicators; reproducible reasoning; constraints respected; recommendation tied to measurable acceptance criteria.,"Design a pilot test, monitoring plan or decision rule to validate the recommendation.","Use only teacher-approved materials. No tasting is required. Follow school rules for food handling, allergies, handwashing and sanitation. Teachers control knives, heat, electrical equipment, chemicals and processing machinery."
FSC-489,SSS 1-3,Store & Handle Responsibly,Storage Shelf,"A school food-system design team is evaluating a storage shelf. Your role is to frame and solve a store & handle responsibly challenge under performance, resource and safety constraints.","Define system boundary, objective and constraints; establish indicators; compare scenarios; quantify a performance metric; identify trade-offs and uncertainty; recommend an optimized or robust option with acceptance criteria.","System/process map, metric or model, scenario comparison, uncertainty/trade-off analysis and recommendation.",Clear objective; valid indicators; reproducible reasoning; constraints respected; recommendation tied to measurable acceptance criteria.,"Design a pilot test, monitoring plan or decision rule to validate the recommendation.","Use only teacher-approved materials. No tasting is required. Follow school rules for food handling, allergies, handwashing and sanitation. Teachers control knives, heat, electrical equipment, chemicals and processing machinery."
FSC-490,SSS 1-3,Solve a Food-System Challenge,Market Basket,"A school food-system design team is evaluating a market basket. Your role is to frame and solve a solve a food-system challenge challenge under performance, resource and safety constraints.","Define system boundary, objective and constraints; establish indicators; compare scenarios; quantify a performance metric; identify trade-offs and uncertainty; recommend an optimized or robust option with acceptance criteria.","System/process map, metric or model, scenario comparison, uncertainty/trade-off analysis and recommendation.",Clear objective; valid indicators; reproducible reasoning; constraints respected; recommendation tied to measurable acceptance criteria.,"Design a pilot test, monitoring plan or decision rule to validate the recommendation.","Use only teacher-approved materials. No tasting is required. Follow school rules for food handling, allergies, handwashing and sanitation. Teachers control knives, heat, electrical equipment, chemicals and processing machinery."
FSC-491,SSS 1-3,Know the Ingredient,School Food-Waste Station,"A school food-system design team is evaluating a school food-waste station. Your role is to frame and solve a know the ingredient challenge under performance, resource and safety constraints.","Define system boundary, objective and constraints; establish indicators; compare scenarios; quantify a performance metric; identify trade-offs and uncertainty; recommend an optimized or robust option with acceptance criteria.","System/process map, metric or model, scenario comparison, uncertainty/trade-off analysis and recommendation.",Clear objective; valid indicators; reproducible reasoning; constraints respected; recommendation tied to measurable acceptance criteria.,"Design a pilot test, monitoring plan or decision rule to validate the recommendation.","Use only teacher-approved materials. No tasting is required. Follow school rules for food handling, allergies, handwashing and sanitation. Teachers control knives, heat, electrical equipment, chemicals and processing machinery."
FSC-492,SSS 1-3,Build a Food Journey,School Garden,"A school food-system design team is evaluating a school garden. Your role is to frame and solve a build a food journey challenge under performance, resource and safety constraints.","Define system boundary, objective and constraints; establish indicators; compare scenarios; quantify a performance metric; identify trade-offs and uncertainty; recommend an optimized or robust option with acceptance criteria.","System/process map, metric or model, scenario comparison, uncertainty/trade-off analysis and recommendation.",Clear objective; valid indicators; reproducible reasoning; constraints respected; recommendation tied to measurable acceptance criteria.,"Design a pilot test, monitoring plan or decision rule to validate the recommendation.","Use only teacher-approved materials. No tasting is required. Follow school rules for food handling, allergies, handwashing and sanitation. Teachers control knives, heat, electrical equipment, chemicals and processing machinery."
FSC-493,SSS 1-3,Make a Food Choice,Classroom Food Table,"A school food-system design team is evaluating a classroom food table. Your role is to frame and solve a make a food choice challenge under performance, resource and safety constraints.","Define system boundary, objective and constraints; establish indicators; compare scenarios; quantify a performance metric; identify trade-offs and uncertainty; recommend an optimized or robust option with acceptance criteria.","System/process map, metric or model, scenario comparison, uncertainty/trade-off analysis and recommendation.",Clear objective; valid indicators; reproducible reasoning; constraints respected; recommendation tied to measurable acceptance criteria.,"Design a pilot test, monitoring plan or decision rule to validate the recommendation.","Use only teacher-approved materials. No tasting is required. Follow school rules for food handling, allergies, handwashing and sanitation. Teachers control knives, heat, electrical equipment, chemicals and processing machinery."
FSC-494,SSS 1-3,Read the Label,Harvest Basket,"A school food-system design team is evaluating a harvest basket. Your role is to frame and solve a read the label challenge under performance, resource and safety constraints.","Define system boundary, objective and constraints; establish indicators; compare scenarios; quantify a performance metric; identify trade-offs and uncertainty; recommend an optimized or robust option with acceptance criteria.","System/process map, metric or model, scenario comparison, uncertainty/trade-off analysis and recommendation.",Clear objective; valid indicators; reproducible reasoning; constraints respected; recommendation tied to measurable acceptance criteria.,"Design a pilot test, monitoring plan or decision rule to validate the recommendation.","Use only teacher-approved materials. No tasting is required. Follow school rules for food handling, allergies, handwashing and sanitation. Teachers control knives, heat, electrical equipment, chemicals and processing machinery."
FSC-495,SSS 1-3,Plan a Meal,Ingredient Display,"A school food-system design team is evaluating a ingredient display. Your role is to frame and solve a plan a meal challenge under performance, resource and safety constraints.","Define system boundary, objective and constraints; establish indicators; compare scenarios; quantify a performance metric; identify trade-offs and uncertainty; recommend an optimized or robust option with acceptance criteria.","System/process map, metric or model, scenario comparison, uncertainty/trade-off analysis and recommendation.",Clear objective; valid indicators; reproducible reasoning; constraints respected; recommendation tied to measurable acceptance criteria.,"Design a pilot test, monitoring plan or decision rule to validate the recommendation.","Use only teacher-approved materials. No tasting is required. Follow school rules for food handling, allergies, handwashing and sanitation. Teachers control knives, heat, electrical equipment, chemicals and processing machinery."
FSC-496,SSS 1-3,Use Water Wisely,School Lunch Scenario,"A school food-system design team is evaluating a school lunch scenario. Your role is to frame and solve a use water wisely challenge under performance, resource and safety constraints.","Define system boundary, objective and constraints; establish indicators; compare scenarios; quantify a performance metric; identify trade-offs and uncertainty; recommend an optimized or robust option with acceptance criteria.","System/process map, metric or model, scenario comparison, uncertainty/trade-off analysis and recommendation.",Clear objective; valid indicators; reproducible reasoning; constraints respected; recommendation tied to measurable acceptance criteria.,"Design a pilot test, monitoring plan or decision rule to validate the recommendation.","Use only teacher-approved materials. No tasting is required. Follow school rules for food handling, allergies, handwashing and sanitation. Teachers control knives, heat, electrical equipment, chemicals and processing machinery."
FSC-497,SSS 1-3,Reduce Food Waste,Water Station,"A school food-system design team is evaluating a water station. Your role is to frame and solve a reduce food waste challenge under performance, resource and safety constraints.","Define system boundary, objective and constraints; establish indicators; compare scenarios; quantify a performance metric; identify trade-offs and uncertainty; recommend an optimized or robust option with acceptance criteria.","System/process map, metric or model, scenario comparison, uncertainty/trade-off analysis and recommendation.",Clear objective; valid indicators; reproducible reasoning; constraints respected; recommendation tied to measurable acceptance criteria.,"Design a pilot test, monitoring plan or decision rule to validate the recommendation.","Use only teacher-approved materials. No tasting is required. Follow school rules for food handling, allergies, handwashing and sanitation. Teachers control knives, heat, electrical equipment, chemicals and processing machinery."
FSC-498,SSS 1-3,Think Seasonally,Storage Shelf,"A school food-system design team is evaluating a storage shelf. Your role is to frame and solve a think seasonally challenge under performance, resource and safety constraints.","Define system boundary, objective and constraints; establish indicators; compare scenarios; quantify a performance metric; identify trade-offs and uncertainty; recommend an optimized or robust option with acceptance criteria.","System/process map, metric or model, scenario comparison, uncertainty/trade-off analysis and recommendation.",Clear objective; valid indicators; reproducible reasoning; constraints respected; recommendation tied to measurable acceptance criteria.,"Design a pilot test, monitoring plan or decision rule to validate the recommendation.","Use only teacher-approved materials. No tasting is required. Follow school rules for food handling, allergies, handwashing and sanitation. Teachers control knives, heat, electrical equipment, chemicals and processing machinery."
FSC-499,SSS 1-3,Store & Handle Responsibly,Market Basket,"A school food-system design team is evaluating a market basket. Your role is to frame and solve a store & handle responsibly challenge under performance, resource and safety constraints.","Define system boundary, objective and constraints; establish indicators; compare scenarios; quantify a performance metric; identify trade-offs and uncertainty; recommend an optimized or robust option with acceptance criteria.","System/process map, metric or model, scenario comparison, uncertainty/trade-off analysis and recommendation.",Clear objective; valid indicators; reproducible reasoning; constraints respected; recommendation tied to measurable acceptance criteria.,"Design a pilot test, monitoring plan or decision rule to validate the recommendation.","Use only teacher-approved materials. No tasting is required. Follow school rules for food handling, allergies, handwashing and sanitation. Teachers control knives, heat, electrical equipment, chemicals and processing machinery."
FSC-500,SSS 1-3,Solve a Food-System Challenge,Food Journey Map,"A school food-system design team is evaluating a food journey map. Your role is to frame and solve a solve a food-system challenge challenge under performance, resource and safety constraints.","Define system boundary, objective and constraints; establish indicators; compare scenarios; quantify a performance metric; identify trade-offs and uncertainty; recommend an optimized or robust option with acceptance criteria.","System/process map, metric or model, scenario comparison, uncertainty/trade-off analysis and recommendation.",Clear objective; valid indicators; reproducible reasoning; constraints respected; recommendation tied to measurable acceptance criteria.,"Design a pilot test, monitoring plan or decision rule to validate the recommendation.","Use only teacher-approved materials. No tasting is required. Follow school rules for food handling, allergies, handwashing and sanitation. Teachers control knives, heat, electrical equipment, chemicals and processing machinery."
