ID,Level,Garden,Theme,Objective,Materials,DIY,Steps,Evidence,Challenge,Safety
FF-001,Nursery,Alphabet Garden,Food Origin,"Help children connect the Alphabet Garden to the idea of food origin through safe observation, matching, sorting, drawing and talk.","Picture cards, clean produce examples where approved, baskets/trays, crayons, labels, handwashing supplies.","Use locally available baskets, clean reused food-grade containers, handmade labels, paper process cards and simple balances/measuring vessels where suitable.","1. Show a garden or food example. 2. Name where it comes from. 3. Let children match, count, sort or draw. 4. Demonstrate clean hands and gentle handling. 5. Ask children to tell one step from garden to food.","Correct match, simple count/sort, drawing or oral explanation.",Can the learner show what happens before and after the selected step?,"No tasting unless the school has separately approved a supervised food activity. Wash hands before and after handling produce. Use only clean, teacher-approved samples and containers. Teachers control knives, heat, electrical equipment, chemicals and any processing machinery."
FF-002,Nursery,Alphabet Garden,Harvest Readiness,"Help children connect the Alphabet Garden to the idea of harvest readiness through safe observation, matching, sorting, drawing and talk.","Picture cards, clean produce examples where approved, baskets/trays, crayons, labels, handwashing supplies.","Use locally available baskets, clean reused food-grade containers, handmade labels, paper process cards and simple balances/measuring vessels where suitable.","1. Show a garden or food example. 2. Name where it comes from. 3. Let children match, count, sort or draw. 4. Demonstrate clean hands and gentle handling. 5. Ask children to tell one step from garden to food.","Correct match, simple count/sort, drawing or oral explanation.",Can the learner show what happens before and after the selected step?,"No tasting unless the school has separately approved a supervised food activity. Wash hands before and after handling produce. Use only clean, teacher-approved samples and containers. Teachers control knives, heat, electrical equipment, chemicals and any processing machinery."
FF-003,Nursery,Alphabet Garden,Safe Handling,"Help children connect the Alphabet Garden to the idea of safe handling through safe observation, matching, sorting, drawing and talk.","Picture cards, clean produce examples where approved, baskets/trays, crayons, labels, handwashing supplies.","Use locally available baskets, clean reused food-grade containers, handmade labels, paper process cards and simple balances/measuring vessels where suitable.","1. Show a garden or food example. 2. Name where it comes from. 3. Let children match, count, sort or draw. 4. Demonstrate clean hands and gentle handling. 5. Ask children to tell one step from garden to food.","Correct match, simple count/sort, drawing or oral explanation.",Can the learner show what happens before and after the selected step?,"No tasting unless the school has separately approved a supervised food activity. Wash hands before and after handling produce. Use only clean, teacher-approved samples and containers. Teachers control knives, heat, electrical equipment, chemicals and any processing machinery."
FF-004,Nursery,Alphabet Garden,Sorting & Quality,"Help children connect the Alphabet Garden to the idea of sorting & quality through safe observation, matching, sorting, drawing and talk.","Picture cards, clean produce examples where approved, baskets/trays, crayons, labels, handwashing supplies.","Use locally available baskets, clean reused food-grade containers, handmade labels, paper process cards and simple balances/measuring vessels where suitable.","1. Show a garden or food example. 2. Name where it comes from. 3. Let children match, count, sort or draw. 4. Demonstrate clean hands and gentle handling. 5. Ask children to tell one step from garden to food.","Correct match, simple count/sort, drawing or oral explanation.",Can the learner show what happens before and after the selected step?,"No tasting unless the school has separately approved a supervised food activity. Wash hands before and after handling produce. Use only clean, teacher-approved samples and containers. Teachers control knives, heat, electrical equipment, chemicals and any processing machinery."
FF-005,Nursery,Alphabet Garden,Farm-to-Food Journey,"Help children connect the Alphabet Garden to the idea of farm-to-food journey through safe observation, matching, sorting, drawing and talk.","Picture cards, clean produce examples where approved, baskets/trays, crayons, labels, handwashing supplies.","Use locally available baskets, clean reused food-grade containers, handmade labels, paper process cards and simple balances/measuring vessels where suitable.","1. Show a garden or food example. 2. Name where it comes from. 3. Let children match, count, sort or draw. 4. Demonstrate clean hands and gentle handling. 5. Ask children to tell one step from garden to food.","Correct match, simple count/sort, drawing or oral explanation.",Can the learner show what happens before and after the selected step?,"No tasting unless the school has separately approved a supervised food activity. Wash hands before and after handling produce. Use only clean, teacher-approved samples and containers. Teachers control knives, heat, electrical equipment, chemicals and any processing machinery."
FF-006,Nursery,Alphabet Garden,Measurement & Yield,"Help children connect the Alphabet Garden to the idea of measurement & yield through safe observation, matching, sorting, drawing and talk.","Picture cards, clean produce examples where approved, baskets/trays, crayons, labels, handwashing supplies.","Use locally available baskets, clean reused food-grade containers, handmade labels, paper process cards and simple balances/measuring vessels where suitable.","1. Show a garden or food example. 2. Name where it comes from. 3. Let children match, count, sort or draw. 4. Demonstrate clean hands and gentle handling. 5. Ask children to tell one step from garden to food.","Correct match, simple count/sort, drawing or oral explanation.",Can the learner show what happens before and after the selected step?,"No tasting unless the school has separately approved a supervised food activity. Wash hands before and after handling produce. Use only clean, teacher-approved samples and containers. Teachers control knives, heat, electrical equipment, chemicals and any processing machinery."
FF-007,Nursery,Alphabet Garden,Storage & Loss,"Help children connect the Alphabet Garden to the idea of storage & loss through safe observation, matching, sorting, drawing and talk.","Picture cards, clean produce examples where approved, baskets/trays, crayons, labels, handwashing supplies.","Use locally available baskets, clean reused food-grade containers, handmade labels, paper process cards and simple balances/measuring vessels where suitable.","1. Show a garden or food example. 2. Name where it comes from. 3. Let children match, count, sort or draw. 4. Demonstrate clean hands and gentle handling. 5. Ask children to tell one step from garden to food.","Correct match, simple count/sort, drawing or oral explanation.",Can the learner show what happens before and after the selected step?,"No tasting unless the school has separately approved a supervised food activity. Wash hands before and after handling produce. Use only clean, teacher-approved samples and containers. Teachers control knives, heat, electrical equipment, chemicals and any processing machinery."
FF-008,Nursery,Alphabet Garden,Preparation Pathway,"Help children connect the Alphabet Garden to the idea of preparation pathway through safe observation, matching, sorting, drawing and talk.","Picture cards, clean produce examples where approved, baskets/trays, crayons, labels, handwashing supplies.","Use locally available baskets, clean reused food-grade containers, handmade labels, paper process cards and simple balances/measuring vessels where suitable.","1. Show a garden or food example. 2. Name where it comes from. 3. Let children match, count, sort or draw. 4. Demonstrate clean hands and gentle handling. 5. Ask children to tell one step from garden to food.","Correct match, simple count/sort, drawing or oral explanation.",Can the learner show what happens before and after the selected step?,"No tasting unless the school has separately approved a supervised food activity. Wash hands before and after handling produce. Use only clean, teacher-approved samples and containers. Teachers control knives, heat, electrical equipment, chemicals and any processing machinery."
FF-009,Nursery,Alphabet Garden,Food Choice & Literacy,"Help children connect the Alphabet Garden to the idea of food choice & literacy through safe observation, matching, sorting, drawing and talk.","Picture cards, clean produce examples where approved, baskets/trays, crayons, labels, handwashing supplies.","Use locally available baskets, clean reused food-grade containers, handmade labels, paper process cards and simple balances/measuring vessels where suitable.","1. Show a garden or food example. 2. Name where it comes from. 3. Let children match, count, sort or draw. 4. Demonstrate clean hands and gentle handling. 5. Ask children to tell one step from garden to food.","Correct match, simple count/sort, drawing or oral explanation.",Can the learner show what happens before and after the selected step?,"No tasting unless the school has separately approved a supervised food activity. Wash hands before and after handling produce. Use only clean, teacher-approved samples and containers. Teachers control knives, heat, electrical equipment, chemicals and any processing machinery."
FF-010,Nursery,Alphabet Garden,Waste-to-Resource,"Help children connect the Alphabet Garden to the idea of waste-to-resource through safe observation, matching, sorting, drawing and talk.","Picture cards, clean produce examples where approved, baskets/trays, crayons, labels, handwashing supplies.","Use locally available baskets, clean reused food-grade containers, handmade labels, paper process cards and simple balances/measuring vessels where suitable.","1. Show a garden or food example. 2. Name where it comes from. 3. Let children match, count, sort or draw. 4. Demonstrate clean hands and gentle handling. 5. Ask children to tell one step from garden to food.","Correct match, simple count/sort, drawing or oral explanation.",Can the learner show what happens before and after the selected step?,"No tasting unless the school has separately approved a supervised food activity. Wash hands before and after handling produce. Use only clean, teacher-approved samples and containers. Teachers control knives, heat, electrical equipment, chemicals and any processing machinery."
FF-011,Nursery,Number Garden,Food Origin,"Help children connect the Number Garden to the idea of food origin through safe observation, matching, sorting, drawing and talk.","Picture cards, clean produce examples where approved, baskets/trays, crayons, labels, handwashing supplies.","Use locally available baskets, clean reused food-grade containers, handmade labels, paper process cards and simple balances/measuring vessels where suitable.","1. Show a garden or food example. 2. Name where it comes from. 3. Let children match, count, sort or draw. 4. Demonstrate clean hands and gentle handling. 5. Ask children to tell one step from garden to food.","Correct match, simple count/sort, drawing or oral explanation.",Can the learner show what happens before and after the selected step?,"No tasting unless the school has separately approved a supervised food activity. Wash hands before and after handling produce. Use only clean, teacher-approved samples and containers. Teachers control knives, heat, electrical equipment, chemicals and any processing machinery."
FF-012,Nursery,Number Garden,Harvest Readiness,"Help children connect the Number Garden to the idea of harvest readiness through safe observation, matching, sorting, drawing and talk.","Picture cards, clean produce examples where approved, baskets/trays, crayons, labels, handwashing supplies.","Use locally available baskets, clean reused food-grade containers, handmade labels, paper process cards and simple balances/measuring vessels where suitable.","1. Show a garden or food example. 2. Name where it comes from. 3. Let children match, count, sort or draw. 4. Demonstrate clean hands and gentle handling. 5. Ask children to tell one step from garden to food.","Correct match, simple count/sort, drawing or oral explanation.",Can the learner show what happens before and after the selected step?,"No tasting unless the school has separately approved a supervised food activity. Wash hands before and after handling produce. Use only clean, teacher-approved samples and containers. Teachers control knives, heat, electrical equipment, chemicals and any processing machinery."
FF-013,Nursery,Number Garden,Safe Handling,"Help children connect the Number Garden to the idea of safe handling through safe observation, matching, sorting, drawing and talk.","Picture cards, clean produce examples where approved, baskets/trays, crayons, labels, handwashing supplies.","Use locally available baskets, clean reused food-grade containers, handmade labels, paper process cards and simple balances/measuring vessels where suitable.","1. Show a garden or food example. 2. Name where it comes from. 3. Let children match, count, sort or draw. 4. Demonstrate clean hands and gentle handling. 5. Ask children to tell one step from garden to food.","Correct match, simple count/sort, drawing or oral explanation.",Can the learner show what happens before and after the selected step?,"No tasting unless the school has separately approved a supervised food activity. Wash hands before and after handling produce. Use only clean, teacher-approved samples and containers. Teachers control knives, heat, electrical equipment, chemicals and any processing machinery."
FF-014,Nursery,Number Garden,Sorting & Quality,"Help children connect the Number Garden to the idea of sorting & quality through safe observation, matching, sorting, drawing and talk.","Picture cards, clean produce examples where approved, baskets/trays, crayons, labels, handwashing supplies.","Use locally available baskets, clean reused food-grade containers, handmade labels, paper process cards and simple balances/measuring vessels where suitable.","1. Show a garden or food example. 2. Name where it comes from. 3. Let children match, count, sort or draw. 4. Demonstrate clean hands and gentle handling. 5. Ask children to tell one step from garden to food.","Correct match, simple count/sort, drawing or oral explanation.",Can the learner show what happens before and after the selected step?,"No tasting unless the school has separately approved a supervised food activity. Wash hands before and after handling produce. Use only clean, teacher-approved samples and containers. Teachers control knives, heat, electrical equipment, chemicals and any processing machinery."
FF-015,Nursery,Number Garden,Farm-to-Food Journey,"Help children connect the Number Garden to the idea of farm-to-food journey through safe observation, matching, sorting, drawing and talk.","Picture cards, clean produce examples where approved, baskets/trays, crayons, labels, handwashing supplies.","Use locally available baskets, clean reused food-grade containers, handmade labels, paper process cards and simple balances/measuring vessels where suitable.","1. Show a garden or food example. 2. Name where it comes from. 3. Let children match, count, sort or draw. 4. Demonstrate clean hands and gentle handling. 5. Ask children to tell one step from garden to food.","Correct match, simple count/sort, drawing or oral explanation.",Can the learner show what happens before and after the selected step?,"No tasting unless the school has separately approved a supervised food activity. Wash hands before and after handling produce. Use only clean, teacher-approved samples and containers. Teachers control knives, heat, electrical equipment, chemicals and any processing machinery."
FF-016,Nursery,Number Garden,Measurement & Yield,"Help children connect the Number Garden to the idea of measurement & yield through safe observation, matching, sorting, drawing and talk.","Picture cards, clean produce examples where approved, baskets/trays, crayons, labels, handwashing supplies.","Use locally available baskets, clean reused food-grade containers, handmade labels, paper process cards and simple balances/measuring vessels where suitable.","1. Show a garden or food example. 2. Name where it comes from. 3. Let children match, count, sort or draw. 4. Demonstrate clean hands and gentle handling. 5. Ask children to tell one step from garden to food.","Correct match, simple count/sort, drawing or oral explanation.",Can the learner show what happens before and after the selected step?,"No tasting unless the school has separately approved a supervised food activity. Wash hands before and after handling produce. Use only clean, teacher-approved samples and containers. Teachers control knives, heat, electrical equipment, chemicals and any processing machinery."
FF-017,Nursery,Number Garden,Storage & Loss,"Help children connect the Number Garden to the idea of storage & loss through safe observation, matching, sorting, drawing and talk.","Picture cards, clean produce examples where approved, baskets/trays, crayons, labels, handwashing supplies.","Use locally available baskets, clean reused food-grade containers, handmade labels, paper process cards and simple balances/measuring vessels where suitable.","1. Show a garden or food example. 2. Name where it comes from. 3. Let children match, count, sort or draw. 4. Demonstrate clean hands and gentle handling. 5. Ask children to tell one step from garden to food.","Correct match, simple count/sort, drawing or oral explanation.",Can the learner show what happens before and after the selected step?,"No tasting unless the school has separately approved a supervised food activity. Wash hands before and after handling produce. Use only clean, teacher-approved samples and containers. Teachers control knives, heat, electrical equipment, chemicals and any processing machinery."
FF-018,Nursery,Number Garden,Preparation Pathway,"Help children connect the Number Garden to the idea of preparation pathway through safe observation, matching, sorting, drawing and talk.","Picture cards, clean produce examples where approved, baskets/trays, crayons, labels, handwashing supplies.","Use locally available baskets, clean reused food-grade containers, handmade labels, paper process cards and simple balances/measuring vessels where suitable.","1. Show a garden or food example. 2. Name where it comes from. 3. Let children match, count, sort or draw. 4. Demonstrate clean hands and gentle handling. 5. Ask children to tell one step from garden to food.","Correct match, simple count/sort, drawing or oral explanation.",Can the learner show what happens before and after the selected step?,"No tasting unless the school has separately approved a supervised food activity. Wash hands before and after handling produce. Use only clean, teacher-approved samples and containers. Teachers control knives, heat, electrical equipment, chemicals and any processing machinery."
FF-019,Nursery,Number Garden,Food Choice & Literacy,"Help children connect the Number Garden to the idea of food choice & literacy through safe observation, matching, sorting, drawing and talk.","Picture cards, clean produce examples where approved, baskets/trays, crayons, labels, handwashing supplies.","Use locally available baskets, clean reused food-grade containers, handmade labels, paper process cards and simple balances/measuring vessels where suitable.","1. Show a garden or food example. 2. Name where it comes from. 3. Let children match, count, sort or draw. 4. Demonstrate clean hands and gentle handling. 5. Ask children to tell one step from garden to food.","Correct match, simple count/sort, drawing or oral explanation.",Can the learner show what happens before and after the selected step?,"No tasting unless the school has separately approved a supervised food activity. Wash hands before and after handling produce. Use only clean, teacher-approved samples and containers. Teachers control knives, heat, electrical equipment, chemicals and any processing machinery."
FF-020,Nursery,Number Garden,Waste-to-Resource,"Help children connect the Number Garden to the idea of waste-to-resource through safe observation, matching, sorting, drawing and talk.","Picture cards, clean produce examples where approved, baskets/trays, crayons, labels, handwashing supplies.","Use locally available baskets, clean reused food-grade containers, handmade labels, paper process cards and simple balances/measuring vessels where suitable.","1. Show a garden or food example. 2. Name where it comes from. 3. Let children match, count, sort or draw. 4. Demonstrate clean hands and gentle handling. 5. Ask children to tell one step from garden to food.","Correct match, simple count/sort, drawing or oral explanation.",Can the learner show what happens before and after the selected step?,"No tasting unless the school has separately approved a supervised food activity. Wash hands before and after handling produce. Use only clean, teacher-approved samples and containers. Teachers control knives, heat, electrical equipment, chemicals and any processing machinery."
FF-021,Nursery,Geometry Garden,Food Origin,"Help children connect the Geometry Garden to the idea of food origin through safe observation, matching, sorting, drawing and talk.","Picture cards, clean produce examples where approved, baskets/trays, crayons, labels, handwashing supplies.","Use locally available baskets, clean reused food-grade containers, handmade labels, paper process cards and simple balances/measuring vessels where suitable.","1. Show a garden or food example. 2. Name where it comes from. 3. Let children match, count, sort or draw. 4. Demonstrate clean hands and gentle handling. 5. Ask children to tell one step from garden to food.","Correct match, simple count/sort, drawing or oral explanation.",Can the learner show what happens before and after the selected step?,"No tasting unless the school has separately approved a supervised food activity. Wash hands before and after handling produce. Use only clean, teacher-approved samples and containers. Teachers control knives, heat, electrical equipment, chemicals and any processing machinery."
FF-022,Nursery,Geometry Garden,Harvest Readiness,"Help children connect the Geometry Garden to the idea of harvest readiness through safe observation, matching, sorting, drawing and talk.","Picture cards, clean produce examples where approved, baskets/trays, crayons, labels, handwashing supplies.","Use locally available baskets, clean reused food-grade containers, handmade labels, paper process cards and simple balances/measuring vessels where suitable.","1. Show a garden or food example. 2. Name where it comes from. 3. Let children match, count, sort or draw. 4. Demonstrate clean hands and gentle handling. 5. Ask children to tell one step from garden to food.","Correct match, simple count/sort, drawing or oral explanation.",Can the learner show what happens before and after the selected step?,"No tasting unless the school has separately approved a supervised food activity. Wash hands before and after handling produce. Use only clean, teacher-approved samples and containers. Teachers control knives, heat, electrical equipment, chemicals and any processing machinery."
FF-023,Nursery,Geometry Garden,Safe Handling,"Help children connect the Geometry Garden to the idea of safe handling through safe observation, matching, sorting, drawing and talk.","Picture cards, clean produce examples where approved, baskets/trays, crayons, labels, handwashing supplies.","Use locally available baskets, clean reused food-grade containers, handmade labels, paper process cards and simple balances/measuring vessels where suitable.","1. Show a garden or food example. 2. Name where it comes from. 3. Let children match, count, sort or draw. 4. Demonstrate clean hands and gentle handling. 5. Ask children to tell one step from garden to food.","Correct match, simple count/sort, drawing or oral explanation.",Can the learner show what happens before and after the selected step?,"No tasting unless the school has separately approved a supervised food activity. Wash hands before and after handling produce. Use only clean, teacher-approved samples and containers. Teachers control knives, heat, electrical equipment, chemicals and any processing machinery."
FF-024,Nursery,Geometry Garden,Sorting & Quality,"Help children connect the Geometry Garden to the idea of sorting & quality through safe observation, matching, sorting, drawing and talk.","Picture cards, clean produce examples where approved, baskets/trays, crayons, labels, handwashing supplies.","Use locally available baskets, clean reused food-grade containers, handmade labels, paper process cards and simple balances/measuring vessels where suitable.","1. Show a garden or food example. 2. Name where it comes from. 3. Let children match, count, sort or draw. 4. Demonstrate clean hands and gentle handling. 5. Ask children to tell one step from garden to food.","Correct match, simple count/sort, drawing or oral explanation.",Can the learner show what happens before and after the selected step?,"No tasting unless the school has separately approved a supervised food activity. Wash hands before and after handling produce. Use only clean, teacher-approved samples and containers. Teachers control knives, heat, electrical equipment, chemicals and any processing machinery."
FF-025,Nursery,Geometry Garden,Farm-to-Food Journey,"Help children connect the Geometry Garden to the idea of farm-to-food journey through safe observation, matching, sorting, drawing and talk.","Picture cards, clean produce examples where approved, baskets/trays, crayons, labels, handwashing supplies.","Use locally available baskets, clean reused food-grade containers, handmade labels, paper process cards and simple balances/measuring vessels where suitable.","1. Show a garden or food example. 2. Name where it comes from. 3. Let children match, count, sort or draw. 4. Demonstrate clean hands and gentle handling. 5. Ask children to tell one step from garden to food.","Correct match, simple count/sort, drawing or oral explanation.",Can the learner show what happens before and after the selected step?,"No tasting unless the school has separately approved a supervised food activity. Wash hands before and after handling produce. Use only clean, teacher-approved samples and containers. Teachers control knives, heat, electrical equipment, chemicals and any processing machinery."
FF-026,Nursery,Geometry Garden,Measurement & Yield,"Help children connect the Geometry Garden to the idea of measurement & yield through safe observation, matching, sorting, drawing and talk.","Picture cards, clean produce examples where approved, baskets/trays, crayons, labels, handwashing supplies.","Use locally available baskets, clean reused food-grade containers, handmade labels, paper process cards and simple balances/measuring vessels where suitable.","1. Show a garden or food example. 2. Name where it comes from. 3. Let children match, count, sort or draw. 4. Demonstrate clean hands and gentle handling. 5. Ask children to tell one step from garden to food.","Correct match, simple count/sort, drawing or oral explanation.",Can the learner show what happens before and after the selected step?,"No tasting unless the school has separately approved a supervised food activity. Wash hands before and after handling produce. Use only clean, teacher-approved samples and containers. Teachers control knives, heat, electrical equipment, chemicals and any processing machinery."
FF-027,Nursery,Geometry Garden,Storage & Loss,"Help children connect the Geometry Garden to the idea of storage & loss through safe observation, matching, sorting, drawing and talk.","Picture cards, clean produce examples where approved, baskets/trays, crayons, labels, handwashing supplies.","Use locally available baskets, clean reused food-grade containers, handmade labels, paper process cards and simple balances/measuring vessels where suitable.","1. Show a garden or food example. 2. Name where it comes from. 3. Let children match, count, sort or draw. 4. Demonstrate clean hands and gentle handling. 5. Ask children to tell one step from garden to food.","Correct match, simple count/sort, drawing or oral explanation.",Can the learner show what happens before and after the selected step?,"No tasting unless the school has separately approved a supervised food activity. Wash hands before and after handling produce. Use only clean, teacher-approved samples and containers. Teachers control knives, heat, electrical equipment, chemicals and any processing machinery."
FF-028,Nursery,Geometry Garden,Preparation Pathway,"Help children connect the Geometry Garden to the idea of preparation pathway through safe observation, matching, sorting, drawing and talk.","Picture cards, clean produce examples where approved, baskets/trays, crayons, labels, handwashing supplies.","Use locally available baskets, clean reused food-grade containers, handmade labels, paper process cards and simple balances/measuring vessels where suitable.","1. Show a garden or food example. 2. Name where it comes from. 3. Let children match, count, sort or draw. 4. Demonstrate clean hands and gentle handling. 5. Ask children to tell one step from garden to food.","Correct match, simple count/sort, drawing or oral explanation.",Can the learner show what happens before and after the selected step?,"No tasting unless the school has separately approved a supervised food activity. Wash hands before and after handling produce. Use only clean, teacher-approved samples and containers. Teachers control knives, heat, electrical equipment, chemicals and any processing machinery."
FF-029,Nursery,Geometry Garden,Food Choice & Literacy,"Help children connect the Geometry Garden to the idea of food choice & literacy through safe observation, matching, sorting, drawing and talk.","Picture cards, clean produce examples where approved, baskets/trays, crayons, labels, handwashing supplies.","Use locally available baskets, clean reused food-grade containers, handmade labels, paper process cards and simple balances/measuring vessels where suitable.","1. Show a garden or food example. 2. Name where it comes from. 3. Let children match, count, sort or draw. 4. Demonstrate clean hands and gentle handling. 5. Ask children to tell one step from garden to food.","Correct match, simple count/sort, drawing or oral explanation.",Can the learner show what happens before and after the selected step?,"No tasting unless the school has separately approved a supervised food activity. Wash hands before and after handling produce. Use only clean, teacher-approved samples and containers. Teachers control knives, heat, electrical equipment, chemicals and any processing machinery."
FF-030,Nursery,Geometry Garden,Waste-to-Resource,"Help children connect the Geometry Garden to the idea of waste-to-resource through safe observation, matching, sorting, drawing and talk.","Picture cards, clean produce examples where approved, baskets/trays, crayons, labels, handwashing supplies.","Use locally available baskets, clean reused food-grade containers, handmade labels, paper process cards and simple balances/measuring vessels where suitable.","1. Show a garden or food example. 2. Name where it comes from. 3. Let children match, count, sort or draw. 4. Demonstrate clean hands and gentle handling. 5. Ask children to tell one step from garden to food.","Correct match, simple count/sort, drawing or oral explanation.",Can the learner show what happens before and after the selected step?,"No tasting unless the school has separately approved a supervised food activity. Wash hands before and after handling produce. Use only clean, teacher-approved samples and containers. Teachers control knives, heat, electrical equipment, chemicals and any processing machinery."
FF-031,Nursery,Leaf Garden,Food Origin,"Help children connect the Leaf Garden to the idea of food origin through safe observation, matching, sorting, drawing and talk.","Picture cards, clean produce examples where approved, baskets/trays, crayons, labels, handwashing supplies.","Use locally available baskets, clean reused food-grade containers, handmade labels, paper process cards and simple balances/measuring vessels where suitable.","1. Show a garden or food example. 2. Name where it comes from. 3. Let children match, count, sort or draw. 4. Demonstrate clean hands and gentle handling. 5. Ask children to tell one step from garden to food.","Correct match, simple count/sort, drawing or oral explanation.",Can the learner show what happens before and after the selected step?,"No tasting unless the school has separately approved a supervised food activity. Wash hands before and after handling produce. Use only clean, teacher-approved samples and containers. Teachers control knives, heat, electrical equipment, chemicals and any processing machinery."
FF-032,Nursery,Leaf Garden,Harvest Readiness,"Help children connect the Leaf Garden to the idea of harvest readiness through safe observation, matching, sorting, drawing and talk.","Picture cards, clean produce examples where approved, baskets/trays, crayons, labels, handwashing supplies.","Use locally available baskets, clean reused food-grade containers, handmade labels, paper process cards and simple balances/measuring vessels where suitable.","1. Show a garden or food example. 2. Name where it comes from. 3. Let children match, count, sort or draw. 4. Demonstrate clean hands and gentle handling. 5. Ask children to tell one step from garden to food.","Correct match, simple count/sort, drawing or oral explanation.",Can the learner show what happens before and after the selected step?,"No tasting unless the school has separately approved a supervised food activity. Wash hands before and after handling produce. Use only clean, teacher-approved samples and containers. Teachers control knives, heat, electrical equipment, chemicals and any processing machinery."
FF-033,Nursery,Leaf Garden,Safe Handling,"Help children connect the Leaf Garden to the idea of safe handling through safe observation, matching, sorting, drawing and talk.","Picture cards, clean produce examples where approved, baskets/trays, crayons, labels, handwashing supplies.","Use locally available baskets, clean reused food-grade containers, handmade labels, paper process cards and simple balances/measuring vessels where suitable.","1. Show a garden or food example. 2. Name where it comes from. 3. Let children match, count, sort or draw. 4. Demonstrate clean hands and gentle handling. 5. Ask children to tell one step from garden to food.","Correct match, simple count/sort, drawing or oral explanation.",Can the learner show what happens before and after the selected step?,"No tasting unless the school has separately approved a supervised food activity. Wash hands before and after handling produce. Use only clean, teacher-approved samples and containers. Teachers control knives, heat, electrical equipment, chemicals and any processing machinery."
FF-034,Nursery,Leaf Garden,Sorting & Quality,"Help children connect the Leaf Garden to the idea of sorting & quality through safe observation, matching, sorting, drawing and talk.","Picture cards, clean produce examples where approved, baskets/trays, crayons, labels, handwashing supplies.","Use locally available baskets, clean reused food-grade containers, handmade labels, paper process cards and simple balances/measuring vessels where suitable.","1. Show a garden or food example. 2. Name where it comes from. 3. Let children match, count, sort or draw. 4. Demonstrate clean hands and gentle handling. 5. Ask children to tell one step from garden to food.","Correct match, simple count/sort, drawing or oral explanation.",Can the learner show what happens before and after the selected step?,"No tasting unless the school has separately approved a supervised food activity. Wash hands before and after handling produce. Use only clean, teacher-approved samples and containers. Teachers control knives, heat, electrical equipment, chemicals and any processing machinery."
FF-035,Nursery,Leaf Garden,Farm-to-Food Journey,"Help children connect the Leaf Garden to the idea of farm-to-food journey through safe observation, matching, sorting, drawing and talk.","Picture cards, clean produce examples where approved, baskets/trays, crayons, labels, handwashing supplies.","Use locally available baskets, clean reused food-grade containers, handmade labels, paper process cards and simple balances/measuring vessels where suitable.","1. Show a garden or food example. 2. Name where it comes from. 3. Let children match, count, sort or draw. 4. Demonstrate clean hands and gentle handling. 5. Ask children to tell one step from garden to food.","Correct match, simple count/sort, drawing or oral explanation.",Can the learner show what happens before and after the selected step?,"No tasting unless the school has separately approved a supervised food activity. Wash hands before and after handling produce. Use only clean, teacher-approved samples and containers. Teachers control knives, heat, electrical equipment, chemicals and any processing machinery."
FF-036,Nursery,Leaf Garden,Measurement & Yield,"Help children connect the Leaf Garden to the idea of measurement & yield through safe observation, matching, sorting, drawing and talk.","Picture cards, clean produce examples where approved, baskets/trays, crayons, labels, handwashing supplies.","Use locally available baskets, clean reused food-grade containers, handmade labels, paper process cards and simple balances/measuring vessels where suitable.","1. Show a garden or food example. 2. Name where it comes from. 3. Let children match, count, sort or draw. 4. Demonstrate clean hands and gentle handling. 5. Ask children to tell one step from garden to food.","Correct match, simple count/sort, drawing or oral explanation.",Can the learner show what happens before and after the selected step?,"No tasting unless the school has separately approved a supervised food activity. Wash hands before and after handling produce. Use only clean, teacher-approved samples and containers. Teachers control knives, heat, electrical equipment, chemicals and any processing machinery."
FF-037,Nursery,Leaf Garden,Storage & Loss,"Help children connect the Leaf Garden to the idea of storage & loss through safe observation, matching, sorting, drawing and talk.","Picture cards, clean produce examples where approved, baskets/trays, crayons, labels, handwashing supplies.","Use locally available baskets, clean reused food-grade containers, handmade labels, paper process cards and simple balances/measuring vessels where suitable.","1. Show a garden or food example. 2. Name where it comes from. 3. Let children match, count, sort or draw. 4. Demonstrate clean hands and gentle handling. 5. Ask children to tell one step from garden to food.","Correct match, simple count/sort, drawing or oral explanation.",Can the learner show what happens before and after the selected step?,"No tasting unless the school has separately approved a supervised food activity. Wash hands before and after handling produce. Use only clean, teacher-approved samples and containers. Teachers control knives, heat, electrical equipment, chemicals and any processing machinery."
FF-038,Nursery,Leaf Garden,Preparation Pathway,"Help children connect the Leaf Garden to the idea of preparation pathway through safe observation, matching, sorting, drawing and talk.","Picture cards, clean produce examples where approved, baskets/trays, crayons, labels, handwashing supplies.","Use locally available baskets, clean reused food-grade containers, handmade labels, paper process cards and simple balances/measuring vessels where suitable.","1. Show a garden or food example. 2. Name where it comes from. 3. Let children match, count, sort or draw. 4. Demonstrate clean hands and gentle handling. 5. Ask children to tell one step from garden to food.","Correct match, simple count/sort, drawing or oral explanation.",Can the learner show what happens before and after the selected step?,"No tasting unless the school has separately approved a supervised food activity. Wash hands before and after handling produce. Use only clean, teacher-approved samples and containers. Teachers control knives, heat, electrical equipment, chemicals and any processing machinery."
FF-039,Nursery,Leaf Garden,Food Choice & Literacy,"Help children connect the Leaf Garden to the idea of food choice & literacy through safe observation, matching, sorting, drawing and talk.","Picture cards, clean produce examples where approved, baskets/trays, crayons, labels, handwashing supplies.","Use locally available baskets, clean reused food-grade containers, handmade labels, paper process cards and simple balances/measuring vessels where suitable.","1. Show a garden or food example. 2. Name where it comes from. 3. Let children match, count, sort or draw. 4. Demonstrate clean hands and gentle handling. 5. Ask children to tell one step from garden to food.","Correct match, simple count/sort, drawing or oral explanation.",Can the learner show what happens before and after the selected step?,"No tasting unless the school has separately approved a supervised food activity. Wash hands before and after handling produce. Use only clean, teacher-approved samples and containers. Teachers control knives, heat, electrical equipment, chemicals and any processing machinery."
FF-040,Nursery,Leaf Garden,Waste-to-Resource,"Help children connect the Leaf Garden to the idea of waste-to-resource through safe observation, matching, sorting, drawing and talk.","Picture cards, clean produce examples where approved, baskets/trays, crayons, labels, handwashing supplies.","Use locally available baskets, clean reused food-grade containers, handmade labels, paper process cards and simple balances/measuring vessels where suitable.","1. Show a garden or food example. 2. Name where it comes from. 3. Let children match, count, sort or draw. 4. Demonstrate clean hands and gentle handling. 5. Ask children to tell one step from garden to food.","Correct match, simple count/sort, drawing or oral explanation.",Can the learner show what happens before and after the selected step?,"No tasting unless the school has separately approved a supervised food activity. Wash hands before and after handling produce. Use only clean, teacher-approved samples and containers. Teachers control knives, heat, electrical equipment, chemicals and any processing machinery."
FF-041,Nursery,Butterfly Garden,Food Origin,"Help children connect the Butterfly Garden to the idea of food origin through safe observation, matching, sorting, drawing and talk.","Picture cards, clean produce examples where approved, baskets/trays, crayons, labels, handwashing supplies.","Use locally available baskets, clean reused food-grade containers, handmade labels, paper process cards and simple balances/measuring vessels where suitable.","1. Show a garden or food example. 2. Name where it comes from. 3. Let children match, count, sort or draw. 4. Demonstrate clean hands and gentle handling. 5. Ask children to tell one step from garden to food.","Correct match, simple count/sort, drawing or oral explanation.",Can the learner show what happens before and after the selected step?,"No tasting unless the school has separately approved a supervised food activity. Wash hands before and after handling produce. Use only clean, teacher-approved samples and containers. Teachers control knives, heat, electrical equipment, chemicals and any processing machinery."
FF-042,Nursery,Butterfly Garden,Harvest Readiness,"Help children connect the Butterfly Garden to the idea of harvest readiness through safe observation, matching, sorting, drawing and talk.","Picture cards, clean produce examples where approved, baskets/trays, crayons, labels, handwashing supplies.","Use locally available baskets, clean reused food-grade containers, handmade labels, paper process cards and simple balances/measuring vessels where suitable.","1. Show a garden or food example. 2. Name where it comes from. 3. Let children match, count, sort or draw. 4. Demonstrate clean hands and gentle handling. 5. Ask children to tell one step from garden to food.","Correct match, simple count/sort, drawing or oral explanation.",Can the learner show what happens before and after the selected step?,"No tasting unless the school has separately approved a supervised food activity. Wash hands before and after handling produce. Use only clean, teacher-approved samples and containers. Teachers control knives, heat, electrical equipment, chemicals and any processing machinery."
FF-043,Nursery,Butterfly Garden,Safe Handling,"Help children connect the Butterfly Garden to the idea of safe handling through safe observation, matching, sorting, drawing and talk.","Picture cards, clean produce examples where approved, baskets/trays, crayons, labels, handwashing supplies.","Use locally available baskets, clean reused food-grade containers, handmade labels, paper process cards and simple balances/measuring vessels where suitable.","1. Show a garden or food example. 2. Name where it comes from. 3. Let children match, count, sort or draw. 4. Demonstrate clean hands and gentle handling. 5. Ask children to tell one step from garden to food.","Correct match, simple count/sort, drawing or oral explanation.",Can the learner show what happens before and after the selected step?,"No tasting unless the school has separately approved a supervised food activity. Wash hands before and after handling produce. Use only clean, teacher-approved samples and containers. Teachers control knives, heat, electrical equipment, chemicals and any processing machinery."
FF-044,Nursery,Butterfly Garden,Sorting & Quality,"Help children connect the Butterfly Garden to the idea of sorting & quality through safe observation, matching, sorting, drawing and talk.","Picture cards, clean produce examples where approved, baskets/trays, crayons, labels, handwashing supplies.","Use locally available baskets, clean reused food-grade containers, handmade labels, paper process cards and simple balances/measuring vessels where suitable.","1. Show a garden or food example. 2. Name where it comes from. 3. Let children match, count, sort or draw. 4. Demonstrate clean hands and gentle handling. 5. Ask children to tell one step from garden to food.","Correct match, simple count/sort, drawing or oral explanation.",Can the learner show what happens before and after the selected step?,"No tasting unless the school has separately approved a supervised food activity. Wash hands before and after handling produce. Use only clean, teacher-approved samples and containers. Teachers control knives, heat, electrical equipment, chemicals and any processing machinery."
FF-045,Nursery,Butterfly Garden,Farm-to-Food Journey,"Help children connect the Butterfly Garden to the idea of farm-to-food journey through safe observation, matching, sorting, drawing and talk.","Picture cards, clean produce examples where approved, baskets/trays, crayons, labels, handwashing supplies.","Use locally available baskets, clean reused food-grade containers, handmade labels, paper process cards and simple balances/measuring vessels where suitable.","1. Show a garden or food example. 2. Name where it comes from. 3. Let children match, count, sort or draw. 4. Demonstrate clean hands and gentle handling. 5. Ask children to tell one step from garden to food.","Correct match, simple count/sort, drawing or oral explanation.",Can the learner show what happens before and after the selected step?,"No tasting unless the school has separately approved a supervised food activity. Wash hands before and after handling produce. Use only clean, teacher-approved samples and containers. Teachers control knives, heat, electrical equipment, chemicals and any processing machinery."
FF-046,Nursery,Butterfly Garden,Measurement & Yield,"Help children connect the Butterfly Garden to the idea of measurement & yield through safe observation, matching, sorting, drawing and talk.","Picture cards, clean produce examples where approved, baskets/trays, crayons, labels, handwashing supplies.","Use locally available baskets, clean reused food-grade containers, handmade labels, paper process cards and simple balances/measuring vessels where suitable.","1. Show a garden or food example. 2. Name where it comes from. 3. Let children match, count, sort or draw. 4. Demonstrate clean hands and gentle handling. 5. Ask children to tell one step from garden to food.","Correct match, simple count/sort, drawing or oral explanation.",Can the learner show what happens before and after the selected step?,"No tasting unless the school has separately approved a supervised food activity. Wash hands before and after handling produce. Use only clean, teacher-approved samples and containers. Teachers control knives, heat, electrical equipment, chemicals and any processing machinery."
FF-047,Nursery,Butterfly Garden,Storage & Loss,"Help children connect the Butterfly Garden to the idea of storage & loss through safe observation, matching, sorting, drawing and talk.","Picture cards, clean produce examples where approved, baskets/trays, crayons, labels, handwashing supplies.","Use locally available baskets, clean reused food-grade containers, handmade labels, paper process cards and simple balances/measuring vessels where suitable.","1. Show a garden or food example. 2. Name where it comes from. 3. Let children match, count, sort or draw. 4. Demonstrate clean hands and gentle handling. 5. Ask children to tell one step from garden to food.","Correct match, simple count/sort, drawing or oral explanation.",Can the learner show what happens before and after the selected step?,"No tasting unless the school has separately approved a supervised food activity. Wash hands before and after handling produce. Use only clean, teacher-approved samples and containers. Teachers control knives, heat, electrical equipment, chemicals and any processing machinery."
FF-048,Nursery,Butterfly Garden,Preparation Pathway,"Help children connect the Butterfly Garden to the idea of preparation pathway through safe observation, matching, sorting, drawing and talk.","Picture cards, clean produce examples where approved, baskets/trays, crayons, labels, handwashing supplies.","Use locally available baskets, clean reused food-grade containers, handmade labels, paper process cards and simple balances/measuring vessels where suitable.","1. Show a garden or food example. 2. Name where it comes from. 3. Let children match, count, sort or draw. 4. Demonstrate clean hands and gentle handling. 5. Ask children to tell one step from garden to food.","Correct match, simple count/sort, drawing or oral explanation.",Can the learner show what happens before and after the selected step?,"No tasting unless the school has separately approved a supervised food activity. Wash hands before and after handling produce. Use only clean, teacher-approved samples and containers. Teachers control knives, heat, electrical equipment, chemicals and any processing machinery."
FF-049,Nursery,Butterfly Garden,Food Choice & Literacy,"Help children connect the Butterfly Garden to the idea of food choice & literacy through safe observation, matching, sorting, drawing and talk.","Picture cards, clean produce examples where approved, baskets/trays, crayons, labels, handwashing supplies.","Use locally available baskets, clean reused food-grade containers, handmade labels, paper process cards and simple balances/measuring vessels where suitable.","1. Show a garden or food example. 2. Name where it comes from. 3. Let children match, count, sort or draw. 4. Demonstrate clean hands and gentle handling. 5. Ask children to tell one step from garden to food.","Correct match, simple count/sort, drawing or oral explanation.",Can the learner show what happens before and after the selected step?,"No tasting unless the school has separately approved a supervised food activity. Wash hands before and after handling produce. Use only clean, teacher-approved samples and containers. Teachers control knives, heat, electrical equipment, chemicals and any processing machinery."
FF-050,Nursery,Butterfly Garden,Waste-to-Resource,"Help children connect the Butterfly Garden to the idea of waste-to-resource through safe observation, matching, sorting, drawing and talk.","Picture cards, clean produce examples where approved, baskets/trays, crayons, labels, handwashing supplies.","Use locally available baskets, clean reused food-grade containers, handmade labels, paper process cards and simple balances/measuring vessels where suitable.","1. Show a garden or food example. 2. Name where it comes from. 3. Let children match, count, sort or draw. 4. Demonstrate clean hands and gentle handling. 5. Ask children to tell one step from garden to food.","Correct match, simple count/sort, drawing or oral explanation.",Can the learner show what happens before and after the selected step?,"No tasting unless the school has separately approved a supervised food activity. Wash hands before and after handling produce. Use only clean, teacher-approved samples and containers. Teachers control knives, heat, electrical equipment, chemicals and any processing machinery."
FF-051,Nursery,ReBottle Garden,Food Origin,"Help children connect the ReBottle Garden to the idea of food origin through safe observation, matching, sorting, drawing and talk.","Picture cards, clean produce examples where approved, baskets/trays, crayons, labels, handwashing supplies.","Use locally available baskets, clean reused food-grade containers, handmade labels, paper process cards and simple balances/measuring vessels where suitable.","1. Show a garden or food example. 2. Name where it comes from. 3. Let children match, count, sort or draw. 4. Demonstrate clean hands and gentle handling. 5. Ask children to tell one step from garden to food.","Correct match, simple count/sort, drawing or oral explanation.",Can the learner show what happens before and after the selected step?,"No tasting unless the school has separately approved a supervised food activity. Wash hands before and after handling produce. Use only clean, teacher-approved samples and containers. Teachers control knives, heat, electrical equipment, chemicals and any processing machinery."
FF-052,Nursery,ReBottle Garden,Harvest Readiness,"Help children connect the ReBottle Garden to the idea of harvest readiness through safe observation, matching, sorting, drawing and talk.","Picture cards, clean produce examples where approved, baskets/trays, crayons, labels, handwashing supplies.","Use locally available baskets, clean reused food-grade containers, handmade labels, paper process cards and simple balances/measuring vessels where suitable.","1. Show a garden or food example. 2. Name where it comes from. 3. Let children match, count, sort or draw. 4. Demonstrate clean hands and gentle handling. 5. Ask children to tell one step from garden to food.","Correct match, simple count/sort, drawing or oral explanation.",Can the learner show what happens before and after the selected step?,"No tasting unless the school has separately approved a supervised food activity. Wash hands before and after handling produce. Use only clean, teacher-approved samples and containers. Teachers control knives, heat, electrical equipment, chemicals and any processing machinery."
FF-053,Nursery,ReBottle Garden,Safe Handling,"Help children connect the ReBottle Garden to the idea of safe handling through safe observation, matching, sorting, drawing and talk.","Picture cards, clean produce examples where approved, baskets/trays, crayons, labels, handwashing supplies.","Use locally available baskets, clean reused food-grade containers, handmade labels, paper process cards and simple balances/measuring vessels where suitable.","1. Show a garden or food example. 2. Name where it comes from. 3. Let children match, count, sort or draw. 4. Demonstrate clean hands and gentle handling. 5. Ask children to tell one step from garden to food.","Correct match, simple count/sort, drawing or oral explanation.",Can the learner show what happens before and after the selected step?,"No tasting unless the school has separately approved a supervised food activity. Wash hands before and after handling produce. Use only clean, teacher-approved samples and containers. Teachers control knives, heat, electrical equipment, chemicals and any processing machinery."
FF-054,Nursery,ReBottle Garden,Sorting & Quality,"Help children connect the ReBottle Garden to the idea of sorting & quality through safe observation, matching, sorting, drawing and talk.","Picture cards, clean produce examples where approved, baskets/trays, crayons, labels, handwashing supplies.","Use locally available baskets, clean reused food-grade containers, handmade labels, paper process cards and simple balances/measuring vessels where suitable.","1. Show a garden or food example. 2. Name where it comes from. 3. Let children match, count, sort or draw. 4. Demonstrate clean hands and gentle handling. 5. Ask children to tell one step from garden to food.","Correct match, simple count/sort, drawing or oral explanation.",Can the learner show what happens before and after the selected step?,"No tasting unless the school has separately approved a supervised food activity. Wash hands before and after handling produce. Use only clean, teacher-approved samples and containers. Teachers control knives, heat, electrical equipment, chemicals and any processing machinery."
FF-055,Nursery,ReBottle Garden,Farm-to-Food Journey,"Help children connect the ReBottle Garden to the idea of farm-to-food journey through safe observation, matching, sorting, drawing and talk.","Picture cards, clean produce examples where approved, baskets/trays, crayons, labels, handwashing supplies.","Use locally available baskets, clean reused food-grade containers, handmade labels, paper process cards and simple balances/measuring vessels where suitable.","1. Show a garden or food example. 2. Name where it comes from. 3. Let children match, count, sort or draw. 4. Demonstrate clean hands and gentle handling. 5. Ask children to tell one step from garden to food.","Correct match, simple count/sort, drawing or oral explanation.",Can the learner show what happens before and after the selected step?,"No tasting unless the school has separately approved a supervised food activity. Wash hands before and after handling produce. Use only clean, teacher-approved samples and containers. Teachers control knives, heat, electrical equipment, chemicals and any processing machinery."
FF-056,Nursery,ReBottle Garden,Measurement & Yield,"Help children connect the ReBottle Garden to the idea of measurement & yield through safe observation, matching, sorting, drawing and talk.","Picture cards, clean produce examples where approved, baskets/trays, crayons, labels, handwashing supplies.","Use locally available baskets, clean reused food-grade containers, handmade labels, paper process cards and simple balances/measuring vessels where suitable.","1. Show a garden or food example. 2. Name where it comes from. 3. Let children match, count, sort or draw. 4. Demonstrate clean hands and gentle handling. 5. Ask children to tell one step from garden to food.","Correct match, simple count/sort, drawing or oral explanation.",Can the learner show what happens before and after the selected step?,"No tasting unless the school has separately approved a supervised food activity. Wash hands before and after handling produce. Use only clean, teacher-approved samples and containers. Teachers control knives, heat, electrical equipment, chemicals and any processing machinery."
FF-057,Nursery,ReBottle Garden,Storage & Loss,"Help children connect the ReBottle Garden to the idea of storage & loss through safe observation, matching, sorting, drawing and talk.","Picture cards, clean produce examples where approved, baskets/trays, crayons, labels, handwashing supplies.","Use locally available baskets, clean reused food-grade containers, handmade labels, paper process cards and simple balances/measuring vessels where suitable.","1. Show a garden or food example. 2. Name where it comes from. 3. Let children match, count, sort or draw. 4. Demonstrate clean hands and gentle handling. 5. Ask children to tell one step from garden to food.","Correct match, simple count/sort, drawing or oral explanation.",Can the learner show what happens before and after the selected step?,"No tasting unless the school has separately approved a supervised food activity. Wash hands before and after handling produce. Use only clean, teacher-approved samples and containers. Teachers control knives, heat, electrical equipment, chemicals and any processing machinery."
FF-058,Nursery,ReBottle Garden,Preparation Pathway,"Help children connect the ReBottle Garden to the idea of preparation pathway through safe observation, matching, sorting, drawing and talk.","Picture cards, clean produce examples where approved, baskets/trays, crayons, labels, handwashing supplies.","Use locally available baskets, clean reused food-grade containers, handmade labels, paper process cards and simple balances/measuring vessels where suitable.","1. Show a garden or food example. 2. Name where it comes from. 3. Let children match, count, sort or draw. 4. Demonstrate clean hands and gentle handling. 5. Ask children to tell one step from garden to food.","Correct match, simple count/sort, drawing or oral explanation.",Can the learner show what happens before and after the selected step?,"No tasting unless the school has separately approved a supervised food activity. Wash hands before and after handling produce. Use only clean, teacher-approved samples and containers. Teachers control knives, heat, electrical equipment, chemicals and any processing machinery."
FF-059,Nursery,ReBottle Garden,Food Choice & Literacy,"Help children connect the ReBottle Garden to the idea of food choice & literacy through safe observation, matching, sorting, drawing and talk.","Picture cards, clean produce examples where approved, baskets/trays, crayons, labels, handwashing supplies.","Use locally available baskets, clean reused food-grade containers, handmade labels, paper process cards and simple balances/measuring vessels where suitable.","1. Show a garden or food example. 2. Name where it comes from. 3. Let children match, count, sort or draw. 4. Demonstrate clean hands and gentle handling. 5. Ask children to tell one step from garden to food.","Correct match, simple count/sort, drawing or oral explanation.",Can the learner show what happens before and after the selected step?,"No tasting unless the school has separately approved a supervised food activity. Wash hands before and after handling produce. Use only clean, teacher-approved samples and containers. Teachers control knives, heat, electrical equipment, chemicals and any processing machinery."
FF-060,Nursery,ReBottle Garden,Waste-to-Resource,"Help children connect the ReBottle Garden to the idea of waste-to-resource through safe observation, matching, sorting, drawing and talk.","Picture cards, clean produce examples where approved, baskets/trays, crayons, labels, handwashing supplies.","Use locally available baskets, clean reused food-grade containers, handmade labels, paper process cards and simple balances/measuring vessels where suitable.","1. Show a garden or food example. 2. Name where it comes from. 3. Let children match, count, sort or draw. 4. Demonstrate clean hands and gentle handling. 5. Ask children to tell one step from garden to food.","Correct match, simple count/sort, drawing or oral explanation.",Can the learner show what happens before and after the selected step?,"No tasting unless the school has separately approved a supervised food activity. Wash hands before and after handling produce. Use only clean, teacher-approved samples and containers. Teachers control knives, heat, electrical equipment, chemicals and any processing machinery."
FF-061,Nursery,MicroGrow Garden,Food Origin,"Help children connect the MicroGrow Garden to the idea of food origin through safe observation, matching, sorting, drawing and talk.","Picture cards, clean produce examples where approved, baskets/trays, crayons, labels, handwashing supplies.","Use locally available baskets, clean reused food-grade containers, handmade labels, paper process cards and simple balances/measuring vessels where suitable.","1. Show a garden or food example. 2. Name where it comes from. 3. Let children match, count, sort or draw. 4. Demonstrate clean hands and gentle handling. 5. Ask children to tell one step from garden to food.","Correct match, simple count/sort, drawing or oral explanation.",Can the learner show what happens before and after the selected step?,"No tasting unless the school has separately approved a supervised food activity. Wash hands before and after handling produce. Use only clean, teacher-approved samples and containers. Teachers control knives, heat, electrical equipment, chemicals and any processing machinery."
FF-062,Nursery,MicroGrow Garden,Harvest Readiness,"Help children connect the MicroGrow Garden to the idea of harvest readiness through safe observation, matching, sorting, drawing and talk.","Picture cards, clean produce examples where approved, baskets/trays, crayons, labels, handwashing supplies.","Use locally available baskets, clean reused food-grade containers, handmade labels, paper process cards and simple balances/measuring vessels where suitable.","1. Show a garden or food example. 2. Name where it comes from. 3. Let children match, count, sort or draw. 4. Demonstrate clean hands and gentle handling. 5. Ask children to tell one step from garden to food.","Correct match, simple count/sort, drawing or oral explanation.",Can the learner show what happens before and after the selected step?,"No tasting unless the school has separately approved a supervised food activity. Wash hands before and after handling produce. Use only clean, teacher-approved samples and containers. Teachers control knives, heat, electrical equipment, chemicals and any processing machinery."
FF-063,Nursery,MicroGrow Garden,Safe Handling,"Help children connect the MicroGrow Garden to the idea of safe handling through safe observation, matching, sorting, drawing and talk.","Picture cards, clean produce examples where approved, baskets/trays, crayons, labels, handwashing supplies.","Use locally available baskets, clean reused food-grade containers, handmade labels, paper process cards and simple balances/measuring vessels where suitable.","1. Show a garden or food example. 2. Name where it comes from. 3. Let children match, count, sort or draw. 4. Demonstrate clean hands and gentle handling. 5. Ask children to tell one step from garden to food.","Correct match, simple count/sort, drawing or oral explanation.",Can the learner show what happens before and after the selected step?,"No tasting unless the school has separately approved a supervised food activity. Wash hands before and after handling produce. Use only clean, teacher-approved samples and containers. Teachers control knives, heat, electrical equipment, chemicals and any processing machinery."
FF-064,Nursery,MicroGrow Garden,Sorting & Quality,"Help children connect the MicroGrow Garden to the idea of sorting & quality through safe observation, matching, sorting, drawing and talk.","Picture cards, clean produce examples where approved, baskets/trays, crayons, labels, handwashing supplies.","Use locally available baskets, clean reused food-grade containers, handmade labels, paper process cards and simple balances/measuring vessels where suitable.","1. Show a garden or food example. 2. Name where it comes from. 3. Let children match, count, sort or draw. 4. Demonstrate clean hands and gentle handling. 5. Ask children to tell one step from garden to food.","Correct match, simple count/sort, drawing or oral explanation.",Can the learner show what happens before and after the selected step?,"No tasting unless the school has separately approved a supervised food activity. Wash hands before and after handling produce. Use only clean, teacher-approved samples and containers. Teachers control knives, heat, electrical equipment, chemicals and any processing machinery."
FF-065,Nursery,MicroGrow Garden,Farm-to-Food Journey,"Help children connect the MicroGrow Garden to the idea of farm-to-food journey through safe observation, matching, sorting, drawing and talk.","Picture cards, clean produce examples where approved, baskets/trays, crayons, labels, handwashing supplies.","Use locally available baskets, clean reused food-grade containers, handmade labels, paper process cards and simple balances/measuring vessels where suitable.","1. Show a garden or food example. 2. Name where it comes from. 3. Let children match, count, sort or draw. 4. Demonstrate clean hands and gentle handling. 5. Ask children to tell one step from garden to food.","Correct match, simple count/sort, drawing or oral explanation.",Can the learner show what happens before and after the selected step?,"No tasting unless the school has separately approved a supervised food activity. Wash hands before and after handling produce. Use only clean, teacher-approved samples and containers. Teachers control knives, heat, electrical equipment, chemicals and any processing machinery."
FF-066,Nursery,MicroGrow Garden,Measurement & Yield,"Help children connect the MicroGrow Garden to the idea of measurement & yield through safe observation, matching, sorting, drawing and talk.","Picture cards, clean produce examples where approved, baskets/trays, crayons, labels, handwashing supplies.","Use locally available baskets, clean reused food-grade containers, handmade labels, paper process cards and simple balances/measuring vessels where suitable.","1. Show a garden or food example. 2. Name where it comes from. 3. Let children match, count, sort or draw. 4. Demonstrate clean hands and gentle handling. 5. Ask children to tell one step from garden to food.","Correct match, simple count/sort, drawing or oral explanation.",Can the learner show what happens before and after the selected step?,"No tasting unless the school has separately approved a supervised food activity. Wash hands before and after handling produce. Use only clean, teacher-approved samples and containers. Teachers control knives, heat, electrical equipment, chemicals and any processing machinery."
FF-067,Nursery,MicroGrow Garden,Storage & Loss,"Help children connect the MicroGrow Garden to the idea of storage & loss through safe observation, matching, sorting, drawing and talk.","Picture cards, clean produce examples where approved, baskets/trays, crayons, labels, handwashing supplies.","Use locally available baskets, clean reused food-grade containers, handmade labels, paper process cards and simple balances/measuring vessels where suitable.","1. Show a garden or food example. 2. Name where it comes from. 3. Let children match, count, sort or draw. 4. Demonstrate clean hands and gentle handling. 5. Ask children to tell one step from garden to food.","Correct match, simple count/sort, drawing or oral explanation.",Can the learner show what happens before and after the selected step?,"No tasting unless the school has separately approved a supervised food activity. Wash hands before and after handling produce. Use only clean, teacher-approved samples and containers. Teachers control knives, heat, electrical equipment, chemicals and any processing machinery."
FF-068,Nursery,MicroGrow Garden,Preparation Pathway,"Help children connect the MicroGrow Garden to the idea of preparation pathway through safe observation, matching, sorting, drawing and talk.","Picture cards, clean produce examples where approved, baskets/trays, crayons, labels, handwashing supplies.","Use locally available baskets, clean reused food-grade containers, handmade labels, paper process cards and simple balances/measuring vessels where suitable.","1. Show a garden or food example. 2. Name where it comes from. 3. Let children match, count, sort or draw. 4. Demonstrate clean hands and gentle handling. 5. Ask children to tell one step from garden to food.","Correct match, simple count/sort, drawing or oral explanation.",Can the learner show what happens before and after the selected step?,"No tasting unless the school has separately approved a supervised food activity. Wash hands before and after handling produce. Use only clean, teacher-approved samples and containers. Teachers control knives, heat, electrical equipment, chemicals and any processing machinery."
FF-069,Nursery,MicroGrow Garden,Food Choice & Literacy,"Help children connect the MicroGrow Garden to the idea of food choice & literacy through safe observation, matching, sorting, drawing and talk.","Picture cards, clean produce examples where approved, baskets/trays, crayons, labels, handwashing supplies.","Use locally available baskets, clean reused food-grade containers, handmade labels, paper process cards and simple balances/measuring vessels where suitable.","1. Show a garden or food example. 2. Name where it comes from. 3. Let children match, count, sort or draw. 4. Demonstrate clean hands and gentle handling. 5. Ask children to tell one step from garden to food.","Correct match, simple count/sort, drawing or oral explanation.",Can the learner show what happens before and after the selected step?,"No tasting unless the school has separately approved a supervised food activity. Wash hands before and after handling produce. Use only clean, teacher-approved samples and containers. Teachers control knives, heat, electrical equipment, chemicals and any processing machinery."
FF-070,Nursery,MicroGrow Garden,Waste-to-Resource,"Help children connect the MicroGrow Garden to the idea of waste-to-resource through safe observation, matching, sorting, drawing and talk.","Picture cards, clean produce examples where approved, baskets/trays, crayons, labels, handwashing supplies.","Use locally available baskets, clean reused food-grade containers, handmade labels, paper process cards and simple balances/measuring vessels where suitable.","1. Show a garden or food example. 2. Name where it comes from. 3. Let children match, count, sort or draw. 4. Demonstrate clean hands and gentle handling. 5. Ask children to tell one step from garden to food.","Correct match, simple count/sort, drawing or oral explanation.",Can the learner show what happens before and after the selected step?,"No tasting unless the school has separately approved a supervised food activity. Wash hands before and after handling produce. Use only clean, teacher-approved samples and containers. Teachers control knives, heat, electrical equipment, chemicals and any processing machinery."
FF-071,Nursery,Mini Table Garden,Food Origin,"Help children connect the Mini Table Garden to the idea of food origin through safe observation, matching, sorting, drawing and talk.","Picture cards, clean produce examples where approved, baskets/trays, crayons, labels, handwashing supplies.","Use locally available baskets, clean reused food-grade containers, handmade labels, paper process cards and simple balances/measuring vessels where suitable.","1. Show a garden or food example. 2. Name where it comes from. 3. Let children match, count, sort or draw. 4. Demonstrate clean hands and gentle handling. 5. Ask children to tell one step from garden to food.","Correct match, simple count/sort, drawing or oral explanation.",Can the learner show what happens before and after the selected step?,"No tasting unless the school has separately approved a supervised food activity. Wash hands before and after handling produce. Use only clean, teacher-approved samples and containers. Teachers control knives, heat, electrical equipment, chemicals and any processing machinery."
FF-072,Nursery,Mini Table Garden,Harvest Readiness,"Help children connect the Mini Table Garden to the idea of harvest readiness through safe observation, matching, sorting, drawing and talk.","Picture cards, clean produce examples where approved, baskets/trays, crayons, labels, handwashing supplies.","Use locally available baskets, clean reused food-grade containers, handmade labels, paper process cards and simple balances/measuring vessels where suitable.","1. Show a garden or food example. 2. Name where it comes from. 3. Let children match, count, sort or draw. 4. Demonstrate clean hands and gentle handling. 5. Ask children to tell one step from garden to food.","Correct match, simple count/sort, drawing or oral explanation.",Can the learner show what happens before and after the selected step?,"No tasting unless the school has separately approved a supervised food activity. Wash hands before and after handling produce. Use only clean, teacher-approved samples and containers. Teachers control knives, heat, electrical equipment, chemicals and any processing machinery."
FF-073,Nursery,Mini Table Garden,Safe Handling,"Help children connect the Mini Table Garden to the idea of safe handling through safe observation, matching, sorting, drawing and talk.","Picture cards, clean produce examples where approved, baskets/trays, crayons, labels, handwashing supplies.","Use locally available baskets, clean reused food-grade containers, handmade labels, paper process cards and simple balances/measuring vessels where suitable.","1. Show a garden or food example. 2. Name where it comes from. 3. Let children match, count, sort or draw. 4. Demonstrate clean hands and gentle handling. 5. Ask children to tell one step from garden to food.","Correct match, simple count/sort, drawing or oral explanation.",Can the learner show what happens before and after the selected step?,"No tasting unless the school has separately approved a supervised food activity. Wash hands before and after handling produce. Use only clean, teacher-approved samples and containers. Teachers control knives, heat, electrical equipment, chemicals and any processing machinery."
FF-074,Nursery,Mini Table Garden,Sorting & Quality,"Help children connect the Mini Table Garden to the idea of sorting & quality through safe observation, matching, sorting, drawing and talk.","Picture cards, clean produce examples where approved, baskets/trays, crayons, labels, handwashing supplies.","Use locally available baskets, clean reused food-grade containers, handmade labels, paper process cards and simple balances/measuring vessels where suitable.","1. Show a garden or food example. 2. Name where it comes from. 3. Let children match, count, sort or draw. 4. Demonstrate clean hands and gentle handling. 5. Ask children to tell one step from garden to food.","Correct match, simple count/sort, drawing or oral explanation.",Can the learner show what happens before and after the selected step?,"No tasting unless the school has separately approved a supervised food activity. Wash hands before and after handling produce. Use only clean, teacher-approved samples and containers. Teachers control knives, heat, electrical equipment, chemicals and any processing machinery."
FF-075,Nursery,Mini Table Garden,Farm-to-Food Journey,"Help children connect the Mini Table Garden to the idea of farm-to-food journey through safe observation, matching, sorting, drawing and talk.","Picture cards, clean produce examples where approved, baskets/trays, crayons, labels, handwashing supplies.","Use locally available baskets, clean reused food-grade containers, handmade labels, paper process cards and simple balances/measuring vessels where suitable.","1. Show a garden or food example. 2. Name where it comes from. 3. Let children match, count, sort or draw. 4. Demonstrate clean hands and gentle handling. 5. Ask children to tell one step from garden to food.","Correct match, simple count/sort, drawing or oral explanation.",Can the learner show what happens before and after the selected step?,"No tasting unless the school has separately approved a supervised food activity. Wash hands before and after handling produce. Use only clean, teacher-approved samples and containers. Teachers control knives, heat, electrical equipment, chemicals and any processing machinery."
FF-076,Nursery,Mini Table Garden,Measurement & Yield,"Help children connect the Mini Table Garden to the idea of measurement & yield through safe observation, matching, sorting, drawing and talk.","Picture cards, clean produce examples where approved, baskets/trays, crayons, labels, handwashing supplies.","Use locally available baskets, clean reused food-grade containers, handmade labels, paper process cards and simple balances/measuring vessels where suitable.","1. Show a garden or food example. 2. Name where it comes from. 3. Let children match, count, sort or draw. 4. Demonstrate clean hands and gentle handling. 5. Ask children to tell one step from garden to food.","Correct match, simple count/sort, drawing or oral explanation.",Can the learner show what happens before and after the selected step?,"No tasting unless the school has separately approved a supervised food activity. Wash hands before and after handling produce. Use only clean, teacher-approved samples and containers. Teachers control knives, heat, electrical equipment, chemicals and any processing machinery."
FF-077,Nursery,Mini Table Garden,Storage & Loss,"Help children connect the Mini Table Garden to the idea of storage & loss through safe observation, matching, sorting, drawing and talk.","Picture cards, clean produce examples where approved, baskets/trays, crayons, labels, handwashing supplies.","Use locally available baskets, clean reused food-grade containers, handmade labels, paper process cards and simple balances/measuring vessels where suitable.","1. Show a garden or food example. 2. Name where it comes from. 3. Let children match, count, sort or draw. 4. Demonstrate clean hands and gentle handling. 5. Ask children to tell one step from garden to food.","Correct match, simple count/sort, drawing or oral explanation.",Can the learner show what happens before and after the selected step?,"No tasting unless the school has separately approved a supervised food activity. Wash hands before and after handling produce. Use only clean, teacher-approved samples and containers. Teachers control knives, heat, electrical equipment, chemicals and any processing machinery."
FF-078,Nursery,Mini Table Garden,Preparation Pathway,"Help children connect the Mini Table Garden to the idea of preparation pathway through safe observation, matching, sorting, drawing and talk.","Picture cards, clean produce examples where approved, baskets/trays, crayons, labels, handwashing supplies.","Use locally available baskets, clean reused food-grade containers, handmade labels, paper process cards and simple balances/measuring vessels where suitable.","1. Show a garden or food example. 2. Name where it comes from. 3. Let children match, count, sort or draw. 4. Demonstrate clean hands and gentle handling. 5. Ask children to tell one step from garden to food.","Correct match, simple count/sort, drawing or oral explanation.",Can the learner show what happens before and after the selected step?,"No tasting unless the school has separately approved a supervised food activity. Wash hands before and after handling produce. Use only clean, teacher-approved samples and containers. Teachers control knives, heat, electrical equipment, chemicals and any processing machinery."
FF-079,Nursery,Mini Table Garden,Food Choice & Literacy,"Help children connect the Mini Table Garden to the idea of food choice & literacy through safe observation, matching, sorting, drawing and talk.","Picture cards, clean produce examples where approved, baskets/trays, crayons, labels, handwashing supplies.","Use locally available baskets, clean reused food-grade containers, handmade labels, paper process cards and simple balances/measuring vessels where suitable.","1. Show a garden or food example. 2. Name where it comes from. 3. Let children match, count, sort or draw. 4. Demonstrate clean hands and gentle handling. 5. Ask children to tell one step from garden to food.","Correct match, simple count/sort, drawing or oral explanation.",Can the learner show what happens before and after the selected step?,"No tasting unless the school has separately approved a supervised food activity. Wash hands before and after handling produce. Use only clean, teacher-approved samples and containers. Teachers control knives, heat, electrical equipment, chemicals and any processing machinery."
FF-080,Nursery,Mini Table Garden,Waste-to-Resource,"Help children connect the Mini Table Garden to the idea of waste-to-resource through safe observation, matching, sorting, drawing and talk.","Picture cards, clean produce examples where approved, baskets/trays, crayons, labels, handwashing supplies.","Use locally available baskets, clean reused food-grade containers, handmade labels, paper process cards and simple balances/measuring vessels where suitable.","1. Show a garden or food example. 2. Name where it comes from. 3. Let children match, count, sort or draw. 4. Demonstrate clean hands and gentle handling. 5. Ask children to tell one step from garden to food.","Correct match, simple count/sort, drawing or oral explanation.",Can the learner show what happens before and after the selected step?,"No tasting unless the school has separately approved a supervised food activity. Wash hands before and after handling produce. Use only clean, teacher-approved samples and containers. Teachers control knives, heat, electrical equipment, chemicals and any processing machinery."
FF-081,Nursery,Sack Garden,Food Origin,"Help children connect the Sack Garden to the idea of food origin through safe observation, matching, sorting, drawing and talk.","Picture cards, clean produce examples where approved, baskets/trays, crayons, labels, handwashing supplies.","Use locally available baskets, clean reused food-grade containers, handmade labels, paper process cards and simple balances/measuring vessels where suitable.","1. Show a garden or food example. 2. Name where it comes from. 3. Let children match, count, sort or draw. 4. Demonstrate clean hands and gentle handling. 5. Ask children to tell one step from garden to food.","Correct match, simple count/sort, drawing or oral explanation.",Can the learner show what happens before and after the selected step?,"No tasting unless the school has separately approved a supervised food activity. Wash hands before and after handling produce. Use only clean, teacher-approved samples and containers. Teachers control knives, heat, electrical equipment, chemicals and any processing machinery."
FF-082,Nursery,Sack Garden,Harvest Readiness,"Help children connect the Sack Garden to the idea of harvest readiness through safe observation, matching, sorting, drawing and talk.","Picture cards, clean produce examples where approved, baskets/trays, crayons, labels, handwashing supplies.","Use locally available baskets, clean reused food-grade containers, handmade labels, paper process cards and simple balances/measuring vessels where suitable.","1. Show a garden or food example. 2. Name where it comes from. 3. Let children match, count, sort or draw. 4. Demonstrate clean hands and gentle handling. 5. Ask children to tell one step from garden to food.","Correct match, simple count/sort, drawing or oral explanation.",Can the learner show what happens before and after the selected step?,"No tasting unless the school has separately approved a supervised food activity. Wash hands before and after handling produce. Use only clean, teacher-approved samples and containers. Teachers control knives, heat, electrical equipment, chemicals and any processing machinery."
FF-083,Nursery,Sack Garden,Safe Handling,"Help children connect the Sack Garden to the idea of safe handling through safe observation, matching, sorting, drawing and talk.","Picture cards, clean produce examples where approved, baskets/trays, crayons, labels, handwashing supplies.","Use locally available baskets, clean reused food-grade containers, handmade labels, paper process cards and simple balances/measuring vessels where suitable.","1. Show a garden or food example. 2. Name where it comes from. 3. Let children match, count, sort or draw. 4. Demonstrate clean hands and gentle handling. 5. Ask children to tell one step from garden to food.","Correct match, simple count/sort, drawing or oral explanation.",Can the learner show what happens before and after the selected step?,"No tasting unless the school has separately approved a supervised food activity. Wash hands before and after handling produce. Use only clean, teacher-approved samples and containers. Teachers control knives, heat, electrical equipment, chemicals and any processing machinery."
FF-084,Nursery,Sack Garden,Sorting & Quality,"Help children connect the Sack Garden to the idea of sorting & quality through safe observation, matching, sorting, drawing and talk.","Picture cards, clean produce examples where approved, baskets/trays, crayons, labels, handwashing supplies.","Use locally available baskets, clean reused food-grade containers, handmade labels, paper process cards and simple balances/measuring vessels where suitable.","1. Show a garden or food example. 2. Name where it comes from. 3. Let children match, count, sort or draw. 4. Demonstrate clean hands and gentle handling. 5. Ask children to tell one step from garden to food.","Correct match, simple count/sort, drawing or oral explanation.",Can the learner show what happens before and after the selected step?,"No tasting unless the school has separately approved a supervised food activity. Wash hands before and after handling produce. Use only clean, teacher-approved samples and containers. Teachers control knives, heat, electrical equipment, chemicals and any processing machinery."
FF-085,Nursery,Sack Garden,Farm-to-Food Journey,"Help children connect the Sack Garden to the idea of farm-to-food journey through safe observation, matching, sorting, drawing and talk.","Picture cards, clean produce examples where approved, baskets/trays, crayons, labels, handwashing supplies.","Use locally available baskets, clean reused food-grade containers, handmade labels, paper process cards and simple balances/measuring vessels where suitable.","1. Show a garden or food example. 2. Name where it comes from. 3. Let children match, count, sort or draw. 4. Demonstrate clean hands and gentle handling. 5. Ask children to tell one step from garden to food.","Correct match, simple count/sort, drawing or oral explanation.",Can the learner show what happens before and after the selected step?,"No tasting unless the school has separately approved a supervised food activity. Wash hands before and after handling produce. Use only clean, teacher-approved samples and containers. Teachers control knives, heat, electrical equipment, chemicals and any processing machinery."
FF-086,Nursery,Sack Garden,Measurement & Yield,"Help children connect the Sack Garden to the idea of measurement & yield through safe observation, matching, sorting, drawing and talk.","Picture cards, clean produce examples where approved, baskets/trays, crayons, labels, handwashing supplies.","Use locally available baskets, clean reused food-grade containers, handmade labels, paper process cards and simple balances/measuring vessels where suitable.","1. Show a garden or food example. 2. Name where it comes from. 3. Let children match, count, sort or draw. 4. Demonstrate clean hands and gentle handling. 5. Ask children to tell one step from garden to food.","Correct match, simple count/sort, drawing or oral explanation.",Can the learner show what happens before and after the selected step?,"No tasting unless the school has separately approved a supervised food activity. Wash hands before and after handling produce. Use only clean, teacher-approved samples and containers. Teachers control knives, heat, electrical equipment, chemicals and any processing machinery."
FF-087,Nursery,Sack Garden,Storage & Loss,"Help children connect the Sack Garden to the idea of storage & loss through safe observation, matching, sorting, drawing and talk.","Picture cards, clean produce examples where approved, baskets/trays, crayons, labels, handwashing supplies.","Use locally available baskets, clean reused food-grade containers, handmade labels, paper process cards and simple balances/measuring vessels where suitable.","1. Show a garden or food example. 2. Name where it comes from. 3. Let children match, count, sort or draw. 4. Demonstrate clean hands and gentle handling. 5. Ask children to tell one step from garden to food.","Correct match, simple count/sort, drawing or oral explanation.",Can the learner show what happens before and after the selected step?,"No tasting unless the school has separately approved a supervised food activity. Wash hands before and after handling produce. Use only clean, teacher-approved samples and containers. Teachers control knives, heat, electrical equipment, chemicals and any processing machinery."
FF-088,Nursery,Sack Garden,Preparation Pathway,"Help children connect the Sack Garden to the idea of preparation pathway through safe observation, matching, sorting, drawing and talk.","Picture cards, clean produce examples where approved, baskets/trays, crayons, labels, handwashing supplies.","Use locally available baskets, clean reused food-grade containers, handmade labels, paper process cards and simple balances/measuring vessels where suitable.","1. Show a garden or food example. 2. Name where it comes from. 3. Let children match, count, sort or draw. 4. Demonstrate clean hands and gentle handling. 5. Ask children to tell one step from garden to food.","Correct match, simple count/sort, drawing or oral explanation.",Can the learner show what happens before and after the selected step?,"No tasting unless the school has separately approved a supervised food activity. Wash hands before and after handling produce. Use only clean, teacher-approved samples and containers. Teachers control knives, heat, electrical equipment, chemicals and any processing machinery."
FF-089,Nursery,Sack Garden,Food Choice & Literacy,"Help children connect the Sack Garden to the idea of food choice & literacy through safe observation, matching, sorting, drawing and talk.","Picture cards, clean produce examples where approved, baskets/trays, crayons, labels, handwashing supplies.","Use locally available baskets, clean reused food-grade containers, handmade labels, paper process cards and simple balances/measuring vessels where suitable.","1. Show a garden or food example. 2. Name where it comes from. 3. Let children match, count, sort or draw. 4. Demonstrate clean hands and gentle handling. 5. Ask children to tell one step from garden to food.","Correct match, simple count/sort, drawing or oral explanation.",Can the learner show what happens before and after the selected step?,"No tasting unless the school has separately approved a supervised food activity. Wash hands before and after handling produce. Use only clean, teacher-approved samples and containers. Teachers control knives, heat, electrical equipment, chemicals and any processing machinery."
FF-090,Nursery,Sack Garden,Waste-to-Resource,"Help children connect the Sack Garden to the idea of waste-to-resource through safe observation, matching, sorting, drawing and talk.","Picture cards, clean produce examples where approved, baskets/trays, crayons, labels, handwashing supplies.","Use locally available baskets, clean reused food-grade containers, handmade labels, paper process cards and simple balances/measuring vessels where suitable.","1. Show a garden or food example. 2. Name where it comes from. 3. Let children match, count, sort or draw. 4. Demonstrate clean hands and gentle handling. 5. Ask children to tell one step from garden to food.","Correct match, simple count/sort, drawing or oral explanation.",Can the learner show what happens before and after the selected step?,"No tasting unless the school has separately approved a supervised food activity. Wash hands before and after handling produce. Use only clean, teacher-approved samples and containers. Teachers control knives, heat, electrical equipment, chemicals and any processing machinery."
FF-091,Nursery,Discovery Garden,Food Origin,"Help children connect the Discovery Garden to the idea of food origin through safe observation, matching, sorting, drawing and talk.","Picture cards, clean produce examples where approved, baskets/trays, crayons, labels, handwashing supplies.","Use locally available baskets, clean reused food-grade containers, handmade labels, paper process cards and simple balances/measuring vessels where suitable.","1. Show a garden or food example. 2. Name where it comes from. 3. Let children match, count, sort or draw. 4. Demonstrate clean hands and gentle handling. 5. Ask children to tell one step from garden to food.","Correct match, simple count/sort, drawing or oral explanation.",Can the learner show what happens before and after the selected step?,"No tasting unless the school has separately approved a supervised food activity. Wash hands before and after handling produce. Use only clean, teacher-approved samples and containers. Teachers control knives, heat, electrical equipment, chemicals and any processing machinery."
FF-092,Nursery,Discovery Garden,Harvest Readiness,"Help children connect the Discovery Garden to the idea of harvest readiness through safe observation, matching, sorting, drawing and talk.","Picture cards, clean produce examples where approved, baskets/trays, crayons, labels, handwashing supplies.","Use locally available baskets, clean reused food-grade containers, handmade labels, paper process cards and simple balances/measuring vessels where suitable.","1. Show a garden or food example. 2. Name where it comes from. 3. Let children match, count, sort or draw. 4. Demonstrate clean hands and gentle handling. 5. Ask children to tell one step from garden to food.","Correct match, simple count/sort, drawing or oral explanation.",Can the learner show what happens before and after the selected step?,"No tasting unless the school has separately approved a supervised food activity. Wash hands before and after handling produce. Use only clean, teacher-approved samples and containers. Teachers control knives, heat, electrical equipment, chemicals and any processing machinery."
FF-093,Nursery,Discovery Garden,Safe Handling,"Help children connect the Discovery Garden to the idea of safe handling through safe observation, matching, sorting, drawing and talk.","Picture cards, clean produce examples where approved, baskets/trays, crayons, labels, handwashing supplies.","Use locally available baskets, clean reused food-grade containers, handmade labels, paper process cards and simple balances/measuring vessels where suitable.","1. Show a garden or food example. 2. Name where it comes from. 3. Let children match, count, sort or draw. 4. Demonstrate clean hands and gentle handling. 5. Ask children to tell one step from garden to food.","Correct match, simple count/sort, drawing or oral explanation.",Can the learner show what happens before and after the selected step?,"No tasting unless the school has separately approved a supervised food activity. Wash hands before and after handling produce. Use only clean, teacher-approved samples and containers. Teachers control knives, heat, electrical equipment, chemicals and any processing machinery."
FF-094,Nursery,Discovery Garden,Sorting & Quality,"Help children connect the Discovery Garden to the idea of sorting & quality through safe observation, matching, sorting, drawing and talk.","Picture cards, clean produce examples where approved, baskets/trays, crayons, labels, handwashing supplies.","Use locally available baskets, clean reused food-grade containers, handmade labels, paper process cards and simple balances/measuring vessels where suitable.","1. Show a garden or food example. 2. Name where it comes from. 3. Let children match, count, sort or draw. 4. Demonstrate clean hands and gentle handling. 5. Ask children to tell one step from garden to food.","Correct match, simple count/sort, drawing or oral explanation.",Can the learner show what happens before and after the selected step?,"No tasting unless the school has separately approved a supervised food activity. Wash hands before and after handling produce. Use only clean, teacher-approved samples and containers. Teachers control knives, heat, electrical equipment, chemicals and any processing machinery."
FF-095,Nursery,Discovery Garden,Farm-to-Food Journey,"Help children connect the Discovery Garden to the idea of farm-to-food journey through safe observation, matching, sorting, drawing and talk.","Picture cards, clean produce examples where approved, baskets/trays, crayons, labels, handwashing supplies.","Use locally available baskets, clean reused food-grade containers, handmade labels, paper process cards and simple balances/measuring vessels where suitable.","1. Show a garden or food example. 2. Name where it comes from. 3. Let children match, count, sort or draw. 4. Demonstrate clean hands and gentle handling. 5. Ask children to tell one step from garden to food.","Correct match, simple count/sort, drawing or oral explanation.",Can the learner show what happens before and after the selected step?,"No tasting unless the school has separately approved a supervised food activity. Wash hands before and after handling produce. Use only clean, teacher-approved samples and containers. Teachers control knives, heat, electrical equipment, chemicals and any processing machinery."
FF-096,Nursery,Discovery Garden,Measurement & Yield,"Help children connect the Discovery Garden to the idea of measurement & yield through safe observation, matching, sorting, drawing and talk.","Picture cards, clean produce examples where approved, baskets/trays, crayons, labels, handwashing supplies.","Use locally available baskets, clean reused food-grade containers, handmade labels, paper process cards and simple balances/measuring vessels where suitable.","1. Show a garden or food example. 2. Name where it comes from. 3. Let children match, count, sort or draw. 4. Demonstrate clean hands and gentle handling. 5. Ask children to tell one step from garden to food.","Correct match, simple count/sort, drawing or oral explanation.",Can the learner show what happens before and after the selected step?,"No tasting unless the school has separately approved a supervised food activity. Wash hands before and after handling produce. Use only clean, teacher-approved samples and containers. Teachers control knives, heat, electrical equipment, chemicals and any processing machinery."
FF-097,Nursery,Discovery Garden,Storage & Loss,"Help children connect the Discovery Garden to the idea of storage & loss through safe observation, matching, sorting, drawing and talk.","Picture cards, clean produce examples where approved, baskets/trays, crayons, labels, handwashing supplies.","Use locally available baskets, clean reused food-grade containers, handmade labels, paper process cards and simple balances/measuring vessels where suitable.","1. Show a garden or food example. 2. Name where it comes from. 3. Let children match, count, sort or draw. 4. Demonstrate clean hands and gentle handling. 5. Ask children to tell one step from garden to food.","Correct match, simple count/sort, drawing or oral explanation.",Can the learner show what happens before and after the selected step?,"No tasting unless the school has separately approved a supervised food activity. Wash hands before and after handling produce. Use only clean, teacher-approved samples and containers. Teachers control knives, heat, electrical equipment, chemicals and any processing machinery."
FF-098,Nursery,Discovery Garden,Preparation Pathway,"Help children connect the Discovery Garden to the idea of preparation pathway through safe observation, matching, sorting, drawing and talk.","Picture cards, clean produce examples where approved, baskets/trays, crayons, labels, handwashing supplies.","Use locally available baskets, clean reused food-grade containers, handmade labels, paper process cards and simple balances/measuring vessels where suitable.","1. Show a garden or food example. 2. Name where it comes from. 3. Let children match, count, sort or draw. 4. Demonstrate clean hands and gentle handling. 5. Ask children to tell one step from garden to food.","Correct match, simple count/sort, drawing or oral explanation.",Can the learner show what happens before and after the selected step?,"No tasting unless the school has separately approved a supervised food activity. Wash hands before and after handling produce. Use only clean, teacher-approved samples and containers. Teachers control knives, heat, electrical equipment, chemicals and any processing machinery."
FF-099,Nursery,Discovery Garden,Food Choice & Literacy,"Help children connect the Discovery Garden to the idea of food choice & literacy through safe observation, matching, sorting, drawing and talk.","Picture cards, clean produce examples where approved, baskets/trays, crayons, labels, handwashing supplies.","Use locally available baskets, clean reused food-grade containers, handmade labels, paper process cards and simple balances/measuring vessels where suitable.","1. Show a garden or food example. 2. Name where it comes from. 3. Let children match, count, sort or draw. 4. Demonstrate clean hands and gentle handling. 5. Ask children to tell one step from garden to food.","Correct match, simple count/sort, drawing or oral explanation.",Can the learner show what happens before and after the selected step?,"No tasting unless the school has separately approved a supervised food activity. Wash hands before and after handling produce. Use only clean, teacher-approved samples and containers. Teachers control knives, heat, electrical equipment, chemicals and any processing machinery."
FF-100,Nursery,Discovery Garden,Waste-to-Resource,"Help children connect the Discovery Garden to the idea of waste-to-resource through safe observation, matching, sorting, drawing and talk.","Picture cards, clean produce examples where approved, baskets/trays, crayons, labels, handwashing supplies.","Use locally available baskets, clean reused food-grade containers, handmade labels, paper process cards and simple balances/measuring vessels where suitable.","1. Show a garden or food example. 2. Name where it comes from. 3. Let children match, count, sort or draw. 4. Demonstrate clean hands and gentle handling. 5. Ask children to tell one step from garden to food.","Correct match, simple count/sort, drawing or oral explanation.",Can the learner show what happens before and after the selected step?,"No tasting unless the school has separately approved a supervised food activity. Wash hands before and after handling produce. Use only clean, teacher-approved samples and containers. Teachers control knives, heat, electrical equipment, chemicals and any processing machinery."
FF-101,Primary 1-3,Alphabet Food Garden,Food Origin,Use the Alphabet Food Garden to investigate food origin and connect crop production with food people recognize.,"Student journal, crop/food picture cards, clean trays, ruler or scale where available, labels, handwashing supplies.","Use locally available baskets, clean reused food-grade containers, handmade labels, paper process cards and simple balances/measuring vessels where suitable.","1. Observe the crop or production area. 2. Identify the edible plant part or food connection. 3. Complete a safe food origin task. 4. Record a count, measurement, drawing or sequence. 5. Explain the garden-to-food connection.","Labeled sequence, tally, measurement, drawing or short explanation.",Identify one action that protects food quality or reduces waste.,"No tasting unless the school has separately approved a supervised food activity. Wash hands before and after handling produce. Use only clean, teacher-approved samples and containers. Teachers control knives, heat, electrical equipment, chemicals and any processing machinery."
FF-102,Primary 1-3,Alphabet Food Garden,Harvest Readiness,Use the Alphabet Food Garden to investigate harvest readiness and connect crop production with food people recognize.,"Student journal, crop/food picture cards, clean trays, ruler or scale where available, labels, handwashing supplies.","Use locally available baskets, clean reused food-grade containers, handmade labels, paper process cards and simple balances/measuring vessels where suitable.","1. Observe the crop or production area. 2. Identify the edible plant part or food connection. 3. Complete a safe harvest readiness task. 4. Record a count, measurement, drawing or sequence. 5. Explain the garden-to-food connection.","Labeled sequence, tally, measurement, drawing or short explanation.",Identify one action that protects food quality or reduces waste.,"No tasting unless the school has separately approved a supervised food activity. Wash hands before and after handling produce. Use only clean, teacher-approved samples and containers. Teachers control knives, heat, electrical equipment, chemicals and any processing machinery."
FF-103,Primary 1-3,Alphabet Food Garden,Safe Handling,Use the Alphabet Food Garden to investigate safe handling and connect crop production with food people recognize.,"Student journal, crop/food picture cards, clean trays, ruler or scale where available, labels, handwashing supplies.","Use locally available baskets, clean reused food-grade containers, handmade labels, paper process cards and simple balances/measuring vessels where suitable.","1. Observe the crop or production area. 2. Identify the edible plant part or food connection. 3. Complete a safe safe handling task. 4. Record a count, measurement, drawing or sequence. 5. Explain the garden-to-food connection.","Labeled sequence, tally, measurement, drawing or short explanation.",Identify one action that protects food quality or reduces waste.,"No tasting unless the school has separately approved a supervised food activity. Wash hands before and after handling produce. Use only clean, teacher-approved samples and containers. Teachers control knives, heat, electrical equipment, chemicals and any processing machinery."
FF-104,Primary 1-3,Alphabet Food Garden,Sorting & Quality,Use the Alphabet Food Garden to investigate sorting & quality and connect crop production with food people recognize.,"Student journal, crop/food picture cards, clean trays, ruler or scale where available, labels, handwashing supplies.","Use locally available baskets, clean reused food-grade containers, handmade labels, paper process cards and simple balances/measuring vessels where suitable.","1. Observe the crop or production area. 2. Identify the edible plant part or food connection. 3. Complete a safe sorting & quality task. 4. Record a count, measurement, drawing or sequence. 5. Explain the garden-to-food connection.","Labeled sequence, tally, measurement, drawing or short explanation.",Identify one action that protects food quality or reduces waste.,"No tasting unless the school has separately approved a supervised food activity. Wash hands before and after handling produce. Use only clean, teacher-approved samples and containers. Teachers control knives, heat, electrical equipment, chemicals and any processing machinery."
FF-105,Primary 1-3,Alphabet Food Garden,Farm-to-Food Journey,Use the Alphabet Food Garden to investigate farm-to-food journey and connect crop production with food people recognize.,"Student journal, crop/food picture cards, clean trays, ruler or scale where available, labels, handwashing supplies.","Use locally available baskets, clean reused food-grade containers, handmade labels, paper process cards and simple balances/measuring vessels where suitable.","1. Observe the crop or production area. 2. Identify the edible plant part or food connection. 3. Complete a safe farm-to-food journey task. 4. Record a count, measurement, drawing or sequence. 5. Explain the garden-to-food connection.","Labeled sequence, tally, measurement, drawing or short explanation.",Identify one action that protects food quality or reduces waste.,"No tasting unless the school has separately approved a supervised food activity. Wash hands before and after handling produce. Use only clean, teacher-approved samples and containers. Teachers control knives, heat, electrical equipment, chemicals and any processing machinery."
FF-106,Primary 1-3,Alphabet Food Garden,Measurement & Yield,Use the Alphabet Food Garden to investigate measurement & yield and connect crop production with food people recognize.,"Student journal, crop/food picture cards, clean trays, ruler or scale where available, labels, handwashing supplies.","Use locally available baskets, clean reused food-grade containers, handmade labels, paper process cards and simple balances/measuring vessels where suitable.","1. Observe the crop or production area. 2. Identify the edible plant part or food connection. 3. Complete a safe measurement & yield task. 4. Record a count, measurement, drawing or sequence. 5. Explain the garden-to-food connection.","Labeled sequence, tally, measurement, drawing or short explanation.",Identify one action that protects food quality or reduces waste.,"No tasting unless the school has separately approved a supervised food activity. Wash hands before and after handling produce. Use only clean, teacher-approved samples and containers. Teachers control knives, heat, electrical equipment, chemicals and any processing machinery."
FF-107,Primary 1-3,Alphabet Food Garden,Storage & Loss,Use the Alphabet Food Garden to investigate storage & loss and connect crop production with food people recognize.,"Student journal, crop/food picture cards, clean trays, ruler or scale where available, labels, handwashing supplies.","Use locally available baskets, clean reused food-grade containers, handmade labels, paper process cards and simple balances/measuring vessels where suitable.","1. Observe the crop or production area. 2. Identify the edible plant part or food connection. 3. Complete a safe storage & loss task. 4. Record a count, measurement, drawing or sequence. 5. Explain the garden-to-food connection.","Labeled sequence, tally, measurement, drawing or short explanation.",Identify one action that protects food quality or reduces waste.,"No tasting unless the school has separately approved a supervised food activity. Wash hands before and after handling produce. Use only clean, teacher-approved samples and containers. Teachers control knives, heat, electrical equipment, chemicals and any processing machinery."
FF-108,Primary 1-3,Alphabet Food Garden,Preparation Pathway,Use the Alphabet Food Garden to investigate preparation pathway and connect crop production with food people recognize.,"Student journal, crop/food picture cards, clean trays, ruler or scale where available, labels, handwashing supplies.","Use locally available baskets, clean reused food-grade containers, handmade labels, paper process cards and simple balances/measuring vessels where suitable.","1. Observe the crop or production area. 2. Identify the edible plant part or food connection. 3. Complete a safe preparation pathway task. 4. Record a count, measurement, drawing or sequence. 5. Explain the garden-to-food connection.","Labeled sequence, tally, measurement, drawing or short explanation.",Identify one action that protects food quality or reduces waste.,"No tasting unless the school has separately approved a supervised food activity. Wash hands before and after handling produce. Use only clean, teacher-approved samples and containers. Teachers control knives, heat, electrical equipment, chemicals and any processing machinery."
FF-109,Primary 1-3,Alphabet Food Garden,Food Choice & Literacy,Use the Alphabet Food Garden to investigate food choice & literacy and connect crop production with food people recognize.,"Student journal, crop/food picture cards, clean trays, ruler or scale where available, labels, handwashing supplies.","Use locally available baskets, clean reused food-grade containers, handmade labels, paper process cards and simple balances/measuring vessels where suitable.","1. Observe the crop or production area. 2. Identify the edible plant part or food connection. 3. Complete a safe food choice & literacy task. 4. Record a count, measurement, drawing or sequence. 5. Explain the garden-to-food connection.","Labeled sequence, tally, measurement, drawing or short explanation.",Identify one action that protects food quality or reduces waste.,"No tasting unless the school has separately approved a supervised food activity. Wash hands before and after handling produce. Use only clean, teacher-approved samples and containers. Teachers control knives, heat, electrical equipment, chemicals and any processing machinery."
FF-110,Primary 1-3,Alphabet Food Garden,Waste-to-Resource,Use the Alphabet Food Garden to investigate waste-to-resource and connect crop production with food people recognize.,"Student journal, crop/food picture cards, clean trays, ruler or scale where available, labels, handwashing supplies.","Use locally available baskets, clean reused food-grade containers, handmade labels, paper process cards and simple balances/measuring vessels where suitable.","1. Observe the crop or production area. 2. Identify the edible plant part or food connection. 3. Complete a safe waste-to-resource task. 4. Record a count, measurement, drawing or sequence. 5. Explain the garden-to-food connection.","Labeled sequence, tally, measurement, drawing or short explanation.",Identify one action that protects food quality or reduces waste.,"No tasting unless the school has separately approved a supervised food activity. Wash hands before and after handling produce. Use only clean, teacher-approved samples and containers. Teachers control knives, heat, electrical equipment, chemicals and any processing machinery."
FF-111,Primary 1-3,Number Food Garden,Food Origin,Use the Number Food Garden to investigate food origin and connect crop production with food people recognize.,"Student journal, crop/food picture cards, clean trays, ruler or scale where available, labels, handwashing supplies.","Use locally available baskets, clean reused food-grade containers, handmade labels, paper process cards and simple balances/measuring vessels where suitable.","1. Observe the crop or production area. 2. Identify the edible plant part or food connection. 3. Complete a safe food origin task. 4. Record a count, measurement, drawing or sequence. 5. Explain the garden-to-food connection.","Labeled sequence, tally, measurement, drawing or short explanation.",Identify one action that protects food quality or reduces waste.,"No tasting unless the school has separately approved a supervised food activity. Wash hands before and after handling produce. Use only clean, teacher-approved samples and containers. Teachers control knives, heat, electrical equipment, chemicals and any processing machinery."
FF-112,Primary 1-3,Number Food Garden,Harvest Readiness,Use the Number Food Garden to investigate harvest readiness and connect crop production with food people recognize.,"Student journal, crop/food picture cards, clean trays, ruler or scale where available, labels, handwashing supplies.","Use locally available baskets, clean reused food-grade containers, handmade labels, paper process cards and simple balances/measuring vessels where suitable.","1. Observe the crop or production area. 2. Identify the edible plant part or food connection. 3. Complete a safe harvest readiness task. 4. Record a count, measurement, drawing or sequence. 5. Explain the garden-to-food connection.","Labeled sequence, tally, measurement, drawing or short explanation.",Identify one action that protects food quality or reduces waste.,"No tasting unless the school has separately approved a supervised food activity. Wash hands before and after handling produce. Use only clean, teacher-approved samples and containers. Teachers control knives, heat, electrical equipment, chemicals and any processing machinery."
FF-113,Primary 1-3,Number Food Garden,Safe Handling,Use the Number Food Garden to investigate safe handling and connect crop production with food people recognize.,"Student journal, crop/food picture cards, clean trays, ruler or scale where available, labels, handwashing supplies.","Use locally available baskets, clean reused food-grade containers, handmade labels, paper process cards and simple balances/measuring vessels where suitable.","1. Observe the crop or production area. 2. Identify the edible plant part or food connection. 3. Complete a safe safe handling task. 4. Record a count, measurement, drawing or sequence. 5. Explain the garden-to-food connection.","Labeled sequence, tally, measurement, drawing or short explanation.",Identify one action that protects food quality or reduces waste.,"No tasting unless the school has separately approved a supervised food activity. Wash hands before and after handling produce. Use only clean, teacher-approved samples and containers. Teachers control knives, heat, electrical equipment, chemicals and any processing machinery."
FF-114,Primary 1-3,Number Food Garden,Sorting & Quality,Use the Number Food Garden to investigate sorting & quality and connect crop production with food people recognize.,"Student journal, crop/food picture cards, clean trays, ruler or scale where available, labels, handwashing supplies.","Use locally available baskets, clean reused food-grade containers, handmade labels, paper process cards and simple balances/measuring vessels where suitable.","1. Observe the crop or production area. 2. Identify the edible plant part or food connection. 3. Complete a safe sorting & quality task. 4. Record a count, measurement, drawing or sequence. 5. Explain the garden-to-food connection.","Labeled sequence, tally, measurement, drawing or short explanation.",Identify one action that protects food quality or reduces waste.,"No tasting unless the school has separately approved a supervised food activity. Wash hands before and after handling produce. Use only clean, teacher-approved samples and containers. Teachers control knives, heat, electrical equipment, chemicals and any processing machinery."
FF-115,Primary 1-3,Number Food Garden,Farm-to-Food Journey,Use the Number Food Garden to investigate farm-to-food journey and connect crop production with food people recognize.,"Student journal, crop/food picture cards, clean trays, ruler or scale where available, labels, handwashing supplies.","Use locally available baskets, clean reused food-grade containers, handmade labels, paper process cards and simple balances/measuring vessels where suitable.","1. Observe the crop or production area. 2. Identify the edible plant part or food connection. 3. Complete a safe farm-to-food journey task. 4. Record a count, measurement, drawing or sequence. 5. Explain the garden-to-food connection.","Labeled sequence, tally, measurement, drawing or short explanation.",Identify one action that protects food quality or reduces waste.,"No tasting unless the school has separately approved a supervised food activity. Wash hands before and after handling produce. Use only clean, teacher-approved samples and containers. Teachers control knives, heat, electrical equipment, chemicals and any processing machinery."
FF-116,Primary 1-3,Number Food Garden,Measurement & Yield,Use the Number Food Garden to investigate measurement & yield and connect crop production with food people recognize.,"Student journal, crop/food picture cards, clean trays, ruler or scale where available, labels, handwashing supplies.","Use locally available baskets, clean reused food-grade containers, handmade labels, paper process cards and simple balances/measuring vessels where suitable.","1. Observe the crop or production area. 2. Identify the edible plant part or food connection. 3. Complete a safe measurement & yield task. 4. Record a count, measurement, drawing or sequence. 5. Explain the garden-to-food connection.","Labeled sequence, tally, measurement, drawing or short explanation.",Identify one action that protects food quality or reduces waste.,"No tasting unless the school has separately approved a supervised food activity. Wash hands before and after handling produce. Use only clean, teacher-approved samples and containers. Teachers control knives, heat, electrical equipment, chemicals and any processing machinery."
FF-117,Primary 1-3,Number Food Garden,Storage & Loss,Use the Number Food Garden to investigate storage & loss and connect crop production with food people recognize.,"Student journal, crop/food picture cards, clean trays, ruler or scale where available, labels, handwashing supplies.","Use locally available baskets, clean reused food-grade containers, handmade labels, paper process cards and simple balances/measuring vessels where suitable.","1. Observe the crop or production area. 2. Identify the edible plant part or food connection. 3. Complete a safe storage & loss task. 4. Record a count, measurement, drawing or sequence. 5. Explain the garden-to-food connection.","Labeled sequence, tally, measurement, drawing or short explanation.",Identify one action that protects food quality or reduces waste.,"No tasting unless the school has separately approved a supervised food activity. Wash hands before and after handling produce. Use only clean, teacher-approved samples and containers. Teachers control knives, heat, electrical equipment, chemicals and any processing machinery."
FF-118,Primary 1-3,Number Food Garden,Preparation Pathway,Use the Number Food Garden to investigate preparation pathway and connect crop production with food people recognize.,"Student journal, crop/food picture cards, clean trays, ruler or scale where available, labels, handwashing supplies.","Use locally available baskets, clean reused food-grade containers, handmade labels, paper process cards and simple balances/measuring vessels where suitable.","1. Observe the crop or production area. 2. Identify the edible plant part or food connection. 3. Complete a safe preparation pathway task. 4. Record a count, measurement, drawing or sequence. 5. Explain the garden-to-food connection.","Labeled sequence, tally, measurement, drawing or short explanation.",Identify one action that protects food quality or reduces waste.,"No tasting unless the school has separately approved a supervised food activity. Wash hands before and after handling produce. Use only clean, teacher-approved samples and containers. Teachers control knives, heat, electrical equipment, chemicals and any processing machinery."
FF-119,Primary 1-3,Number Food Garden,Food Choice & Literacy,Use the Number Food Garden to investigate food choice & literacy and connect crop production with food people recognize.,"Student journal, crop/food picture cards, clean trays, ruler or scale where available, labels, handwashing supplies.","Use locally available baskets, clean reused food-grade containers, handmade labels, paper process cards and simple balances/measuring vessels where suitable.","1. Observe the crop or production area. 2. Identify the edible plant part or food connection. 3. Complete a safe food choice & literacy task. 4. Record a count, measurement, drawing or sequence. 5. Explain the garden-to-food connection.","Labeled sequence, tally, measurement, drawing or short explanation.",Identify one action that protects food quality or reduces waste.,"No tasting unless the school has separately approved a supervised food activity. Wash hands before and after handling produce. Use only clean, teacher-approved samples and containers. Teachers control knives, heat, electrical equipment, chemicals and any processing machinery."
FF-120,Primary 1-3,Number Food Garden,Waste-to-Resource,Use the Number Food Garden to investigate waste-to-resource and connect crop production with food people recognize.,"Student journal, crop/food picture cards, clean trays, ruler or scale where available, labels, handwashing supplies.","Use locally available baskets, clean reused food-grade containers, handmade labels, paper process cards and simple balances/measuring vessels where suitable.","1. Observe the crop or production area. 2. Identify the edible plant part or food connection. 3. Complete a safe waste-to-resource task. 4. Record a count, measurement, drawing or sequence. 5. Explain the garden-to-food connection.","Labeled sequence, tally, measurement, drawing or short explanation.",Identify one action that protects food quality or reduces waste.,"No tasting unless the school has separately approved a supervised food activity. Wash hands before and after handling produce. Use only clean, teacher-approved samples and containers. Teachers control knives, heat, electrical equipment, chemicals and any processing machinery."
FF-121,Primary 1-3,Geometry Garden,Food Origin,Use the Geometry Garden to investigate food origin and connect crop production with food people recognize.,"Student journal, crop/food picture cards, clean trays, ruler or scale where available, labels, handwashing supplies.","Use locally available baskets, clean reused food-grade containers, handmade labels, paper process cards and simple balances/measuring vessels where suitable.","1. Observe the crop or production area. 2. Identify the edible plant part or food connection. 3. Complete a safe food origin task. 4. Record a count, measurement, drawing or sequence. 5. Explain the garden-to-food connection.","Labeled sequence, tally, measurement, drawing or short explanation.",Identify one action that protects food quality or reduces waste.,"No tasting unless the school has separately approved a supervised food activity. Wash hands before and after handling produce. Use only clean, teacher-approved samples and containers. Teachers control knives, heat, electrical equipment, chemicals and any processing machinery."
FF-122,Primary 1-3,Geometry Garden,Harvest Readiness,Use the Geometry Garden to investigate harvest readiness and connect crop production with food people recognize.,"Student journal, crop/food picture cards, clean trays, ruler or scale where available, labels, handwashing supplies.","Use locally available baskets, clean reused food-grade containers, handmade labels, paper process cards and simple balances/measuring vessels where suitable.","1. Observe the crop or production area. 2. Identify the edible plant part or food connection. 3. Complete a safe harvest readiness task. 4. Record a count, measurement, drawing or sequence. 5. Explain the garden-to-food connection.","Labeled sequence, tally, measurement, drawing or short explanation.",Identify one action that protects food quality or reduces waste.,"No tasting unless the school has separately approved a supervised food activity. Wash hands before and after handling produce. Use only clean, teacher-approved samples and containers. Teachers control knives, heat, electrical equipment, chemicals and any processing machinery."
FF-123,Primary 1-3,Geometry Garden,Safe Handling,Use the Geometry Garden to investigate safe handling and connect crop production with food people recognize.,"Student journal, crop/food picture cards, clean trays, ruler or scale where available, labels, handwashing supplies.","Use locally available baskets, clean reused food-grade containers, handmade labels, paper process cards and simple balances/measuring vessels where suitable.","1. Observe the crop or production area. 2. Identify the edible plant part or food connection. 3. Complete a safe safe handling task. 4. Record a count, measurement, drawing or sequence. 5. Explain the garden-to-food connection.","Labeled sequence, tally, measurement, drawing or short explanation.",Identify one action that protects food quality or reduces waste.,"No tasting unless the school has separately approved a supervised food activity. Wash hands before and after handling produce. Use only clean, teacher-approved samples and containers. Teachers control knives, heat, electrical equipment, chemicals and any processing machinery."
FF-124,Primary 1-3,Geometry Garden,Sorting & Quality,Use the Geometry Garden to investigate sorting & quality and connect crop production with food people recognize.,"Student journal, crop/food picture cards, clean trays, ruler or scale where available, labels, handwashing supplies.","Use locally available baskets, clean reused food-grade containers, handmade labels, paper process cards and simple balances/measuring vessels where suitable.","1. Observe the crop or production area. 2. Identify the edible plant part or food connection. 3. Complete a safe sorting & quality task. 4. Record a count, measurement, drawing or sequence. 5. Explain the garden-to-food connection.","Labeled sequence, tally, measurement, drawing or short explanation.",Identify one action that protects food quality or reduces waste.,"No tasting unless the school has separately approved a supervised food activity. Wash hands before and after handling produce. Use only clean, teacher-approved samples and containers. Teachers control knives, heat, electrical equipment, chemicals and any processing machinery."
FF-125,Primary 1-3,Geometry Garden,Farm-to-Food Journey,Use the Geometry Garden to investigate farm-to-food journey and connect crop production with food people recognize.,"Student journal, crop/food picture cards, clean trays, ruler or scale where available, labels, handwashing supplies.","Use locally available baskets, clean reused food-grade containers, handmade labels, paper process cards and simple balances/measuring vessels where suitable.","1. Observe the crop or production area. 2. Identify the edible plant part or food connection. 3. Complete a safe farm-to-food journey task. 4. Record a count, measurement, drawing or sequence. 5. Explain the garden-to-food connection.","Labeled sequence, tally, measurement, drawing or short explanation.",Identify one action that protects food quality or reduces waste.,"No tasting unless the school has separately approved a supervised food activity. Wash hands before and after handling produce. Use only clean, teacher-approved samples and containers. Teachers control knives, heat, electrical equipment, chemicals and any processing machinery."
FF-126,Primary 1-3,Geometry Garden,Measurement & Yield,Use the Geometry Garden to investigate measurement & yield and connect crop production with food people recognize.,"Student journal, crop/food picture cards, clean trays, ruler or scale where available, labels, handwashing supplies.","Use locally available baskets, clean reused food-grade containers, handmade labels, paper process cards and simple balances/measuring vessels where suitable.","1. Observe the crop or production area. 2. Identify the edible plant part or food connection. 3. Complete a safe measurement & yield task. 4. Record a count, measurement, drawing or sequence. 5. Explain the garden-to-food connection.","Labeled sequence, tally, measurement, drawing or short explanation.",Identify one action that protects food quality or reduces waste.,"No tasting unless the school has separately approved a supervised food activity. Wash hands before and after handling produce. Use only clean, teacher-approved samples and containers. Teachers control knives, heat, electrical equipment, chemicals and any processing machinery."
FF-127,Primary 1-3,Geometry Garden,Storage & Loss,Use the Geometry Garden to investigate storage & loss and connect crop production with food people recognize.,"Student journal, crop/food picture cards, clean trays, ruler or scale where available, labels, handwashing supplies.","Use locally available baskets, clean reused food-grade containers, handmade labels, paper process cards and simple balances/measuring vessels where suitable.","1. Observe the crop or production area. 2. Identify the edible plant part or food connection. 3. Complete a safe storage & loss task. 4. Record a count, measurement, drawing or sequence. 5. Explain the garden-to-food connection.","Labeled sequence, tally, measurement, drawing or short explanation.",Identify one action that protects food quality or reduces waste.,"No tasting unless the school has separately approved a supervised food activity. Wash hands before and after handling produce. Use only clean, teacher-approved samples and containers. Teachers control knives, heat, electrical equipment, chemicals and any processing machinery."
FF-128,Primary 1-3,Geometry Garden,Preparation Pathway,Use the Geometry Garden to investigate preparation pathway and connect crop production with food people recognize.,"Student journal, crop/food picture cards, clean trays, ruler or scale where available, labels, handwashing supplies.","Use locally available baskets, clean reused food-grade containers, handmade labels, paper process cards and simple balances/measuring vessels where suitable.","1. Observe the crop or production area. 2. Identify the edible plant part or food connection. 3. Complete a safe preparation pathway task. 4. Record a count, measurement, drawing or sequence. 5. Explain the garden-to-food connection.","Labeled sequence, tally, measurement, drawing or short explanation.",Identify one action that protects food quality or reduces waste.,"No tasting unless the school has separately approved a supervised food activity. Wash hands before and after handling produce. Use only clean, teacher-approved samples and containers. Teachers control knives, heat, electrical equipment, chemicals and any processing machinery."
FF-129,Primary 1-3,Geometry Garden,Food Choice & Literacy,Use the Geometry Garden to investigate food choice & literacy and connect crop production with food people recognize.,"Student journal, crop/food picture cards, clean trays, ruler or scale where available, labels, handwashing supplies.","Use locally available baskets, clean reused food-grade containers, handmade labels, paper process cards and simple balances/measuring vessels where suitable.","1. Observe the crop or production area. 2. Identify the edible plant part or food connection. 3. Complete a safe food choice & literacy task. 4. Record a count, measurement, drawing or sequence. 5. Explain the garden-to-food connection.","Labeled sequence, tally, measurement, drawing or short explanation.",Identify one action that protects food quality or reduces waste.,"No tasting unless the school has separately approved a supervised food activity. Wash hands before and after handling produce. Use only clean, teacher-approved samples and containers. Teachers control knives, heat, electrical equipment, chemicals and any processing machinery."
FF-130,Primary 1-3,Geometry Garden,Waste-to-Resource,Use the Geometry Garden to investigate waste-to-resource and connect crop production with food people recognize.,"Student journal, crop/food picture cards, clean trays, ruler or scale where available, labels, handwashing supplies.","Use locally available baskets, clean reused food-grade containers, handmade labels, paper process cards and simple balances/measuring vessels where suitable.","1. Observe the crop or production area. 2. Identify the edible plant part or food connection. 3. Complete a safe waste-to-resource task. 4. Record a count, measurement, drawing or sequence. 5. Explain the garden-to-food connection.","Labeled sequence, tally, measurement, drawing or short explanation.",Identify one action that protects food quality or reduces waste.,"No tasting unless the school has separately approved a supervised food activity. Wash hands before and after handling produce. Use only clean, teacher-approved samples and containers. Teachers control knives, heat, electrical equipment, chemicals and any processing machinery."
FF-131,Primary 1-3,Leaf Garden,Food Origin,Use the Leaf Garden to investigate food origin and connect crop production with food people recognize.,"Student journal, crop/food picture cards, clean trays, ruler or scale where available, labels, handwashing supplies.","Use locally available baskets, clean reused food-grade containers, handmade labels, paper process cards and simple balances/measuring vessels where suitable.","1. Observe the crop or production area. 2. Identify the edible plant part or food connection. 3. Complete a safe food origin task. 4. Record a count, measurement, drawing or sequence. 5. Explain the garden-to-food connection.","Labeled sequence, tally, measurement, drawing or short explanation.",Identify one action that protects food quality or reduces waste.,"No tasting unless the school has separately approved a supervised food activity. Wash hands before and after handling produce. Use only clean, teacher-approved samples and containers. Teachers control knives, heat, electrical equipment, chemicals and any processing machinery."
FF-132,Primary 1-3,Leaf Garden,Harvest Readiness,Use the Leaf Garden to investigate harvest readiness and connect crop production with food people recognize.,"Student journal, crop/food picture cards, clean trays, ruler or scale where available, labels, handwashing supplies.","Use locally available baskets, clean reused food-grade containers, handmade labels, paper process cards and simple balances/measuring vessels where suitable.","1. Observe the crop or production area. 2. Identify the edible plant part or food connection. 3. Complete a safe harvest readiness task. 4. Record a count, measurement, drawing or sequence. 5. Explain the garden-to-food connection.","Labeled sequence, tally, measurement, drawing or short explanation.",Identify one action that protects food quality or reduces waste.,"No tasting unless the school has separately approved a supervised food activity. Wash hands before and after handling produce. Use only clean, teacher-approved samples and containers. Teachers control knives, heat, electrical equipment, chemicals and any processing machinery."
FF-133,Primary 1-3,Leaf Garden,Safe Handling,Use the Leaf Garden to investigate safe handling and connect crop production with food people recognize.,"Student journal, crop/food picture cards, clean trays, ruler or scale where available, labels, handwashing supplies.","Use locally available baskets, clean reused food-grade containers, handmade labels, paper process cards and simple balances/measuring vessels where suitable.","1. Observe the crop or production area. 2. Identify the edible plant part or food connection. 3. Complete a safe safe handling task. 4. Record a count, measurement, drawing or sequence. 5. Explain the garden-to-food connection.","Labeled sequence, tally, measurement, drawing or short explanation.",Identify one action that protects food quality or reduces waste.,"No tasting unless the school has separately approved a supervised food activity. Wash hands before and after handling produce. Use only clean, teacher-approved samples and containers. Teachers control knives, heat, electrical equipment, chemicals and any processing machinery."
FF-134,Primary 1-3,Leaf Garden,Sorting & Quality,Use the Leaf Garden to investigate sorting & quality and connect crop production with food people recognize.,"Student journal, crop/food picture cards, clean trays, ruler or scale where available, labels, handwashing supplies.","Use locally available baskets, clean reused food-grade containers, handmade labels, paper process cards and simple balances/measuring vessels where suitable.","1. Observe the crop or production area. 2. Identify the edible plant part or food connection. 3. Complete a safe sorting & quality task. 4. Record a count, measurement, drawing or sequence. 5. Explain the garden-to-food connection.","Labeled sequence, tally, measurement, drawing or short explanation.",Identify one action that protects food quality or reduces waste.,"No tasting unless the school has separately approved a supervised food activity. Wash hands before and after handling produce. Use only clean, teacher-approved samples and containers. Teachers control knives, heat, electrical equipment, chemicals and any processing machinery."
FF-135,Primary 1-3,Leaf Garden,Farm-to-Food Journey,Use the Leaf Garden to investigate farm-to-food journey and connect crop production with food people recognize.,"Student journal, crop/food picture cards, clean trays, ruler or scale where available, labels, handwashing supplies.","Use locally available baskets, clean reused food-grade containers, handmade labels, paper process cards and simple balances/measuring vessels where suitable.","1. Observe the crop or production area. 2. Identify the edible plant part or food connection. 3. Complete a safe farm-to-food journey task. 4. Record a count, measurement, drawing or sequence. 5. Explain the garden-to-food connection.","Labeled sequence, tally, measurement, drawing or short explanation.",Identify one action that protects food quality or reduces waste.,"No tasting unless the school has separately approved a supervised food activity. Wash hands before and after handling produce. Use only clean, teacher-approved samples and containers. Teachers control knives, heat, electrical equipment, chemicals and any processing machinery."
FF-136,Primary 1-3,Leaf Garden,Measurement & Yield,Use the Leaf Garden to investigate measurement & yield and connect crop production with food people recognize.,"Student journal, crop/food picture cards, clean trays, ruler or scale where available, labels, handwashing supplies.","Use locally available baskets, clean reused food-grade containers, handmade labels, paper process cards and simple balances/measuring vessels where suitable.","1. Observe the crop or production area. 2. Identify the edible plant part or food connection. 3. Complete a safe measurement & yield task. 4. Record a count, measurement, drawing or sequence. 5. Explain the garden-to-food connection.","Labeled sequence, tally, measurement, drawing or short explanation.",Identify one action that protects food quality or reduces waste.,"No tasting unless the school has separately approved a supervised food activity. Wash hands before and after handling produce. Use only clean, teacher-approved samples and containers. Teachers control knives, heat, electrical equipment, chemicals and any processing machinery."
FF-137,Primary 1-3,Leaf Garden,Storage & Loss,Use the Leaf Garden to investigate storage & loss and connect crop production with food people recognize.,"Student journal, crop/food picture cards, clean trays, ruler or scale where available, labels, handwashing supplies.","Use locally available baskets, clean reused food-grade containers, handmade labels, paper process cards and simple balances/measuring vessels where suitable.","1. Observe the crop or production area. 2. Identify the edible plant part or food connection. 3. Complete a safe storage & loss task. 4. Record a count, measurement, drawing or sequence. 5. Explain the garden-to-food connection.","Labeled sequence, tally, measurement, drawing or short explanation.",Identify one action that protects food quality or reduces waste.,"No tasting unless the school has separately approved a supervised food activity. Wash hands before and after handling produce. Use only clean, teacher-approved samples and containers. Teachers control knives, heat, electrical equipment, chemicals and any processing machinery."
FF-138,Primary 1-3,Leaf Garden,Preparation Pathway,Use the Leaf Garden to investigate preparation pathway and connect crop production with food people recognize.,"Student journal, crop/food picture cards, clean trays, ruler or scale where available, labels, handwashing supplies.","Use locally available baskets, clean reused food-grade containers, handmade labels, paper process cards and simple balances/measuring vessels where suitable.","1. Observe the crop or production area. 2. Identify the edible plant part or food connection. 3. Complete a safe preparation pathway task. 4. Record a count, measurement, drawing or sequence. 5. Explain the garden-to-food connection.","Labeled sequence, tally, measurement, drawing or short explanation.",Identify one action that protects food quality or reduces waste.,"No tasting unless the school has separately approved a supervised food activity. Wash hands before and after handling produce. Use only clean, teacher-approved samples and containers. Teachers control knives, heat, electrical equipment, chemicals and any processing machinery."
FF-139,Primary 1-3,Leaf Garden,Food Choice & Literacy,Use the Leaf Garden to investigate food choice & literacy and connect crop production with food people recognize.,"Student journal, crop/food picture cards, clean trays, ruler or scale where available, labels, handwashing supplies.","Use locally available baskets, clean reused food-grade containers, handmade labels, paper process cards and simple balances/measuring vessels where suitable.","1. Observe the crop or production area. 2. Identify the edible plant part or food connection. 3. Complete a safe food choice & literacy task. 4. Record a count, measurement, drawing or sequence. 5. Explain the garden-to-food connection.","Labeled sequence, tally, measurement, drawing or short explanation.",Identify one action that protects food quality or reduces waste.,"No tasting unless the school has separately approved a supervised food activity. Wash hands before and after handling produce. Use only clean, teacher-approved samples and containers. Teachers control knives, heat, electrical equipment, chemicals and any processing machinery."
FF-140,Primary 1-3,Leaf Garden,Waste-to-Resource,Use the Leaf Garden to investigate waste-to-resource and connect crop production with food people recognize.,"Student journal, crop/food picture cards, clean trays, ruler or scale where available, labels, handwashing supplies.","Use locally available baskets, clean reused food-grade containers, handmade labels, paper process cards and simple balances/measuring vessels where suitable.","1. Observe the crop or production area. 2. Identify the edible plant part or food connection. 3. Complete a safe waste-to-resource task. 4. Record a count, measurement, drawing or sequence. 5. Explain the garden-to-food connection.","Labeled sequence, tally, measurement, drawing or short explanation.",Identify one action that protects food quality or reduces waste.,"No tasting unless the school has separately approved a supervised food activity. Wash hands before and after handling produce. Use only clean, teacher-approved samples and containers. Teachers control knives, heat, electrical equipment, chemicals and any processing machinery."
FF-141,Primary 1-3,Pollinator Garden,Food Origin,Use the Pollinator Garden to investigate food origin and connect crop production with food people recognize.,"Student journal, crop/food picture cards, clean trays, ruler or scale where available, labels, handwashing supplies.","Use locally available baskets, clean reused food-grade containers, handmade labels, paper process cards and simple balances/measuring vessels where suitable.","1. Observe the crop or production area. 2. Identify the edible plant part or food connection. 3. Complete a safe food origin task. 4. Record a count, measurement, drawing or sequence. 5. Explain the garden-to-food connection.","Labeled sequence, tally, measurement, drawing or short explanation.",Identify one action that protects food quality or reduces waste.,"No tasting unless the school has separately approved a supervised food activity. Wash hands before and after handling produce. Use only clean, teacher-approved samples and containers. Teachers control knives, heat, electrical equipment, chemicals and any processing machinery."
FF-142,Primary 1-3,Pollinator Garden,Harvest Readiness,Use the Pollinator Garden to investigate harvest readiness and connect crop production with food people recognize.,"Student journal, crop/food picture cards, clean trays, ruler or scale where available, labels, handwashing supplies.","Use locally available baskets, clean reused food-grade containers, handmade labels, paper process cards and simple balances/measuring vessels where suitable.","1. Observe the crop or production area. 2. Identify the edible plant part or food connection. 3. Complete a safe harvest readiness task. 4. Record a count, measurement, drawing or sequence. 5. Explain the garden-to-food connection.","Labeled sequence, tally, measurement, drawing or short explanation.",Identify one action that protects food quality or reduces waste.,"No tasting unless the school has separately approved a supervised food activity. Wash hands before and after handling produce. Use only clean, teacher-approved samples and containers. Teachers control knives, heat, electrical equipment, chemicals and any processing machinery."
FF-143,Primary 1-3,Pollinator Garden,Safe Handling,Use the Pollinator Garden to investigate safe handling and connect crop production with food people recognize.,"Student journal, crop/food picture cards, clean trays, ruler or scale where available, labels, handwashing supplies.","Use locally available baskets, clean reused food-grade containers, handmade labels, paper process cards and simple balances/measuring vessels where suitable.","1. Observe the crop or production area. 2. Identify the edible plant part or food connection. 3. Complete a safe safe handling task. 4. Record a count, measurement, drawing or sequence. 5. Explain the garden-to-food connection.","Labeled sequence, tally, measurement, drawing or short explanation.",Identify one action that protects food quality or reduces waste.,"No tasting unless the school has separately approved a supervised food activity. Wash hands before and after handling produce. Use only clean, teacher-approved samples and containers. Teachers control knives, heat, electrical equipment, chemicals and any processing machinery."
FF-144,Primary 1-3,Pollinator Garden,Sorting & Quality,Use the Pollinator Garden to investigate sorting & quality and connect crop production with food people recognize.,"Student journal, crop/food picture cards, clean trays, ruler or scale where available, labels, handwashing supplies.","Use locally available baskets, clean reused food-grade containers, handmade labels, paper process cards and simple balances/measuring vessels where suitable.","1. Observe the crop or production area. 2. Identify the edible plant part or food connection. 3. Complete a safe sorting & quality task. 4. Record a count, measurement, drawing or sequence. 5. Explain the garden-to-food connection.","Labeled sequence, tally, measurement, drawing or short explanation.",Identify one action that protects food quality or reduces waste.,"No tasting unless the school has separately approved a supervised food activity. Wash hands before and after handling produce. Use only clean, teacher-approved samples and containers. Teachers control knives, heat, electrical equipment, chemicals and any processing machinery."
FF-145,Primary 1-3,Pollinator Garden,Farm-to-Food Journey,Use the Pollinator Garden to investigate farm-to-food journey and connect crop production with food people recognize.,"Student journal, crop/food picture cards, clean trays, ruler or scale where available, labels, handwashing supplies.","Use locally available baskets, clean reused food-grade containers, handmade labels, paper process cards and simple balances/measuring vessels where suitable.","1. Observe the crop or production area. 2. Identify the edible plant part or food connection. 3. Complete a safe farm-to-food journey task. 4. Record a count, measurement, drawing or sequence. 5. Explain the garden-to-food connection.","Labeled sequence, tally, measurement, drawing or short explanation.",Identify one action that protects food quality or reduces waste.,"No tasting unless the school has separately approved a supervised food activity. Wash hands before and after handling produce. Use only clean, teacher-approved samples and containers. Teachers control knives, heat, electrical equipment, chemicals and any processing machinery."
FF-146,Primary 1-3,Pollinator Garden,Measurement & Yield,Use the Pollinator Garden to investigate measurement & yield and connect crop production with food people recognize.,"Student journal, crop/food picture cards, clean trays, ruler or scale where available, labels, handwashing supplies.","Use locally available baskets, clean reused food-grade containers, handmade labels, paper process cards and simple balances/measuring vessels where suitable.","1. Observe the crop or production area. 2. Identify the edible plant part or food connection. 3. Complete a safe measurement & yield task. 4. Record a count, measurement, drawing or sequence. 5. Explain the garden-to-food connection.","Labeled sequence, tally, measurement, drawing or short explanation.",Identify one action that protects food quality or reduces waste.,"No tasting unless the school has separately approved a supervised food activity. Wash hands before and after handling produce. Use only clean, teacher-approved samples and containers. Teachers control knives, heat, electrical equipment, chemicals and any processing machinery."
FF-147,Primary 1-3,Pollinator Garden,Storage & Loss,Use the Pollinator Garden to investigate storage & loss and connect crop production with food people recognize.,"Student journal, crop/food picture cards, clean trays, ruler or scale where available, labels, handwashing supplies.","Use locally available baskets, clean reused food-grade containers, handmade labels, paper process cards and simple balances/measuring vessels where suitable.","1. Observe the crop or production area. 2. Identify the edible plant part or food connection. 3. Complete a safe storage & loss task. 4. Record a count, measurement, drawing or sequence. 5. Explain the garden-to-food connection.","Labeled sequence, tally, measurement, drawing or short explanation.",Identify one action that protects food quality or reduces waste.,"No tasting unless the school has separately approved a supervised food activity. Wash hands before and after handling produce. Use only clean, teacher-approved samples and containers. Teachers control knives, heat, electrical equipment, chemicals and any processing machinery."
FF-148,Primary 1-3,Pollinator Garden,Preparation Pathway,Use the Pollinator Garden to investigate preparation pathway and connect crop production with food people recognize.,"Student journal, crop/food picture cards, clean trays, ruler or scale where available, labels, handwashing supplies.","Use locally available baskets, clean reused food-grade containers, handmade labels, paper process cards and simple balances/measuring vessels where suitable.","1. Observe the crop or production area. 2. Identify the edible plant part or food connection. 3. Complete a safe preparation pathway task. 4. Record a count, measurement, drawing or sequence. 5. Explain the garden-to-food connection.","Labeled sequence, tally, measurement, drawing or short explanation.",Identify one action that protects food quality or reduces waste.,"No tasting unless the school has separately approved a supervised food activity. Wash hands before and after handling produce. Use only clean, teacher-approved samples and containers. Teachers control knives, heat, electrical equipment, chemicals and any processing machinery."
FF-149,Primary 1-3,Pollinator Garden,Food Choice & Literacy,Use the Pollinator Garden to investigate food choice & literacy and connect crop production with food people recognize.,"Student journal, crop/food picture cards, clean trays, ruler or scale where available, labels, handwashing supplies.","Use locally available baskets, clean reused food-grade containers, handmade labels, paper process cards and simple balances/measuring vessels where suitable.","1. Observe the crop or production area. 2. Identify the edible plant part or food connection. 3. Complete a safe food choice & literacy task. 4. Record a count, measurement, drawing or sequence. 5. Explain the garden-to-food connection.","Labeled sequence, tally, measurement, drawing or short explanation.",Identify one action that protects food quality or reduces waste.,"No tasting unless the school has separately approved a supervised food activity. Wash hands before and after handling produce. Use only clean, teacher-approved samples and containers. Teachers control knives, heat, electrical equipment, chemicals and any processing machinery."
FF-150,Primary 1-3,Pollinator Garden,Waste-to-Resource,Use the Pollinator Garden to investigate waste-to-resource and connect crop production with food people recognize.,"Student journal, crop/food picture cards, clean trays, ruler or scale where available, labels, handwashing supplies.","Use locally available baskets, clean reused food-grade containers, handmade labels, paper process cards and simple balances/measuring vessels where suitable.","1. Observe the crop or production area. 2. Identify the edible plant part or food connection. 3. Complete a safe waste-to-resource task. 4. Record a count, measurement, drawing or sequence. 5. Explain the garden-to-food connection.","Labeled sequence, tally, measurement, drawing or short explanation.",Identify one action that protects food quality or reduces waste.,"No tasting unless the school has separately approved a supervised food activity. Wash hands before and after handling produce. Use only clean, teacher-approved samples and containers. Teachers control knives, heat, electrical equipment, chemicals and any processing machinery."
FF-151,Primary 1-3,Raised Food Garden,Food Origin,Use the Raised Food Garden to investigate food origin and connect crop production with food people recognize.,"Student journal, crop/food picture cards, clean trays, ruler or scale where available, labels, handwashing supplies.","Use locally available baskets, clean reused food-grade containers, handmade labels, paper process cards and simple balances/measuring vessels where suitable.","1. Observe the crop or production area. 2. Identify the edible plant part or food connection. 3. Complete a safe food origin task. 4. Record a count, measurement, drawing or sequence. 5. Explain the garden-to-food connection.","Labeled sequence, tally, measurement, drawing or short explanation.",Identify one action that protects food quality or reduces waste.,"No tasting unless the school has separately approved a supervised food activity. Wash hands before and after handling produce. Use only clean, teacher-approved samples and containers. Teachers control knives, heat, electrical equipment, chemicals and any processing machinery."
FF-152,Primary 1-3,Raised Food Garden,Harvest Readiness,Use the Raised Food Garden to investigate harvest readiness and connect crop production with food people recognize.,"Student journal, crop/food picture cards, clean trays, ruler or scale where available, labels, handwashing supplies.","Use locally available baskets, clean reused food-grade containers, handmade labels, paper process cards and simple balances/measuring vessels where suitable.","1. Observe the crop or production area. 2. Identify the edible plant part or food connection. 3. Complete a safe harvest readiness task. 4. Record a count, measurement, drawing or sequence. 5. Explain the garden-to-food connection.","Labeled sequence, tally, measurement, drawing or short explanation.",Identify one action that protects food quality or reduces waste.,"No tasting unless the school has separately approved a supervised food activity. Wash hands before and after handling produce. Use only clean, teacher-approved samples and containers. Teachers control knives, heat, electrical equipment, chemicals and any processing machinery."
FF-153,Primary 1-3,Raised Food Garden,Safe Handling,Use the Raised Food Garden to investigate safe handling and connect crop production with food people recognize.,"Student journal, crop/food picture cards, clean trays, ruler or scale where available, labels, handwashing supplies.","Use locally available baskets, clean reused food-grade containers, handmade labels, paper process cards and simple balances/measuring vessels where suitable.","1. Observe the crop or production area. 2. Identify the edible plant part or food connection. 3. Complete a safe safe handling task. 4. Record a count, measurement, drawing or sequence. 5. Explain the garden-to-food connection.","Labeled sequence, tally, measurement, drawing or short explanation.",Identify one action that protects food quality or reduces waste.,"No tasting unless the school has separately approved a supervised food activity. Wash hands before and after handling produce. Use only clean, teacher-approved samples and containers. Teachers control knives, heat, electrical equipment, chemicals and any processing machinery."
FF-154,Primary 1-3,Raised Food Garden,Sorting & Quality,Use the Raised Food Garden to investigate sorting & quality and connect crop production with food people recognize.,"Student journal, crop/food picture cards, clean trays, ruler or scale where available, labels, handwashing supplies.","Use locally available baskets, clean reused food-grade containers, handmade labels, paper process cards and simple balances/measuring vessels where suitable.","1. Observe the crop or production area. 2. Identify the edible plant part or food connection. 3. Complete a safe sorting & quality task. 4. Record a count, measurement, drawing or sequence. 5. Explain the garden-to-food connection.","Labeled sequence, tally, measurement, drawing or short explanation.",Identify one action that protects food quality or reduces waste.,"No tasting unless the school has separately approved a supervised food activity. Wash hands before and after handling produce. Use only clean, teacher-approved samples and containers. Teachers control knives, heat, electrical equipment, chemicals and any processing machinery."
FF-155,Primary 1-3,Raised Food Garden,Farm-to-Food Journey,Use the Raised Food Garden to investigate farm-to-food journey and connect crop production with food people recognize.,"Student journal, crop/food picture cards, clean trays, ruler or scale where available, labels, handwashing supplies.","Use locally available baskets, clean reused food-grade containers, handmade labels, paper process cards and simple balances/measuring vessels where suitable.","1. Observe the crop or production area. 2. Identify the edible plant part or food connection. 3. Complete a safe farm-to-food journey task. 4. Record a count, measurement, drawing or sequence. 5. Explain the garden-to-food connection.","Labeled sequence, tally, measurement, drawing or short explanation.",Identify one action that protects food quality or reduces waste.,"No tasting unless the school has separately approved a supervised food activity. Wash hands before and after handling produce. Use only clean, teacher-approved samples and containers. Teachers control knives, heat, electrical equipment, chemicals and any processing machinery."
FF-156,Primary 1-3,Raised Food Garden,Measurement & Yield,Use the Raised Food Garden to investigate measurement & yield and connect crop production with food people recognize.,"Student journal, crop/food picture cards, clean trays, ruler or scale where available, labels, handwashing supplies.","Use locally available baskets, clean reused food-grade containers, handmade labels, paper process cards and simple balances/measuring vessels where suitable.","1. Observe the crop or production area. 2. Identify the edible plant part or food connection. 3. Complete a safe measurement & yield task. 4. Record a count, measurement, drawing or sequence. 5. Explain the garden-to-food connection.","Labeled sequence, tally, measurement, drawing or short explanation.",Identify one action that protects food quality or reduces waste.,"No tasting unless the school has separately approved a supervised food activity. Wash hands before and after handling produce. Use only clean, teacher-approved samples and containers. Teachers control knives, heat, electrical equipment, chemicals and any processing machinery."
FF-157,Primary 1-3,Raised Food Garden,Storage & Loss,Use the Raised Food Garden to investigate storage & loss and connect crop production with food people recognize.,"Student journal, crop/food picture cards, clean trays, ruler or scale where available, labels, handwashing supplies.","Use locally available baskets, clean reused food-grade containers, handmade labels, paper process cards and simple balances/measuring vessels where suitable.","1. Observe the crop or production area. 2. Identify the edible plant part or food connection. 3. Complete a safe storage & loss task. 4. Record a count, measurement, drawing or sequence. 5. Explain the garden-to-food connection.","Labeled sequence, tally, measurement, drawing or short explanation.",Identify one action that protects food quality or reduces waste.,"No tasting unless the school has separately approved a supervised food activity. Wash hands before and after handling produce. Use only clean, teacher-approved samples and containers. Teachers control knives, heat, electrical equipment, chemicals and any processing machinery."
FF-158,Primary 1-3,Raised Food Garden,Preparation Pathway,Use the Raised Food Garden to investigate preparation pathway and connect crop production with food people recognize.,"Student journal, crop/food picture cards, clean trays, ruler or scale where available, labels, handwashing supplies.","Use locally available baskets, clean reused food-grade containers, handmade labels, paper process cards and simple balances/measuring vessels where suitable.","1. Observe the crop or production area. 2. Identify the edible plant part or food connection. 3. Complete a safe preparation pathway task. 4. Record a count, measurement, drawing or sequence. 5. Explain the garden-to-food connection.","Labeled sequence, tally, measurement, drawing or short explanation.",Identify one action that protects food quality or reduces waste.,"No tasting unless the school has separately approved a supervised food activity. Wash hands before and after handling produce. Use only clean, teacher-approved samples and containers. Teachers control knives, heat, electrical equipment, chemicals and any processing machinery."
FF-159,Primary 1-3,Raised Food Garden,Food Choice & Literacy,Use the Raised Food Garden to investigate food choice & literacy and connect crop production with food people recognize.,"Student journal, crop/food picture cards, clean trays, ruler or scale where available, labels, handwashing supplies.","Use locally available baskets, clean reused food-grade containers, handmade labels, paper process cards and simple balances/measuring vessels where suitable.","1. Observe the crop or production area. 2. Identify the edible plant part or food connection. 3. Complete a safe food choice & literacy task. 4. Record a count, measurement, drawing or sequence. 5. Explain the garden-to-food connection.","Labeled sequence, tally, measurement, drawing or short explanation.",Identify one action that protects food quality or reduces waste.,"No tasting unless the school has separately approved a supervised food activity. Wash hands before and after handling produce. Use only clean, teacher-approved samples and containers. Teachers control knives, heat, electrical equipment, chemicals and any processing machinery."
FF-160,Primary 1-3,Raised Food Garden,Waste-to-Resource,Use the Raised Food Garden to investigate waste-to-resource and connect crop production with food people recognize.,"Student journal, crop/food picture cards, clean trays, ruler or scale where available, labels, handwashing supplies.","Use locally available baskets, clean reused food-grade containers, handmade labels, paper process cards and simple balances/measuring vessels where suitable.","1. Observe the crop or production area. 2. Identify the edible plant part or food connection. 3. Complete a safe waste-to-resource task. 4. Record a count, measurement, drawing or sequence. 5. Explain the garden-to-food connection.","Labeled sequence, tally, measurement, drawing or short explanation.",Identify one action that protects food quality or reduces waste.,"No tasting unless the school has separately approved a supervised food activity. Wash hands before and after handling produce. Use only clean, teacher-approved samples and containers. Teachers control knives, heat, electrical equipment, chemicals and any processing machinery."
FF-161,Primary 1-3,ReBottle Wall Garden,Food Origin,Use the ReBottle Wall Garden to investigate food origin and connect crop production with food people recognize.,"Student journal, crop/food picture cards, clean trays, ruler or scale where available, labels, handwashing supplies.","Use locally available baskets, clean reused food-grade containers, handmade labels, paper process cards and simple balances/measuring vessels where suitable.","1. Observe the crop or production area. 2. Identify the edible plant part or food connection. 3. Complete a safe food origin task. 4. Record a count, measurement, drawing or sequence. 5. Explain the garden-to-food connection.","Labeled sequence, tally, measurement, drawing or short explanation.",Identify one action that protects food quality or reduces waste.,"No tasting unless the school has separately approved a supervised food activity. Wash hands before and after handling produce. Use only clean, teacher-approved samples and containers. Teachers control knives, heat, electrical equipment, chemicals and any processing machinery."
FF-162,Primary 1-3,ReBottle Wall Garden,Harvest Readiness,Use the ReBottle Wall Garden to investigate harvest readiness and connect crop production with food people recognize.,"Student journal, crop/food picture cards, clean trays, ruler or scale where available, labels, handwashing supplies.","Use locally available baskets, clean reused food-grade containers, handmade labels, paper process cards and simple balances/measuring vessels where suitable.","1. Observe the crop or production area. 2. Identify the edible plant part or food connection. 3. Complete a safe harvest readiness task. 4. Record a count, measurement, drawing or sequence. 5. Explain the garden-to-food connection.","Labeled sequence, tally, measurement, drawing or short explanation.",Identify one action that protects food quality or reduces waste.,"No tasting unless the school has separately approved a supervised food activity. Wash hands before and after handling produce. Use only clean, teacher-approved samples and containers. Teachers control knives, heat, electrical equipment, chemicals and any processing machinery."
FF-163,Primary 1-3,ReBottle Wall Garden,Safe Handling,Use the ReBottle Wall Garden to investigate safe handling and connect crop production with food people recognize.,"Student journal, crop/food picture cards, clean trays, ruler or scale where available, labels, handwashing supplies.","Use locally available baskets, clean reused food-grade containers, handmade labels, paper process cards and simple balances/measuring vessels where suitable.","1. Observe the crop or production area. 2. Identify the edible plant part or food connection. 3. Complete a safe safe handling task. 4. Record a count, measurement, drawing or sequence. 5. Explain the garden-to-food connection.","Labeled sequence, tally, measurement, drawing or short explanation.",Identify one action that protects food quality or reduces waste.,"No tasting unless the school has separately approved a supervised food activity. Wash hands before and after handling produce. Use only clean, teacher-approved samples and containers. Teachers control knives, heat, electrical equipment, chemicals and any processing machinery."
FF-164,Primary 1-3,ReBottle Wall Garden,Sorting & Quality,Use the ReBottle Wall Garden to investigate sorting & quality and connect crop production with food people recognize.,"Student journal, crop/food picture cards, clean trays, ruler or scale where available, labels, handwashing supplies.","Use locally available baskets, clean reused food-grade containers, handmade labels, paper process cards and simple balances/measuring vessels where suitable.","1. Observe the crop or production area. 2. Identify the edible plant part or food connection. 3. Complete a safe sorting & quality task. 4. Record a count, measurement, drawing or sequence. 5. Explain the garden-to-food connection.","Labeled sequence, tally, measurement, drawing or short explanation.",Identify one action that protects food quality or reduces waste.,"No tasting unless the school has separately approved a supervised food activity. Wash hands before and after handling produce. Use only clean, teacher-approved samples and containers. Teachers control knives, heat, electrical equipment, chemicals and any processing machinery."
FF-165,Primary 1-3,ReBottle Wall Garden,Farm-to-Food Journey,Use the ReBottle Wall Garden to investigate farm-to-food journey and connect crop production with food people recognize.,"Student journal, crop/food picture cards, clean trays, ruler or scale where available, labels, handwashing supplies.","Use locally available baskets, clean reused food-grade containers, handmade labels, paper process cards and simple balances/measuring vessels where suitable.","1. Observe the crop or production area. 2. Identify the edible plant part or food connection. 3. Complete a safe farm-to-food journey task. 4. Record a count, measurement, drawing or sequence. 5. Explain the garden-to-food connection.","Labeled sequence, tally, measurement, drawing or short explanation.",Identify one action that protects food quality or reduces waste.,"No tasting unless the school has separately approved a supervised food activity. Wash hands before and after handling produce. Use only clean, teacher-approved samples and containers. Teachers control knives, heat, electrical equipment, chemicals and any processing machinery."
FF-166,Primary 1-3,ReBottle Wall Garden,Measurement & Yield,Use the ReBottle Wall Garden to investigate measurement & yield and connect crop production with food people recognize.,"Student journal, crop/food picture cards, clean trays, ruler or scale where available, labels, handwashing supplies.","Use locally available baskets, clean reused food-grade containers, handmade labels, paper process cards and simple balances/measuring vessels where suitable.","1. Observe the crop or production area. 2. Identify the edible plant part or food connection. 3. Complete a safe measurement & yield task. 4. Record a count, measurement, drawing or sequence. 5. Explain the garden-to-food connection.","Labeled sequence, tally, measurement, drawing or short explanation.",Identify one action that protects food quality or reduces waste.,"No tasting unless the school has separately approved a supervised food activity. Wash hands before and after handling produce. Use only clean, teacher-approved samples and containers. Teachers control knives, heat, electrical equipment, chemicals and any processing machinery."
FF-167,Primary 1-3,ReBottle Wall Garden,Storage & Loss,Use the ReBottle Wall Garden to investigate storage & loss and connect crop production with food people recognize.,"Student journal, crop/food picture cards, clean trays, ruler or scale where available, labels, handwashing supplies.","Use locally available baskets, clean reused food-grade containers, handmade labels, paper process cards and simple balances/measuring vessels where suitable.","1. Observe the crop or production area. 2. Identify the edible plant part or food connection. 3. Complete a safe storage & loss task. 4. Record a count, measurement, drawing or sequence. 5. Explain the garden-to-food connection.","Labeled sequence, tally, measurement, drawing or short explanation.",Identify one action that protects food quality or reduces waste.,"No tasting unless the school has separately approved a supervised food activity. Wash hands before and after handling produce. Use only clean, teacher-approved samples and containers. Teachers control knives, heat, electrical equipment, chemicals and any processing machinery."
FF-168,Primary 1-3,ReBottle Wall Garden,Preparation Pathway,Use the ReBottle Wall Garden to investigate preparation pathway and connect crop production with food people recognize.,"Student journal, crop/food picture cards, clean trays, ruler or scale where available, labels, handwashing supplies.","Use locally available baskets, clean reused food-grade containers, handmade labels, paper process cards and simple balances/measuring vessels where suitable.","1. Observe the crop or production area. 2. Identify the edible plant part or food connection. 3. Complete a safe preparation pathway task. 4. Record a count, measurement, drawing or sequence. 5. Explain the garden-to-food connection.","Labeled sequence, tally, measurement, drawing or short explanation.",Identify one action that protects food quality or reduces waste.,"No tasting unless the school has separately approved a supervised food activity. Wash hands before and after handling produce. Use only clean, teacher-approved samples and containers. Teachers control knives, heat, electrical equipment, chemicals and any processing machinery."
FF-169,Primary 1-3,ReBottle Wall Garden,Food Choice & Literacy,Use the ReBottle Wall Garden to investigate food choice & literacy and connect crop production with food people recognize.,"Student journal, crop/food picture cards, clean trays, ruler or scale where available, labels, handwashing supplies.","Use locally available baskets, clean reused food-grade containers, handmade labels, paper process cards and simple balances/measuring vessels where suitable.","1. Observe the crop or production area. 2. Identify the edible plant part or food connection. 3. Complete a safe food choice & literacy task. 4. Record a count, measurement, drawing or sequence. 5. Explain the garden-to-food connection.","Labeled sequence, tally, measurement, drawing or short explanation.",Identify one action that protects food quality or reduces waste.,"No tasting unless the school has separately approved a supervised food activity. Wash hands before and after handling produce. Use only clean, teacher-approved samples and containers. Teachers control knives, heat, electrical equipment, chemicals and any processing machinery."
FF-170,Primary 1-3,ReBottle Wall Garden,Waste-to-Resource,Use the ReBottle Wall Garden to investigate waste-to-resource and connect crop production with food people recognize.,"Student journal, crop/food picture cards, clean trays, ruler or scale where available, labels, handwashing supplies.","Use locally available baskets, clean reused food-grade containers, handmade labels, paper process cards and simple balances/measuring vessels where suitable.","1. Observe the crop or production area. 2. Identify the edible plant part or food connection. 3. Complete a safe waste-to-resource task. 4. Record a count, measurement, drawing or sequence. 5. Explain the garden-to-food connection.","Labeled sequence, tally, measurement, drawing or short explanation.",Identify one action that protects food quality or reduces waste.,"No tasting unless the school has separately approved a supervised food activity. Wash hands before and after handling produce. Use only clean, teacher-approved samples and containers. Teachers control knives, heat, electrical equipment, chemicals and any processing machinery."
FF-171,Primary 1-3,Sack GrowBag Garden,Food Origin,Use the Sack GrowBag Garden to investigate food origin and connect crop production with food people recognize.,"Student journal, crop/food picture cards, clean trays, ruler or scale where available, labels, handwashing supplies.","Use locally available baskets, clean reused food-grade containers, handmade labels, paper process cards and simple balances/measuring vessels where suitable.","1. Observe the crop or production area. 2. Identify the edible plant part or food connection. 3. Complete a safe food origin task. 4. Record a count, measurement, drawing or sequence. 5. Explain the garden-to-food connection.","Labeled sequence, tally, measurement, drawing or short explanation.",Identify one action that protects food quality or reduces waste.,"No tasting unless the school has separately approved a supervised food activity. Wash hands before and after handling produce. Use only clean, teacher-approved samples and containers. Teachers control knives, heat, electrical equipment, chemicals and any processing machinery."
FF-172,Primary 1-3,Sack GrowBag Garden,Harvest Readiness,Use the Sack GrowBag Garden to investigate harvest readiness and connect crop production with food people recognize.,"Student journal, crop/food picture cards, clean trays, ruler or scale where available, labels, handwashing supplies.","Use locally available baskets, clean reused food-grade containers, handmade labels, paper process cards and simple balances/measuring vessels where suitable.","1. Observe the crop or production area. 2. Identify the edible plant part or food connection. 3. Complete a safe harvest readiness task. 4. Record a count, measurement, drawing or sequence. 5. Explain the garden-to-food connection.","Labeled sequence, tally, measurement, drawing or short explanation.",Identify one action that protects food quality or reduces waste.,"No tasting unless the school has separately approved a supervised food activity. Wash hands before and after handling produce. Use only clean, teacher-approved samples and containers. Teachers control knives, heat, electrical equipment, chemicals and any processing machinery."
FF-173,Primary 1-3,Sack GrowBag Garden,Safe Handling,Use the Sack GrowBag Garden to investigate safe handling and connect crop production with food people recognize.,"Student journal, crop/food picture cards, clean trays, ruler or scale where available, labels, handwashing supplies.","Use locally available baskets, clean reused food-grade containers, handmade labels, paper process cards and simple balances/measuring vessels where suitable.","1. Observe the crop or production area. 2. Identify the edible plant part or food connection. 3. Complete a safe safe handling task. 4. Record a count, measurement, drawing or sequence. 5. Explain the garden-to-food connection.","Labeled sequence, tally, measurement, drawing or short explanation.",Identify one action that protects food quality or reduces waste.,"No tasting unless the school has separately approved a supervised food activity. Wash hands before and after handling produce. Use only clean, teacher-approved samples and containers. Teachers control knives, heat, electrical equipment, chemicals and any processing machinery."
FF-174,Primary 1-3,Sack GrowBag Garden,Sorting & Quality,Use the Sack GrowBag Garden to investigate sorting & quality and connect crop production with food people recognize.,"Student journal, crop/food picture cards, clean trays, ruler or scale where available, labels, handwashing supplies.","Use locally available baskets, clean reused food-grade containers, handmade labels, paper process cards and simple balances/measuring vessels where suitable.","1. Observe the crop or production area. 2. Identify the edible plant part or food connection. 3. Complete a safe sorting & quality task. 4. Record a count, measurement, drawing or sequence. 5. Explain the garden-to-food connection.","Labeled sequence, tally, measurement, drawing or short explanation.",Identify one action that protects food quality or reduces waste.,"No tasting unless the school has separately approved a supervised food activity. Wash hands before and after handling produce. Use only clean, teacher-approved samples and containers. Teachers control knives, heat, electrical equipment, chemicals and any processing machinery."
FF-175,Primary 1-3,Sack GrowBag Garden,Farm-to-Food Journey,Use the Sack GrowBag Garden to investigate farm-to-food journey and connect crop production with food people recognize.,"Student journal, crop/food picture cards, clean trays, ruler or scale where available, labels, handwashing supplies.","Use locally available baskets, clean reused food-grade containers, handmade labels, paper process cards and simple balances/measuring vessels where suitable.","1. Observe the crop or production area. 2. Identify the edible plant part or food connection. 3. Complete a safe farm-to-food journey task. 4. Record a count, measurement, drawing or sequence. 5. Explain the garden-to-food connection.","Labeled sequence, tally, measurement, drawing or short explanation.",Identify one action that protects food quality or reduces waste.,"No tasting unless the school has separately approved a supervised food activity. Wash hands before and after handling produce. Use only clean, teacher-approved samples and containers. Teachers control knives, heat, electrical equipment, chemicals and any processing machinery."
FF-176,Primary 1-3,Sack GrowBag Garden,Measurement & Yield,Use the Sack GrowBag Garden to investigate measurement & yield and connect crop production with food people recognize.,"Student journal, crop/food picture cards, clean trays, ruler or scale where available, labels, handwashing supplies.","Use locally available baskets, clean reused food-grade containers, handmade labels, paper process cards and simple balances/measuring vessels where suitable.","1. Observe the crop or production area. 2. Identify the edible plant part or food connection. 3. Complete a safe measurement & yield task. 4. Record a count, measurement, drawing or sequence. 5. Explain the garden-to-food connection.","Labeled sequence, tally, measurement, drawing or short explanation.",Identify one action that protects food quality or reduces waste.,"No tasting unless the school has separately approved a supervised food activity. Wash hands before and after handling produce. Use only clean, teacher-approved samples and containers. Teachers control knives, heat, electrical equipment, chemicals and any processing machinery."
FF-177,Primary 1-3,Sack GrowBag Garden,Storage & Loss,Use the Sack GrowBag Garden to investigate storage & loss and connect crop production with food people recognize.,"Student journal, crop/food picture cards, clean trays, ruler or scale where available, labels, handwashing supplies.","Use locally available baskets, clean reused food-grade containers, handmade labels, paper process cards and simple balances/measuring vessels where suitable.","1. Observe the crop or production area. 2. Identify the edible plant part or food connection. 3. Complete a safe storage & loss task. 4. Record a count, measurement, drawing or sequence. 5. Explain the garden-to-food connection.","Labeled sequence, tally, measurement, drawing or short explanation.",Identify one action that protects food quality or reduces waste.,"No tasting unless the school has separately approved a supervised food activity. Wash hands before and after handling produce. Use only clean, teacher-approved samples and containers. Teachers control knives, heat, electrical equipment, chemicals and any processing machinery."
FF-178,Primary 1-3,Sack GrowBag Garden,Preparation Pathway,Use the Sack GrowBag Garden to investigate preparation pathway and connect crop production with food people recognize.,"Student journal, crop/food picture cards, clean trays, ruler or scale where available, labels, handwashing supplies.","Use locally available baskets, clean reused food-grade containers, handmade labels, paper process cards and simple balances/measuring vessels where suitable.","1. Observe the crop or production area. 2. Identify the edible plant part or food connection. 3. Complete a safe preparation pathway task. 4. Record a count, measurement, drawing or sequence. 5. Explain the garden-to-food connection.","Labeled sequence, tally, measurement, drawing or short explanation.",Identify one action that protects food quality or reduces waste.,"No tasting unless the school has separately approved a supervised food activity. Wash hands before and after handling produce. Use only clean, teacher-approved samples and containers. Teachers control knives, heat, electrical equipment, chemicals and any processing machinery."
FF-179,Primary 1-3,Sack GrowBag Garden,Food Choice & Literacy,Use the Sack GrowBag Garden to investigate food choice & literacy and connect crop production with food people recognize.,"Student journal, crop/food picture cards, clean trays, ruler or scale where available, labels, handwashing supplies.","Use locally available baskets, clean reused food-grade containers, handmade labels, paper process cards and simple balances/measuring vessels where suitable.","1. Observe the crop or production area. 2. Identify the edible plant part or food connection. 3. Complete a safe food choice & literacy task. 4. Record a count, measurement, drawing or sequence. 5. Explain the garden-to-food connection.","Labeled sequence, tally, measurement, drawing or short explanation.",Identify one action that protects food quality or reduces waste.,"No tasting unless the school has separately approved a supervised food activity. Wash hands before and after handling produce. Use only clean, teacher-approved samples and containers. Teachers control knives, heat, electrical equipment, chemicals and any processing machinery."
FF-180,Primary 1-3,Sack GrowBag Garden,Waste-to-Resource,Use the Sack GrowBag Garden to investigate waste-to-resource and connect crop production with food people recognize.,"Student journal, crop/food picture cards, clean trays, ruler or scale where available, labels, handwashing supplies.","Use locally available baskets, clean reused food-grade containers, handmade labels, paper process cards and simple balances/measuring vessels where suitable.","1. Observe the crop or production area. 2. Identify the edible plant part or food connection. 3. Complete a safe waste-to-resource task. 4. Record a count, measurement, drawing or sequence. 5. Explain the garden-to-food connection.","Labeled sequence, tally, measurement, drawing or short explanation.",Identify one action that protects food quality or reduces waste.,"No tasting unless the school has separately approved a supervised food activity. Wash hands before and after handling produce. Use only clean, teacher-approved samples and containers. Teachers control knives, heat, electrical equipment, chemicals and any processing machinery."
FF-181,Primary 1-3,Ground Production Garden,Food Origin,Use the Ground Production Garden to investigate food origin and connect crop production with food people recognize.,"Student journal, crop/food picture cards, clean trays, ruler or scale where available, labels, handwashing supplies.","Use locally available baskets, clean reused food-grade containers, handmade labels, paper process cards and simple balances/measuring vessels where suitable.","1. Observe the crop or production area. 2. Identify the edible plant part or food connection. 3. Complete a safe food origin task. 4. Record a count, measurement, drawing or sequence. 5. Explain the garden-to-food connection.","Labeled sequence, tally, measurement, drawing or short explanation.",Identify one action that protects food quality or reduces waste.,"No tasting unless the school has separately approved a supervised food activity. Wash hands before and after handling produce. Use only clean, teacher-approved samples and containers. Teachers control knives, heat, electrical equipment, chemicals and any processing machinery."
FF-182,Primary 1-3,Ground Production Garden,Harvest Readiness,Use the Ground Production Garden to investigate harvest readiness and connect crop production with food people recognize.,"Student journal, crop/food picture cards, clean trays, ruler or scale where available, labels, handwashing supplies.","Use locally available baskets, clean reused food-grade containers, handmade labels, paper process cards and simple balances/measuring vessels where suitable.","1. Observe the crop or production area. 2. Identify the edible plant part or food connection. 3. Complete a safe harvest readiness task. 4. Record a count, measurement, drawing or sequence. 5. Explain the garden-to-food connection.","Labeled sequence, tally, measurement, drawing or short explanation.",Identify one action that protects food quality or reduces waste.,"No tasting unless the school has separately approved a supervised food activity. Wash hands before and after handling produce. Use only clean, teacher-approved samples and containers. Teachers control knives, heat, electrical equipment, chemicals and any processing machinery."
FF-183,Primary 1-3,Ground Production Garden,Safe Handling,Use the Ground Production Garden to investigate safe handling and connect crop production with food people recognize.,"Student journal, crop/food picture cards, clean trays, ruler or scale where available, labels, handwashing supplies.","Use locally available baskets, clean reused food-grade containers, handmade labels, paper process cards and simple balances/measuring vessels where suitable.","1. Observe the crop or production area. 2. Identify the edible plant part or food connection. 3. Complete a safe safe handling task. 4. Record a count, measurement, drawing or sequence. 5. Explain the garden-to-food connection.","Labeled sequence, tally, measurement, drawing or short explanation.",Identify one action that protects food quality or reduces waste.,"No tasting unless the school has separately approved a supervised food activity. Wash hands before and after handling produce. Use only clean, teacher-approved samples and containers. Teachers control knives, heat, electrical equipment, chemicals and any processing machinery."
FF-184,Primary 1-3,Ground Production Garden,Sorting & Quality,Use the Ground Production Garden to investigate sorting & quality and connect crop production with food people recognize.,"Student journal, crop/food picture cards, clean trays, ruler or scale where available, labels, handwashing supplies.","Use locally available baskets, clean reused food-grade containers, handmade labels, paper process cards and simple balances/measuring vessels where suitable.","1. Observe the crop or production area. 2. Identify the edible plant part or food connection. 3. Complete a safe sorting & quality task. 4. Record a count, measurement, drawing or sequence. 5. Explain the garden-to-food connection.","Labeled sequence, tally, measurement, drawing or short explanation.",Identify one action that protects food quality or reduces waste.,"No tasting unless the school has separately approved a supervised food activity. Wash hands before and after handling produce. Use only clean, teacher-approved samples and containers. Teachers control knives, heat, electrical equipment, chemicals and any processing machinery."
FF-185,Primary 1-3,Ground Production Garden,Farm-to-Food Journey,Use the Ground Production Garden to investigate farm-to-food journey and connect crop production with food people recognize.,"Student journal, crop/food picture cards, clean trays, ruler or scale where available, labels, handwashing supplies.","Use locally available baskets, clean reused food-grade containers, handmade labels, paper process cards and simple balances/measuring vessels where suitable.","1. Observe the crop or production area. 2. Identify the edible plant part or food connection. 3. Complete a safe farm-to-food journey task. 4. Record a count, measurement, drawing or sequence. 5. Explain the garden-to-food connection.","Labeled sequence, tally, measurement, drawing or short explanation.",Identify one action that protects food quality or reduces waste.,"No tasting unless the school has separately approved a supervised food activity. Wash hands before and after handling produce. Use only clean, teacher-approved samples and containers. Teachers control knives, heat, electrical equipment, chemicals and any processing machinery."
FF-186,Primary 1-3,Ground Production Garden,Measurement & Yield,Use the Ground Production Garden to investigate measurement & yield and connect crop production with food people recognize.,"Student journal, crop/food picture cards, clean trays, ruler or scale where available, labels, handwashing supplies.","Use locally available baskets, clean reused food-grade containers, handmade labels, paper process cards and simple balances/measuring vessels where suitable.","1. Observe the crop or production area. 2. Identify the edible plant part or food connection. 3. Complete a safe measurement & yield task. 4. Record a count, measurement, drawing or sequence. 5. Explain the garden-to-food connection.","Labeled sequence, tally, measurement, drawing or short explanation.",Identify one action that protects food quality or reduces waste.,"No tasting unless the school has separately approved a supervised food activity. Wash hands before and after handling produce. Use only clean, teacher-approved samples and containers. Teachers control knives, heat, electrical equipment, chemicals and any processing machinery."
FF-187,Primary 1-3,Ground Production Garden,Storage & Loss,Use the Ground Production Garden to investigate storage & loss and connect crop production with food people recognize.,"Student journal, crop/food picture cards, clean trays, ruler or scale where available, labels, handwashing supplies.","Use locally available baskets, clean reused food-grade containers, handmade labels, paper process cards and simple balances/measuring vessels where suitable.","1. Observe the crop or production area. 2. Identify the edible plant part or food connection. 3. Complete a safe storage & loss task. 4. Record a count, measurement, drawing or sequence. 5. Explain the garden-to-food connection.","Labeled sequence, tally, measurement, drawing or short explanation.",Identify one action that protects food quality or reduces waste.,"No tasting unless the school has separately approved a supervised food activity. Wash hands before and after handling produce. Use only clean, teacher-approved samples and containers. Teachers control knives, heat, electrical equipment, chemicals and any processing machinery."
FF-188,Primary 1-3,Ground Production Garden,Preparation Pathway,Use the Ground Production Garden to investigate preparation pathway and connect crop production with food people recognize.,"Student journal, crop/food picture cards, clean trays, ruler or scale where available, labels, handwashing supplies.","Use locally available baskets, clean reused food-grade containers, handmade labels, paper process cards and simple balances/measuring vessels where suitable.","1. Observe the crop or production area. 2. Identify the edible plant part or food connection. 3. Complete a safe preparation pathway task. 4. Record a count, measurement, drawing or sequence. 5. Explain the garden-to-food connection.","Labeled sequence, tally, measurement, drawing or short explanation.",Identify one action that protects food quality or reduces waste.,"No tasting unless the school has separately approved a supervised food activity. Wash hands before and after handling produce. Use only clean, teacher-approved samples and containers. Teachers control knives, heat, electrical equipment, chemicals and any processing machinery."
FF-189,Primary 1-3,Ground Production Garden,Food Choice & Literacy,Use the Ground Production Garden to investigate food choice & literacy and connect crop production with food people recognize.,"Student journal, crop/food picture cards, clean trays, ruler or scale where available, labels, handwashing supplies.","Use locally available baskets, clean reused food-grade containers, handmade labels, paper process cards and simple balances/measuring vessels where suitable.","1. Observe the crop or production area. 2. Identify the edible plant part or food connection. 3. Complete a safe food choice & literacy task. 4. Record a count, measurement, drawing or sequence. 5. Explain the garden-to-food connection.","Labeled sequence, tally, measurement, drawing or short explanation.",Identify one action that protects food quality or reduces waste.,"No tasting unless the school has separately approved a supervised food activity. Wash hands before and after handling produce. Use only clean, teacher-approved samples and containers. Teachers control knives, heat, electrical equipment, chemicals and any processing machinery."
FF-190,Primary 1-3,Ground Production Garden,Waste-to-Resource,Use the Ground Production Garden to investigate waste-to-resource and connect crop production with food people recognize.,"Student journal, crop/food picture cards, clean trays, ruler or scale where available, labels, handwashing supplies.","Use locally available baskets, clean reused food-grade containers, handmade labels, paper process cards and simple balances/measuring vessels where suitable.","1. Observe the crop or production area. 2. Identify the edible plant part or food connection. 3. Complete a safe waste-to-resource task. 4. Record a count, measurement, drawing or sequence. 5. Explain the garden-to-food connection.","Labeled sequence, tally, measurement, drawing or short explanation.",Identify one action that protects food quality or reduces waste.,"No tasting unless the school has separately approved a supervised food activity. Wash hands before and after handling produce. Use only clean, teacher-approved samples and containers. Teachers control knives, heat, electrical equipment, chemicals and any processing machinery."
FF-191,Primary 1-3,Discovery Production Garden,Food Origin,Use the Discovery Production Garden to investigate food origin and connect crop production with food people recognize.,"Student journal, crop/food picture cards, clean trays, ruler or scale where available, labels, handwashing supplies.","Use locally available baskets, clean reused food-grade containers, handmade labels, paper process cards and simple balances/measuring vessels where suitable.","1. Observe the crop or production area. 2. Identify the edible plant part or food connection. 3. Complete a safe food origin task. 4. Record a count, measurement, drawing or sequence. 5. Explain the garden-to-food connection.","Labeled sequence, tally, measurement, drawing or short explanation.",Identify one action that protects food quality or reduces waste.,"No tasting unless the school has separately approved a supervised food activity. Wash hands before and after handling produce. Use only clean, teacher-approved samples and containers. Teachers control knives, heat, electrical equipment, chemicals and any processing machinery."
FF-192,Primary 1-3,Discovery Production Garden,Harvest Readiness,Use the Discovery Production Garden to investigate harvest readiness and connect crop production with food people recognize.,"Student journal, crop/food picture cards, clean trays, ruler or scale where available, labels, handwashing supplies.","Use locally available baskets, clean reused food-grade containers, handmade labels, paper process cards and simple balances/measuring vessels where suitable.","1. Observe the crop or production area. 2. Identify the edible plant part or food connection. 3. Complete a safe harvest readiness task. 4. Record a count, measurement, drawing or sequence. 5. Explain the garden-to-food connection.","Labeled sequence, tally, measurement, drawing or short explanation.",Identify one action that protects food quality or reduces waste.,"No tasting unless the school has separately approved a supervised food activity. Wash hands before and after handling produce. Use only clean, teacher-approved samples and containers. Teachers control knives, heat, electrical equipment, chemicals and any processing machinery."
FF-193,Primary 1-3,Discovery Production Garden,Safe Handling,Use the Discovery Production Garden to investigate safe handling and connect crop production with food people recognize.,"Student journal, crop/food picture cards, clean trays, ruler or scale where available, labels, handwashing supplies.","Use locally available baskets, clean reused food-grade containers, handmade labels, paper process cards and simple balances/measuring vessels where suitable.","1. Observe the crop or production area. 2. Identify the edible plant part or food connection. 3. Complete a safe safe handling task. 4. Record a count, measurement, drawing or sequence. 5. Explain the garden-to-food connection.","Labeled sequence, tally, measurement, drawing or short explanation.",Identify one action that protects food quality or reduces waste.,"No tasting unless the school has separately approved a supervised food activity. Wash hands before and after handling produce. Use only clean, teacher-approved samples and containers. Teachers control knives, heat, electrical equipment, chemicals and any processing machinery."
FF-194,Primary 1-3,Discovery Production Garden,Sorting & Quality,Use the Discovery Production Garden to investigate sorting & quality and connect crop production with food people recognize.,"Student journal, crop/food picture cards, clean trays, ruler or scale where available, labels, handwashing supplies.","Use locally available baskets, clean reused food-grade containers, handmade labels, paper process cards and simple balances/measuring vessels where suitable.","1. Observe the crop or production area. 2. Identify the edible plant part or food connection. 3. Complete a safe sorting & quality task. 4. Record a count, measurement, drawing or sequence. 5. Explain the garden-to-food connection.","Labeled sequence, tally, measurement, drawing or short explanation.",Identify one action that protects food quality or reduces waste.,"No tasting unless the school has separately approved a supervised food activity. Wash hands before and after handling produce. Use only clean, teacher-approved samples and containers. Teachers control knives, heat, electrical equipment, chemicals and any processing machinery."
FF-195,Primary 1-3,Discovery Production Garden,Farm-to-Food Journey,Use the Discovery Production Garden to investigate farm-to-food journey and connect crop production with food people recognize.,"Student journal, crop/food picture cards, clean trays, ruler or scale where available, labels, handwashing supplies.","Use locally available baskets, clean reused food-grade containers, handmade labels, paper process cards and simple balances/measuring vessels where suitable.","1. Observe the crop or production area. 2. Identify the edible plant part or food connection. 3. Complete a safe farm-to-food journey task. 4. Record a count, measurement, drawing or sequence. 5. Explain the garden-to-food connection.","Labeled sequence, tally, measurement, drawing or short explanation.",Identify one action that protects food quality or reduces waste.,"No tasting unless the school has separately approved a supervised food activity. Wash hands before and after handling produce. Use only clean, teacher-approved samples and containers. Teachers control knives, heat, electrical equipment, chemicals and any processing machinery."
FF-196,Primary 1-3,Discovery Production Garden,Measurement & Yield,Use the Discovery Production Garden to investigate measurement & yield and connect crop production with food people recognize.,"Student journal, crop/food picture cards, clean trays, ruler or scale where available, labels, handwashing supplies.","Use locally available baskets, clean reused food-grade containers, handmade labels, paper process cards and simple balances/measuring vessels where suitable.","1. Observe the crop or production area. 2. Identify the edible plant part or food connection. 3. Complete a safe measurement & yield task. 4. Record a count, measurement, drawing or sequence. 5. Explain the garden-to-food connection.","Labeled sequence, tally, measurement, drawing or short explanation.",Identify one action that protects food quality or reduces waste.,"No tasting unless the school has separately approved a supervised food activity. Wash hands before and after handling produce. Use only clean, teacher-approved samples and containers. Teachers control knives, heat, electrical equipment, chemicals and any processing machinery."
FF-197,Primary 1-3,Discovery Production Garden,Storage & Loss,Use the Discovery Production Garden to investigate storage & loss and connect crop production with food people recognize.,"Student journal, crop/food picture cards, clean trays, ruler or scale where available, labels, handwashing supplies.","Use locally available baskets, clean reused food-grade containers, handmade labels, paper process cards and simple balances/measuring vessels where suitable.","1. Observe the crop or production area. 2. Identify the edible plant part or food connection. 3. Complete a safe storage & loss task. 4. Record a count, measurement, drawing or sequence. 5. Explain the garden-to-food connection.","Labeled sequence, tally, measurement, drawing or short explanation.",Identify one action that protects food quality or reduces waste.,"No tasting unless the school has separately approved a supervised food activity. Wash hands before and after handling produce. Use only clean, teacher-approved samples and containers. Teachers control knives, heat, electrical equipment, chemicals and any processing machinery."
FF-198,Primary 1-3,Discovery Production Garden,Preparation Pathway,Use the Discovery Production Garden to investigate preparation pathway and connect crop production with food people recognize.,"Student journal, crop/food picture cards, clean trays, ruler or scale where available, labels, handwashing supplies.","Use locally available baskets, clean reused food-grade containers, handmade labels, paper process cards and simple balances/measuring vessels where suitable.","1. Observe the crop or production area. 2. Identify the edible plant part or food connection. 3. Complete a safe preparation pathway task. 4. Record a count, measurement, drawing or sequence. 5. Explain the garden-to-food connection.","Labeled sequence, tally, measurement, drawing or short explanation.",Identify one action that protects food quality or reduces waste.,"No tasting unless the school has separately approved a supervised food activity. Wash hands before and after handling produce. Use only clean, teacher-approved samples and containers. Teachers control knives, heat, electrical equipment, chemicals and any processing machinery."
FF-199,Primary 1-3,Discovery Production Garden,Food Choice & Literacy,Use the Discovery Production Garden to investigate food choice & literacy and connect crop production with food people recognize.,"Student journal, crop/food picture cards, clean trays, ruler or scale where available, labels, handwashing supplies.","Use locally available baskets, clean reused food-grade containers, handmade labels, paper process cards and simple balances/measuring vessels where suitable.","1. Observe the crop or production area. 2. Identify the edible plant part or food connection. 3. Complete a safe food choice & literacy task. 4. Record a count, measurement, drawing or sequence. 5. Explain the garden-to-food connection.","Labeled sequence, tally, measurement, drawing or short explanation.",Identify one action that protects food quality or reduces waste.,"No tasting unless the school has separately approved a supervised food activity. Wash hands before and after handling produce. Use only clean, teacher-approved samples and containers. Teachers control knives, heat, electrical equipment, chemicals and any processing machinery."
FF-200,Primary 1-3,Discovery Production Garden,Waste-to-Resource,Use the Discovery Production Garden to investigate waste-to-resource and connect crop production with food people recognize.,"Student journal, crop/food picture cards, clean trays, ruler or scale where available, labels, handwashing supplies.","Use locally available baskets, clean reused food-grade containers, handmade labels, paper process cards and simple balances/measuring vessels where suitable.","1. Observe the crop or production area. 2. Identify the edible plant part or food connection. 3. Complete a safe waste-to-resource task. 4. Record a count, measurement, drawing or sequence. 5. Explain the garden-to-food connection.","Labeled sequence, tally, measurement, drawing or short explanation.",Identify one action that protects food quality or reduces waste.,"No tasting unless the school has separately approved a supervised food activity. Wash hands before and after handling produce. Use only clean, teacher-approved samples and containers. Teachers control knives, heat, electrical equipment, chemicals and any processing machinery."
FF-201,Primary 4-6,Raised Food Garden,Food Origin,"Investigate food origin in the Raised Food Garden using measurable evidence and explain how production decisions affect food quantity, quality or handling.","Journal, labels, ruler/tape, balance where available, clean containers, tally sheet, calculator, handwashing supplies.","Use locally available baskets, clean reused food-grade containers, handmade labels, paper process cards and simple balances/measuring vessels where suitable.","1. Frame a question about food origin. 2. Select samples. 3. Measure or classify evidence. 4. Record quantities and quality observations. 5. Trace the product through at least four farm-to-food stages. 6. Explain one risk, loss point or improvement.","Data table plus process sequence, calculation or evidence-based explanation.","Recommend one practical change that could improve quality, handling efficiency or reduce loss.","No tasting unless the school has separately approved a supervised food activity. Wash hands before and after handling produce. Use only clean, teacher-approved samples and containers. Teachers control knives, heat, electrical equipment, chemicals and any processing machinery."
FF-202,Primary 4-6,Raised Food Garden,Harvest Readiness,"Investigate harvest readiness in the Raised Food Garden using measurable evidence and explain how production decisions affect food quantity, quality or handling.","Journal, labels, ruler/tape, balance where available, clean containers, tally sheet, calculator, handwashing supplies.","Use locally available baskets, clean reused food-grade containers, handmade labels, paper process cards and simple balances/measuring vessels where suitable.","1. Frame a question about harvest readiness. 2. Select samples. 3. Measure or classify evidence. 4. Record quantities and quality observations. 5. Trace the product through at least four farm-to-food stages. 6. Explain one risk, loss point or improvement.","Data table plus process sequence, calculation or evidence-based explanation.","Recommend one practical change that could improve quality, handling efficiency or reduce loss.","No tasting unless the school has separately approved a supervised food activity. Wash hands before and after handling produce. Use only clean, teacher-approved samples and containers. Teachers control knives, heat, electrical equipment, chemicals and any processing machinery."
FF-203,Primary 4-6,Raised Food Garden,Safe Handling,"Investigate safe handling in the Raised Food Garden using measurable evidence and explain how production decisions affect food quantity, quality or handling.","Journal, labels, ruler/tape, balance where available, clean containers, tally sheet, calculator, handwashing supplies.","Use locally available baskets, clean reused food-grade containers, handmade labels, paper process cards and simple balances/measuring vessels where suitable.","1. Frame a question about safe handling. 2. Select samples. 3. Measure or classify evidence. 4. Record quantities and quality observations. 5. Trace the product through at least four farm-to-food stages. 6. Explain one risk, loss point or improvement.","Data table plus process sequence, calculation or evidence-based explanation.","Recommend one practical change that could improve quality, handling efficiency or reduce loss.","No tasting unless the school has separately approved a supervised food activity. Wash hands before and after handling produce. Use only clean, teacher-approved samples and containers. Teachers control knives, heat, electrical equipment, chemicals and any processing machinery."
FF-204,Primary 4-6,Raised Food Garden,Sorting & Quality,"Investigate sorting & quality in the Raised Food Garden using measurable evidence and explain how production decisions affect food quantity, quality or handling.","Journal, labels, ruler/tape, balance where available, clean containers, tally sheet, calculator, handwashing supplies.","Use locally available baskets, clean reused food-grade containers, handmade labels, paper process cards and simple balances/measuring vessels where suitable.","1. Frame a question about sorting & quality. 2. Select samples. 3. Measure or classify evidence. 4. Record quantities and quality observations. 5. Trace the product through at least four farm-to-food stages. 6. Explain one risk, loss point or improvement.","Data table plus process sequence, calculation or evidence-based explanation.","Recommend one practical change that could improve quality, handling efficiency or reduce loss.","No tasting unless the school has separately approved a supervised food activity. Wash hands before and after handling produce. Use only clean, teacher-approved samples and containers. Teachers control knives, heat, electrical equipment, chemicals and any processing machinery."
FF-205,Primary 4-6,Raised Food Garden,Farm-to-Food Journey,"Investigate farm-to-food journey in the Raised Food Garden using measurable evidence and explain how production decisions affect food quantity, quality or handling.","Journal, labels, ruler/tape, balance where available, clean containers, tally sheet, calculator, handwashing supplies.","Use locally available baskets, clean reused food-grade containers, handmade labels, paper process cards and simple balances/measuring vessels where suitable.","1. Frame a question about farm-to-food journey. 2. Select samples. 3. Measure or classify evidence. 4. Record quantities and quality observations. 5. Trace the product through at least four farm-to-food stages. 6. Explain one risk, loss point or improvement.","Data table plus process sequence, calculation or evidence-based explanation.","Recommend one practical change that could improve quality, handling efficiency or reduce loss.","No tasting unless the school has separately approved a supervised food activity. Wash hands before and after handling produce. Use only clean, teacher-approved samples and containers. Teachers control knives, heat, electrical equipment, chemicals and any processing machinery."
FF-206,Primary 4-6,Raised Food Garden,Measurement & Yield,"Investigate measurement & yield in the Raised Food Garden using measurable evidence and explain how production decisions affect food quantity, quality or handling.","Journal, labels, ruler/tape, balance where available, clean containers, tally sheet, calculator, handwashing supplies.","Use locally available baskets, clean reused food-grade containers, handmade labels, paper process cards and simple balances/measuring vessels where suitable.","1. Frame a question about measurement & yield. 2. Select samples. 3. Measure or classify evidence. 4. Record quantities and quality observations. 5. Trace the product through at least four farm-to-food stages. 6. Explain one risk, loss point or improvement.","Data table plus process sequence, calculation or evidence-based explanation.","Recommend one practical change that could improve quality, handling efficiency or reduce loss.","No tasting unless the school has separately approved a supervised food activity. Wash hands before and after handling produce. Use only clean, teacher-approved samples and containers. Teachers control knives, heat, electrical equipment, chemicals and any processing machinery."
FF-207,Primary 4-6,Raised Food Garden,Storage & Loss,"Investigate storage & loss in the Raised Food Garden using measurable evidence and explain how production decisions affect food quantity, quality or handling.","Journal, labels, ruler/tape, balance where available, clean containers, tally sheet, calculator, handwashing supplies.","Use locally available baskets, clean reused food-grade containers, handmade labels, paper process cards and simple balances/measuring vessels where suitable.","1. Frame a question about storage & loss. 2. Select samples. 3. Measure or classify evidence. 4. Record quantities and quality observations. 5. Trace the product through at least four farm-to-food stages. 6. Explain one risk, loss point or improvement.","Data table plus process sequence, calculation or evidence-based explanation.","Recommend one practical change that could improve quality, handling efficiency or reduce loss.","No tasting unless the school has separately approved a supervised food activity. Wash hands before and after handling produce. Use only clean, teacher-approved samples and containers. Teachers control knives, heat, electrical equipment, chemicals and any processing machinery."
FF-208,Primary 4-6,Raised Food Garden,Preparation Pathway,"Investigate preparation pathway in the Raised Food Garden using measurable evidence and explain how production decisions affect food quantity, quality or handling.","Journal, labels, ruler/tape, balance where available, clean containers, tally sheet, calculator, handwashing supplies.","Use locally available baskets, clean reused food-grade containers, handmade labels, paper process cards and simple balances/measuring vessels where suitable.","1. Frame a question about preparation pathway. 2. Select samples. 3. Measure or classify evidence. 4. Record quantities and quality observations. 5. Trace the product through at least four farm-to-food stages. 6. Explain one risk, loss point or improvement.","Data table plus process sequence, calculation or evidence-based explanation.","Recommend one practical change that could improve quality, handling efficiency or reduce loss.","No tasting unless the school has separately approved a supervised food activity. Wash hands before and after handling produce. Use only clean, teacher-approved samples and containers. Teachers control knives, heat, electrical equipment, chemicals and any processing machinery."
FF-209,Primary 4-6,Raised Food Garden,Food Choice & Literacy,"Investigate food choice & literacy in the Raised Food Garden using measurable evidence and explain how production decisions affect food quantity, quality or handling.","Journal, labels, ruler/tape, balance where available, clean containers, tally sheet, calculator, handwashing supplies.","Use locally available baskets, clean reused food-grade containers, handmade labels, paper process cards and simple balances/measuring vessels where suitable.","1. Frame a question about food choice & literacy. 2. Select samples. 3. Measure or classify evidence. 4. Record quantities and quality observations. 5. Trace the product through at least four farm-to-food stages. 6. Explain one risk, loss point or improvement.","Data table plus process sequence, calculation or evidence-based explanation.","Recommend one practical change that could improve quality, handling efficiency or reduce loss.","No tasting unless the school has separately approved a supervised food activity. Wash hands before and after handling produce. Use only clean, teacher-approved samples and containers. Teachers control knives, heat, electrical equipment, chemicals and any processing machinery."
FF-210,Primary 4-6,Raised Food Garden,Waste-to-Resource,"Investigate waste-to-resource in the Raised Food Garden using measurable evidence and explain how production decisions affect food quantity, quality or handling.","Journal, labels, ruler/tape, balance where available, clean containers, tally sheet, calculator, handwashing supplies.","Use locally available baskets, clean reused food-grade containers, handmade labels, paper process cards and simple balances/measuring vessels where suitable.","1. Frame a question about waste-to-resource. 2. Select samples. 3. Measure or classify evidence. 4. Record quantities and quality observations. 5. Trace the product through at least four farm-to-food stages. 6. Explain one risk, loss point or improvement.","Data table plus process sequence, calculation or evidence-based explanation.","Recommend one practical change that could improve quality, handling efficiency or reduce loss.","No tasting unless the school has separately approved a supervised food activity. Wash hands before and after handling produce. Use only clean, teacher-approved samples and containers. Teachers control knives, heat, electrical equipment, chemicals and any processing machinery."
FF-211,Primary 4-6,Geometry Garden,Food Origin,"Investigate food origin in the Geometry Garden using measurable evidence and explain how production decisions affect food quantity, quality or handling.","Journal, labels, ruler/tape, balance where available, clean containers, tally sheet, calculator, handwashing supplies.","Use locally available baskets, clean reused food-grade containers, handmade labels, paper process cards and simple balances/measuring vessels where suitable.","1. Frame a question about food origin. 2. Select samples. 3. Measure or classify evidence. 4. Record quantities and quality observations. 5. Trace the product through at least four farm-to-food stages. 6. Explain one risk, loss point or improvement.","Data table plus process sequence, calculation or evidence-based explanation.","Recommend one practical change that could improve quality, handling efficiency or reduce loss.","No tasting unless the school has separately approved a supervised food activity. Wash hands before and after handling produce. Use only clean, teacher-approved samples and containers. Teachers control knives, heat, electrical equipment, chemicals and any processing machinery."
FF-212,Primary 4-6,Geometry Garden,Harvest Readiness,"Investigate harvest readiness in the Geometry Garden using measurable evidence and explain how production decisions affect food quantity, quality or handling.","Journal, labels, ruler/tape, balance where available, clean containers, tally sheet, calculator, handwashing supplies.","Use locally available baskets, clean reused food-grade containers, handmade labels, paper process cards and simple balances/measuring vessels where suitable.","1. Frame a question about harvest readiness. 2. Select samples. 3. Measure or classify evidence. 4. Record quantities and quality observations. 5. Trace the product through at least four farm-to-food stages. 6. Explain one risk, loss point or improvement.","Data table plus process sequence, calculation or evidence-based explanation.","Recommend one practical change that could improve quality, handling efficiency or reduce loss.","No tasting unless the school has separately approved a supervised food activity. Wash hands before and after handling produce. Use only clean, teacher-approved samples and containers. Teachers control knives, heat, electrical equipment, chemicals and any processing machinery."
FF-213,Primary 4-6,Geometry Garden,Safe Handling,"Investigate safe handling in the Geometry Garden using measurable evidence and explain how production decisions affect food quantity, quality or handling.","Journal, labels, ruler/tape, balance where available, clean containers, tally sheet, calculator, handwashing supplies.","Use locally available baskets, clean reused food-grade containers, handmade labels, paper process cards and simple balances/measuring vessels where suitable.","1. Frame a question about safe handling. 2. Select samples. 3. Measure or classify evidence. 4. Record quantities and quality observations. 5. Trace the product through at least four farm-to-food stages. 6. Explain one risk, loss point or improvement.","Data table plus process sequence, calculation or evidence-based explanation.","Recommend one practical change that could improve quality, handling efficiency or reduce loss.","No tasting unless the school has separately approved a supervised food activity. Wash hands before and after handling produce. Use only clean, teacher-approved samples and containers. Teachers control knives, heat, electrical equipment, chemicals and any processing machinery."
FF-214,Primary 4-6,Geometry Garden,Sorting & Quality,"Investigate sorting & quality in the Geometry Garden using measurable evidence and explain how production decisions affect food quantity, quality or handling.","Journal, labels, ruler/tape, balance where available, clean containers, tally sheet, calculator, handwashing supplies.","Use locally available baskets, clean reused food-grade containers, handmade labels, paper process cards and simple balances/measuring vessels where suitable.","1. Frame a question about sorting & quality. 2. Select samples. 3. Measure or classify evidence. 4. Record quantities and quality observations. 5. Trace the product through at least four farm-to-food stages. 6. Explain one risk, loss point or improvement.","Data table plus process sequence, calculation or evidence-based explanation.","Recommend one practical change that could improve quality, handling efficiency or reduce loss.","No tasting unless the school has separately approved a supervised food activity. Wash hands before and after handling produce. Use only clean, teacher-approved samples and containers. Teachers control knives, heat, electrical equipment, chemicals and any processing machinery."
FF-215,Primary 4-6,Geometry Garden,Farm-to-Food Journey,"Investigate farm-to-food journey in the Geometry Garden using measurable evidence and explain how production decisions affect food quantity, quality or handling.","Journal, labels, ruler/tape, balance where available, clean containers, tally sheet, calculator, handwashing supplies.","Use locally available baskets, clean reused food-grade containers, handmade labels, paper process cards and simple balances/measuring vessels where suitable.","1. Frame a question about farm-to-food journey. 2. Select samples. 3. Measure or classify evidence. 4. Record quantities and quality observations. 5. Trace the product through at least four farm-to-food stages. 6. Explain one risk, loss point or improvement.","Data table plus process sequence, calculation or evidence-based explanation.","Recommend one practical change that could improve quality, handling efficiency or reduce loss.","No tasting unless the school has separately approved a supervised food activity. Wash hands before and after handling produce. Use only clean, teacher-approved samples and containers. Teachers control knives, heat, electrical equipment, chemicals and any processing machinery."
FF-216,Primary 4-6,Geometry Garden,Measurement & Yield,"Investigate measurement & yield in the Geometry Garden using measurable evidence and explain how production decisions affect food quantity, quality or handling.","Journal, labels, ruler/tape, balance where available, clean containers, tally sheet, calculator, handwashing supplies.","Use locally available baskets, clean reused food-grade containers, handmade labels, paper process cards and simple balances/measuring vessels where suitable.","1. Frame a question about measurement & yield. 2. Select samples. 3. Measure or classify evidence. 4. Record quantities and quality observations. 5. Trace the product through at least four farm-to-food stages. 6. Explain one risk, loss point or improvement.","Data table plus process sequence, calculation or evidence-based explanation.","Recommend one practical change that could improve quality, handling efficiency or reduce loss.","No tasting unless the school has separately approved a supervised food activity. Wash hands before and after handling produce. Use only clean, teacher-approved samples and containers. Teachers control knives, heat, electrical equipment, chemicals and any processing machinery."
FF-217,Primary 4-6,Geometry Garden,Storage & Loss,"Investigate storage & loss in the Geometry Garden using measurable evidence and explain how production decisions affect food quantity, quality or handling.","Journal, labels, ruler/tape, balance where available, clean containers, tally sheet, calculator, handwashing supplies.","Use locally available baskets, clean reused food-grade containers, handmade labels, paper process cards and simple balances/measuring vessels where suitable.","1. Frame a question about storage & loss. 2. Select samples. 3. Measure or classify evidence. 4. Record quantities and quality observations. 5. Trace the product through at least four farm-to-food stages. 6. Explain one risk, loss point or improvement.","Data table plus process sequence, calculation or evidence-based explanation.","Recommend one practical change that could improve quality, handling efficiency or reduce loss.","No tasting unless the school has separately approved a supervised food activity. Wash hands before and after handling produce. Use only clean, teacher-approved samples and containers. Teachers control knives, heat, electrical equipment, chemicals and any processing machinery."
FF-218,Primary 4-6,Geometry Garden,Preparation Pathway,"Investigate preparation pathway in the Geometry Garden using measurable evidence and explain how production decisions affect food quantity, quality or handling.","Journal, labels, ruler/tape, balance where available, clean containers, tally sheet, calculator, handwashing supplies.","Use locally available baskets, clean reused food-grade containers, handmade labels, paper process cards and simple balances/measuring vessels where suitable.","1. Frame a question about preparation pathway. 2. Select samples. 3. Measure or classify evidence. 4. Record quantities and quality observations. 5. Trace the product through at least four farm-to-food stages. 6. Explain one risk, loss point or improvement.","Data table plus process sequence, calculation or evidence-based explanation.","Recommend one practical change that could improve quality, handling efficiency or reduce loss.","No tasting unless the school has separately approved a supervised food activity. Wash hands before and after handling produce. Use only clean, teacher-approved samples and containers. Teachers control knives, heat, electrical equipment, chemicals and any processing machinery."
FF-219,Primary 4-6,Geometry Garden,Food Choice & Literacy,"Investigate food choice & literacy in the Geometry Garden using measurable evidence and explain how production decisions affect food quantity, quality or handling.","Journal, labels, ruler/tape, balance where available, clean containers, tally sheet, calculator, handwashing supplies.","Use locally available baskets, clean reused food-grade containers, handmade labels, paper process cards and simple balances/measuring vessels where suitable.","1. Frame a question about food choice & literacy. 2. Select samples. 3. Measure or classify evidence. 4. Record quantities and quality observations. 5. Trace the product through at least four farm-to-food stages. 6. Explain one risk, loss point or improvement.","Data table plus process sequence, calculation or evidence-based explanation.","Recommend one practical change that could improve quality, handling efficiency or reduce loss.","No tasting unless the school has separately approved a supervised food activity. Wash hands before and after handling produce. Use only clean, teacher-approved samples and containers. Teachers control knives, heat, electrical equipment, chemicals and any processing machinery."
FF-220,Primary 4-6,Geometry Garden,Waste-to-Resource,"Investigate waste-to-resource in the Geometry Garden using measurable evidence and explain how production decisions affect food quantity, quality or handling.","Journal, labels, ruler/tape, balance where available, clean containers, tally sheet, calculator, handwashing supplies.","Use locally available baskets, clean reused food-grade containers, handmade labels, paper process cards and simple balances/measuring vessels where suitable.","1. Frame a question about waste-to-resource. 2. Select samples. 3. Measure or classify evidence. 4. Record quantities and quality observations. 5. Trace the product through at least four farm-to-food stages. 6. Explain one risk, loss point or improvement.","Data table plus process sequence, calculation or evidence-based explanation.","Recommend one practical change that could improve quality, handling efficiency or reduce loss.","No tasting unless the school has separately approved a supervised food activity. Wash hands before and after handling produce. Use only clean, teacher-approved samples and containers. Teachers control knives, heat, electrical equipment, chemicals and any processing machinery."
FF-221,Primary 4-6,Grid Experiment Garden,Food Origin,"Investigate food origin in the Grid Experiment Garden using measurable evidence and explain how production decisions affect food quantity, quality or handling.","Journal, labels, ruler/tape, balance where available, clean containers, tally sheet, calculator, handwashing supplies.","Use locally available baskets, clean reused food-grade containers, handmade labels, paper process cards and simple balances/measuring vessels where suitable.","1. Frame a question about food origin. 2. Select samples. 3. Measure or classify evidence. 4. Record quantities and quality observations. 5. Trace the product through at least four farm-to-food stages. 6. Explain one risk, loss point or improvement.","Data table plus process sequence, calculation or evidence-based explanation.","Recommend one practical change that could improve quality, handling efficiency or reduce loss.","No tasting unless the school has separately approved a supervised food activity. Wash hands before and after handling produce. Use only clean, teacher-approved samples and containers. Teachers control knives, heat, electrical equipment, chemicals and any processing machinery."
FF-222,Primary 4-6,Grid Experiment Garden,Harvest Readiness,"Investigate harvest readiness in the Grid Experiment Garden using measurable evidence and explain how production decisions affect food quantity, quality or handling.","Journal, labels, ruler/tape, balance where available, clean containers, tally sheet, calculator, handwashing supplies.","Use locally available baskets, clean reused food-grade containers, handmade labels, paper process cards and simple balances/measuring vessels where suitable.","1. Frame a question about harvest readiness. 2. Select samples. 3. Measure or classify evidence. 4. Record quantities and quality observations. 5. Trace the product through at least four farm-to-food stages. 6. Explain one risk, loss point or improvement.","Data table plus process sequence, calculation or evidence-based explanation.","Recommend one practical change that could improve quality, handling efficiency or reduce loss.","No tasting unless the school has separately approved a supervised food activity. Wash hands before and after handling produce. Use only clean, teacher-approved samples and containers. Teachers control knives, heat, electrical equipment, chemicals and any processing machinery."
FF-223,Primary 4-6,Grid Experiment Garden,Safe Handling,"Investigate safe handling in the Grid Experiment Garden using measurable evidence and explain how production decisions affect food quantity, quality or handling.","Journal, labels, ruler/tape, balance where available, clean containers, tally sheet, calculator, handwashing supplies.","Use locally available baskets, clean reused food-grade containers, handmade labels, paper process cards and simple balances/measuring vessels where suitable.","1. Frame a question about safe handling. 2. Select samples. 3. Measure or classify evidence. 4. Record quantities and quality observations. 5. Trace the product through at least four farm-to-food stages. 6. Explain one risk, loss point or improvement.","Data table plus process sequence, calculation or evidence-based explanation.","Recommend one practical change that could improve quality, handling efficiency or reduce loss.","No tasting unless the school has separately approved a supervised food activity. Wash hands before and after handling produce. Use only clean, teacher-approved samples and containers. Teachers control knives, heat, electrical equipment, chemicals and any processing machinery."
FF-224,Primary 4-6,Grid Experiment Garden,Sorting & Quality,"Investigate sorting & quality in the Grid Experiment Garden using measurable evidence and explain how production decisions affect food quantity, quality or handling.","Journal, labels, ruler/tape, balance where available, clean containers, tally sheet, calculator, handwashing supplies.","Use locally available baskets, clean reused food-grade containers, handmade labels, paper process cards and simple balances/measuring vessels where suitable.","1. Frame a question about sorting & quality. 2. Select samples. 3. Measure or classify evidence. 4. Record quantities and quality observations. 5. Trace the product through at least four farm-to-food stages. 6. Explain one risk, loss point or improvement.","Data table plus process sequence, calculation or evidence-based explanation.","Recommend one practical change that could improve quality, handling efficiency or reduce loss.","No tasting unless the school has separately approved a supervised food activity. Wash hands before and after handling produce. Use only clean, teacher-approved samples and containers. Teachers control knives, heat, electrical equipment, chemicals and any processing machinery."
FF-225,Primary 4-6,Grid Experiment Garden,Farm-to-Food Journey,"Investigate farm-to-food journey in the Grid Experiment Garden using measurable evidence and explain how production decisions affect food quantity, quality or handling.","Journal, labels, ruler/tape, balance where available, clean containers, tally sheet, calculator, handwashing supplies.","Use locally available baskets, clean reused food-grade containers, handmade labels, paper process cards and simple balances/measuring vessels where suitable.","1. Frame a question about farm-to-food journey. 2. Select samples. 3. Measure or classify evidence. 4. Record quantities and quality observations. 5. Trace the product through at least four farm-to-food stages. 6. Explain one risk, loss point or improvement.","Data table plus process sequence, calculation or evidence-based explanation.","Recommend one practical change that could improve quality, handling efficiency or reduce loss.","No tasting unless the school has separately approved a supervised food activity. Wash hands before and after handling produce. Use only clean, teacher-approved samples and containers. Teachers control knives, heat, electrical equipment, chemicals and any processing machinery."
FF-226,Primary 4-6,Grid Experiment Garden,Measurement & Yield,"Investigate measurement & yield in the Grid Experiment Garden using measurable evidence and explain how production decisions affect food quantity, quality or handling.","Journal, labels, ruler/tape, balance where available, clean containers, tally sheet, calculator, handwashing supplies.","Use locally available baskets, clean reused food-grade containers, handmade labels, paper process cards and simple balances/measuring vessels where suitable.","1. Frame a question about measurement & yield. 2. Select samples. 3. Measure or classify evidence. 4. Record quantities and quality observations. 5. Trace the product through at least four farm-to-food stages. 6. Explain one risk, loss point or improvement.","Data table plus process sequence, calculation or evidence-based explanation.","Recommend one practical change that could improve quality, handling efficiency or reduce loss.","No tasting unless the school has separately approved a supervised food activity. Wash hands before and after handling produce. Use only clean, teacher-approved samples and containers. Teachers control knives, heat, electrical equipment, chemicals and any processing machinery."
FF-227,Primary 4-6,Grid Experiment Garden,Storage & Loss,"Investigate storage & loss in the Grid Experiment Garden using measurable evidence and explain how production decisions affect food quantity, quality or handling.","Journal, labels, ruler/tape, balance where available, clean containers, tally sheet, calculator, handwashing supplies.","Use locally available baskets, clean reused food-grade containers, handmade labels, paper process cards and simple balances/measuring vessels where suitable.","1. Frame a question about storage & loss. 2. Select samples. 3. Measure or classify evidence. 4. Record quantities and quality observations. 5. Trace the product through at least four farm-to-food stages. 6. Explain one risk, loss point or improvement.","Data table plus process sequence, calculation or evidence-based explanation.","Recommend one practical change that could improve quality, handling efficiency or reduce loss.","No tasting unless the school has separately approved a supervised food activity. Wash hands before and after handling produce. Use only clean, teacher-approved samples and containers. Teachers control knives, heat, electrical equipment, chemicals and any processing machinery."
FF-228,Primary 4-6,Grid Experiment Garden,Preparation Pathway,"Investigate preparation pathway in the Grid Experiment Garden using measurable evidence and explain how production decisions affect food quantity, quality or handling.","Journal, labels, ruler/tape, balance where available, clean containers, tally sheet, calculator, handwashing supplies.","Use locally available baskets, clean reused food-grade containers, handmade labels, paper process cards and simple balances/measuring vessels where suitable.","1. Frame a question about preparation pathway. 2. Select samples. 3. Measure or classify evidence. 4. Record quantities and quality observations. 5. Trace the product through at least four farm-to-food stages. 6. Explain one risk, loss point or improvement.","Data table plus process sequence, calculation or evidence-based explanation.","Recommend one practical change that could improve quality, handling efficiency or reduce loss.","No tasting unless the school has separately approved a supervised food activity. Wash hands before and after handling produce. Use only clean, teacher-approved samples and containers. Teachers control knives, heat, electrical equipment, chemicals and any processing machinery."
FF-229,Primary 4-6,Grid Experiment Garden,Food Choice & Literacy,"Investigate food choice & literacy in the Grid Experiment Garden using measurable evidence and explain how production decisions affect food quantity, quality or handling.","Journal, labels, ruler/tape, balance where available, clean containers, tally sheet, calculator, handwashing supplies.","Use locally available baskets, clean reused food-grade containers, handmade labels, paper process cards and simple balances/measuring vessels where suitable.","1. Frame a question about food choice & literacy. 2. Select samples. 3. Measure or classify evidence. 4. Record quantities and quality observations. 5. Trace the product through at least four farm-to-food stages. 6. Explain one risk, loss point or improvement.","Data table plus process sequence, calculation or evidence-based explanation.","Recommend one practical change that could improve quality, handling efficiency or reduce loss.","No tasting unless the school has separately approved a supervised food activity. Wash hands before and after handling produce. Use only clean, teacher-approved samples and containers. Teachers control knives, heat, electrical equipment, chemicals and any processing machinery."
FF-230,Primary 4-6,Grid Experiment Garden,Waste-to-Resource,"Investigate waste-to-resource in the Grid Experiment Garden using measurable evidence and explain how production decisions affect food quantity, quality or handling.","Journal, labels, ruler/tape, balance where available, clean containers, tally sheet, calculator, handwashing supplies.","Use locally available baskets, clean reused food-grade containers, handmade labels, paper process cards and simple balances/measuring vessels where suitable.","1. Frame a question about waste-to-resource. 2. Select samples. 3. Measure or classify evidence. 4. Record quantities and quality observations. 5. Trace the product through at least four farm-to-food stages. 6. Explain one risk, loss point or improvement.","Data table plus process sequence, calculation or evidence-based explanation.","Recommend one practical change that could improve quality, handling efficiency or reduce loss.","No tasting unless the school has separately approved a supervised food activity. Wash hands before and after handling produce. Use only clean, teacher-approved samples and containers. Teachers control knives, heat, electrical equipment, chemicals and any processing machinery."
FF-231,Primary 4-6,Keyhole Garden,Food Origin,"Investigate food origin in the Keyhole Garden using measurable evidence and explain how production decisions affect food quantity, quality or handling.","Journal, labels, ruler/tape, balance where available, clean containers, tally sheet, calculator, handwashing supplies.","Use locally available baskets, clean reused food-grade containers, handmade labels, paper process cards and simple balances/measuring vessels where suitable.","1. Frame a question about food origin. 2. Select samples. 3. Measure or classify evidence. 4. Record quantities and quality observations. 5. Trace the product through at least four farm-to-food stages. 6. Explain one risk, loss point or improvement.","Data table plus process sequence, calculation or evidence-based explanation.","Recommend one practical change that could improve quality, handling efficiency or reduce loss.","No tasting unless the school has separately approved a supervised food activity. Wash hands before and after handling produce. Use only clean, teacher-approved samples and containers. Teachers control knives, heat, electrical equipment, chemicals and any processing machinery."
FF-232,Primary 4-6,Keyhole Garden,Harvest Readiness,"Investigate harvest readiness in the Keyhole Garden using measurable evidence and explain how production decisions affect food quantity, quality or handling.","Journal, labels, ruler/tape, balance where available, clean containers, tally sheet, calculator, handwashing supplies.","Use locally available baskets, clean reused food-grade containers, handmade labels, paper process cards and simple balances/measuring vessels where suitable.","1. Frame a question about harvest readiness. 2. Select samples. 3. Measure or classify evidence. 4. Record quantities and quality observations. 5. Trace the product through at least four farm-to-food stages. 6. Explain one risk, loss point or improvement.","Data table plus process sequence, calculation or evidence-based explanation.","Recommend one practical change that could improve quality, handling efficiency or reduce loss.","No tasting unless the school has separately approved a supervised food activity. Wash hands before and after handling produce. Use only clean, teacher-approved samples and containers. Teachers control knives, heat, electrical equipment, chemicals and any processing machinery."
FF-233,Primary 4-6,Keyhole Garden,Safe Handling,"Investigate safe handling in the Keyhole Garden using measurable evidence and explain how production decisions affect food quantity, quality or handling.","Journal, labels, ruler/tape, balance where available, clean containers, tally sheet, calculator, handwashing supplies.","Use locally available baskets, clean reused food-grade containers, handmade labels, paper process cards and simple balances/measuring vessels where suitable.","1. Frame a question about safe handling. 2. Select samples. 3. Measure or classify evidence. 4. Record quantities and quality observations. 5. Trace the product through at least four farm-to-food stages. 6. Explain one risk, loss point or improvement.","Data table plus process sequence, calculation or evidence-based explanation.","Recommend one practical change that could improve quality, handling efficiency or reduce loss.","No tasting unless the school has separately approved a supervised food activity. Wash hands before and after handling produce. Use only clean, teacher-approved samples and containers. Teachers control knives, heat, electrical equipment, chemicals and any processing machinery."
FF-234,Primary 4-6,Keyhole Garden,Sorting & Quality,"Investigate sorting & quality in the Keyhole Garden using measurable evidence and explain how production decisions affect food quantity, quality or handling.","Journal, labels, ruler/tape, balance where available, clean containers, tally sheet, calculator, handwashing supplies.","Use locally available baskets, clean reused food-grade containers, handmade labels, paper process cards and simple balances/measuring vessels where suitable.","1. Frame a question about sorting & quality. 2. Select samples. 3. Measure or classify evidence. 4. Record quantities and quality observations. 5. Trace the product through at least four farm-to-food stages. 6. Explain one risk, loss point or improvement.","Data table plus process sequence, calculation or evidence-based explanation.","Recommend one practical change that could improve quality, handling efficiency or reduce loss.","No tasting unless the school has separately approved a supervised food activity. Wash hands before and after handling produce. Use only clean, teacher-approved samples and containers. Teachers control knives, heat, electrical equipment, chemicals and any processing machinery."
FF-235,Primary 4-6,Keyhole Garden,Farm-to-Food Journey,"Investigate farm-to-food journey in the Keyhole Garden using measurable evidence and explain how production decisions affect food quantity, quality or handling.","Journal, labels, ruler/tape, balance where available, clean containers, tally sheet, calculator, handwashing supplies.","Use locally available baskets, clean reused food-grade containers, handmade labels, paper process cards and simple balances/measuring vessels where suitable.","1. Frame a question about farm-to-food journey. 2. Select samples. 3. Measure or classify evidence. 4. Record quantities and quality observations. 5. Trace the product through at least four farm-to-food stages. 6. Explain one risk, loss point or improvement.","Data table plus process sequence, calculation or evidence-based explanation.","Recommend one practical change that could improve quality, handling efficiency or reduce loss.","No tasting unless the school has separately approved a supervised food activity. Wash hands before and after handling produce. Use only clean, teacher-approved samples and containers. Teachers control knives, heat, electrical equipment, chemicals and any processing machinery."
FF-236,Primary 4-6,Keyhole Garden,Measurement & Yield,"Investigate measurement & yield in the Keyhole Garden using measurable evidence and explain how production decisions affect food quantity, quality or handling.","Journal, labels, ruler/tape, balance where available, clean containers, tally sheet, calculator, handwashing supplies.","Use locally available baskets, clean reused food-grade containers, handmade labels, paper process cards and simple balances/measuring vessels where suitable.","1. Frame a question about measurement & yield. 2. Select samples. 3. Measure or classify evidence. 4. Record quantities and quality observations. 5. Trace the product through at least four farm-to-food stages. 6. Explain one risk, loss point or improvement.","Data table plus process sequence, calculation or evidence-based explanation.","Recommend one practical change that could improve quality, handling efficiency or reduce loss.","No tasting unless the school has separately approved a supervised food activity. Wash hands before and after handling produce. Use only clean, teacher-approved samples and containers. Teachers control knives, heat, electrical equipment, chemicals and any processing machinery."
FF-237,Primary 4-6,Keyhole Garden,Storage & Loss,"Investigate storage & loss in the Keyhole Garden using measurable evidence and explain how production decisions affect food quantity, quality or handling.","Journal, labels, ruler/tape, balance where available, clean containers, tally sheet, calculator, handwashing supplies.","Use locally available baskets, clean reused food-grade containers, handmade labels, paper process cards and simple balances/measuring vessels where suitable.","1. Frame a question about storage & loss. 2. Select samples. 3. Measure or classify evidence. 4. Record quantities and quality observations. 5. Trace the product through at least four farm-to-food stages. 6. Explain one risk, loss point or improvement.","Data table plus process sequence, calculation or evidence-based explanation.","Recommend one practical change that could improve quality, handling efficiency or reduce loss.","No tasting unless the school has separately approved a supervised food activity. Wash hands before and after handling produce. Use only clean, teacher-approved samples and containers. Teachers control knives, heat, electrical equipment, chemicals and any processing machinery."
FF-238,Primary 4-6,Keyhole Garden,Preparation Pathway,"Investigate preparation pathway in the Keyhole Garden using measurable evidence and explain how production decisions affect food quantity, quality or handling.","Journal, labels, ruler/tape, balance where available, clean containers, tally sheet, calculator, handwashing supplies.","Use locally available baskets, clean reused food-grade containers, handmade labels, paper process cards and simple balances/measuring vessels where suitable.","1. Frame a question about preparation pathway. 2. Select samples. 3. Measure or classify evidence. 4. Record quantities and quality observations. 5. Trace the product through at least four farm-to-food stages. 6. Explain one risk, loss point or improvement.","Data table plus process sequence, calculation or evidence-based explanation.","Recommend one practical change that could improve quality, handling efficiency or reduce loss.","No tasting unless the school has separately approved a supervised food activity. Wash hands before and after handling produce. Use only clean, teacher-approved samples and containers. Teachers control knives, heat, electrical equipment, chemicals and any processing machinery."
FF-239,Primary 4-6,Keyhole Garden,Food Choice & Literacy,"Investigate food choice & literacy in the Keyhole Garden using measurable evidence and explain how production decisions affect food quantity, quality or handling.","Journal, labels, ruler/tape, balance where available, clean containers, tally sheet, calculator, handwashing supplies.","Use locally available baskets, clean reused food-grade containers, handmade labels, paper process cards and simple balances/measuring vessels where suitable.","1. Frame a question about food choice & literacy. 2. Select samples. 3. Measure or classify evidence. 4. Record quantities and quality observations. 5. Trace the product through at least four farm-to-food stages. 6. Explain one risk, loss point or improvement.","Data table plus process sequence, calculation or evidence-based explanation.","Recommend one practical change that could improve quality, handling efficiency or reduce loss.","No tasting unless the school has separately approved a supervised food activity. Wash hands before and after handling produce. Use only clean, teacher-approved samples and containers. Teachers control knives, heat, electrical equipment, chemicals and any processing machinery."
FF-240,Primary 4-6,Keyhole Garden,Waste-to-Resource,"Investigate waste-to-resource in the Keyhole Garden using measurable evidence and explain how production decisions affect food quantity, quality or handling.","Journal, labels, ruler/tape, balance where available, clean containers, tally sheet, calculator, handwashing supplies.","Use locally available baskets, clean reused food-grade containers, handmade labels, paper process cards and simple balances/measuring vessels where suitable.","1. Frame a question about waste-to-resource. 2. Select samples. 3. Measure or classify evidence. 4. Record quantities and quality observations. 5. Trace the product through at least four farm-to-food stages. 6. Explain one risk, loss point or improvement.","Data table plus process sequence, calculation or evidence-based explanation.","Recommend one practical change that could improve quality, handling efficiency or reduce loss.","No tasting unless the school has separately approved a supervised food activity. Wash hands before and after handling produce. Use only clean, teacher-approved samples and containers. Teachers control knives, heat, electrical equipment, chemicals and any processing machinery."
FF-241,Primary 4-6,Compost Garden,Food Origin,"Investigate food origin in the Compost Garden using measurable evidence and explain how production decisions affect food quantity, quality or handling.","Journal, labels, ruler/tape, balance where available, clean containers, tally sheet, calculator, handwashing supplies.","Use locally available baskets, clean reused food-grade containers, handmade labels, paper process cards and simple balances/measuring vessels where suitable.","1. Frame a question about food origin. 2. Select samples. 3. Measure or classify evidence. 4. Record quantities and quality observations. 5. Trace the product through at least four farm-to-food stages. 6. Explain one risk, loss point or improvement.","Data table plus process sequence, calculation or evidence-based explanation.","Recommend one practical change that could improve quality, handling efficiency or reduce loss.","No tasting unless the school has separately approved a supervised food activity. Wash hands before and after handling produce. Use only clean, teacher-approved samples and containers. Teachers control knives, heat, electrical equipment, chemicals and any processing machinery."
FF-242,Primary 4-6,Compost Garden,Harvest Readiness,"Investigate harvest readiness in the Compost Garden using measurable evidence and explain how production decisions affect food quantity, quality or handling.","Journal, labels, ruler/tape, balance where available, clean containers, tally sheet, calculator, handwashing supplies.","Use locally available baskets, clean reused food-grade containers, handmade labels, paper process cards and simple balances/measuring vessels where suitable.","1. Frame a question about harvest readiness. 2. Select samples. 3. Measure or classify evidence. 4. Record quantities and quality observations. 5. Trace the product through at least four farm-to-food stages. 6. Explain one risk, loss point or improvement.","Data table plus process sequence, calculation or evidence-based explanation.","Recommend one practical change that could improve quality, handling efficiency or reduce loss.","No tasting unless the school has separately approved a supervised food activity. Wash hands before and after handling produce. Use only clean, teacher-approved samples and containers. Teachers control knives, heat, electrical equipment, chemicals and any processing machinery."
FF-243,Primary 4-6,Compost Garden,Safe Handling,"Investigate safe handling in the Compost Garden using measurable evidence and explain how production decisions affect food quantity, quality or handling.","Journal, labels, ruler/tape, balance where available, clean containers, tally sheet, calculator, handwashing supplies.","Use locally available baskets, clean reused food-grade containers, handmade labels, paper process cards and simple balances/measuring vessels where suitable.","1. Frame a question about safe handling. 2. Select samples. 3. Measure or classify evidence. 4. Record quantities and quality observations. 5. Trace the product through at least four farm-to-food stages. 6. Explain one risk, loss point or improvement.","Data table plus process sequence, calculation or evidence-based explanation.","Recommend one practical change that could improve quality, handling efficiency or reduce loss.","No tasting unless the school has separately approved a supervised food activity. Wash hands before and after handling produce. Use only clean, teacher-approved samples and containers. Teachers control knives, heat, electrical equipment, chemicals and any processing machinery."
FF-244,Primary 4-6,Compost Garden,Sorting & Quality,"Investigate sorting & quality in the Compost Garden using measurable evidence and explain how production decisions affect food quantity, quality or handling.","Journal, labels, ruler/tape, balance where available, clean containers, tally sheet, calculator, handwashing supplies.","Use locally available baskets, clean reused food-grade containers, handmade labels, paper process cards and simple balances/measuring vessels where suitable.","1. Frame a question about sorting & quality. 2. Select samples. 3. Measure or classify evidence. 4. Record quantities and quality observations. 5. Trace the product through at least four farm-to-food stages. 6. Explain one risk, loss point or improvement.","Data table plus process sequence, calculation or evidence-based explanation.","Recommend one practical change that could improve quality, handling efficiency or reduce loss.","No tasting unless the school has separately approved a supervised food activity. Wash hands before and after handling produce. Use only clean, teacher-approved samples and containers. Teachers control knives, heat, electrical equipment, chemicals and any processing machinery."
FF-245,Primary 4-6,Compost Garden,Farm-to-Food Journey,"Investigate farm-to-food journey in the Compost Garden using measurable evidence and explain how production decisions affect food quantity, quality or handling.","Journal, labels, ruler/tape, balance where available, clean containers, tally sheet, calculator, handwashing supplies.","Use locally available baskets, clean reused food-grade containers, handmade labels, paper process cards and simple balances/measuring vessels where suitable.","1. Frame a question about farm-to-food journey. 2. Select samples. 3. Measure or classify evidence. 4. Record quantities and quality observations. 5. Trace the product through at least four farm-to-food stages. 6. Explain one risk, loss point or improvement.","Data table plus process sequence, calculation or evidence-based explanation.","Recommend one practical change that could improve quality, handling efficiency or reduce loss.","No tasting unless the school has separately approved a supervised food activity. Wash hands before and after handling produce. Use only clean, teacher-approved samples and containers. Teachers control knives, heat, electrical equipment, chemicals and any processing machinery."
FF-246,Primary 4-6,Compost Garden,Measurement & Yield,"Investigate measurement & yield in the Compost Garden using measurable evidence and explain how production decisions affect food quantity, quality or handling.","Journal, labels, ruler/tape, balance where available, clean containers, tally sheet, calculator, handwashing supplies.","Use locally available baskets, clean reused food-grade containers, handmade labels, paper process cards and simple balances/measuring vessels where suitable.","1. Frame a question about measurement & yield. 2. Select samples. 3. Measure or classify evidence. 4. Record quantities and quality observations. 5. Trace the product through at least four farm-to-food stages. 6. Explain one risk, loss point or improvement.","Data table plus process sequence, calculation or evidence-based explanation.","Recommend one practical change that could improve quality, handling efficiency or reduce loss.","No tasting unless the school has separately approved a supervised food activity. Wash hands before and after handling produce. Use only clean, teacher-approved samples and containers. Teachers control knives, heat, electrical equipment, chemicals and any processing machinery."
FF-247,Primary 4-6,Compost Garden,Storage & Loss,"Investigate storage & loss in the Compost Garden using measurable evidence and explain how production decisions affect food quantity, quality or handling.","Journal, labels, ruler/tape, balance where available, clean containers, tally sheet, calculator, handwashing supplies.","Use locally available baskets, clean reused food-grade containers, handmade labels, paper process cards and simple balances/measuring vessels where suitable.","1. Frame a question about storage & loss. 2. Select samples. 3. Measure or classify evidence. 4. Record quantities and quality observations. 5. Trace the product through at least four farm-to-food stages. 6. Explain one risk, loss point or improvement.","Data table plus process sequence, calculation or evidence-based explanation.","Recommend one practical change that could improve quality, handling efficiency or reduce loss.","No tasting unless the school has separately approved a supervised food activity. Wash hands before and after handling produce. Use only clean, teacher-approved samples and containers. Teachers control knives, heat, electrical equipment, chemicals and any processing machinery."
FF-248,Primary 4-6,Compost Garden,Preparation Pathway,"Investigate preparation pathway in the Compost Garden using measurable evidence and explain how production decisions affect food quantity, quality or handling.","Journal, labels, ruler/tape, balance where available, clean containers, tally sheet, calculator, handwashing supplies.","Use locally available baskets, clean reused food-grade containers, handmade labels, paper process cards and simple balances/measuring vessels where suitable.","1. Frame a question about preparation pathway. 2. Select samples. 3. Measure or classify evidence. 4. Record quantities and quality observations. 5. Trace the product through at least four farm-to-food stages. 6. Explain one risk, loss point or improvement.","Data table plus process sequence, calculation or evidence-based explanation.","Recommend one practical change that could improve quality, handling efficiency or reduce loss.","No tasting unless the school has separately approved a supervised food activity. Wash hands before and after handling produce. Use only clean, teacher-approved samples and containers. Teachers control knives, heat, electrical equipment, chemicals and any processing machinery."
FF-249,Primary 4-6,Compost Garden,Food Choice & Literacy,"Investigate food choice & literacy in the Compost Garden using measurable evidence and explain how production decisions affect food quantity, quality or handling.","Journal, labels, ruler/tape, balance where available, clean containers, tally sheet, calculator, handwashing supplies.","Use locally available baskets, clean reused food-grade containers, handmade labels, paper process cards and simple balances/measuring vessels where suitable.","1. Frame a question about food choice & literacy. 2. Select samples. 3. Measure or classify evidence. 4. Record quantities and quality observations. 5. Trace the product through at least four farm-to-food stages. 6. Explain one risk, loss point or improvement.","Data table plus process sequence, calculation or evidence-based explanation.","Recommend one practical change that could improve quality, handling efficiency or reduce loss.","No tasting unless the school has separately approved a supervised food activity. Wash hands before and after handling produce. Use only clean, teacher-approved samples and containers. Teachers control knives, heat, electrical equipment, chemicals and any processing machinery."
FF-250,Primary 4-6,Compost Garden,Waste-to-Resource,"Investigate waste-to-resource in the Compost Garden using measurable evidence and explain how production decisions affect food quantity, quality or handling.","Journal, labels, ruler/tape, balance where available, clean containers, tally sheet, calculator, handwashing supplies.","Use locally available baskets, clean reused food-grade containers, handmade labels, paper process cards and simple balances/measuring vessels where suitable.","1. Frame a question about waste-to-resource. 2. Select samples. 3. Measure or classify evidence. 4. Record quantities and quality observations. 5. Trace the product through at least four farm-to-food stages. 6. Explain one risk, loss point or improvement.","Data table plus process sequence, calculation or evidence-based explanation.","Recommend one practical change that could improve quality, handling efficiency or reduce loss.","No tasting unless the school has separately approved a supervised food activity. Wash hands before and after handling produce. Use only clean, teacher-approved samples and containers. Teachers control knives, heat, electrical equipment, chemicals and any processing machinery."
FF-251,Primary 4-6,Gravity Drip Garden,Food Origin,"Investigate food origin in the Gravity Drip Garden using measurable evidence and explain how production decisions affect food quantity, quality or handling.","Journal, labels, ruler/tape, balance where available, clean containers, tally sheet, calculator, handwashing supplies.","Use locally available baskets, clean reused food-grade containers, handmade labels, paper process cards and simple balances/measuring vessels where suitable.","1. Frame a question about food origin. 2. Select samples. 3. Measure or classify evidence. 4. Record quantities and quality observations. 5. Trace the product through at least four farm-to-food stages. 6. Explain one risk, loss point or improvement.","Data table plus process sequence, calculation or evidence-based explanation.","Recommend one practical change that could improve quality, handling efficiency or reduce loss.","No tasting unless the school has separately approved a supervised food activity. Wash hands before and after handling produce. Use only clean, teacher-approved samples and containers. Teachers control knives, heat, electrical equipment, chemicals and any processing machinery."
FF-252,Primary 4-6,Gravity Drip Garden,Harvest Readiness,"Investigate harvest readiness in the Gravity Drip Garden using measurable evidence and explain how production decisions affect food quantity, quality or handling.","Journal, labels, ruler/tape, balance where available, clean containers, tally sheet, calculator, handwashing supplies.","Use locally available baskets, clean reused food-grade containers, handmade labels, paper process cards and simple balances/measuring vessels where suitable.","1. Frame a question about harvest readiness. 2. Select samples. 3. Measure or classify evidence. 4. Record quantities and quality observations. 5. Trace the product through at least four farm-to-food stages. 6. Explain one risk, loss point or improvement.","Data table plus process sequence, calculation or evidence-based explanation.","Recommend one practical change that could improve quality, handling efficiency or reduce loss.","No tasting unless the school has separately approved a supervised food activity. Wash hands before and after handling produce. Use only clean, teacher-approved samples and containers. Teachers control knives, heat, electrical equipment, chemicals and any processing machinery."
FF-253,Primary 4-6,Gravity Drip Garden,Safe Handling,"Investigate safe handling in the Gravity Drip Garden using measurable evidence and explain how production decisions affect food quantity, quality or handling.","Journal, labels, ruler/tape, balance where available, clean containers, tally sheet, calculator, handwashing supplies.","Use locally available baskets, clean reused food-grade containers, handmade labels, paper process cards and simple balances/measuring vessels where suitable.","1. Frame a question about safe handling. 2. Select samples. 3. Measure or classify evidence. 4. Record quantities and quality observations. 5. Trace the product through at least four farm-to-food stages. 6. Explain one risk, loss point or improvement.","Data table plus process sequence, calculation or evidence-based explanation.","Recommend one practical change that could improve quality, handling efficiency or reduce loss.","No tasting unless the school has separately approved a supervised food activity. Wash hands before and after handling produce. Use only clean, teacher-approved samples and containers. Teachers control knives, heat, electrical equipment, chemicals and any processing machinery."
FF-254,Primary 4-6,Gravity Drip Garden,Sorting & Quality,"Investigate sorting & quality in the Gravity Drip Garden using measurable evidence and explain how production decisions affect food quantity, quality or handling.","Journal, labels, ruler/tape, balance where available, clean containers, tally sheet, calculator, handwashing supplies.","Use locally available baskets, clean reused food-grade containers, handmade labels, paper process cards and simple balances/measuring vessels where suitable.","1. Frame a question about sorting & quality. 2. Select samples. 3. Measure or classify evidence. 4. Record quantities and quality observations. 5. Trace the product through at least four farm-to-food stages. 6. Explain one risk, loss point or improvement.","Data table plus process sequence, calculation or evidence-based explanation.","Recommend one practical change that could improve quality, handling efficiency or reduce loss.","No tasting unless the school has separately approved a supervised food activity. Wash hands before and after handling produce. Use only clean, teacher-approved samples and containers. Teachers control knives, heat, electrical equipment, chemicals and any processing machinery."
FF-255,Primary 4-6,Gravity Drip Garden,Farm-to-Food Journey,"Investigate farm-to-food journey in the Gravity Drip Garden using measurable evidence and explain how production decisions affect food quantity, quality or handling.","Journal, labels, ruler/tape, balance where available, clean containers, tally sheet, calculator, handwashing supplies.","Use locally available baskets, clean reused food-grade containers, handmade labels, paper process cards and simple balances/measuring vessels where suitable.","1. Frame a question about farm-to-food journey. 2. Select samples. 3. Measure or classify evidence. 4. Record quantities and quality observations. 5. Trace the product through at least four farm-to-food stages. 6. Explain one risk, loss point or improvement.","Data table plus process sequence, calculation or evidence-based explanation.","Recommend one practical change that could improve quality, handling efficiency or reduce loss.","No tasting unless the school has separately approved a supervised food activity. Wash hands before and after handling produce. Use only clean, teacher-approved samples and containers. Teachers control knives, heat, electrical equipment, chemicals and any processing machinery."
FF-256,Primary 4-6,Gravity Drip Garden,Measurement & Yield,"Investigate measurement & yield in the Gravity Drip Garden using measurable evidence and explain how production decisions affect food quantity, quality or handling.","Journal, labels, ruler/tape, balance where available, clean containers, tally sheet, calculator, handwashing supplies.","Use locally available baskets, clean reused food-grade containers, handmade labels, paper process cards and simple balances/measuring vessels where suitable.","1. Frame a question about measurement & yield. 2. Select samples. 3. Measure or classify evidence. 4. Record quantities and quality observations. 5. Trace the product through at least four farm-to-food stages. 6. Explain one risk, loss point or improvement.","Data table plus process sequence, calculation or evidence-based explanation.","Recommend one practical change that could improve quality, handling efficiency or reduce loss.","No tasting unless the school has separately approved a supervised food activity. Wash hands before and after handling produce. Use only clean, teacher-approved samples and containers. Teachers control knives, heat, electrical equipment, chemicals and any processing machinery."
FF-257,Primary 4-6,Gravity Drip Garden,Storage & Loss,"Investigate storage & loss in the Gravity Drip Garden using measurable evidence and explain how production decisions affect food quantity, quality or handling.","Journal, labels, ruler/tape, balance where available, clean containers, tally sheet, calculator, handwashing supplies.","Use locally available baskets, clean reused food-grade containers, handmade labels, paper process cards and simple balances/measuring vessels where suitable.","1. Frame a question about storage & loss. 2. Select samples. 3. Measure or classify evidence. 4. Record quantities and quality observations. 5. Trace the product through at least four farm-to-food stages. 6. Explain one risk, loss point or improvement.","Data table plus process sequence, calculation or evidence-based explanation.","Recommend one practical change that could improve quality, handling efficiency or reduce loss.","No tasting unless the school has separately approved a supervised food activity. Wash hands before and after handling produce. Use only clean, teacher-approved samples and containers. Teachers control knives, heat, electrical equipment, chemicals and any processing machinery."
FF-258,Primary 4-6,Gravity Drip Garden,Preparation Pathway,"Investigate preparation pathway in the Gravity Drip Garden using measurable evidence and explain how production decisions affect food quantity, quality or handling.","Journal, labels, ruler/tape, balance where available, clean containers, tally sheet, calculator, handwashing supplies.","Use locally available baskets, clean reused food-grade containers, handmade labels, paper process cards and simple balances/measuring vessels where suitable.","1. Frame a question about preparation pathway. 2. Select samples. 3. Measure or classify evidence. 4. Record quantities and quality observations. 5. Trace the product through at least four farm-to-food stages. 6. Explain one risk, loss point or improvement.","Data table plus process sequence, calculation or evidence-based explanation.","Recommend one practical change that could improve quality, handling efficiency or reduce loss.","No tasting unless the school has separately approved a supervised food activity. Wash hands before and after handling produce. Use only clean, teacher-approved samples and containers. Teachers control knives, heat, electrical equipment, chemicals and any processing machinery."
FF-259,Primary 4-6,Gravity Drip Garden,Food Choice & Literacy,"Investigate food choice & literacy in the Gravity Drip Garden using measurable evidence and explain how production decisions affect food quantity, quality or handling.","Journal, labels, ruler/tape, balance where available, clean containers, tally sheet, calculator, handwashing supplies.","Use locally available baskets, clean reused food-grade containers, handmade labels, paper process cards and simple balances/measuring vessels where suitable.","1. Frame a question about food choice & literacy. 2. Select samples. 3. Measure or classify evidence. 4. Record quantities and quality observations. 5. Trace the product through at least four farm-to-food stages. 6. Explain one risk, loss point or improvement.","Data table plus process sequence, calculation or evidence-based explanation.","Recommend one practical change that could improve quality, handling efficiency or reduce loss.","No tasting unless the school has separately approved a supervised food activity. Wash hands before and after handling produce. Use only clean, teacher-approved samples and containers. Teachers control knives, heat, electrical equipment, chemicals and any processing machinery."
FF-260,Primary 4-6,Gravity Drip Garden,Waste-to-Resource,"Investigate waste-to-resource in the Gravity Drip Garden using measurable evidence and explain how production decisions affect food quantity, quality or handling.","Journal, labels, ruler/tape, balance where available, clean containers, tally sheet, calculator, handwashing supplies.","Use locally available baskets, clean reused food-grade containers, handmade labels, paper process cards and simple balances/measuring vessels where suitable.","1. Frame a question about waste-to-resource. 2. Select samples. 3. Measure or classify evidence. 4. Record quantities and quality observations. 5. Trace the product through at least four farm-to-food stages. 6. Explain one risk, loss point or improvement.","Data table plus process sequence, calculation or evidence-based explanation.","Recommend one practical change that could improve quality, handling efficiency or reduce loss.","No tasting unless the school has separately approved a supervised food activity. Wash hands before and after handling produce. Use only clean, teacher-approved samples and containers. Teachers control knives, heat, electrical equipment, chemicals and any processing machinery."
FF-261,Primary 4-6,Vertical Garden,Food Origin,"Investigate food origin in the Vertical Garden using measurable evidence and explain how production decisions affect food quantity, quality or handling.","Journal, labels, ruler/tape, balance where available, clean containers, tally sheet, calculator, handwashing supplies.","Use locally available baskets, clean reused food-grade containers, handmade labels, paper process cards and simple balances/measuring vessels where suitable.","1. Frame a question about food origin. 2. Select samples. 3. Measure or classify evidence. 4. Record quantities and quality observations. 5. Trace the product through at least four farm-to-food stages. 6. Explain one risk, loss point or improvement.","Data table plus process sequence, calculation or evidence-based explanation.","Recommend one practical change that could improve quality, handling efficiency or reduce loss.","No tasting unless the school has separately approved a supervised food activity. Wash hands before and after handling produce. Use only clean, teacher-approved samples and containers. Teachers control knives, heat, electrical equipment, chemicals and any processing machinery."
FF-262,Primary 4-6,Vertical Garden,Harvest Readiness,"Investigate harvest readiness in the Vertical Garden using measurable evidence and explain how production decisions affect food quantity, quality or handling.","Journal, labels, ruler/tape, balance where available, clean containers, tally sheet, calculator, handwashing supplies.","Use locally available baskets, clean reused food-grade containers, handmade labels, paper process cards and simple balances/measuring vessels where suitable.","1. Frame a question about harvest readiness. 2. Select samples. 3. Measure or classify evidence. 4. Record quantities and quality observations. 5. Trace the product through at least four farm-to-food stages. 6. Explain one risk, loss point or improvement.","Data table plus process sequence, calculation or evidence-based explanation.","Recommend one practical change that could improve quality, handling efficiency or reduce loss.","No tasting unless the school has separately approved a supervised food activity. Wash hands before and after handling produce. Use only clean, teacher-approved samples and containers. Teachers control knives, heat, electrical equipment, chemicals and any processing machinery."
FF-263,Primary 4-6,Vertical Garden,Safe Handling,"Investigate safe handling in the Vertical Garden using measurable evidence and explain how production decisions affect food quantity, quality or handling.","Journal, labels, ruler/tape, balance where available, clean containers, tally sheet, calculator, handwashing supplies.","Use locally available baskets, clean reused food-grade containers, handmade labels, paper process cards and simple balances/measuring vessels where suitable.","1. Frame a question about safe handling. 2. Select samples. 3. Measure or classify evidence. 4. Record quantities and quality observations. 5. Trace the product through at least four farm-to-food stages. 6. Explain one risk, loss point or improvement.","Data table plus process sequence, calculation or evidence-based explanation.","Recommend one practical change that could improve quality, handling efficiency or reduce loss.","No tasting unless the school has separately approved a supervised food activity. Wash hands before and after handling produce. Use only clean, teacher-approved samples and containers. Teachers control knives, heat, electrical equipment, chemicals and any processing machinery."
FF-264,Primary 4-6,Vertical Garden,Sorting & Quality,"Investigate sorting & quality in the Vertical Garden using measurable evidence and explain how production decisions affect food quantity, quality or handling.","Journal, labels, ruler/tape, balance where available, clean containers, tally sheet, calculator, handwashing supplies.","Use locally available baskets, clean reused food-grade containers, handmade labels, paper process cards and simple balances/measuring vessels where suitable.","1. Frame a question about sorting & quality. 2. Select samples. 3. Measure or classify evidence. 4. Record quantities and quality observations. 5. Trace the product through at least four farm-to-food stages. 6. Explain one risk, loss point or improvement.","Data table plus process sequence, calculation or evidence-based explanation.","Recommend one practical change that could improve quality, handling efficiency or reduce loss.","No tasting unless the school has separately approved a supervised food activity. Wash hands before and after handling produce. Use only clean, teacher-approved samples and containers. Teachers control knives, heat, electrical equipment, chemicals and any processing machinery."
FF-265,Primary 4-6,Vertical Garden,Farm-to-Food Journey,"Investigate farm-to-food journey in the Vertical Garden using measurable evidence and explain how production decisions affect food quantity, quality or handling.","Journal, labels, ruler/tape, balance where available, clean containers, tally sheet, calculator, handwashing supplies.","Use locally available baskets, clean reused food-grade containers, handmade labels, paper process cards and simple balances/measuring vessels where suitable.","1. Frame a question about farm-to-food journey. 2. Select samples. 3. Measure or classify evidence. 4. Record quantities and quality observations. 5. Trace the product through at least four farm-to-food stages. 6. Explain one risk, loss point or improvement.","Data table plus process sequence, calculation or evidence-based explanation.","Recommend one practical change that could improve quality, handling efficiency or reduce loss.","No tasting unless the school has separately approved a supervised food activity. Wash hands before and after handling produce. Use only clean, teacher-approved samples and containers. Teachers control knives, heat, electrical equipment, chemicals and any processing machinery."
FF-266,Primary 4-6,Vertical Garden,Measurement & Yield,"Investigate measurement & yield in the Vertical Garden using measurable evidence and explain how production decisions affect food quantity, quality or handling.","Journal, labels, ruler/tape, balance where available, clean containers, tally sheet, calculator, handwashing supplies.","Use locally available baskets, clean reused food-grade containers, handmade labels, paper process cards and simple balances/measuring vessels where suitable.","1. Frame a question about measurement & yield. 2. Select samples. 3. Measure or classify evidence. 4. Record quantities and quality observations. 5. Trace the product through at least four farm-to-food stages. 6. Explain one risk, loss point or improvement.","Data table plus process sequence, calculation or evidence-based explanation.","Recommend one practical change that could improve quality, handling efficiency or reduce loss.","No tasting unless the school has separately approved a supervised food activity. Wash hands before and after handling produce. Use only clean, teacher-approved samples and containers. Teachers control knives, heat, electrical equipment, chemicals and any processing machinery."
FF-267,Primary 4-6,Vertical Garden,Storage & Loss,"Investigate storage & loss in the Vertical Garden using measurable evidence and explain how production decisions affect food quantity, quality or handling.","Journal, labels, ruler/tape, balance where available, clean containers, tally sheet, calculator, handwashing supplies.","Use locally available baskets, clean reused food-grade containers, handmade labels, paper process cards and simple balances/measuring vessels where suitable.","1. Frame a question about storage & loss. 2. Select samples. 3. Measure or classify evidence. 4. Record quantities and quality observations. 5. Trace the product through at least four farm-to-food stages. 6. Explain one risk, loss point or improvement.","Data table plus process sequence, calculation or evidence-based explanation.","Recommend one practical change that could improve quality, handling efficiency or reduce loss.","No tasting unless the school has separately approved a supervised food activity. Wash hands before and after handling produce. Use only clean, teacher-approved samples and containers. Teachers control knives, heat, electrical equipment, chemicals and any processing machinery."
FF-268,Primary 4-6,Vertical Garden,Preparation Pathway,"Investigate preparation pathway in the Vertical Garden using measurable evidence and explain how production decisions affect food quantity, quality or handling.","Journal, labels, ruler/tape, balance where available, clean containers, tally sheet, calculator, handwashing supplies.","Use locally available baskets, clean reused food-grade containers, handmade labels, paper process cards and simple balances/measuring vessels where suitable.","1. Frame a question about preparation pathway. 2. Select samples. 3. Measure or classify evidence. 4. Record quantities and quality observations. 5. Trace the product through at least four farm-to-food stages. 6. Explain one risk, loss point or improvement.","Data table plus process sequence, calculation or evidence-based explanation.","Recommend one practical change that could improve quality, handling efficiency or reduce loss.","No tasting unless the school has separately approved a supervised food activity. Wash hands before and after handling produce. Use only clean, teacher-approved samples and containers. Teachers control knives, heat, electrical equipment, chemicals and any processing machinery."
FF-269,Primary 4-6,Vertical Garden,Food Choice & Literacy,"Investigate food choice & literacy in the Vertical Garden using measurable evidence and explain how production decisions affect food quantity, quality or handling.","Journal, labels, ruler/tape, balance where available, clean containers, tally sheet, calculator, handwashing supplies.","Use locally available baskets, clean reused food-grade containers, handmade labels, paper process cards and simple balances/measuring vessels where suitable.","1. Frame a question about food choice & literacy. 2. Select samples. 3. Measure or classify evidence. 4. Record quantities and quality observations. 5. Trace the product through at least four farm-to-food stages. 6. Explain one risk, loss point or improvement.","Data table plus process sequence, calculation or evidence-based explanation.","Recommend one practical change that could improve quality, handling efficiency or reduce loss.","No tasting unless the school has separately approved a supervised food activity. Wash hands before and after handling produce. Use only clean, teacher-approved samples and containers. Teachers control knives, heat, electrical equipment, chemicals and any processing machinery."
FF-270,Primary 4-6,Vertical Garden,Waste-to-Resource,"Investigate waste-to-resource in the Vertical Garden using measurable evidence and explain how production decisions affect food quantity, quality or handling.","Journal, labels, ruler/tape, balance where available, clean containers, tally sheet, calculator, handwashing supplies.","Use locally available baskets, clean reused food-grade containers, handmade labels, paper process cards and simple balances/measuring vessels where suitable.","1. Frame a question about waste-to-resource. 2. Select samples. 3. Measure or classify evidence. 4. Record quantities and quality observations. 5. Trace the product through at least four farm-to-food stages. 6. Explain one risk, loss point or improvement.","Data table plus process sequence, calculation or evidence-based explanation.","Recommend one practical change that could improve quality, handling efficiency or reduce loss.","No tasting unless the school has separately approved a supervised food activity. Wash hands before and after handling produce. Use only clean, teacher-approved samples and containers. Teachers control knives, heat, electrical equipment, chemicals and any processing machinery."
FF-271,Primary 4-6,Crop Rotation Garden,Food Origin,"Investigate food origin in the Crop Rotation Garden using measurable evidence and explain how production decisions affect food quantity, quality or handling.","Journal, labels, ruler/tape, balance where available, clean containers, tally sheet, calculator, handwashing supplies.","Use locally available baskets, clean reused food-grade containers, handmade labels, paper process cards and simple balances/measuring vessels where suitable.","1. Frame a question about food origin. 2. Select samples. 3. Measure or classify evidence. 4. Record quantities and quality observations. 5. Trace the product through at least four farm-to-food stages. 6. Explain one risk, loss point or improvement.","Data table plus process sequence, calculation or evidence-based explanation.","Recommend one practical change that could improve quality, handling efficiency or reduce loss.","No tasting unless the school has separately approved a supervised food activity. Wash hands before and after handling produce. Use only clean, teacher-approved samples and containers. Teachers control knives, heat, electrical equipment, chemicals and any processing machinery."
FF-272,Primary 4-6,Crop Rotation Garden,Harvest Readiness,"Investigate harvest readiness in the Crop Rotation Garden using measurable evidence and explain how production decisions affect food quantity, quality or handling.","Journal, labels, ruler/tape, balance where available, clean containers, tally sheet, calculator, handwashing supplies.","Use locally available baskets, clean reused food-grade containers, handmade labels, paper process cards and simple balances/measuring vessels where suitable.","1. Frame a question about harvest readiness. 2. Select samples. 3. Measure or classify evidence. 4. Record quantities and quality observations. 5. Trace the product through at least four farm-to-food stages. 6. Explain one risk, loss point or improvement.","Data table plus process sequence, calculation or evidence-based explanation.","Recommend one practical change that could improve quality, handling efficiency or reduce loss.","No tasting unless the school has separately approved a supervised food activity. Wash hands before and after handling produce. Use only clean, teacher-approved samples and containers. Teachers control knives, heat, electrical equipment, chemicals and any processing machinery."
FF-273,Primary 4-6,Crop Rotation Garden,Safe Handling,"Investigate safe handling in the Crop Rotation Garden using measurable evidence and explain how production decisions affect food quantity, quality or handling.","Journal, labels, ruler/tape, balance where available, clean containers, tally sheet, calculator, handwashing supplies.","Use locally available baskets, clean reused food-grade containers, handmade labels, paper process cards and simple balances/measuring vessels where suitable.","1. Frame a question about safe handling. 2. Select samples. 3. Measure or classify evidence. 4. Record quantities and quality observations. 5. Trace the product through at least four farm-to-food stages. 6. Explain one risk, loss point or improvement.","Data table plus process sequence, calculation or evidence-based explanation.","Recommend one practical change that could improve quality, handling efficiency or reduce loss.","No tasting unless the school has separately approved a supervised food activity. Wash hands before and after handling produce. Use only clean, teacher-approved samples and containers. Teachers control knives, heat, electrical equipment, chemicals and any processing machinery."
FF-274,Primary 4-6,Crop Rotation Garden,Sorting & Quality,"Investigate sorting & quality in the Crop Rotation Garden using measurable evidence and explain how production decisions affect food quantity, quality or handling.","Journal, labels, ruler/tape, balance where available, clean containers, tally sheet, calculator, handwashing supplies.","Use locally available baskets, clean reused food-grade containers, handmade labels, paper process cards and simple balances/measuring vessels where suitable.","1. Frame a question about sorting & quality. 2. Select samples. 3. Measure or classify evidence. 4. Record quantities and quality observations. 5. Trace the product through at least four farm-to-food stages. 6. Explain one risk, loss point or improvement.","Data table plus process sequence, calculation or evidence-based explanation.","Recommend one practical change that could improve quality, handling efficiency or reduce loss.","No tasting unless the school has separately approved a supervised food activity. Wash hands before and after handling produce. Use only clean, teacher-approved samples and containers. Teachers control knives, heat, electrical equipment, chemicals and any processing machinery."
FF-275,Primary 4-6,Crop Rotation Garden,Farm-to-Food Journey,"Investigate farm-to-food journey in the Crop Rotation Garden using measurable evidence and explain how production decisions affect food quantity, quality or handling.","Journal, labels, ruler/tape, balance where available, clean containers, tally sheet, calculator, handwashing supplies.","Use locally available baskets, clean reused food-grade containers, handmade labels, paper process cards and simple balances/measuring vessels where suitable.","1. Frame a question about farm-to-food journey. 2. Select samples. 3. Measure or classify evidence. 4. Record quantities and quality observations. 5. Trace the product through at least four farm-to-food stages. 6. Explain one risk, loss point or improvement.","Data table plus process sequence, calculation or evidence-based explanation.","Recommend one practical change that could improve quality, handling efficiency or reduce loss.","No tasting unless the school has separately approved a supervised food activity. Wash hands before and after handling produce. Use only clean, teacher-approved samples and containers. Teachers control knives, heat, electrical equipment, chemicals and any processing machinery."
FF-276,Primary 4-6,Crop Rotation Garden,Measurement & Yield,"Investigate measurement & yield in the Crop Rotation Garden using measurable evidence and explain how production decisions affect food quantity, quality or handling.","Journal, labels, ruler/tape, balance where available, clean containers, tally sheet, calculator, handwashing supplies.","Use locally available baskets, clean reused food-grade containers, handmade labels, paper process cards and simple balances/measuring vessels where suitable.","1. Frame a question about measurement & yield. 2. Select samples. 3. Measure or classify evidence. 4. Record quantities and quality observations. 5. Trace the product through at least four farm-to-food stages. 6. Explain one risk, loss point or improvement.","Data table plus process sequence, calculation or evidence-based explanation.","Recommend one practical change that could improve quality, handling efficiency or reduce loss.","No tasting unless the school has separately approved a supervised food activity. Wash hands before and after handling produce. Use only clean, teacher-approved samples and containers. Teachers control knives, heat, electrical equipment, chemicals and any processing machinery."
FF-277,Primary 4-6,Crop Rotation Garden,Storage & Loss,"Investigate storage & loss in the Crop Rotation Garden using measurable evidence and explain how production decisions affect food quantity, quality or handling.","Journal, labels, ruler/tape, balance where available, clean containers, tally sheet, calculator, handwashing supplies.","Use locally available baskets, clean reused food-grade containers, handmade labels, paper process cards and simple balances/measuring vessels where suitable.","1. Frame a question about storage & loss. 2. Select samples. 3. Measure or classify evidence. 4. Record quantities and quality observations. 5. Trace the product through at least four farm-to-food stages. 6. Explain one risk, loss point or improvement.","Data table plus process sequence, calculation or evidence-based explanation.","Recommend one practical change that could improve quality, handling efficiency or reduce loss.","No tasting unless the school has separately approved a supervised food activity. Wash hands before and after handling produce. Use only clean, teacher-approved samples and containers. Teachers control knives, heat, electrical equipment, chemicals and any processing machinery."
FF-278,Primary 4-6,Crop Rotation Garden,Preparation Pathway,"Investigate preparation pathway in the Crop Rotation Garden using measurable evidence and explain how production decisions affect food quantity, quality or handling.","Journal, labels, ruler/tape, balance where available, clean containers, tally sheet, calculator, handwashing supplies.","Use locally available baskets, clean reused food-grade containers, handmade labels, paper process cards and simple balances/measuring vessels where suitable.","1. Frame a question about preparation pathway. 2. Select samples. 3. Measure or classify evidence. 4. Record quantities and quality observations. 5. Trace the product through at least four farm-to-food stages. 6. Explain one risk, loss point or improvement.","Data table plus process sequence, calculation or evidence-based explanation.","Recommend one practical change that could improve quality, handling efficiency or reduce loss.","No tasting unless the school has separately approved a supervised food activity. Wash hands before and after handling produce. Use only clean, teacher-approved samples and containers. Teachers control knives, heat, electrical equipment, chemicals and any processing machinery."
FF-279,Primary 4-6,Crop Rotation Garden,Food Choice & Literacy,"Investigate food choice & literacy in the Crop Rotation Garden using measurable evidence and explain how production decisions affect food quantity, quality or handling.","Journal, labels, ruler/tape, balance where available, clean containers, tally sheet, calculator, handwashing supplies.","Use locally available baskets, clean reused food-grade containers, handmade labels, paper process cards and simple balances/measuring vessels where suitable.","1. Frame a question about food choice & literacy. 2. Select samples. 3. Measure or classify evidence. 4. Record quantities and quality observations. 5. Trace the product through at least four farm-to-food stages. 6. Explain one risk, loss point or improvement.","Data table plus process sequence, calculation or evidence-based explanation.","Recommend one practical change that could improve quality, handling efficiency or reduce loss.","No tasting unless the school has separately approved a supervised food activity. Wash hands before and after handling produce. Use only clean, teacher-approved samples and containers. Teachers control knives, heat, electrical equipment, chemicals and any processing machinery."
FF-280,Primary 4-6,Crop Rotation Garden,Waste-to-Resource,"Investigate waste-to-resource in the Crop Rotation Garden using measurable evidence and explain how production decisions affect food quantity, quality or handling.","Journal, labels, ruler/tape, balance where available, clean containers, tally sheet, calculator, handwashing supplies.","Use locally available baskets, clean reused food-grade containers, handmade labels, paper process cards and simple balances/measuring vessels where suitable.","1. Frame a question about waste-to-resource. 2. Select samples. 3. Measure or classify evidence. 4. Record quantities and quality observations. 5. Trace the product through at least four farm-to-food stages. 6. Explain one risk, loss point or improvement.","Data table plus process sequence, calculation or evidence-based explanation.","Recommend one practical change that could improve quality, handling efficiency or reduce loss.","No tasting unless the school has separately approved a supervised food activity. Wash hands before and after handling produce. Use only clean, teacher-approved samples and containers. Teachers control knives, heat, electrical equipment, chemicals and any processing machinery."
FF-281,Primary 4-6,Water-Smart Garden,Food Origin,"Investigate food origin in the Water-Smart Garden using measurable evidence and explain how production decisions affect food quantity, quality or handling.","Journal, labels, ruler/tape, balance where available, clean containers, tally sheet, calculator, handwashing supplies.","Use locally available baskets, clean reused food-grade containers, handmade labels, paper process cards and simple balances/measuring vessels where suitable.","1. Frame a question about food origin. 2. Select samples. 3. Measure or classify evidence. 4. Record quantities and quality observations. 5. Trace the product through at least four farm-to-food stages. 6. Explain one risk, loss point or improvement.","Data table plus process sequence, calculation or evidence-based explanation.","Recommend one practical change that could improve quality, handling efficiency or reduce loss.","No tasting unless the school has separately approved a supervised food activity. Wash hands before and after handling produce. Use only clean, teacher-approved samples and containers. Teachers control knives, heat, electrical equipment, chemicals and any processing machinery."
FF-282,Primary 4-6,Water-Smart Garden,Harvest Readiness,"Investigate harvest readiness in the Water-Smart Garden using measurable evidence and explain how production decisions affect food quantity, quality or handling.","Journal, labels, ruler/tape, balance where available, clean containers, tally sheet, calculator, handwashing supplies.","Use locally available baskets, clean reused food-grade containers, handmade labels, paper process cards and simple balances/measuring vessels where suitable.","1. Frame a question about harvest readiness. 2. Select samples. 3. Measure or classify evidence. 4. Record quantities and quality observations. 5. Trace the product through at least four farm-to-food stages. 6. Explain one risk, loss point or improvement.","Data table plus process sequence, calculation or evidence-based explanation.","Recommend one practical change that could improve quality, handling efficiency or reduce loss.","No tasting unless the school has separately approved a supervised food activity. Wash hands before and after handling produce. Use only clean, teacher-approved samples and containers. Teachers control knives, heat, electrical equipment, chemicals and any processing machinery."
FF-283,Primary 4-6,Water-Smart Garden,Safe Handling,"Investigate safe handling in the Water-Smart Garden using measurable evidence and explain how production decisions affect food quantity, quality or handling.","Journal, labels, ruler/tape, balance where available, clean containers, tally sheet, calculator, handwashing supplies.","Use locally available baskets, clean reused food-grade containers, handmade labels, paper process cards and simple balances/measuring vessels where suitable.","1. Frame a question about safe handling. 2. Select samples. 3. Measure or classify evidence. 4. Record quantities and quality observations. 5. Trace the product through at least four farm-to-food stages. 6. Explain one risk, loss point or improvement.","Data table plus process sequence, calculation or evidence-based explanation.","Recommend one practical change that could improve quality, handling efficiency or reduce loss.","No tasting unless the school has separately approved a supervised food activity. Wash hands before and after handling produce. Use only clean, teacher-approved samples and containers. Teachers control knives, heat, electrical equipment, chemicals and any processing machinery."
FF-284,Primary 4-6,Water-Smart Garden,Sorting & Quality,"Investigate sorting & quality in the Water-Smart Garden using measurable evidence and explain how production decisions affect food quantity, quality or handling.","Journal, labels, ruler/tape, balance where available, clean containers, tally sheet, calculator, handwashing supplies.","Use locally available baskets, clean reused food-grade containers, handmade labels, paper process cards and simple balances/measuring vessels where suitable.","1. Frame a question about sorting & quality. 2. Select samples. 3. Measure or classify evidence. 4. Record quantities and quality observations. 5. Trace the product through at least four farm-to-food stages. 6. Explain one risk, loss point or improvement.","Data table plus process sequence, calculation or evidence-based explanation.","Recommend one practical change that could improve quality, handling efficiency or reduce loss.","No tasting unless the school has separately approved a supervised food activity. Wash hands before and after handling produce. Use only clean, teacher-approved samples and containers. Teachers control knives, heat, electrical equipment, chemicals and any processing machinery."
FF-285,Primary 4-6,Water-Smart Garden,Farm-to-Food Journey,"Investigate farm-to-food journey in the Water-Smart Garden using measurable evidence and explain how production decisions affect food quantity, quality or handling.","Journal, labels, ruler/tape, balance where available, clean containers, tally sheet, calculator, handwashing supplies.","Use locally available baskets, clean reused food-grade containers, handmade labels, paper process cards and simple balances/measuring vessels where suitable.","1. Frame a question about farm-to-food journey. 2. Select samples. 3. Measure or classify evidence. 4. Record quantities and quality observations. 5. Trace the product through at least four farm-to-food stages. 6. Explain one risk, loss point or improvement.","Data table plus process sequence, calculation or evidence-based explanation.","Recommend one practical change that could improve quality, handling efficiency or reduce loss.","No tasting unless the school has separately approved a supervised food activity. Wash hands before and after handling produce. Use only clean, teacher-approved samples and containers. Teachers control knives, heat, electrical equipment, chemicals and any processing machinery."
FF-286,Primary 4-6,Water-Smart Garden,Measurement & Yield,"Investigate measurement & yield in the Water-Smart Garden using measurable evidence and explain how production decisions affect food quantity, quality or handling.","Journal, labels, ruler/tape, balance where available, clean containers, tally sheet, calculator, handwashing supplies.","Use locally available baskets, clean reused food-grade containers, handmade labels, paper process cards and simple balances/measuring vessels where suitable.","1. Frame a question about measurement & yield. 2. Select samples. 3. Measure or classify evidence. 4. Record quantities and quality observations. 5. Trace the product through at least four farm-to-food stages. 6. Explain one risk, loss point or improvement.","Data table plus process sequence, calculation or evidence-based explanation.","Recommend one practical change that could improve quality, handling efficiency or reduce loss.","No tasting unless the school has separately approved a supervised food activity. Wash hands before and after handling produce. Use only clean, teacher-approved samples and containers. Teachers control knives, heat, electrical equipment, chemicals and any processing machinery."
FF-287,Primary 4-6,Water-Smart Garden,Storage & Loss,"Investigate storage & loss in the Water-Smart Garden using measurable evidence and explain how production decisions affect food quantity, quality or handling.","Journal, labels, ruler/tape, balance where available, clean containers, tally sheet, calculator, handwashing supplies.","Use locally available baskets, clean reused food-grade containers, handmade labels, paper process cards and simple balances/measuring vessels where suitable.","1. Frame a question about storage & loss. 2. Select samples. 3. Measure or classify evidence. 4. Record quantities and quality observations. 5. Trace the product through at least four farm-to-food stages. 6. Explain one risk, loss point or improvement.","Data table plus process sequence, calculation or evidence-based explanation.","Recommend one practical change that could improve quality, handling efficiency or reduce loss.","No tasting unless the school has separately approved a supervised food activity. Wash hands before and after handling produce. Use only clean, teacher-approved samples and containers. Teachers control knives, heat, electrical equipment, chemicals and any processing machinery."
FF-288,Primary 4-6,Water-Smart Garden,Preparation Pathway,"Investigate preparation pathway in the Water-Smart Garden using measurable evidence and explain how production decisions affect food quantity, quality or handling.","Journal, labels, ruler/tape, balance where available, clean containers, tally sheet, calculator, handwashing supplies.","Use locally available baskets, clean reused food-grade containers, handmade labels, paper process cards and simple balances/measuring vessels where suitable.","1. Frame a question about preparation pathway. 2. Select samples. 3. Measure or classify evidence. 4. Record quantities and quality observations. 5. Trace the product through at least four farm-to-food stages. 6. Explain one risk, loss point or improvement.","Data table plus process sequence, calculation or evidence-based explanation.","Recommend one practical change that could improve quality, handling efficiency or reduce loss.","No tasting unless the school has separately approved a supervised food activity. Wash hands before and after handling produce. Use only clean, teacher-approved samples and containers. Teachers control knives, heat, electrical equipment, chemicals and any processing machinery."
FF-289,Primary 4-6,Water-Smart Garden,Food Choice & Literacy,"Investigate food choice & literacy in the Water-Smart Garden using measurable evidence and explain how production decisions affect food quantity, quality or handling.","Journal, labels, ruler/tape, balance where available, clean containers, tally sheet, calculator, handwashing supplies.","Use locally available baskets, clean reused food-grade containers, handmade labels, paper process cards and simple balances/measuring vessels where suitable.","1. Frame a question about food choice & literacy. 2. Select samples. 3. Measure or classify evidence. 4. Record quantities and quality observations. 5. Trace the product through at least four farm-to-food stages. 6. Explain one risk, loss point or improvement.","Data table plus process sequence, calculation or evidence-based explanation.","Recommend one practical change that could improve quality, handling efficiency or reduce loss.","No tasting unless the school has separately approved a supervised food activity. Wash hands before and after handling produce. Use only clean, teacher-approved samples and containers. Teachers control knives, heat, electrical equipment, chemicals and any processing machinery."
FF-290,Primary 4-6,Water-Smart Garden,Waste-to-Resource,"Investigate waste-to-resource in the Water-Smart Garden using measurable evidence and explain how production decisions affect food quantity, quality or handling.","Journal, labels, ruler/tape, balance where available, clean containers, tally sheet, calculator, handwashing supplies.","Use locally available baskets, clean reused food-grade containers, handmade labels, paper process cards and simple balances/measuring vessels where suitable.","1. Frame a question about waste-to-resource. 2. Select samples. 3. Measure or classify evidence. 4. Record quantities and quality observations. 5. Trace the product through at least four farm-to-food stages. 6. Explain one risk, loss point or improvement.","Data table plus process sequence, calculation or evidence-based explanation.","Recommend one practical change that could improve quality, handling efficiency or reduce loss.","No tasting unless the school has separately approved a supervised food activity. Wash hands before and after handling produce. Use only clean, teacher-approved samples and containers. Teachers control knives, heat, electrical equipment, chemicals and any processing machinery."
FF-291,Primary 4-6,Intro Soilless Garden,Food Origin,"Investigate food origin in the Intro Soilless Garden using measurable evidence and explain how production decisions affect food quantity, quality or handling.","Journal, labels, ruler/tape, balance where available, clean containers, tally sheet, calculator, handwashing supplies.","Use locally available baskets, clean reused food-grade containers, handmade labels, paper process cards and simple balances/measuring vessels where suitable.","1. Frame a question about food origin. 2. Select samples. 3. Measure or classify evidence. 4. Record quantities and quality observations. 5. Trace the product through at least four farm-to-food stages. 6. Explain one risk, loss point or improvement.","Data table plus process sequence, calculation or evidence-based explanation.","Recommend one practical change that could improve quality, handling efficiency or reduce loss.","No tasting unless the school has separately approved a supervised food activity. Wash hands before and after handling produce. Use only clean, teacher-approved samples and containers. Teachers control knives, heat, electrical equipment, chemicals and any processing machinery."
FF-292,Primary 4-6,Intro Soilless Garden,Harvest Readiness,"Investigate harvest readiness in the Intro Soilless Garden using measurable evidence and explain how production decisions affect food quantity, quality or handling.","Journal, labels, ruler/tape, balance where available, clean containers, tally sheet, calculator, handwashing supplies.","Use locally available baskets, clean reused food-grade containers, handmade labels, paper process cards and simple balances/measuring vessels where suitable.","1. Frame a question about harvest readiness. 2. Select samples. 3. Measure or classify evidence. 4. Record quantities and quality observations. 5. Trace the product through at least four farm-to-food stages. 6. Explain one risk, loss point or improvement.","Data table plus process sequence, calculation or evidence-based explanation.","Recommend one practical change that could improve quality, handling efficiency or reduce loss.","No tasting unless the school has separately approved a supervised food activity. Wash hands before and after handling produce. Use only clean, teacher-approved samples and containers. Teachers control knives, heat, electrical equipment, chemicals and any processing machinery."
FF-293,Primary 4-6,Intro Soilless Garden,Safe Handling,"Investigate safe handling in the Intro Soilless Garden using measurable evidence and explain how production decisions affect food quantity, quality or handling.","Journal, labels, ruler/tape, balance where available, clean containers, tally sheet, calculator, handwashing supplies.","Use locally available baskets, clean reused food-grade containers, handmade labels, paper process cards and simple balances/measuring vessels where suitable.","1. Frame a question about safe handling. 2. Select samples. 3. Measure or classify evidence. 4. Record quantities and quality observations. 5. Trace the product through at least four farm-to-food stages. 6. Explain one risk, loss point or improvement.","Data table plus process sequence, calculation or evidence-based explanation.","Recommend one practical change that could improve quality, handling efficiency or reduce loss.","No tasting unless the school has separately approved a supervised food activity. Wash hands before and after handling produce. Use only clean, teacher-approved samples and containers. Teachers control knives, heat, electrical equipment, chemicals and any processing machinery."
FF-294,Primary 4-6,Intro Soilless Garden,Sorting & Quality,"Investigate sorting & quality in the Intro Soilless Garden using measurable evidence and explain how production decisions affect food quantity, quality or handling.","Journal, labels, ruler/tape, balance where available, clean containers, tally sheet, calculator, handwashing supplies.","Use locally available baskets, clean reused food-grade containers, handmade labels, paper process cards and simple balances/measuring vessels where suitable.","1. Frame a question about sorting & quality. 2. Select samples. 3. Measure or classify evidence. 4. Record quantities and quality observations. 5. Trace the product through at least four farm-to-food stages. 6. Explain one risk, loss point or improvement.","Data table plus process sequence, calculation or evidence-based explanation.","Recommend one practical change that could improve quality, handling efficiency or reduce loss.","No tasting unless the school has separately approved a supervised food activity. Wash hands before and after handling produce. Use only clean, teacher-approved samples and containers. Teachers control knives, heat, electrical equipment, chemicals and any processing machinery."
FF-295,Primary 4-6,Intro Soilless Garden,Farm-to-Food Journey,"Investigate farm-to-food journey in the Intro Soilless Garden using measurable evidence and explain how production decisions affect food quantity, quality or handling.","Journal, labels, ruler/tape, balance where available, clean containers, tally sheet, calculator, handwashing supplies.","Use locally available baskets, clean reused food-grade containers, handmade labels, paper process cards and simple balances/measuring vessels where suitable.","1. Frame a question about farm-to-food journey. 2. Select samples. 3. Measure or classify evidence. 4. Record quantities and quality observations. 5. Trace the product through at least four farm-to-food stages. 6. Explain one risk, loss point or improvement.","Data table plus process sequence, calculation or evidence-based explanation.","Recommend one practical change that could improve quality, handling efficiency or reduce loss.","No tasting unless the school has separately approved a supervised food activity. Wash hands before and after handling produce. Use only clean, teacher-approved samples and containers. Teachers control knives, heat, electrical equipment, chemicals and any processing machinery."
FF-296,Primary 4-6,Intro Soilless Garden,Measurement & Yield,"Investigate measurement & yield in the Intro Soilless Garden using measurable evidence and explain how production decisions affect food quantity, quality or handling.","Journal, labels, ruler/tape, balance where available, clean containers, tally sheet, calculator, handwashing supplies.","Use locally available baskets, clean reused food-grade containers, handmade labels, paper process cards and simple balances/measuring vessels where suitable.","1. Frame a question about measurement & yield. 2. Select samples. 3. Measure or classify evidence. 4. Record quantities and quality observations. 5. Trace the product through at least four farm-to-food stages. 6. Explain one risk, loss point or improvement.","Data table plus process sequence, calculation or evidence-based explanation.","Recommend one practical change that could improve quality, handling efficiency or reduce loss.","No tasting unless the school has separately approved a supervised food activity. Wash hands before and after handling produce. Use only clean, teacher-approved samples and containers. Teachers control knives, heat, electrical equipment, chemicals and any processing machinery."
FF-297,Primary 4-6,Intro Soilless Garden,Storage & Loss,"Investigate storage & loss in the Intro Soilless Garden using measurable evidence and explain how production decisions affect food quantity, quality or handling.","Journal, labels, ruler/tape, balance where available, clean containers, tally sheet, calculator, handwashing supplies.","Use locally available baskets, clean reused food-grade containers, handmade labels, paper process cards and simple balances/measuring vessels where suitable.","1. Frame a question about storage & loss. 2. Select samples. 3. Measure or classify evidence. 4. Record quantities and quality observations. 5. Trace the product through at least four farm-to-food stages. 6. Explain one risk, loss point or improvement.","Data table plus process sequence, calculation or evidence-based explanation.","Recommend one practical change that could improve quality, handling efficiency or reduce loss.","No tasting unless the school has separately approved a supervised food activity. Wash hands before and after handling produce. Use only clean, teacher-approved samples and containers. Teachers control knives, heat, electrical equipment, chemicals and any processing machinery."
FF-298,Primary 4-6,Intro Soilless Garden,Preparation Pathway,"Investigate preparation pathway in the Intro Soilless Garden using measurable evidence and explain how production decisions affect food quantity, quality or handling.","Journal, labels, ruler/tape, balance where available, clean containers, tally sheet, calculator, handwashing supplies.","Use locally available baskets, clean reused food-grade containers, handmade labels, paper process cards and simple balances/measuring vessels where suitable.","1. Frame a question about preparation pathway. 2. Select samples. 3. Measure or classify evidence. 4. Record quantities and quality observations. 5. Trace the product through at least four farm-to-food stages. 6. Explain one risk, loss point or improvement.","Data table plus process sequence, calculation or evidence-based explanation.","Recommend one practical change that could improve quality, handling efficiency or reduce loss.","No tasting unless the school has separately approved a supervised food activity. Wash hands before and after handling produce. Use only clean, teacher-approved samples and containers. Teachers control knives, heat, electrical equipment, chemicals and any processing machinery."
FF-299,Primary 4-6,Intro Soilless Garden,Food Choice & Literacy,"Investigate food choice & literacy in the Intro Soilless Garden using measurable evidence and explain how production decisions affect food quantity, quality or handling.","Journal, labels, ruler/tape, balance where available, clean containers, tally sheet, calculator, handwashing supplies.","Use locally available baskets, clean reused food-grade containers, handmade labels, paper process cards and simple balances/measuring vessels where suitable.","1. Frame a question about food choice & literacy. 2. Select samples. 3. Measure or classify evidence. 4. Record quantities and quality observations. 5. Trace the product through at least four farm-to-food stages. 6. Explain one risk, loss point or improvement.","Data table plus process sequence, calculation or evidence-based explanation.","Recommend one practical change that could improve quality, handling efficiency or reduce loss.","No tasting unless the school has separately approved a supervised food activity. Wash hands before and after handling produce. Use only clean, teacher-approved samples and containers. Teachers control knives, heat, electrical equipment, chemicals and any processing machinery."
FF-300,Primary 4-6,Intro Soilless Garden,Waste-to-Resource,"Investigate waste-to-resource in the Intro Soilless Garden using measurable evidence and explain how production decisions affect food quantity, quality or handling.","Journal, labels, ruler/tape, balance where available, clean containers, tally sheet, calculator, handwashing supplies.","Use locally available baskets, clean reused food-grade containers, handmade labels, paper process cards and simple balances/measuring vessels where suitable.","1. Frame a question about waste-to-resource. 2. Select samples. 3. Measure or classify evidence. 4. Record quantities and quality observations. 5. Trace the product through at least four farm-to-food stages. 6. Explain one risk, loss point or improvement.","Data table plus process sequence, calculation or evidence-based explanation.","Recommend one practical change that could improve quality, handling efficiency or reduce loss.","No tasting unless the school has separately approved a supervised food activity. Wash hands before and after handling produce. Use only clean, teacher-approved samples and containers. Teachers control knives, heat, electrical equipment, chemicals and any processing machinery."
FF-301,JSS 1-3,Production Garden,Food Origin,"Analyze food origin as a production and post-harvest problem in the Production Garden, quantify relevant evidence and justify a management decision.","Investigation journal, sample IDs, balance/measurement tools where available, clean containers, quality checklist, calculator.","Use locally available baskets, clean reused food-grade containers, handmade labels, paper process cards and simple balances/measuring vessels where suitable.","1. Define the farm-to-food problem. 2. Establish sample and quality criteria. 3. Collect traceable data. 4. Quantify yield, quality class, loss or process performance as appropriate. 5. Identify a critical loss/handling point. 6. Recommend a management response.","Traceable dataset, quality/loss calculation, process map and qualified recommendation.",Define a measurable threshold that would trigger the recommended action.,"No tasting unless the school has separately approved a supervised food activity. Wash hands before and after handling produce. Use only clean, teacher-approved samples and containers. Teachers control knives, heat, electrical equipment, chemicals and any processing machinery."
FF-302,JSS 1-3,Production Garden,Harvest Readiness,"Analyze harvest readiness as a production and post-harvest problem in the Production Garden, quantify relevant evidence and justify a management decision.","Investigation journal, sample IDs, balance/measurement tools where available, clean containers, quality checklist, calculator.","Use locally available baskets, clean reused food-grade containers, handmade labels, paper process cards and simple balances/measuring vessels where suitable.","1. Define the farm-to-food problem. 2. Establish sample and quality criteria. 3. Collect traceable data. 4. Quantify yield, quality class, loss or process performance as appropriate. 5. Identify a critical loss/handling point. 6. Recommend a management response.","Traceable dataset, quality/loss calculation, process map and qualified recommendation.",Define a measurable threshold that would trigger the recommended action.,"No tasting unless the school has separately approved a supervised food activity. Wash hands before and after handling produce. Use only clean, teacher-approved samples and containers. Teachers control knives, heat, electrical equipment, chemicals and any processing machinery."
FF-303,JSS 1-3,Production Garden,Safe Handling,"Analyze safe handling as a production and post-harvest problem in the Production Garden, quantify relevant evidence and justify a management decision.","Investigation journal, sample IDs, balance/measurement tools where available, clean containers, quality checklist, calculator.","Use locally available baskets, clean reused food-grade containers, handmade labels, paper process cards and simple balances/measuring vessels where suitable.","1. Define the farm-to-food problem. 2. Establish sample and quality criteria. 3. Collect traceable data. 4. Quantify yield, quality class, loss or process performance as appropriate. 5. Identify a critical loss/handling point. 6. Recommend a management response.","Traceable dataset, quality/loss calculation, process map and qualified recommendation.",Define a measurable threshold that would trigger the recommended action.,"No tasting unless the school has separately approved a supervised food activity. Wash hands before and after handling produce. Use only clean, teacher-approved samples and containers. Teachers control knives, heat, electrical equipment, chemicals and any processing machinery."
FF-304,JSS 1-3,Production Garden,Sorting & Quality,"Analyze sorting & quality as a production and post-harvest problem in the Production Garden, quantify relevant evidence and justify a management decision.","Investigation journal, sample IDs, balance/measurement tools where available, clean containers, quality checklist, calculator.","Use locally available baskets, clean reused food-grade containers, handmade labels, paper process cards and simple balances/measuring vessels where suitable.","1. Define the farm-to-food problem. 2. Establish sample and quality criteria. 3. Collect traceable data. 4. Quantify yield, quality class, loss or process performance as appropriate. 5. Identify a critical loss/handling point. 6. Recommend a management response.","Traceable dataset, quality/loss calculation, process map and qualified recommendation.",Define a measurable threshold that would trigger the recommended action.,"No tasting unless the school has separately approved a supervised food activity. Wash hands before and after handling produce. Use only clean, teacher-approved samples and containers. Teachers control knives, heat, electrical equipment, chemicals and any processing machinery."
FF-305,JSS 1-3,Production Garden,Farm-to-Food Journey,"Analyze farm-to-food journey as a production and post-harvest problem in the Production Garden, quantify relevant evidence and justify a management decision.","Investigation journal, sample IDs, balance/measurement tools where available, clean containers, quality checklist, calculator.","Use locally available baskets, clean reused food-grade containers, handmade labels, paper process cards and simple balances/measuring vessels where suitable.","1. Define the farm-to-food problem. 2. Establish sample and quality criteria. 3. Collect traceable data. 4. Quantify yield, quality class, loss or process performance as appropriate. 5. Identify a critical loss/handling point. 6. Recommend a management response.","Traceable dataset, quality/loss calculation, process map and qualified recommendation.",Define a measurable threshold that would trigger the recommended action.,"No tasting unless the school has separately approved a supervised food activity. Wash hands before and after handling produce. Use only clean, teacher-approved samples and containers. Teachers control knives, heat, electrical equipment, chemicals and any processing machinery."
FF-306,JSS 1-3,Production Garden,Measurement & Yield,"Analyze measurement & yield as a production and post-harvest problem in the Production Garden, quantify relevant evidence and justify a management decision.","Investigation journal, sample IDs, balance/measurement tools where available, clean containers, quality checklist, calculator.","Use locally available baskets, clean reused food-grade containers, handmade labels, paper process cards and simple balances/measuring vessels where suitable.","1. Define the farm-to-food problem. 2. Establish sample and quality criteria. 3. Collect traceable data. 4. Quantify yield, quality class, loss or process performance as appropriate. 5. Identify a critical loss/handling point. 6. Recommend a management response.","Traceable dataset, quality/loss calculation, process map and qualified recommendation.",Define a measurable threshold that would trigger the recommended action.,"No tasting unless the school has separately approved a supervised food activity. Wash hands before and after handling produce. Use only clean, teacher-approved samples and containers. Teachers control knives, heat, electrical equipment, chemicals and any processing machinery."
FF-307,JSS 1-3,Production Garden,Storage & Loss,"Analyze storage & loss as a production and post-harvest problem in the Production Garden, quantify relevant evidence and justify a management decision.","Investigation journal, sample IDs, balance/measurement tools where available, clean containers, quality checklist, calculator.","Use locally available baskets, clean reused food-grade containers, handmade labels, paper process cards and simple balances/measuring vessels where suitable.","1. Define the farm-to-food problem. 2. Establish sample and quality criteria. 3. Collect traceable data. 4. Quantify yield, quality class, loss or process performance as appropriate. 5. Identify a critical loss/handling point. 6. Recommend a management response.","Traceable dataset, quality/loss calculation, process map and qualified recommendation.",Define a measurable threshold that would trigger the recommended action.,"No tasting unless the school has separately approved a supervised food activity. Wash hands before and after handling produce. Use only clean, teacher-approved samples and containers. Teachers control knives, heat, electrical equipment, chemicals and any processing machinery."
FF-308,JSS 1-3,Production Garden,Preparation Pathway,"Analyze preparation pathway as a production and post-harvest problem in the Production Garden, quantify relevant evidence and justify a management decision.","Investigation journal, sample IDs, balance/measurement tools where available, clean containers, quality checklist, calculator.","Use locally available baskets, clean reused food-grade containers, handmade labels, paper process cards and simple balances/measuring vessels where suitable.","1. Define the farm-to-food problem. 2. Establish sample and quality criteria. 3. Collect traceable data. 4. Quantify yield, quality class, loss or process performance as appropriate. 5. Identify a critical loss/handling point. 6. Recommend a management response.","Traceable dataset, quality/loss calculation, process map and qualified recommendation.",Define a measurable threshold that would trigger the recommended action.,"No tasting unless the school has separately approved a supervised food activity. Wash hands before and after handling produce. Use only clean, teacher-approved samples and containers. Teachers control knives, heat, electrical equipment, chemicals and any processing machinery."
FF-309,JSS 1-3,Production Garden,Food Choice & Literacy,"Analyze food choice & literacy as a production and post-harvest problem in the Production Garden, quantify relevant evidence and justify a management decision.","Investigation journal, sample IDs, balance/measurement tools where available, clean containers, quality checklist, calculator.","Use locally available baskets, clean reused food-grade containers, handmade labels, paper process cards and simple balances/measuring vessels where suitable.","1. Define the farm-to-food problem. 2. Establish sample and quality criteria. 3. Collect traceable data. 4. Quantify yield, quality class, loss or process performance as appropriate. 5. Identify a critical loss/handling point. 6. Recommend a management response.","Traceable dataset, quality/loss calculation, process map and qualified recommendation.",Define a measurable threshold that would trigger the recommended action.,"No tasting unless the school has separately approved a supervised food activity. Wash hands before and after handling produce. Use only clean, teacher-approved samples and containers. Teachers control knives, heat, electrical equipment, chemicals and any processing machinery."
FF-310,JSS 1-3,Production Garden,Waste-to-Resource,"Analyze waste-to-resource as a production and post-harvest problem in the Production Garden, quantify relevant evidence and justify a management decision.","Investigation journal, sample IDs, balance/measurement tools where available, clean containers, quality checklist, calculator.","Use locally available baskets, clean reused food-grade containers, handmade labels, paper process cards and simple balances/measuring vessels where suitable.","1. Define the farm-to-food problem. 2. Establish sample and quality criteria. 3. Collect traceable data. 4. Quantify yield, quality class, loss or process performance as appropriate. 5. Identify a critical loss/handling point. 6. Recommend a management response.","Traceable dataset, quality/loss calculation, process map and qualified recommendation.",Define a measurable threshold that would trigger the recommended action.,"No tasting unless the school has separately approved a supervised food activity. Wash hands before and after handling produce. Use only clean, teacher-approved samples and containers. Teachers control knives, heat, electrical equipment, chemicals and any processing machinery."
FF-311,JSS 1-3,Raised Systems Garden,Food Origin,"Analyze food origin as a production and post-harvest problem in the Raised Systems Garden, quantify relevant evidence and justify a management decision.","Investigation journal, sample IDs, balance/measurement tools where available, clean containers, quality checklist, calculator.","Use locally available baskets, clean reused food-grade containers, handmade labels, paper process cards and simple balances/measuring vessels where suitable.","1. Define the farm-to-food problem. 2. Establish sample and quality criteria. 3. Collect traceable data. 4. Quantify yield, quality class, loss or process performance as appropriate. 5. Identify a critical loss/handling point. 6. Recommend a management response.","Traceable dataset, quality/loss calculation, process map and qualified recommendation.",Define a measurable threshold that would trigger the recommended action.,"No tasting unless the school has separately approved a supervised food activity. Wash hands before and after handling produce. Use only clean, teacher-approved samples and containers. Teachers control knives, heat, electrical equipment, chemicals and any processing machinery."
FF-312,JSS 1-3,Raised Systems Garden,Harvest Readiness,"Analyze harvest readiness as a production and post-harvest problem in the Raised Systems Garden, quantify relevant evidence and justify a management decision.","Investigation journal, sample IDs, balance/measurement tools where available, clean containers, quality checklist, calculator.","Use locally available baskets, clean reused food-grade containers, handmade labels, paper process cards and simple balances/measuring vessels where suitable.","1. Define the farm-to-food problem. 2. Establish sample and quality criteria. 3. Collect traceable data. 4. Quantify yield, quality class, loss or process performance as appropriate. 5. Identify a critical loss/handling point. 6. Recommend a management response.","Traceable dataset, quality/loss calculation, process map and qualified recommendation.",Define a measurable threshold that would trigger the recommended action.,"No tasting unless the school has separately approved a supervised food activity. Wash hands before and after handling produce. Use only clean, teacher-approved samples and containers. Teachers control knives, heat, electrical equipment, chemicals and any processing machinery."
FF-313,JSS 1-3,Raised Systems Garden,Safe Handling,"Analyze safe handling as a production and post-harvest problem in the Raised Systems Garden, quantify relevant evidence and justify a management decision.","Investigation journal, sample IDs, balance/measurement tools where available, clean containers, quality checklist, calculator.","Use locally available baskets, clean reused food-grade containers, handmade labels, paper process cards and simple balances/measuring vessels where suitable.","1. Define the farm-to-food problem. 2. Establish sample and quality criteria. 3. Collect traceable data. 4. Quantify yield, quality class, loss or process performance as appropriate. 5. Identify a critical loss/handling point. 6. Recommend a management response.","Traceable dataset, quality/loss calculation, process map and qualified recommendation.",Define a measurable threshold that would trigger the recommended action.,"No tasting unless the school has separately approved a supervised food activity. Wash hands before and after handling produce. Use only clean, teacher-approved samples and containers. Teachers control knives, heat, electrical equipment, chemicals and any processing machinery."
FF-314,JSS 1-3,Raised Systems Garden,Sorting & Quality,"Analyze sorting & quality as a production and post-harvest problem in the Raised Systems Garden, quantify relevant evidence and justify a management decision.","Investigation journal, sample IDs, balance/measurement tools where available, clean containers, quality checklist, calculator.","Use locally available baskets, clean reused food-grade containers, handmade labels, paper process cards and simple balances/measuring vessels where suitable.","1. Define the farm-to-food problem. 2. Establish sample and quality criteria. 3. Collect traceable data. 4. Quantify yield, quality class, loss or process performance as appropriate. 5. Identify a critical loss/handling point. 6. Recommend a management response.","Traceable dataset, quality/loss calculation, process map and qualified recommendation.",Define a measurable threshold that would trigger the recommended action.,"No tasting unless the school has separately approved a supervised food activity. Wash hands before and after handling produce. Use only clean, teacher-approved samples and containers. Teachers control knives, heat, electrical equipment, chemicals and any processing machinery."
FF-315,JSS 1-3,Raised Systems Garden,Farm-to-Food Journey,"Analyze farm-to-food journey as a production and post-harvest problem in the Raised Systems Garden, quantify relevant evidence and justify a management decision.","Investigation journal, sample IDs, balance/measurement tools where available, clean containers, quality checklist, calculator.","Use locally available baskets, clean reused food-grade containers, handmade labels, paper process cards and simple balances/measuring vessels where suitable.","1. Define the farm-to-food problem. 2. Establish sample and quality criteria. 3. Collect traceable data. 4. Quantify yield, quality class, loss or process performance as appropriate. 5. Identify a critical loss/handling point. 6. Recommend a management response.","Traceable dataset, quality/loss calculation, process map and qualified recommendation.",Define a measurable threshold that would trigger the recommended action.,"No tasting unless the school has separately approved a supervised food activity. Wash hands before and after handling produce. Use only clean, teacher-approved samples and containers. Teachers control knives, heat, electrical equipment, chemicals and any processing machinery."
FF-316,JSS 1-3,Raised Systems Garden,Measurement & Yield,"Analyze measurement & yield as a production and post-harvest problem in the Raised Systems Garden, quantify relevant evidence and justify a management decision.","Investigation journal, sample IDs, balance/measurement tools where available, clean containers, quality checklist, calculator.","Use locally available baskets, clean reused food-grade containers, handmade labels, paper process cards and simple balances/measuring vessels where suitable.","1. Define the farm-to-food problem. 2. Establish sample and quality criteria. 3. Collect traceable data. 4. Quantify yield, quality class, loss or process performance as appropriate. 5. Identify a critical loss/handling point. 6. Recommend a management response.","Traceable dataset, quality/loss calculation, process map and qualified recommendation.",Define a measurable threshold that would trigger the recommended action.,"No tasting unless the school has separately approved a supervised food activity. Wash hands before and after handling produce. Use only clean, teacher-approved samples and containers. Teachers control knives, heat, electrical equipment, chemicals and any processing machinery."
FF-317,JSS 1-3,Raised Systems Garden,Storage & Loss,"Analyze storage & loss as a production and post-harvest problem in the Raised Systems Garden, quantify relevant evidence and justify a management decision.","Investigation journal, sample IDs, balance/measurement tools where available, clean containers, quality checklist, calculator.","Use locally available baskets, clean reused food-grade containers, handmade labels, paper process cards and simple balances/measuring vessels where suitable.","1. Define the farm-to-food problem. 2. Establish sample and quality criteria. 3. Collect traceable data. 4. Quantify yield, quality class, loss or process performance as appropriate. 5. Identify a critical loss/handling point. 6. Recommend a management response.","Traceable dataset, quality/loss calculation, process map and qualified recommendation.",Define a measurable threshold that would trigger the recommended action.,"No tasting unless the school has separately approved a supervised food activity. Wash hands before and after handling produce. Use only clean, teacher-approved samples and containers. Teachers control knives, heat, electrical equipment, chemicals and any processing machinery."
FF-318,JSS 1-3,Raised Systems Garden,Preparation Pathway,"Analyze preparation pathway as a production and post-harvest problem in the Raised Systems Garden, quantify relevant evidence and justify a management decision.","Investigation journal, sample IDs, balance/measurement tools where available, clean containers, quality checklist, calculator.","Use locally available baskets, clean reused food-grade containers, handmade labels, paper process cards and simple balances/measuring vessels where suitable.","1. Define the farm-to-food problem. 2. Establish sample and quality criteria. 3. Collect traceable data. 4. Quantify yield, quality class, loss or process performance as appropriate. 5. Identify a critical loss/handling point. 6. Recommend a management response.","Traceable dataset, quality/loss calculation, process map and qualified recommendation.",Define a measurable threshold that would trigger the recommended action.,"No tasting unless the school has separately approved a supervised food activity. Wash hands before and after handling produce. Use only clean, teacher-approved samples and containers. Teachers control knives, heat, electrical equipment, chemicals and any processing machinery."
FF-319,JSS 1-3,Raised Systems Garden,Food Choice & Literacy,"Analyze food choice & literacy as a production and post-harvest problem in the Raised Systems Garden, quantify relevant evidence and justify a management decision.","Investigation journal, sample IDs, balance/measurement tools where available, clean containers, quality checklist, calculator.","Use locally available baskets, clean reused food-grade containers, handmade labels, paper process cards and simple balances/measuring vessels where suitable.","1. Define the farm-to-food problem. 2. Establish sample and quality criteria. 3. Collect traceable data. 4. Quantify yield, quality class, loss or process performance as appropriate. 5. Identify a critical loss/handling point. 6. Recommend a management response.","Traceable dataset, quality/loss calculation, process map and qualified recommendation.",Define a measurable threshold that would trigger the recommended action.,"No tasting unless the school has separately approved a supervised food activity. Wash hands before and after handling produce. Use only clean, teacher-approved samples and containers. Teachers control knives, heat, electrical equipment, chemicals and any processing machinery."
FF-320,JSS 1-3,Raised Systems Garden,Waste-to-Resource,"Analyze waste-to-resource as a production and post-harvest problem in the Raised Systems Garden, quantify relevant evidence and justify a management decision.","Investigation journal, sample IDs, balance/measurement tools where available, clean containers, quality checklist, calculator.","Use locally available baskets, clean reused food-grade containers, handmade labels, paper process cards and simple balances/measuring vessels where suitable.","1. Define the farm-to-food problem. 2. Establish sample and quality criteria. 3. Collect traceable data. 4. Quantify yield, quality class, loss or process performance as appropriate. 5. Identify a critical loss/handling point. 6. Recommend a management response.","Traceable dataset, quality/loss calculation, process map and qualified recommendation.",Define a measurable threshold that would trigger the recommended action.,"No tasting unless the school has separately approved a supervised food activity. Wash hands before and after handling produce. Use only clean, teacher-approved samples and containers. Teachers control knives, heat, electrical equipment, chemicals and any processing machinery."
FF-321,JSS 1-3,Grid Experiment Garden,Food Origin,"Analyze food origin as a production and post-harvest problem in the Grid Experiment Garden, quantify relevant evidence and justify a management decision.","Investigation journal, sample IDs, balance/measurement tools where available, clean containers, quality checklist, calculator.","Use locally available baskets, clean reused food-grade containers, handmade labels, paper process cards and simple balances/measuring vessels where suitable.","1. Define the farm-to-food problem. 2. Establish sample and quality criteria. 3. Collect traceable data. 4. Quantify yield, quality class, loss or process performance as appropriate. 5. Identify a critical loss/handling point. 6. Recommend a management response.","Traceable dataset, quality/loss calculation, process map and qualified recommendation.",Define a measurable threshold that would trigger the recommended action.,"No tasting unless the school has separately approved a supervised food activity. Wash hands before and after handling produce. Use only clean, teacher-approved samples and containers. Teachers control knives, heat, electrical equipment, chemicals and any processing machinery."
FF-322,JSS 1-3,Grid Experiment Garden,Harvest Readiness,"Analyze harvest readiness as a production and post-harvest problem in the Grid Experiment Garden, quantify relevant evidence and justify a management decision.","Investigation journal, sample IDs, balance/measurement tools where available, clean containers, quality checklist, calculator.","Use locally available baskets, clean reused food-grade containers, handmade labels, paper process cards and simple balances/measuring vessels where suitable.","1. Define the farm-to-food problem. 2. Establish sample and quality criteria. 3. Collect traceable data. 4. Quantify yield, quality class, loss or process performance as appropriate. 5. Identify a critical loss/handling point. 6. Recommend a management response.","Traceable dataset, quality/loss calculation, process map and qualified recommendation.",Define a measurable threshold that would trigger the recommended action.,"No tasting unless the school has separately approved a supervised food activity. Wash hands before and after handling produce. Use only clean, teacher-approved samples and containers. Teachers control knives, heat, electrical equipment, chemicals and any processing machinery."
FF-323,JSS 1-3,Grid Experiment Garden,Safe Handling,"Analyze safe handling as a production and post-harvest problem in the Grid Experiment Garden, quantify relevant evidence and justify a management decision.","Investigation journal, sample IDs, balance/measurement tools where available, clean containers, quality checklist, calculator.","Use locally available baskets, clean reused food-grade containers, handmade labels, paper process cards and simple balances/measuring vessels where suitable.","1. Define the farm-to-food problem. 2. Establish sample and quality criteria. 3. Collect traceable data. 4. Quantify yield, quality class, loss or process performance as appropriate. 5. Identify a critical loss/handling point. 6. Recommend a management response.","Traceable dataset, quality/loss calculation, process map and qualified recommendation.",Define a measurable threshold that would trigger the recommended action.,"No tasting unless the school has separately approved a supervised food activity. Wash hands before and after handling produce. Use only clean, teacher-approved samples and containers. Teachers control knives, heat, electrical equipment, chemicals and any processing machinery."
FF-324,JSS 1-3,Grid Experiment Garden,Sorting & Quality,"Analyze sorting & quality as a production and post-harvest problem in the Grid Experiment Garden, quantify relevant evidence and justify a management decision.","Investigation journal, sample IDs, balance/measurement tools where available, clean containers, quality checklist, calculator.","Use locally available baskets, clean reused food-grade containers, handmade labels, paper process cards and simple balances/measuring vessels where suitable.","1. Define the farm-to-food problem. 2. Establish sample and quality criteria. 3. Collect traceable data. 4. Quantify yield, quality class, loss or process performance as appropriate. 5. Identify a critical loss/handling point. 6. Recommend a management response.","Traceable dataset, quality/loss calculation, process map and qualified recommendation.",Define a measurable threshold that would trigger the recommended action.,"No tasting unless the school has separately approved a supervised food activity. Wash hands before and after handling produce. Use only clean, teacher-approved samples and containers. Teachers control knives, heat, electrical equipment, chemicals and any processing machinery."
FF-325,JSS 1-3,Grid Experiment Garden,Farm-to-Food Journey,"Analyze farm-to-food journey as a production and post-harvest problem in the Grid Experiment Garden, quantify relevant evidence and justify a management decision.","Investigation journal, sample IDs, balance/measurement tools where available, clean containers, quality checklist, calculator.","Use locally available baskets, clean reused food-grade containers, handmade labels, paper process cards and simple balances/measuring vessels where suitable.","1. Define the farm-to-food problem. 2. Establish sample and quality criteria. 3. Collect traceable data. 4. Quantify yield, quality class, loss or process performance as appropriate. 5. Identify a critical loss/handling point. 6. Recommend a management response.","Traceable dataset, quality/loss calculation, process map and qualified recommendation.",Define a measurable threshold that would trigger the recommended action.,"No tasting unless the school has separately approved a supervised food activity. Wash hands before and after handling produce. Use only clean, teacher-approved samples and containers. Teachers control knives, heat, electrical equipment, chemicals and any processing machinery."
FF-326,JSS 1-3,Grid Experiment Garden,Measurement & Yield,"Analyze measurement & yield as a production and post-harvest problem in the Grid Experiment Garden, quantify relevant evidence and justify a management decision.","Investigation journal, sample IDs, balance/measurement tools where available, clean containers, quality checklist, calculator.","Use locally available baskets, clean reused food-grade containers, handmade labels, paper process cards and simple balances/measuring vessels where suitable.","1. Define the farm-to-food problem. 2. Establish sample and quality criteria. 3. Collect traceable data. 4. Quantify yield, quality class, loss or process performance as appropriate. 5. Identify a critical loss/handling point. 6. Recommend a management response.","Traceable dataset, quality/loss calculation, process map and qualified recommendation.",Define a measurable threshold that would trigger the recommended action.,"No tasting unless the school has separately approved a supervised food activity. Wash hands before and after handling produce. Use only clean, teacher-approved samples and containers. Teachers control knives, heat, electrical equipment, chemicals and any processing machinery."
FF-327,JSS 1-3,Grid Experiment Garden,Storage & Loss,"Analyze storage & loss as a production and post-harvest problem in the Grid Experiment Garden, quantify relevant evidence and justify a management decision.","Investigation journal, sample IDs, balance/measurement tools where available, clean containers, quality checklist, calculator.","Use locally available baskets, clean reused food-grade containers, handmade labels, paper process cards and simple balances/measuring vessels where suitable.","1. Define the farm-to-food problem. 2. Establish sample and quality criteria. 3. Collect traceable data. 4. Quantify yield, quality class, loss or process performance as appropriate. 5. Identify a critical loss/handling point. 6. Recommend a management response.","Traceable dataset, quality/loss calculation, process map and qualified recommendation.",Define a measurable threshold that would trigger the recommended action.,"No tasting unless the school has separately approved a supervised food activity. Wash hands before and after handling produce. Use only clean, teacher-approved samples and containers. Teachers control knives, heat, electrical equipment, chemicals and any processing machinery."
FF-328,JSS 1-3,Grid Experiment Garden,Preparation Pathway,"Analyze preparation pathway as a production and post-harvest problem in the Grid Experiment Garden, quantify relevant evidence and justify a management decision.","Investigation journal, sample IDs, balance/measurement tools where available, clean containers, quality checklist, calculator.","Use locally available baskets, clean reused food-grade containers, handmade labels, paper process cards and simple balances/measuring vessels where suitable.","1. Define the farm-to-food problem. 2. Establish sample and quality criteria. 3. Collect traceable data. 4. Quantify yield, quality class, loss or process performance as appropriate. 5. Identify a critical loss/handling point. 6. Recommend a management response.","Traceable dataset, quality/loss calculation, process map and qualified recommendation.",Define a measurable threshold that would trigger the recommended action.,"No tasting unless the school has separately approved a supervised food activity. Wash hands before and after handling produce. Use only clean, teacher-approved samples and containers. Teachers control knives, heat, electrical equipment, chemicals and any processing machinery."
FF-329,JSS 1-3,Grid Experiment Garden,Food Choice & Literacy,"Analyze food choice & literacy as a production and post-harvest problem in the Grid Experiment Garden, quantify relevant evidence and justify a management decision.","Investigation journal, sample IDs, balance/measurement tools where available, clean containers, quality checklist, calculator.","Use locally available baskets, clean reused food-grade containers, handmade labels, paper process cards and simple balances/measuring vessels where suitable.","1. Define the farm-to-food problem. 2. Establish sample and quality criteria. 3. Collect traceable data. 4. Quantify yield, quality class, loss or process performance as appropriate. 5. Identify a critical loss/handling point. 6. Recommend a management response.","Traceable dataset, quality/loss calculation, process map and qualified recommendation.",Define a measurable threshold that would trigger the recommended action.,"No tasting unless the school has separately approved a supervised food activity. Wash hands before and after handling produce. Use only clean, teacher-approved samples and containers. Teachers control knives, heat, electrical equipment, chemicals and any processing machinery."
FF-330,JSS 1-3,Grid Experiment Garden,Waste-to-Resource,"Analyze waste-to-resource as a production and post-harvest problem in the Grid Experiment Garden, quantify relevant evidence and justify a management decision.","Investigation journal, sample IDs, balance/measurement tools where available, clean containers, quality checklist, calculator.","Use locally available baskets, clean reused food-grade containers, handmade labels, paper process cards and simple balances/measuring vessels where suitable.","1. Define the farm-to-food problem. 2. Establish sample and quality criteria. 3. Collect traceable data. 4. Quantify yield, quality class, loss or process performance as appropriate. 5. Identify a critical loss/handling point. 6. Recommend a management response.","Traceable dataset, quality/loss calculation, process map and qualified recommendation.",Define a measurable threshold that would trigger the recommended action.,"No tasting unless the school has separately approved a supervised food activity. Wash hands before and after handling produce. Use only clean, teacher-approved samples and containers. Teachers control knives, heat, electrical equipment, chemicals and any processing machinery."
FF-331,JSS 1-3,Crop Rotation Garden,Food Origin,"Analyze food origin as a production and post-harvest problem in the Crop Rotation Garden, quantify relevant evidence and justify a management decision.","Investigation journal, sample IDs, balance/measurement tools where available, clean containers, quality checklist, calculator.","Use locally available baskets, clean reused food-grade containers, handmade labels, paper process cards and simple balances/measuring vessels where suitable.","1. Define the farm-to-food problem. 2. Establish sample and quality criteria. 3. Collect traceable data. 4. Quantify yield, quality class, loss or process performance as appropriate. 5. Identify a critical loss/handling point. 6. Recommend a management response.","Traceable dataset, quality/loss calculation, process map and qualified recommendation.",Define a measurable threshold that would trigger the recommended action.,"No tasting unless the school has separately approved a supervised food activity. Wash hands before and after handling produce. Use only clean, teacher-approved samples and containers. Teachers control knives, heat, electrical equipment, chemicals and any processing machinery."
FF-332,JSS 1-3,Crop Rotation Garden,Harvest Readiness,"Analyze harvest readiness as a production and post-harvest problem in the Crop Rotation Garden, quantify relevant evidence and justify a management decision.","Investigation journal, sample IDs, balance/measurement tools where available, clean containers, quality checklist, calculator.","Use locally available baskets, clean reused food-grade containers, handmade labels, paper process cards and simple balances/measuring vessels where suitable.","1. Define the farm-to-food problem. 2. Establish sample and quality criteria. 3. Collect traceable data. 4. Quantify yield, quality class, loss or process performance as appropriate. 5. Identify a critical loss/handling point. 6. Recommend a management response.","Traceable dataset, quality/loss calculation, process map and qualified recommendation.",Define a measurable threshold that would trigger the recommended action.,"No tasting unless the school has separately approved a supervised food activity. Wash hands before and after handling produce. Use only clean, teacher-approved samples and containers. Teachers control knives, heat, electrical equipment, chemicals and any processing machinery."
FF-333,JSS 1-3,Crop Rotation Garden,Safe Handling,"Analyze safe handling as a production and post-harvest problem in the Crop Rotation Garden, quantify relevant evidence and justify a management decision.","Investigation journal, sample IDs, balance/measurement tools where available, clean containers, quality checklist, calculator.","Use locally available baskets, clean reused food-grade containers, handmade labels, paper process cards and simple balances/measuring vessels where suitable.","1. Define the farm-to-food problem. 2. Establish sample and quality criteria. 3. Collect traceable data. 4. Quantify yield, quality class, loss or process performance as appropriate. 5. Identify a critical loss/handling point. 6. Recommend a management response.","Traceable dataset, quality/loss calculation, process map and qualified recommendation.",Define a measurable threshold that would trigger the recommended action.,"No tasting unless the school has separately approved a supervised food activity. Wash hands before and after handling produce. Use only clean, teacher-approved samples and containers. Teachers control knives, heat, electrical equipment, chemicals and any processing machinery."
FF-334,JSS 1-3,Crop Rotation Garden,Sorting & Quality,"Analyze sorting & quality as a production and post-harvest problem in the Crop Rotation Garden, quantify relevant evidence and justify a management decision.","Investigation journal, sample IDs, balance/measurement tools where available, clean containers, quality checklist, calculator.","Use locally available baskets, clean reused food-grade containers, handmade labels, paper process cards and simple balances/measuring vessels where suitable.","1. Define the farm-to-food problem. 2. Establish sample and quality criteria. 3. Collect traceable data. 4. Quantify yield, quality class, loss or process performance as appropriate. 5. Identify a critical loss/handling point. 6. Recommend a management response.","Traceable dataset, quality/loss calculation, process map and qualified recommendation.",Define a measurable threshold that would trigger the recommended action.,"No tasting unless the school has separately approved a supervised food activity. Wash hands before and after handling produce. Use only clean, teacher-approved samples and containers. Teachers control knives, heat, electrical equipment, chemicals and any processing machinery."
FF-335,JSS 1-3,Crop Rotation Garden,Farm-to-Food Journey,"Analyze farm-to-food journey as a production and post-harvest problem in the Crop Rotation Garden, quantify relevant evidence and justify a management decision.","Investigation journal, sample IDs, balance/measurement tools where available, clean containers, quality checklist, calculator.","Use locally available baskets, clean reused food-grade containers, handmade labels, paper process cards and simple balances/measuring vessels where suitable.","1. Define the farm-to-food problem. 2. Establish sample and quality criteria. 3. Collect traceable data. 4. Quantify yield, quality class, loss or process performance as appropriate. 5. Identify a critical loss/handling point. 6. Recommend a management response.","Traceable dataset, quality/loss calculation, process map and qualified recommendation.",Define a measurable threshold that would trigger the recommended action.,"No tasting unless the school has separately approved a supervised food activity. Wash hands before and after handling produce. Use only clean, teacher-approved samples and containers. Teachers control knives, heat, electrical equipment, chemicals and any processing machinery."
FF-336,JSS 1-3,Crop Rotation Garden,Measurement & Yield,"Analyze measurement & yield as a production and post-harvest problem in the Crop Rotation Garden, quantify relevant evidence and justify a management decision.","Investigation journal, sample IDs, balance/measurement tools where available, clean containers, quality checklist, calculator.","Use locally available baskets, clean reused food-grade containers, handmade labels, paper process cards and simple balances/measuring vessels where suitable.","1. Define the farm-to-food problem. 2. Establish sample and quality criteria. 3. Collect traceable data. 4. Quantify yield, quality class, loss or process performance as appropriate. 5. Identify a critical loss/handling point. 6. Recommend a management response.","Traceable dataset, quality/loss calculation, process map and qualified recommendation.",Define a measurable threshold that would trigger the recommended action.,"No tasting unless the school has separately approved a supervised food activity. Wash hands before and after handling produce. Use only clean, teacher-approved samples and containers. Teachers control knives, heat, electrical equipment, chemicals and any processing machinery."
FF-337,JSS 1-3,Crop Rotation Garden,Storage & Loss,"Analyze storage & loss as a production and post-harvest problem in the Crop Rotation Garden, quantify relevant evidence and justify a management decision.","Investigation journal, sample IDs, balance/measurement tools where available, clean containers, quality checklist, calculator.","Use locally available baskets, clean reused food-grade containers, handmade labels, paper process cards and simple balances/measuring vessels where suitable.","1. Define the farm-to-food problem. 2. Establish sample and quality criteria. 3. Collect traceable data. 4. Quantify yield, quality class, loss or process performance as appropriate. 5. Identify a critical loss/handling point. 6. Recommend a management response.","Traceable dataset, quality/loss calculation, process map and qualified recommendation.",Define a measurable threshold that would trigger the recommended action.,"No tasting unless the school has separately approved a supervised food activity. Wash hands before and after handling produce. Use only clean, teacher-approved samples and containers. Teachers control knives, heat, electrical equipment, chemicals and any processing machinery."
FF-338,JSS 1-3,Crop Rotation Garden,Preparation Pathway,"Analyze preparation pathway as a production and post-harvest problem in the Crop Rotation Garden, quantify relevant evidence and justify a management decision.","Investigation journal, sample IDs, balance/measurement tools where available, clean containers, quality checklist, calculator.","Use locally available baskets, clean reused food-grade containers, handmade labels, paper process cards and simple balances/measuring vessels where suitable.","1. Define the farm-to-food problem. 2. Establish sample and quality criteria. 3. Collect traceable data. 4. Quantify yield, quality class, loss or process performance as appropriate. 5. Identify a critical loss/handling point. 6. Recommend a management response.","Traceable dataset, quality/loss calculation, process map and qualified recommendation.",Define a measurable threshold that would trigger the recommended action.,"No tasting unless the school has separately approved a supervised food activity. Wash hands before and after handling produce. Use only clean, teacher-approved samples and containers. Teachers control knives, heat, electrical equipment, chemicals and any processing machinery."
FF-339,JSS 1-3,Crop Rotation Garden,Food Choice & Literacy,"Analyze food choice & literacy as a production and post-harvest problem in the Crop Rotation Garden, quantify relevant evidence and justify a management decision.","Investigation journal, sample IDs, balance/measurement tools where available, clean containers, quality checklist, calculator.","Use locally available baskets, clean reused food-grade containers, handmade labels, paper process cards and simple balances/measuring vessels where suitable.","1. Define the farm-to-food problem. 2. Establish sample and quality criteria. 3. Collect traceable data. 4. Quantify yield, quality class, loss or process performance as appropriate. 5. Identify a critical loss/handling point. 6. Recommend a management response.","Traceable dataset, quality/loss calculation, process map and qualified recommendation.",Define a measurable threshold that would trigger the recommended action.,"No tasting unless the school has separately approved a supervised food activity. Wash hands before and after handling produce. Use only clean, teacher-approved samples and containers. Teachers control knives, heat, electrical equipment, chemicals and any processing machinery."
FF-340,JSS 1-3,Crop Rotation Garden,Waste-to-Resource,"Analyze waste-to-resource as a production and post-harvest problem in the Crop Rotation Garden, quantify relevant evidence and justify a management decision.","Investigation journal, sample IDs, balance/measurement tools where available, clean containers, quality checklist, calculator.","Use locally available baskets, clean reused food-grade containers, handmade labels, paper process cards and simple balances/measuring vessels where suitable.","1. Define the farm-to-food problem. 2. Establish sample and quality criteria. 3. Collect traceable data. 4. Quantify yield, quality class, loss or process performance as appropriate. 5. Identify a critical loss/handling point. 6. Recommend a management response.","Traceable dataset, quality/loss calculation, process map and qualified recommendation.",Define a measurable threshold that would trigger the recommended action.,"No tasting unless the school has separately approved a supervised food activity. Wash hands before and after handling produce. Use only clean, teacher-approved samples and containers. Teachers control knives, heat, electrical equipment, chemicals and any processing machinery."
FF-341,JSS 1-3,Intercropping Garden,Food Origin,"Analyze food origin as a production and post-harvest problem in the Intercropping Garden, quantify relevant evidence and justify a management decision.","Investigation journal, sample IDs, balance/measurement tools where available, clean containers, quality checklist, calculator.","Use locally available baskets, clean reused food-grade containers, handmade labels, paper process cards and simple balances/measuring vessels where suitable.","1. Define the farm-to-food problem. 2. Establish sample and quality criteria. 3. Collect traceable data. 4. Quantify yield, quality class, loss or process performance as appropriate. 5. Identify a critical loss/handling point. 6. Recommend a management response.","Traceable dataset, quality/loss calculation, process map and qualified recommendation.",Define a measurable threshold that would trigger the recommended action.,"No tasting unless the school has separately approved a supervised food activity. Wash hands before and after handling produce. Use only clean, teacher-approved samples and containers. Teachers control knives, heat, electrical equipment, chemicals and any processing machinery."
FF-342,JSS 1-3,Intercropping Garden,Harvest Readiness,"Analyze harvest readiness as a production and post-harvest problem in the Intercropping Garden, quantify relevant evidence and justify a management decision.","Investigation journal, sample IDs, balance/measurement tools where available, clean containers, quality checklist, calculator.","Use locally available baskets, clean reused food-grade containers, handmade labels, paper process cards and simple balances/measuring vessels where suitable.","1. Define the farm-to-food problem. 2. Establish sample and quality criteria. 3. Collect traceable data. 4. Quantify yield, quality class, loss or process performance as appropriate. 5. Identify a critical loss/handling point. 6. Recommend a management response.","Traceable dataset, quality/loss calculation, process map and qualified recommendation.",Define a measurable threshold that would trigger the recommended action.,"No tasting unless the school has separately approved a supervised food activity. Wash hands before and after handling produce. Use only clean, teacher-approved samples and containers. Teachers control knives, heat, electrical equipment, chemicals and any processing machinery."
FF-343,JSS 1-3,Intercropping Garden,Safe Handling,"Analyze safe handling as a production and post-harvest problem in the Intercropping Garden, quantify relevant evidence and justify a management decision.","Investigation journal, sample IDs, balance/measurement tools where available, clean containers, quality checklist, calculator.","Use locally available baskets, clean reused food-grade containers, handmade labels, paper process cards and simple balances/measuring vessels where suitable.","1. Define the farm-to-food problem. 2. Establish sample and quality criteria. 3. Collect traceable data. 4. Quantify yield, quality class, loss or process performance as appropriate. 5. Identify a critical loss/handling point. 6. Recommend a management response.","Traceable dataset, quality/loss calculation, process map and qualified recommendation.",Define a measurable threshold that would trigger the recommended action.,"No tasting unless the school has separately approved a supervised food activity. Wash hands before and after handling produce. Use only clean, teacher-approved samples and containers. Teachers control knives, heat, electrical equipment, chemicals and any processing machinery."
FF-344,JSS 1-3,Intercropping Garden,Sorting & Quality,"Analyze sorting & quality as a production and post-harvest problem in the Intercropping Garden, quantify relevant evidence and justify a management decision.","Investigation journal, sample IDs, balance/measurement tools where available, clean containers, quality checklist, calculator.","Use locally available baskets, clean reused food-grade containers, handmade labels, paper process cards and simple balances/measuring vessels where suitable.","1. Define the farm-to-food problem. 2. Establish sample and quality criteria. 3. Collect traceable data. 4. Quantify yield, quality class, loss or process performance as appropriate. 5. Identify a critical loss/handling point. 6. Recommend a management response.","Traceable dataset, quality/loss calculation, process map and qualified recommendation.",Define a measurable threshold that would trigger the recommended action.,"No tasting unless the school has separately approved a supervised food activity. Wash hands before and after handling produce. Use only clean, teacher-approved samples and containers. Teachers control knives, heat, electrical equipment, chemicals and any processing machinery."
FF-345,JSS 1-3,Intercropping Garden,Farm-to-Food Journey,"Analyze farm-to-food journey as a production and post-harvest problem in the Intercropping Garden, quantify relevant evidence and justify a management decision.","Investigation journal, sample IDs, balance/measurement tools where available, clean containers, quality checklist, calculator.","Use locally available baskets, clean reused food-grade containers, handmade labels, paper process cards and simple balances/measuring vessels where suitable.","1. Define the farm-to-food problem. 2. Establish sample and quality criteria. 3. Collect traceable data. 4. Quantify yield, quality class, loss or process performance as appropriate. 5. Identify a critical loss/handling point. 6. Recommend a management response.","Traceable dataset, quality/loss calculation, process map and qualified recommendation.",Define a measurable threshold that would trigger the recommended action.,"No tasting unless the school has separately approved a supervised food activity. Wash hands before and after handling produce. Use only clean, teacher-approved samples and containers. Teachers control knives, heat, electrical equipment, chemicals and any processing machinery."
FF-346,JSS 1-3,Intercropping Garden,Measurement & Yield,"Analyze measurement & yield as a production and post-harvest problem in the Intercropping Garden, quantify relevant evidence and justify a management decision.","Investigation journal, sample IDs, balance/measurement tools where available, clean containers, quality checklist, calculator.","Use locally available baskets, clean reused food-grade containers, handmade labels, paper process cards and simple balances/measuring vessels where suitable.","1. Define the farm-to-food problem. 2. Establish sample and quality criteria. 3. Collect traceable data. 4. Quantify yield, quality class, loss or process performance as appropriate. 5. Identify a critical loss/handling point. 6. Recommend a management response.","Traceable dataset, quality/loss calculation, process map and qualified recommendation.",Define a measurable threshold that would trigger the recommended action.,"No tasting unless the school has separately approved a supervised food activity. Wash hands before and after handling produce. Use only clean, teacher-approved samples and containers. Teachers control knives, heat, electrical equipment, chemicals and any processing machinery."
FF-347,JSS 1-3,Intercropping Garden,Storage & Loss,"Analyze storage & loss as a production and post-harvest problem in the Intercropping Garden, quantify relevant evidence and justify a management decision.","Investigation journal, sample IDs, balance/measurement tools where available, clean containers, quality checklist, calculator.","Use locally available baskets, clean reused food-grade containers, handmade labels, paper process cards and simple balances/measuring vessels where suitable.","1. Define the farm-to-food problem. 2. Establish sample and quality criteria. 3. Collect traceable data. 4. Quantify yield, quality class, loss or process performance as appropriate. 5. Identify a critical loss/handling point. 6. Recommend a management response.","Traceable dataset, quality/loss calculation, process map and qualified recommendation.",Define a measurable threshold that would trigger the recommended action.,"No tasting unless the school has separately approved a supervised food activity. Wash hands before and after handling produce. Use only clean, teacher-approved samples and containers. Teachers control knives, heat, electrical equipment, chemicals and any processing machinery."
FF-348,JSS 1-3,Intercropping Garden,Preparation Pathway,"Analyze preparation pathway as a production and post-harvest problem in the Intercropping Garden, quantify relevant evidence and justify a management decision.","Investigation journal, sample IDs, balance/measurement tools where available, clean containers, quality checklist, calculator.","Use locally available baskets, clean reused food-grade containers, handmade labels, paper process cards and simple balances/measuring vessels where suitable.","1. Define the farm-to-food problem. 2. Establish sample and quality criteria. 3. Collect traceable data. 4. Quantify yield, quality class, loss or process performance as appropriate. 5. Identify a critical loss/handling point. 6. Recommend a management response.","Traceable dataset, quality/loss calculation, process map and qualified recommendation.",Define a measurable threshold that would trigger the recommended action.,"No tasting unless the school has separately approved a supervised food activity. Wash hands before and after handling produce. Use only clean, teacher-approved samples and containers. Teachers control knives, heat, electrical equipment, chemicals and any processing machinery."
FF-349,JSS 1-3,Intercropping Garden,Food Choice & Literacy,"Analyze food choice & literacy as a production and post-harvest problem in the Intercropping Garden, quantify relevant evidence and justify a management decision.","Investigation journal, sample IDs, balance/measurement tools where available, clean containers, quality checklist, calculator.","Use locally available baskets, clean reused food-grade containers, handmade labels, paper process cards and simple balances/measuring vessels where suitable.","1. Define the farm-to-food problem. 2. Establish sample and quality criteria. 3. Collect traceable data. 4. Quantify yield, quality class, loss or process performance as appropriate. 5. Identify a critical loss/handling point. 6. Recommend a management response.","Traceable dataset, quality/loss calculation, process map and qualified recommendation.",Define a measurable threshold that would trigger the recommended action.,"No tasting unless the school has separately approved a supervised food activity. Wash hands before and after handling produce. Use only clean, teacher-approved samples and containers. Teachers control knives, heat, electrical equipment, chemicals and any processing machinery."
FF-350,JSS 1-3,Intercropping Garden,Waste-to-Resource,"Analyze waste-to-resource as a production and post-harvest problem in the Intercropping Garden, quantify relevant evidence and justify a management decision.","Investigation journal, sample IDs, balance/measurement tools where available, clean containers, quality checklist, calculator.","Use locally available baskets, clean reused food-grade containers, handmade labels, paper process cards and simple balances/measuring vessels where suitable.","1. Define the farm-to-food problem. 2. Establish sample and quality criteria. 3. Collect traceable data. 4. Quantify yield, quality class, loss or process performance as appropriate. 5. Identify a critical loss/handling point. 6. Recommend a management response.","Traceable dataset, quality/loss calculation, process map and qualified recommendation.",Define a measurable threshold that would trigger the recommended action.,"No tasting unless the school has separately approved a supervised food activity. Wash hands before and after handling produce. Use only clean, teacher-approved samples and containers. Teachers control knives, heat, electrical equipment, chemicals and any processing machinery."
FF-351,JSS 1-3,Water-Smart Garden,Food Origin,"Analyze food origin as a production and post-harvest problem in the Water-Smart Garden, quantify relevant evidence and justify a management decision.","Investigation journal, sample IDs, balance/measurement tools where available, clean containers, quality checklist, calculator.","Use locally available baskets, clean reused food-grade containers, handmade labels, paper process cards and simple balances/measuring vessels where suitable.","1. Define the farm-to-food problem. 2. Establish sample and quality criteria. 3. Collect traceable data. 4. Quantify yield, quality class, loss or process performance as appropriate. 5. Identify a critical loss/handling point. 6. Recommend a management response.","Traceable dataset, quality/loss calculation, process map and qualified recommendation.",Define a measurable threshold that would trigger the recommended action.,"No tasting unless the school has separately approved a supervised food activity. Wash hands before and after handling produce. Use only clean, teacher-approved samples and containers. Teachers control knives, heat, electrical equipment, chemicals and any processing machinery."
FF-352,JSS 1-3,Water-Smart Garden,Harvest Readiness,"Analyze harvest readiness as a production and post-harvest problem in the Water-Smart Garden, quantify relevant evidence and justify a management decision.","Investigation journal, sample IDs, balance/measurement tools where available, clean containers, quality checklist, calculator.","Use locally available baskets, clean reused food-grade containers, handmade labels, paper process cards and simple balances/measuring vessels where suitable.","1. Define the farm-to-food problem. 2. Establish sample and quality criteria. 3. Collect traceable data. 4. Quantify yield, quality class, loss or process performance as appropriate. 5. Identify a critical loss/handling point. 6. Recommend a management response.","Traceable dataset, quality/loss calculation, process map and qualified recommendation.",Define a measurable threshold that would trigger the recommended action.,"No tasting unless the school has separately approved a supervised food activity. Wash hands before and after handling produce. Use only clean, teacher-approved samples and containers. Teachers control knives, heat, electrical equipment, chemicals and any processing machinery."
FF-353,JSS 1-3,Water-Smart Garden,Safe Handling,"Analyze safe handling as a production and post-harvest problem in the Water-Smart Garden, quantify relevant evidence and justify a management decision.","Investigation journal, sample IDs, balance/measurement tools where available, clean containers, quality checklist, calculator.","Use locally available baskets, clean reused food-grade containers, handmade labels, paper process cards and simple balances/measuring vessels where suitable.","1. Define the farm-to-food problem. 2. Establish sample and quality criteria. 3. Collect traceable data. 4. Quantify yield, quality class, loss or process performance as appropriate. 5. Identify a critical loss/handling point. 6. Recommend a management response.","Traceable dataset, quality/loss calculation, process map and qualified recommendation.",Define a measurable threshold that would trigger the recommended action.,"No tasting unless the school has separately approved a supervised food activity. Wash hands before and after handling produce. Use only clean, teacher-approved samples and containers. Teachers control knives, heat, electrical equipment, chemicals and any processing machinery."
FF-354,JSS 1-3,Water-Smart Garden,Sorting & Quality,"Analyze sorting & quality as a production and post-harvest problem in the Water-Smart Garden, quantify relevant evidence and justify a management decision.","Investigation journal, sample IDs, balance/measurement tools where available, clean containers, quality checklist, calculator.","Use locally available baskets, clean reused food-grade containers, handmade labels, paper process cards and simple balances/measuring vessels where suitable.","1. Define the farm-to-food problem. 2. Establish sample and quality criteria. 3. Collect traceable data. 4. Quantify yield, quality class, loss or process performance as appropriate. 5. Identify a critical loss/handling point. 6. Recommend a management response.","Traceable dataset, quality/loss calculation, process map and qualified recommendation.",Define a measurable threshold that would trigger the recommended action.,"No tasting unless the school has separately approved a supervised food activity. Wash hands before and after handling produce. Use only clean, teacher-approved samples and containers. Teachers control knives, heat, electrical equipment, chemicals and any processing machinery."
FF-355,JSS 1-3,Water-Smart Garden,Farm-to-Food Journey,"Analyze farm-to-food journey as a production and post-harvest problem in the Water-Smart Garden, quantify relevant evidence and justify a management decision.","Investigation journal, sample IDs, balance/measurement tools where available, clean containers, quality checklist, calculator.","Use locally available baskets, clean reused food-grade containers, handmade labels, paper process cards and simple balances/measuring vessels where suitable.","1. Define the farm-to-food problem. 2. Establish sample and quality criteria. 3. Collect traceable data. 4. Quantify yield, quality class, loss or process performance as appropriate. 5. Identify a critical loss/handling point. 6. Recommend a management response.","Traceable dataset, quality/loss calculation, process map and qualified recommendation.",Define a measurable threshold that would trigger the recommended action.,"No tasting unless the school has separately approved a supervised food activity. Wash hands before and after handling produce. Use only clean, teacher-approved samples and containers. Teachers control knives, heat, electrical equipment, chemicals and any processing machinery."
FF-356,JSS 1-3,Water-Smart Garden,Measurement & Yield,"Analyze measurement & yield as a production and post-harvest problem in the Water-Smart Garden, quantify relevant evidence and justify a management decision.","Investigation journal, sample IDs, balance/measurement tools where available, clean containers, quality checklist, calculator.","Use locally available baskets, clean reused food-grade containers, handmade labels, paper process cards and simple balances/measuring vessels where suitable.","1. Define the farm-to-food problem. 2. Establish sample and quality criteria. 3. Collect traceable data. 4. Quantify yield, quality class, loss or process performance as appropriate. 5. Identify a critical loss/handling point. 6. Recommend a management response.","Traceable dataset, quality/loss calculation, process map and qualified recommendation.",Define a measurable threshold that would trigger the recommended action.,"No tasting unless the school has separately approved a supervised food activity. Wash hands before and after handling produce. Use only clean, teacher-approved samples and containers. Teachers control knives, heat, electrical equipment, chemicals and any processing machinery."
FF-357,JSS 1-3,Water-Smart Garden,Storage & Loss,"Analyze storage & loss as a production and post-harvest problem in the Water-Smart Garden, quantify relevant evidence and justify a management decision.","Investigation journal, sample IDs, balance/measurement tools where available, clean containers, quality checklist, calculator.","Use locally available baskets, clean reused food-grade containers, handmade labels, paper process cards and simple balances/measuring vessels where suitable.","1. Define the farm-to-food problem. 2. Establish sample and quality criteria. 3. Collect traceable data. 4. Quantify yield, quality class, loss or process performance as appropriate. 5. Identify a critical loss/handling point. 6. Recommend a management response.","Traceable dataset, quality/loss calculation, process map and qualified recommendation.",Define a measurable threshold that would trigger the recommended action.,"No tasting unless the school has separately approved a supervised food activity. Wash hands before and after handling produce. Use only clean, teacher-approved samples and containers. Teachers control knives, heat, electrical equipment, chemicals and any processing machinery."
FF-358,JSS 1-3,Water-Smart Garden,Preparation Pathway,"Analyze preparation pathway as a production and post-harvest problem in the Water-Smart Garden, quantify relevant evidence and justify a management decision.","Investigation journal, sample IDs, balance/measurement tools where available, clean containers, quality checklist, calculator.","Use locally available baskets, clean reused food-grade containers, handmade labels, paper process cards and simple balances/measuring vessels where suitable.","1. Define the farm-to-food problem. 2. Establish sample and quality criteria. 3. Collect traceable data. 4. Quantify yield, quality class, loss or process performance as appropriate. 5. Identify a critical loss/handling point. 6. Recommend a management response.","Traceable dataset, quality/loss calculation, process map and qualified recommendation.",Define a measurable threshold that would trigger the recommended action.,"No tasting unless the school has separately approved a supervised food activity. Wash hands before and after handling produce. Use only clean, teacher-approved samples and containers. Teachers control knives, heat, electrical equipment, chemicals and any processing machinery."
FF-359,JSS 1-3,Water-Smart Garden,Food Choice & Literacy,"Analyze food choice & literacy as a production and post-harvest problem in the Water-Smart Garden, quantify relevant evidence and justify a management decision.","Investigation journal, sample IDs, balance/measurement tools where available, clean containers, quality checklist, calculator.","Use locally available baskets, clean reused food-grade containers, handmade labels, paper process cards and simple balances/measuring vessels where suitable.","1. Define the farm-to-food problem. 2. Establish sample and quality criteria. 3. Collect traceable data. 4. Quantify yield, quality class, loss or process performance as appropriate. 5. Identify a critical loss/handling point. 6. Recommend a management response.","Traceable dataset, quality/loss calculation, process map and qualified recommendation.",Define a measurable threshold that would trigger the recommended action.,"No tasting unless the school has separately approved a supervised food activity. Wash hands before and after handling produce. Use only clean, teacher-approved samples and containers. Teachers control knives, heat, electrical equipment, chemicals and any processing machinery."
FF-360,JSS 1-3,Water-Smart Garden,Waste-to-Resource,"Analyze waste-to-resource as a production and post-harvest problem in the Water-Smart Garden, quantify relevant evidence and justify a management decision.","Investigation journal, sample IDs, balance/measurement tools where available, clean containers, quality checklist, calculator.","Use locally available baskets, clean reused food-grade containers, handmade labels, paper process cards and simple balances/measuring vessels where suitable.","1. Define the farm-to-food problem. 2. Establish sample and quality criteria. 3. Collect traceable data. 4. Quantify yield, quality class, loss or process performance as appropriate. 5. Identify a critical loss/handling point. 6. Recommend a management response.","Traceable dataset, quality/loss calculation, process map and qualified recommendation.",Define a measurable threshold that would trigger the recommended action.,"No tasting unless the school has separately approved a supervised food activity. Wash hands before and after handling produce. Use only clean, teacher-approved samples and containers. Teachers control knives, heat, electrical equipment, chemicals and any processing machinery."
FF-361,JSS 1-3,Compost & Soil Garden,Food Origin,"Analyze food origin as a production and post-harvest problem in the Compost & Soil Garden, quantify relevant evidence and justify a management decision.","Investigation journal, sample IDs, balance/measurement tools where available, clean containers, quality checklist, calculator.","Use locally available baskets, clean reused food-grade containers, handmade labels, paper process cards and simple balances/measuring vessels where suitable.","1. Define the farm-to-food problem. 2. Establish sample and quality criteria. 3. Collect traceable data. 4. Quantify yield, quality class, loss or process performance as appropriate. 5. Identify a critical loss/handling point. 6. Recommend a management response.","Traceable dataset, quality/loss calculation, process map and qualified recommendation.",Define a measurable threshold that would trigger the recommended action.,"No tasting unless the school has separately approved a supervised food activity. Wash hands before and after handling produce. Use only clean, teacher-approved samples and containers. Teachers control knives, heat, electrical equipment, chemicals and any processing machinery."
FF-362,JSS 1-3,Compost & Soil Garden,Harvest Readiness,"Analyze harvest readiness as a production and post-harvest problem in the Compost & Soil Garden, quantify relevant evidence and justify a management decision.","Investigation journal, sample IDs, balance/measurement tools where available, clean containers, quality checklist, calculator.","Use locally available baskets, clean reused food-grade containers, handmade labels, paper process cards and simple balances/measuring vessels where suitable.","1. Define the farm-to-food problem. 2. Establish sample and quality criteria. 3. Collect traceable data. 4. Quantify yield, quality class, loss or process performance as appropriate. 5. Identify a critical loss/handling point. 6. Recommend a management response.","Traceable dataset, quality/loss calculation, process map and qualified recommendation.",Define a measurable threshold that would trigger the recommended action.,"No tasting unless the school has separately approved a supervised food activity. Wash hands before and after handling produce. Use only clean, teacher-approved samples and containers. Teachers control knives, heat, electrical equipment, chemicals and any processing machinery."
FF-363,JSS 1-3,Compost & Soil Garden,Safe Handling,"Analyze safe handling as a production and post-harvest problem in the Compost & Soil Garden, quantify relevant evidence and justify a management decision.","Investigation journal, sample IDs, balance/measurement tools where available, clean containers, quality checklist, calculator.","Use locally available baskets, clean reused food-grade containers, handmade labels, paper process cards and simple balances/measuring vessels where suitable.","1. Define the farm-to-food problem. 2. Establish sample and quality criteria. 3. Collect traceable data. 4. Quantify yield, quality class, loss or process performance as appropriate. 5. Identify a critical loss/handling point. 6. Recommend a management response.","Traceable dataset, quality/loss calculation, process map and qualified recommendation.",Define a measurable threshold that would trigger the recommended action.,"No tasting unless the school has separately approved a supervised food activity. Wash hands before and after handling produce. Use only clean, teacher-approved samples and containers. Teachers control knives, heat, electrical equipment, chemicals and any processing machinery."
FF-364,JSS 1-3,Compost & Soil Garden,Sorting & Quality,"Analyze sorting & quality as a production and post-harvest problem in the Compost & Soil Garden, quantify relevant evidence and justify a management decision.","Investigation journal, sample IDs, balance/measurement tools where available, clean containers, quality checklist, calculator.","Use locally available baskets, clean reused food-grade containers, handmade labels, paper process cards and simple balances/measuring vessels where suitable.","1. Define the farm-to-food problem. 2. Establish sample and quality criteria. 3. Collect traceable data. 4. Quantify yield, quality class, loss or process performance as appropriate. 5. Identify a critical loss/handling point. 6. Recommend a management response.","Traceable dataset, quality/loss calculation, process map and qualified recommendation.",Define a measurable threshold that would trigger the recommended action.,"No tasting unless the school has separately approved a supervised food activity. Wash hands before and after handling produce. Use only clean, teacher-approved samples and containers. Teachers control knives, heat, electrical equipment, chemicals and any processing machinery."
FF-365,JSS 1-3,Compost & Soil Garden,Farm-to-Food Journey,"Analyze farm-to-food journey as a production and post-harvest problem in the Compost & Soil Garden, quantify relevant evidence and justify a management decision.","Investigation journal, sample IDs, balance/measurement tools where available, clean containers, quality checklist, calculator.","Use locally available baskets, clean reused food-grade containers, handmade labels, paper process cards and simple balances/measuring vessels where suitable.","1. Define the farm-to-food problem. 2. Establish sample and quality criteria. 3. Collect traceable data. 4. Quantify yield, quality class, loss or process performance as appropriate. 5. Identify a critical loss/handling point. 6. Recommend a management response.","Traceable dataset, quality/loss calculation, process map and qualified recommendation.",Define a measurable threshold that would trigger the recommended action.,"No tasting unless the school has separately approved a supervised food activity. Wash hands before and after handling produce. Use only clean, teacher-approved samples and containers. Teachers control knives, heat, electrical equipment, chemicals and any processing machinery."
FF-366,JSS 1-3,Compost & Soil Garden,Measurement & Yield,"Analyze measurement & yield as a production and post-harvest problem in the Compost & Soil Garden, quantify relevant evidence and justify a management decision.","Investigation journal, sample IDs, balance/measurement tools where available, clean containers, quality checklist, calculator.","Use locally available baskets, clean reused food-grade containers, handmade labels, paper process cards and simple balances/measuring vessels where suitable.","1. Define the farm-to-food problem. 2. Establish sample and quality criteria. 3. Collect traceable data. 4. Quantify yield, quality class, loss or process performance as appropriate. 5. Identify a critical loss/handling point. 6. Recommend a management response.","Traceable dataset, quality/loss calculation, process map and qualified recommendation.",Define a measurable threshold that would trigger the recommended action.,"No tasting unless the school has separately approved a supervised food activity. Wash hands before and after handling produce. Use only clean, teacher-approved samples and containers. Teachers control knives, heat, electrical equipment, chemicals and any processing machinery."
FF-367,JSS 1-3,Compost & Soil Garden,Storage & Loss,"Analyze storage & loss as a production and post-harvest problem in the Compost & Soil Garden, quantify relevant evidence and justify a management decision.","Investigation journal, sample IDs, balance/measurement tools where available, clean containers, quality checklist, calculator.","Use locally available baskets, clean reused food-grade containers, handmade labels, paper process cards and simple balances/measuring vessels where suitable.","1. Define the farm-to-food problem. 2. Establish sample and quality criteria. 3. Collect traceable data. 4. Quantify yield, quality class, loss or process performance as appropriate. 5. Identify a critical loss/handling point. 6. Recommend a management response.","Traceable dataset, quality/loss calculation, process map and qualified recommendation.",Define a measurable threshold that would trigger the recommended action.,"No tasting unless the school has separately approved a supervised food activity. Wash hands before and after handling produce. Use only clean, teacher-approved samples and containers. Teachers control knives, heat, electrical equipment, chemicals and any processing machinery."
FF-368,JSS 1-3,Compost & Soil Garden,Preparation Pathway,"Analyze preparation pathway as a production and post-harvest problem in the Compost & Soil Garden, quantify relevant evidence and justify a management decision.","Investigation journal, sample IDs, balance/measurement tools where available, clean containers, quality checklist, calculator.","Use locally available baskets, clean reused food-grade containers, handmade labels, paper process cards and simple balances/measuring vessels where suitable.","1. Define the farm-to-food problem. 2. Establish sample and quality criteria. 3. Collect traceable data. 4. Quantify yield, quality class, loss or process performance as appropriate. 5. Identify a critical loss/handling point. 6. Recommend a management response.","Traceable dataset, quality/loss calculation, process map and qualified recommendation.",Define a measurable threshold that would trigger the recommended action.,"No tasting unless the school has separately approved a supervised food activity. Wash hands before and after handling produce. Use only clean, teacher-approved samples and containers. Teachers control knives, heat, electrical equipment, chemicals and any processing machinery."
FF-369,JSS 1-3,Compost & Soil Garden,Food Choice & Literacy,"Analyze food choice & literacy as a production and post-harvest problem in the Compost & Soil Garden, quantify relevant evidence and justify a management decision.","Investigation journal, sample IDs, balance/measurement tools where available, clean containers, quality checklist, calculator.","Use locally available baskets, clean reused food-grade containers, handmade labels, paper process cards and simple balances/measuring vessels where suitable.","1. Define the farm-to-food problem. 2. Establish sample and quality criteria. 3. Collect traceable data. 4. Quantify yield, quality class, loss or process performance as appropriate. 5. Identify a critical loss/handling point. 6. Recommend a management response.","Traceable dataset, quality/loss calculation, process map and qualified recommendation.",Define a measurable threshold that would trigger the recommended action.,"No tasting unless the school has separately approved a supervised food activity. Wash hands before and after handling produce. Use only clean, teacher-approved samples and containers. Teachers control knives, heat, electrical equipment, chemicals and any processing machinery."
FF-370,JSS 1-3,Compost & Soil Garden,Waste-to-Resource,"Analyze waste-to-resource as a production and post-harvest problem in the Compost & Soil Garden, quantify relevant evidence and justify a management decision.","Investigation journal, sample IDs, balance/measurement tools where available, clean containers, quality checklist, calculator.","Use locally available baskets, clean reused food-grade containers, handmade labels, paper process cards and simple balances/measuring vessels where suitable.","1. Define the farm-to-food problem. 2. Establish sample and quality criteria. 3. Collect traceable data. 4. Quantify yield, quality class, loss or process performance as appropriate. 5. Identify a critical loss/handling point. 6. Recommend a management response.","Traceable dataset, quality/loss calculation, process map and qualified recommendation.",Define a measurable threshold that would trigger the recommended action.,"No tasting unless the school has separately approved a supervised food activity. Wash hands before and after handling produce. Use only clean, teacher-approved samples and containers. Teachers control knives, heat, electrical equipment, chemicals and any processing machinery."
FF-371,JSS 1-3,Soilless Learning Garden,Food Origin,"Analyze food origin as a production and post-harvest problem in the Soilless Learning Garden, quantify relevant evidence and justify a management decision.","Investigation journal, sample IDs, balance/measurement tools where available, clean containers, quality checklist, calculator.","Use locally available baskets, clean reused food-grade containers, handmade labels, paper process cards and simple balances/measuring vessels where suitable.","1. Define the farm-to-food problem. 2. Establish sample and quality criteria. 3. Collect traceable data. 4. Quantify yield, quality class, loss or process performance as appropriate. 5. Identify a critical loss/handling point. 6. Recommend a management response.","Traceable dataset, quality/loss calculation, process map and qualified recommendation.",Define a measurable threshold that would trigger the recommended action.,"No tasting unless the school has separately approved a supervised food activity. Wash hands before and after handling produce. Use only clean, teacher-approved samples and containers. Teachers control knives, heat, electrical equipment, chemicals and any processing machinery."
FF-372,JSS 1-3,Soilless Learning Garden,Harvest Readiness,"Analyze harvest readiness as a production and post-harvest problem in the Soilless Learning Garden, quantify relevant evidence and justify a management decision.","Investigation journal, sample IDs, balance/measurement tools where available, clean containers, quality checklist, calculator.","Use locally available baskets, clean reused food-grade containers, handmade labels, paper process cards and simple balances/measuring vessels where suitable.","1. Define the farm-to-food problem. 2. Establish sample and quality criteria. 3. Collect traceable data. 4. Quantify yield, quality class, loss or process performance as appropriate. 5. Identify a critical loss/handling point. 6. Recommend a management response.","Traceable dataset, quality/loss calculation, process map and qualified recommendation.",Define a measurable threshold that would trigger the recommended action.,"No tasting unless the school has separately approved a supervised food activity. Wash hands before and after handling produce. Use only clean, teacher-approved samples and containers. Teachers control knives, heat, electrical equipment, chemicals and any processing machinery."
FF-373,JSS 1-3,Soilless Learning Garden,Safe Handling,"Analyze safe handling as a production and post-harvest problem in the Soilless Learning Garden, quantify relevant evidence and justify a management decision.","Investigation journal, sample IDs, balance/measurement tools where available, clean containers, quality checklist, calculator.","Use locally available baskets, clean reused food-grade containers, handmade labels, paper process cards and simple balances/measuring vessels where suitable.","1. Define the farm-to-food problem. 2. Establish sample and quality criteria. 3. Collect traceable data. 4. Quantify yield, quality class, loss or process performance as appropriate. 5. Identify a critical loss/handling point. 6. Recommend a management response.","Traceable dataset, quality/loss calculation, process map and qualified recommendation.",Define a measurable threshold that would trigger the recommended action.,"No tasting unless the school has separately approved a supervised food activity. Wash hands before and after handling produce. Use only clean, teacher-approved samples and containers. Teachers control knives, heat, electrical equipment, chemicals and any processing machinery."
FF-374,JSS 1-3,Soilless Learning Garden,Sorting & Quality,"Analyze sorting & quality as a production and post-harvest problem in the Soilless Learning Garden, quantify relevant evidence and justify a management decision.","Investigation journal, sample IDs, balance/measurement tools where available, clean containers, quality checklist, calculator.","Use locally available baskets, clean reused food-grade containers, handmade labels, paper process cards and simple balances/measuring vessels where suitable.","1. Define the farm-to-food problem. 2. Establish sample and quality criteria. 3. Collect traceable data. 4. Quantify yield, quality class, loss or process performance as appropriate. 5. Identify a critical loss/handling point. 6. Recommend a management response.","Traceable dataset, quality/loss calculation, process map and qualified recommendation.",Define a measurable threshold that would trigger the recommended action.,"No tasting unless the school has separately approved a supervised food activity. Wash hands before and after handling produce. Use only clean, teacher-approved samples and containers. Teachers control knives, heat, electrical equipment, chemicals and any processing machinery."
FF-375,JSS 1-3,Soilless Learning Garden,Farm-to-Food Journey,"Analyze farm-to-food journey as a production and post-harvest problem in the Soilless Learning Garden, quantify relevant evidence and justify a management decision.","Investigation journal, sample IDs, balance/measurement tools where available, clean containers, quality checklist, calculator.","Use locally available baskets, clean reused food-grade containers, handmade labels, paper process cards and simple balances/measuring vessels where suitable.","1. Define the farm-to-food problem. 2. Establish sample and quality criteria. 3. Collect traceable data. 4. Quantify yield, quality class, loss or process performance as appropriate. 5. Identify a critical loss/handling point. 6. Recommend a management response.","Traceable dataset, quality/loss calculation, process map and qualified recommendation.",Define a measurable threshold that would trigger the recommended action.,"No tasting unless the school has separately approved a supervised food activity. Wash hands before and after handling produce. Use only clean, teacher-approved samples and containers. Teachers control knives, heat, electrical equipment, chemicals and any processing machinery."
FF-376,JSS 1-3,Soilless Learning Garden,Measurement & Yield,"Analyze measurement & yield as a production and post-harvest problem in the Soilless Learning Garden, quantify relevant evidence and justify a management decision.","Investigation journal, sample IDs, balance/measurement tools where available, clean containers, quality checklist, calculator.","Use locally available baskets, clean reused food-grade containers, handmade labels, paper process cards and simple balances/measuring vessels where suitable.","1. Define the farm-to-food problem. 2. Establish sample and quality criteria. 3. Collect traceable data. 4. Quantify yield, quality class, loss or process performance as appropriate. 5. Identify a critical loss/handling point. 6. Recommend a management response.","Traceable dataset, quality/loss calculation, process map and qualified recommendation.",Define a measurable threshold that would trigger the recommended action.,"No tasting unless the school has separately approved a supervised food activity. Wash hands before and after handling produce. Use only clean, teacher-approved samples and containers. Teachers control knives, heat, electrical equipment, chemicals and any processing machinery."
FF-377,JSS 1-3,Soilless Learning Garden,Storage & Loss,"Analyze storage & loss as a production and post-harvest problem in the Soilless Learning Garden, quantify relevant evidence and justify a management decision.","Investigation journal, sample IDs, balance/measurement tools where available, clean containers, quality checklist, calculator.","Use locally available baskets, clean reused food-grade containers, handmade labels, paper process cards and simple balances/measuring vessels where suitable.","1. Define the farm-to-food problem. 2. Establish sample and quality criteria. 3. Collect traceable data. 4. Quantify yield, quality class, loss or process performance as appropriate. 5. Identify a critical loss/handling point. 6. Recommend a management response.","Traceable dataset, quality/loss calculation, process map and qualified recommendation.",Define a measurable threshold that would trigger the recommended action.,"No tasting unless the school has separately approved a supervised food activity. Wash hands before and after handling produce. Use only clean, teacher-approved samples and containers. Teachers control knives, heat, electrical equipment, chemicals and any processing machinery."
FF-378,JSS 1-3,Soilless Learning Garden,Preparation Pathway,"Analyze preparation pathway as a production and post-harvest problem in the Soilless Learning Garden, quantify relevant evidence and justify a management decision.","Investigation journal, sample IDs, balance/measurement tools where available, clean containers, quality checklist, calculator.","Use locally available baskets, clean reused food-grade containers, handmade labels, paper process cards and simple balances/measuring vessels where suitable.","1. Define the farm-to-food problem. 2. Establish sample and quality criteria. 3. Collect traceable data. 4. Quantify yield, quality class, loss or process performance as appropriate. 5. Identify a critical loss/handling point. 6. Recommend a management response.","Traceable dataset, quality/loss calculation, process map and qualified recommendation.",Define a measurable threshold that would trigger the recommended action.,"No tasting unless the school has separately approved a supervised food activity. Wash hands before and after handling produce. Use only clean, teacher-approved samples and containers. Teachers control knives, heat, electrical equipment, chemicals and any processing machinery."
FF-379,JSS 1-3,Soilless Learning Garden,Food Choice & Literacy,"Analyze food choice & literacy as a production and post-harvest problem in the Soilless Learning Garden, quantify relevant evidence and justify a management decision.","Investigation journal, sample IDs, balance/measurement tools where available, clean containers, quality checklist, calculator.","Use locally available baskets, clean reused food-grade containers, handmade labels, paper process cards and simple balances/measuring vessels where suitable.","1. Define the farm-to-food problem. 2. Establish sample and quality criteria. 3. Collect traceable data. 4. Quantify yield, quality class, loss or process performance as appropriate. 5. Identify a critical loss/handling point. 6. Recommend a management response.","Traceable dataset, quality/loss calculation, process map and qualified recommendation.",Define a measurable threshold that would trigger the recommended action.,"No tasting unless the school has separately approved a supervised food activity. Wash hands before and after handling produce. Use only clean, teacher-approved samples and containers. Teachers control knives, heat, electrical equipment, chemicals and any processing machinery."
FF-380,JSS 1-3,Soilless Learning Garden,Waste-to-Resource,"Analyze waste-to-resource as a production and post-harvest problem in the Soilless Learning Garden, quantify relevant evidence and justify a management decision.","Investigation journal, sample IDs, balance/measurement tools where available, clean containers, quality checklist, calculator.","Use locally available baskets, clean reused food-grade containers, handmade labels, paper process cards and simple balances/measuring vessels where suitable.","1. Define the farm-to-food problem. 2. Establish sample and quality criteria. 3. Collect traceable data. 4. Quantify yield, quality class, loss or process performance as appropriate. 5. Identify a critical loss/handling point. 6. Recommend a management response.","Traceable dataset, quality/loss calculation, process map and qualified recommendation.",Define a measurable threshold that would trigger the recommended action.,"No tasting unless the school has separately approved a supervised food activity. Wash hands before and after handling produce. Use only clean, teacher-approved samples and containers. Teachers control knives, heat, electrical equipment, chemicals and any processing machinery."
FF-381,JSS 1-3,Sensor-Ready Garden,Food Origin,"Analyze food origin as a production and post-harvest problem in the Sensor-Ready Garden, quantify relevant evidence and justify a management decision.","Investigation journal, sample IDs, balance/measurement tools where available, clean containers, quality checklist, calculator.","Use locally available baskets, clean reused food-grade containers, handmade labels, paper process cards and simple balances/measuring vessels where suitable.","1. Define the farm-to-food problem. 2. Establish sample and quality criteria. 3. Collect traceable data. 4. Quantify yield, quality class, loss or process performance as appropriate. 5. Identify a critical loss/handling point. 6. Recommend a management response.","Traceable dataset, quality/loss calculation, process map and qualified recommendation.",Define a measurable threshold that would trigger the recommended action.,"No tasting unless the school has separately approved a supervised food activity. Wash hands before and after handling produce. Use only clean, teacher-approved samples and containers. Teachers control knives, heat, electrical equipment, chemicals and any processing machinery."
FF-382,JSS 1-3,Sensor-Ready Garden,Harvest Readiness,"Analyze harvest readiness as a production and post-harvest problem in the Sensor-Ready Garden, quantify relevant evidence and justify a management decision.","Investigation journal, sample IDs, balance/measurement tools where available, clean containers, quality checklist, calculator.","Use locally available baskets, clean reused food-grade containers, handmade labels, paper process cards and simple balances/measuring vessels where suitable.","1. Define the farm-to-food problem. 2. Establish sample and quality criteria. 3. Collect traceable data. 4. Quantify yield, quality class, loss or process performance as appropriate. 5. Identify a critical loss/handling point. 6. Recommend a management response.","Traceable dataset, quality/loss calculation, process map and qualified recommendation.",Define a measurable threshold that would trigger the recommended action.,"No tasting unless the school has separately approved a supervised food activity. Wash hands before and after handling produce. Use only clean, teacher-approved samples and containers. Teachers control knives, heat, electrical equipment, chemicals and any processing machinery."
FF-383,JSS 1-3,Sensor-Ready Garden,Safe Handling,"Analyze safe handling as a production and post-harvest problem in the Sensor-Ready Garden, quantify relevant evidence and justify a management decision.","Investigation journal, sample IDs, balance/measurement tools where available, clean containers, quality checklist, calculator.","Use locally available baskets, clean reused food-grade containers, handmade labels, paper process cards and simple balances/measuring vessels where suitable.","1. Define the farm-to-food problem. 2. Establish sample and quality criteria. 3. Collect traceable data. 4. Quantify yield, quality class, loss or process performance as appropriate. 5. Identify a critical loss/handling point. 6. Recommend a management response.","Traceable dataset, quality/loss calculation, process map and qualified recommendation.",Define a measurable threshold that would trigger the recommended action.,"No tasting unless the school has separately approved a supervised food activity. Wash hands before and after handling produce. Use only clean, teacher-approved samples and containers. Teachers control knives, heat, electrical equipment, chemicals and any processing machinery."
FF-384,JSS 1-3,Sensor-Ready Garden,Sorting & Quality,"Analyze sorting & quality as a production and post-harvest problem in the Sensor-Ready Garden, quantify relevant evidence and justify a management decision.","Investigation journal, sample IDs, balance/measurement tools where available, clean containers, quality checklist, calculator.","Use locally available baskets, clean reused food-grade containers, handmade labels, paper process cards and simple balances/measuring vessels where suitable.","1. Define the farm-to-food problem. 2. Establish sample and quality criteria. 3. Collect traceable data. 4. Quantify yield, quality class, loss or process performance as appropriate. 5. Identify a critical loss/handling point. 6. Recommend a management response.","Traceable dataset, quality/loss calculation, process map and qualified recommendation.",Define a measurable threshold that would trigger the recommended action.,"No tasting unless the school has separately approved a supervised food activity. Wash hands before and after handling produce. Use only clean, teacher-approved samples and containers. Teachers control knives, heat, electrical equipment, chemicals and any processing machinery."
FF-385,JSS 1-3,Sensor-Ready Garden,Farm-to-Food Journey,"Analyze farm-to-food journey as a production and post-harvest problem in the Sensor-Ready Garden, quantify relevant evidence and justify a management decision.","Investigation journal, sample IDs, balance/measurement tools where available, clean containers, quality checklist, calculator.","Use locally available baskets, clean reused food-grade containers, handmade labels, paper process cards and simple balances/measuring vessels where suitable.","1. Define the farm-to-food problem. 2. Establish sample and quality criteria. 3. Collect traceable data. 4. Quantify yield, quality class, loss or process performance as appropriate. 5. Identify a critical loss/handling point. 6. Recommend a management response.","Traceable dataset, quality/loss calculation, process map and qualified recommendation.",Define a measurable threshold that would trigger the recommended action.,"No tasting unless the school has separately approved a supervised food activity. Wash hands before and after handling produce. Use only clean, teacher-approved samples and containers. Teachers control knives, heat, electrical equipment, chemicals and any processing machinery."
FF-386,JSS 1-3,Sensor-Ready Garden,Measurement & Yield,"Analyze measurement & yield as a production and post-harvest problem in the Sensor-Ready Garden, quantify relevant evidence and justify a management decision.","Investigation journal, sample IDs, balance/measurement tools where available, clean containers, quality checklist, calculator.","Use locally available baskets, clean reused food-grade containers, handmade labels, paper process cards and simple balances/measuring vessels where suitable.","1. Define the farm-to-food problem. 2. Establish sample and quality criteria. 3. Collect traceable data. 4. Quantify yield, quality class, loss or process performance as appropriate. 5. Identify a critical loss/handling point. 6. Recommend a management response.","Traceable dataset, quality/loss calculation, process map and qualified recommendation.",Define a measurable threshold that would trigger the recommended action.,"No tasting unless the school has separately approved a supervised food activity. Wash hands before and after handling produce. Use only clean, teacher-approved samples and containers. Teachers control knives, heat, electrical equipment, chemicals and any processing machinery."
FF-387,JSS 1-3,Sensor-Ready Garden,Storage & Loss,"Analyze storage & loss as a production and post-harvest problem in the Sensor-Ready Garden, quantify relevant evidence and justify a management decision.","Investigation journal, sample IDs, balance/measurement tools where available, clean containers, quality checklist, calculator.","Use locally available baskets, clean reused food-grade containers, handmade labels, paper process cards and simple balances/measuring vessels where suitable.","1. Define the farm-to-food problem. 2. Establish sample and quality criteria. 3. Collect traceable data. 4. Quantify yield, quality class, loss or process performance as appropriate. 5. Identify a critical loss/handling point. 6. Recommend a management response.","Traceable dataset, quality/loss calculation, process map and qualified recommendation.",Define a measurable threshold that would trigger the recommended action.,"No tasting unless the school has separately approved a supervised food activity. Wash hands before and after handling produce. Use only clean, teacher-approved samples and containers. Teachers control knives, heat, electrical equipment, chemicals and any processing machinery."
FF-388,JSS 1-3,Sensor-Ready Garden,Preparation Pathway,"Analyze preparation pathway as a production and post-harvest problem in the Sensor-Ready Garden, quantify relevant evidence and justify a management decision.","Investigation journal, sample IDs, balance/measurement tools where available, clean containers, quality checklist, calculator.","Use locally available baskets, clean reused food-grade containers, handmade labels, paper process cards and simple balances/measuring vessels where suitable.","1. Define the farm-to-food problem. 2. Establish sample and quality criteria. 3. Collect traceable data. 4. Quantify yield, quality class, loss or process performance as appropriate. 5. Identify a critical loss/handling point. 6. Recommend a management response.","Traceable dataset, quality/loss calculation, process map and qualified recommendation.",Define a measurable threshold that would trigger the recommended action.,"No tasting unless the school has separately approved a supervised food activity. Wash hands before and after handling produce. Use only clean, teacher-approved samples and containers. Teachers control knives, heat, electrical equipment, chemicals and any processing machinery."
FF-389,JSS 1-3,Sensor-Ready Garden,Food Choice & Literacy,"Analyze food choice & literacy as a production and post-harvest problem in the Sensor-Ready Garden, quantify relevant evidence and justify a management decision.","Investigation journal, sample IDs, balance/measurement tools where available, clean containers, quality checklist, calculator.","Use locally available baskets, clean reused food-grade containers, handmade labels, paper process cards and simple balances/measuring vessels where suitable.","1. Define the farm-to-food problem. 2. Establish sample and quality criteria. 3. Collect traceable data. 4. Quantify yield, quality class, loss or process performance as appropriate. 5. Identify a critical loss/handling point. 6. Recommend a management response.","Traceable dataset, quality/loss calculation, process map and qualified recommendation.",Define a measurable threshold that would trigger the recommended action.,"No tasting unless the school has separately approved a supervised food activity. Wash hands before and after handling produce. Use only clean, teacher-approved samples and containers. Teachers control knives, heat, electrical equipment, chemicals and any processing machinery."
FF-390,JSS 1-3,Sensor-Ready Garden,Waste-to-Resource,"Analyze waste-to-resource as a production and post-harvest problem in the Sensor-Ready Garden, quantify relevant evidence and justify a management decision.","Investigation journal, sample IDs, balance/measurement tools where available, clean containers, quality checklist, calculator.","Use locally available baskets, clean reused food-grade containers, handmade labels, paper process cards and simple balances/measuring vessels where suitable.","1. Define the farm-to-food problem. 2. Establish sample and quality criteria. 3. Collect traceable data. 4. Quantify yield, quality class, loss or process performance as appropriate. 5. Identify a critical loss/handling point. 6. Recommend a management response.","Traceable dataset, quality/loss calculation, process map and qualified recommendation.",Define a measurable threshold that would trigger the recommended action.,"No tasting unless the school has separately approved a supervised food activity. Wash hands before and after handling produce. Use only clean, teacher-approved samples and containers. Teachers control knives, heat, electrical equipment, chemicals and any processing machinery."
FF-391,JSS 1-3,Applied Systems Garden,Food Origin,"Analyze food origin as a production and post-harvest problem in the Applied Systems Garden, quantify relevant evidence and justify a management decision.","Investigation journal, sample IDs, balance/measurement tools where available, clean containers, quality checklist, calculator.","Use locally available baskets, clean reused food-grade containers, handmade labels, paper process cards and simple balances/measuring vessels where suitable.","1. Define the farm-to-food problem. 2. Establish sample and quality criteria. 3. Collect traceable data. 4. Quantify yield, quality class, loss or process performance as appropriate. 5. Identify a critical loss/handling point. 6. Recommend a management response.","Traceable dataset, quality/loss calculation, process map and qualified recommendation.",Define a measurable threshold that would trigger the recommended action.,"No tasting unless the school has separately approved a supervised food activity. Wash hands before and after handling produce. Use only clean, teacher-approved samples and containers. Teachers control knives, heat, electrical equipment, chemicals and any processing machinery."
FF-392,JSS 1-3,Applied Systems Garden,Harvest Readiness,"Analyze harvest readiness as a production and post-harvest problem in the Applied Systems Garden, quantify relevant evidence and justify a management decision.","Investigation journal, sample IDs, balance/measurement tools where available, clean containers, quality checklist, calculator.","Use locally available baskets, clean reused food-grade containers, handmade labels, paper process cards and simple balances/measuring vessels where suitable.","1. Define the farm-to-food problem. 2. Establish sample and quality criteria. 3. Collect traceable data. 4. Quantify yield, quality class, loss or process performance as appropriate. 5. Identify a critical loss/handling point. 6. Recommend a management response.","Traceable dataset, quality/loss calculation, process map and qualified recommendation.",Define a measurable threshold that would trigger the recommended action.,"No tasting unless the school has separately approved a supervised food activity. Wash hands before and after handling produce. Use only clean, teacher-approved samples and containers. Teachers control knives, heat, electrical equipment, chemicals and any processing machinery."
FF-393,JSS 1-3,Applied Systems Garden,Safe Handling,"Analyze safe handling as a production and post-harvest problem in the Applied Systems Garden, quantify relevant evidence and justify a management decision.","Investigation journal, sample IDs, balance/measurement tools where available, clean containers, quality checklist, calculator.","Use locally available baskets, clean reused food-grade containers, handmade labels, paper process cards and simple balances/measuring vessels where suitable.","1. Define the farm-to-food problem. 2. Establish sample and quality criteria. 3. Collect traceable data. 4. Quantify yield, quality class, loss or process performance as appropriate. 5. Identify a critical loss/handling point. 6. Recommend a management response.","Traceable dataset, quality/loss calculation, process map and qualified recommendation.",Define a measurable threshold that would trigger the recommended action.,"No tasting unless the school has separately approved a supervised food activity. Wash hands before and after handling produce. Use only clean, teacher-approved samples and containers. Teachers control knives, heat, electrical equipment, chemicals and any processing machinery."
FF-394,JSS 1-3,Applied Systems Garden,Sorting & Quality,"Analyze sorting & quality as a production and post-harvest problem in the Applied Systems Garden, quantify relevant evidence and justify a management decision.","Investigation journal, sample IDs, balance/measurement tools where available, clean containers, quality checklist, calculator.","Use locally available baskets, clean reused food-grade containers, handmade labels, paper process cards and simple balances/measuring vessels where suitable.","1. Define the farm-to-food problem. 2. Establish sample and quality criteria. 3. Collect traceable data. 4. Quantify yield, quality class, loss or process performance as appropriate. 5. Identify a critical loss/handling point. 6. Recommend a management response.","Traceable dataset, quality/loss calculation, process map and qualified recommendation.",Define a measurable threshold that would trigger the recommended action.,"No tasting unless the school has separately approved a supervised food activity. Wash hands before and after handling produce. Use only clean, teacher-approved samples and containers. Teachers control knives, heat, electrical equipment, chemicals and any processing machinery."
FF-395,JSS 1-3,Applied Systems Garden,Farm-to-Food Journey,"Analyze farm-to-food journey as a production and post-harvest problem in the Applied Systems Garden, quantify relevant evidence and justify a management decision.","Investigation journal, sample IDs, balance/measurement tools where available, clean containers, quality checklist, calculator.","Use locally available baskets, clean reused food-grade containers, handmade labels, paper process cards and simple balances/measuring vessels where suitable.","1. Define the farm-to-food problem. 2. Establish sample and quality criteria. 3. Collect traceable data. 4. Quantify yield, quality class, loss or process performance as appropriate. 5. Identify a critical loss/handling point. 6. Recommend a management response.","Traceable dataset, quality/loss calculation, process map and qualified recommendation.",Define a measurable threshold that would trigger the recommended action.,"No tasting unless the school has separately approved a supervised food activity. Wash hands before and after handling produce. Use only clean, teacher-approved samples and containers. Teachers control knives, heat, electrical equipment, chemicals and any processing machinery."
FF-396,JSS 1-3,Applied Systems Garden,Measurement & Yield,"Analyze measurement & yield as a production and post-harvest problem in the Applied Systems Garden, quantify relevant evidence and justify a management decision.","Investigation journal, sample IDs, balance/measurement tools where available, clean containers, quality checklist, calculator.","Use locally available baskets, clean reused food-grade containers, handmade labels, paper process cards and simple balances/measuring vessels where suitable.","1. Define the farm-to-food problem. 2. Establish sample and quality criteria. 3. Collect traceable data. 4. Quantify yield, quality class, loss or process performance as appropriate. 5. Identify a critical loss/handling point. 6. Recommend a management response.","Traceable dataset, quality/loss calculation, process map and qualified recommendation.",Define a measurable threshold that would trigger the recommended action.,"No tasting unless the school has separately approved a supervised food activity. Wash hands before and after handling produce. Use only clean, teacher-approved samples and containers. Teachers control knives, heat, electrical equipment, chemicals and any processing machinery."
FF-397,JSS 1-3,Applied Systems Garden,Storage & Loss,"Analyze storage & loss as a production and post-harvest problem in the Applied Systems Garden, quantify relevant evidence and justify a management decision.","Investigation journal, sample IDs, balance/measurement tools where available, clean containers, quality checklist, calculator.","Use locally available baskets, clean reused food-grade containers, handmade labels, paper process cards and simple balances/measuring vessels where suitable.","1. Define the farm-to-food problem. 2. Establish sample and quality criteria. 3. Collect traceable data. 4. Quantify yield, quality class, loss or process performance as appropriate. 5. Identify a critical loss/handling point. 6. Recommend a management response.","Traceable dataset, quality/loss calculation, process map and qualified recommendation.",Define a measurable threshold that would trigger the recommended action.,"No tasting unless the school has separately approved a supervised food activity. Wash hands before and after handling produce. Use only clean, teacher-approved samples and containers. Teachers control knives, heat, electrical equipment, chemicals and any processing machinery."
FF-398,JSS 1-3,Applied Systems Garden,Preparation Pathway,"Analyze preparation pathway as a production and post-harvest problem in the Applied Systems Garden, quantify relevant evidence and justify a management decision.","Investigation journal, sample IDs, balance/measurement tools where available, clean containers, quality checklist, calculator.","Use locally available baskets, clean reused food-grade containers, handmade labels, paper process cards and simple balances/measuring vessels where suitable.","1. Define the farm-to-food problem. 2. Establish sample and quality criteria. 3. Collect traceable data. 4. Quantify yield, quality class, loss or process performance as appropriate. 5. Identify a critical loss/handling point. 6. Recommend a management response.","Traceable dataset, quality/loss calculation, process map and qualified recommendation.",Define a measurable threshold that would trigger the recommended action.,"No tasting unless the school has separately approved a supervised food activity. Wash hands before and after handling produce. Use only clean, teacher-approved samples and containers. Teachers control knives, heat, electrical equipment, chemicals and any processing machinery."
FF-399,JSS 1-3,Applied Systems Garden,Food Choice & Literacy,"Analyze food choice & literacy as a production and post-harvest problem in the Applied Systems Garden, quantify relevant evidence and justify a management decision.","Investigation journal, sample IDs, balance/measurement tools where available, clean containers, quality checklist, calculator.","Use locally available baskets, clean reused food-grade containers, handmade labels, paper process cards and simple balances/measuring vessels where suitable.","1. Define the farm-to-food problem. 2. Establish sample and quality criteria. 3. Collect traceable data. 4. Quantify yield, quality class, loss or process performance as appropriate. 5. Identify a critical loss/handling point. 6. Recommend a management response.","Traceable dataset, quality/loss calculation, process map and qualified recommendation.",Define a measurable threshold that would trigger the recommended action.,"No tasting unless the school has separately approved a supervised food activity. Wash hands before and after handling produce. Use only clean, teacher-approved samples and containers. Teachers control knives, heat, electrical equipment, chemicals and any processing machinery."
FF-400,JSS 1-3,Applied Systems Garden,Waste-to-Resource,"Analyze waste-to-resource as a production and post-harvest problem in the Applied Systems Garden, quantify relevant evidence and justify a management decision.","Investigation journal, sample IDs, balance/measurement tools where available, clean containers, quality checklist, calculator.","Use locally available baskets, clean reused food-grade containers, handmade labels, paper process cards and simple balances/measuring vessels where suitable.","1. Define the farm-to-food problem. 2. Establish sample and quality criteria. 3. Collect traceable data. 4. Quantify yield, quality class, loss or process performance as appropriate. 5. Identify a critical loss/handling point. 6. Recommend a management response.","Traceable dataset, quality/loss calculation, process map and qualified recommendation.",Define a measurable threshold that would trigger the recommended action.,"No tasting unless the school has separately approved a supervised food activity. Wash hands before and after handling produce. Use only clean, teacher-approved samples and containers. Teachers control knives, heat, electrical equipment, chemicals and any processing machinery."
FF-401,SSS 1-3,Advanced Production Garden,Food Origin,"Evaluate food origin as part of the Advanced Production Garden food-system chain, integrating production, quality, process efficiency, safety constraints and design decisions.","Research journal, system/process map, measurement instruments, quality records, calculator/computer where available, clean handling materials.","Use locally available baskets, clean reused food-grade containers, handmade labels, paper process cards and simple balances/measuring vessels where suitable.","1. Define system boundary and performance objective. 2. Map the product/material flow. 3. Quantify a production, quality, loss, storage or process metric. 4. Identify bottleneck and uncertainty. 5. Compare two management/design scenarios. 6. Recommend an optimization with acceptance criteria.","Process-flow diagram, quantitative metric, scenario comparison, uncertainty note and defensible recommendation.",Propose a next-stage test or prototype that improves farm-to-food performance without weakening safety.,"No tasting unless the school has separately approved a supervised food activity. Wash hands before and after handling produce. Use only clean, teacher-approved samples and containers. Teachers control knives, heat, electrical equipment, chemicals and any processing machinery."
FF-402,SSS 1-3,Advanced Production Garden,Harvest Readiness,"Evaluate harvest readiness as part of the Advanced Production Garden food-system chain, integrating production, quality, process efficiency, safety constraints and design decisions.","Research journal, system/process map, measurement instruments, quality records, calculator/computer where available, clean handling materials.","Use locally available baskets, clean reused food-grade containers, handmade labels, paper process cards and simple balances/measuring vessels where suitable.","1. Define system boundary and performance objective. 2. Map the product/material flow. 3. Quantify a production, quality, loss, storage or process metric. 4. Identify bottleneck and uncertainty. 5. Compare two management/design scenarios. 6. Recommend an optimization with acceptance criteria.","Process-flow diagram, quantitative metric, scenario comparison, uncertainty note and defensible recommendation.",Propose a next-stage test or prototype that improves farm-to-food performance without weakening safety.,"No tasting unless the school has separately approved a supervised food activity. Wash hands before and after handling produce. Use only clean, teacher-approved samples and containers. Teachers control knives, heat, electrical equipment, chemicals and any processing machinery."
FF-403,SSS 1-3,Advanced Production Garden,Safe Handling,"Evaluate safe handling as part of the Advanced Production Garden food-system chain, integrating production, quality, process efficiency, safety constraints and design decisions.","Research journal, system/process map, measurement instruments, quality records, calculator/computer where available, clean handling materials.","Use locally available baskets, clean reused food-grade containers, handmade labels, paper process cards and simple balances/measuring vessels where suitable.","1. Define system boundary and performance objective. 2. Map the product/material flow. 3. Quantify a production, quality, loss, storage or process metric. 4. Identify bottleneck and uncertainty. 5. Compare two management/design scenarios. 6. Recommend an optimization with acceptance criteria.","Process-flow diagram, quantitative metric, scenario comparison, uncertainty note and defensible recommendation.",Propose a next-stage test or prototype that improves farm-to-food performance without weakening safety.,"No tasting unless the school has separately approved a supervised food activity. Wash hands before and after handling produce. Use only clean, teacher-approved samples and containers. Teachers control knives, heat, electrical equipment, chemicals and any processing machinery."
FF-404,SSS 1-3,Advanced Production Garden,Sorting & Quality,"Evaluate sorting & quality as part of the Advanced Production Garden food-system chain, integrating production, quality, process efficiency, safety constraints and design decisions.","Research journal, system/process map, measurement instruments, quality records, calculator/computer where available, clean handling materials.","Use locally available baskets, clean reused food-grade containers, handmade labels, paper process cards and simple balances/measuring vessels where suitable.","1. Define system boundary and performance objective. 2. Map the product/material flow. 3. Quantify a production, quality, loss, storage or process metric. 4. Identify bottleneck and uncertainty. 5. Compare two management/design scenarios. 6. Recommend an optimization with acceptance criteria.","Process-flow diagram, quantitative metric, scenario comparison, uncertainty note and defensible recommendation.",Propose a next-stage test or prototype that improves farm-to-food performance without weakening safety.,"No tasting unless the school has separately approved a supervised food activity. Wash hands before and after handling produce. Use only clean, teacher-approved samples and containers. Teachers control knives, heat, electrical equipment, chemicals and any processing machinery."
FF-405,SSS 1-3,Advanced Production Garden,Farm-to-Food Journey,"Evaluate farm-to-food journey as part of the Advanced Production Garden food-system chain, integrating production, quality, process efficiency, safety constraints and design decisions.","Research journal, system/process map, measurement instruments, quality records, calculator/computer where available, clean handling materials.","Use locally available baskets, clean reused food-grade containers, handmade labels, paper process cards and simple balances/measuring vessels where suitable.","1. Define system boundary and performance objective. 2. Map the product/material flow. 3. Quantify a production, quality, loss, storage or process metric. 4. Identify bottleneck and uncertainty. 5. Compare two management/design scenarios. 6. Recommend an optimization with acceptance criteria.","Process-flow diagram, quantitative metric, scenario comparison, uncertainty note and defensible recommendation.",Propose a next-stage test or prototype that improves farm-to-food performance without weakening safety.,"No tasting unless the school has separately approved a supervised food activity. Wash hands before and after handling produce. Use only clean, teacher-approved samples and containers. Teachers control knives, heat, electrical equipment, chemicals and any processing machinery."
FF-406,SSS 1-3,Advanced Production Garden,Measurement & Yield,"Evaluate measurement & yield as part of the Advanced Production Garden food-system chain, integrating production, quality, process efficiency, safety constraints and design decisions.","Research journal, system/process map, measurement instruments, quality records, calculator/computer where available, clean handling materials.","Use locally available baskets, clean reused food-grade containers, handmade labels, paper process cards and simple balances/measuring vessels where suitable.","1. Define system boundary and performance objective. 2. Map the product/material flow. 3. Quantify a production, quality, loss, storage or process metric. 4. Identify bottleneck and uncertainty. 5. Compare two management/design scenarios. 6. Recommend an optimization with acceptance criteria.","Process-flow diagram, quantitative metric, scenario comparison, uncertainty note and defensible recommendation.",Propose a next-stage test or prototype that improves farm-to-food performance without weakening safety.,"No tasting unless the school has separately approved a supervised food activity. Wash hands before and after handling produce. Use only clean, teacher-approved samples and containers. Teachers control knives, heat, electrical equipment, chemicals and any processing machinery."
FF-407,SSS 1-3,Advanced Production Garden,Storage & Loss,"Evaluate storage & loss as part of the Advanced Production Garden food-system chain, integrating production, quality, process efficiency, safety constraints and design decisions.","Research journal, system/process map, measurement instruments, quality records, calculator/computer where available, clean handling materials.","Use locally available baskets, clean reused food-grade containers, handmade labels, paper process cards and simple balances/measuring vessels where suitable.","1. Define system boundary and performance objective. 2. Map the product/material flow. 3. Quantify a production, quality, loss, storage or process metric. 4. Identify bottleneck and uncertainty. 5. Compare two management/design scenarios. 6. Recommend an optimization with acceptance criteria.","Process-flow diagram, quantitative metric, scenario comparison, uncertainty note and defensible recommendation.",Propose a next-stage test or prototype that improves farm-to-food performance without weakening safety.,"No tasting unless the school has separately approved a supervised food activity. Wash hands before and after handling produce. Use only clean, teacher-approved samples and containers. Teachers control knives, heat, electrical equipment, chemicals and any processing machinery."
FF-408,SSS 1-3,Advanced Production Garden,Preparation Pathway,"Evaluate preparation pathway as part of the Advanced Production Garden food-system chain, integrating production, quality, process efficiency, safety constraints and design decisions.","Research journal, system/process map, measurement instruments, quality records, calculator/computer where available, clean handling materials.","Use locally available baskets, clean reused food-grade containers, handmade labels, paper process cards and simple balances/measuring vessels where suitable.","1. Define system boundary and performance objective. 2. Map the product/material flow. 3. Quantify a production, quality, loss, storage or process metric. 4. Identify bottleneck and uncertainty. 5. Compare two management/design scenarios. 6. Recommend an optimization with acceptance criteria.","Process-flow diagram, quantitative metric, scenario comparison, uncertainty note and defensible recommendation.",Propose a next-stage test or prototype that improves farm-to-food performance without weakening safety.,"No tasting unless the school has separately approved a supervised food activity. Wash hands before and after handling produce. Use only clean, teacher-approved samples and containers. Teachers control knives, heat, electrical equipment, chemicals and any processing machinery."
FF-409,SSS 1-3,Advanced Production Garden,Food Choice & Literacy,"Evaluate food choice & literacy as part of the Advanced Production Garden food-system chain, integrating production, quality, process efficiency, safety constraints and design decisions.","Research journal, system/process map, measurement instruments, quality records, calculator/computer where available, clean handling materials.","Use locally available baskets, clean reused food-grade containers, handmade labels, paper process cards and simple balances/measuring vessels where suitable.","1. Define system boundary and performance objective. 2. Map the product/material flow. 3. Quantify a production, quality, loss, storage or process metric. 4. Identify bottleneck and uncertainty. 5. Compare two management/design scenarios. 6. Recommend an optimization with acceptance criteria.","Process-flow diagram, quantitative metric, scenario comparison, uncertainty note and defensible recommendation.",Propose a next-stage test or prototype that improves farm-to-food performance without weakening safety.,"No tasting unless the school has separately approved a supervised food activity. Wash hands before and after handling produce. Use only clean, teacher-approved samples and containers. Teachers control knives, heat, electrical equipment, chemicals and any processing machinery."
FF-410,SSS 1-3,Advanced Production Garden,Waste-to-Resource,"Evaluate waste-to-resource as part of the Advanced Production Garden food-system chain, integrating production, quality, process efficiency, safety constraints and design decisions.","Research journal, system/process map, measurement instruments, quality records, calculator/computer where available, clean handling materials.","Use locally available baskets, clean reused food-grade containers, handmade labels, paper process cards and simple balances/measuring vessels where suitable.","1. Define system boundary and performance objective. 2. Map the product/material flow. 3. Quantify a production, quality, loss, storage or process metric. 4. Identify bottleneck and uncertainty. 5. Compare two management/design scenarios. 6. Recommend an optimization with acceptance criteria.","Process-flow diagram, quantitative metric, scenario comparison, uncertainty note and defensible recommendation.",Propose a next-stage test or prototype that improves farm-to-food performance without weakening safety.,"No tasting unless the school has separately approved a supervised food activity. Wash hands before and after handling produce. Use only clean, teacher-approved samples and containers. Teachers control knives, heat, electrical equipment, chemicals and any processing machinery."
FF-411,SSS 1-3,Crop Trial Garden,Food Origin,"Evaluate food origin as part of the Crop Trial Garden food-system chain, integrating production, quality, process efficiency, safety constraints and design decisions.","Research journal, system/process map, measurement instruments, quality records, calculator/computer where available, clean handling materials.","Use locally available baskets, clean reused food-grade containers, handmade labels, paper process cards and simple balances/measuring vessels where suitable.","1. Define system boundary and performance objective. 2. Map the product/material flow. 3. Quantify a production, quality, loss, storage or process metric. 4. Identify bottleneck and uncertainty. 5. Compare two management/design scenarios. 6. Recommend an optimization with acceptance criteria.","Process-flow diagram, quantitative metric, scenario comparison, uncertainty note and defensible recommendation.",Propose a next-stage test or prototype that improves farm-to-food performance without weakening safety.,"No tasting unless the school has separately approved a supervised food activity. Wash hands before and after handling produce. Use only clean, teacher-approved samples and containers. Teachers control knives, heat, electrical equipment, chemicals and any processing machinery."
FF-412,SSS 1-3,Crop Trial Garden,Harvest Readiness,"Evaluate harvest readiness as part of the Crop Trial Garden food-system chain, integrating production, quality, process efficiency, safety constraints and design decisions.","Research journal, system/process map, measurement instruments, quality records, calculator/computer where available, clean handling materials.","Use locally available baskets, clean reused food-grade containers, handmade labels, paper process cards and simple balances/measuring vessels where suitable.","1. Define system boundary and performance objective. 2. Map the product/material flow. 3. Quantify a production, quality, loss, storage or process metric. 4. Identify bottleneck and uncertainty. 5. Compare two management/design scenarios. 6. Recommend an optimization with acceptance criteria.","Process-flow diagram, quantitative metric, scenario comparison, uncertainty note and defensible recommendation.",Propose a next-stage test or prototype that improves farm-to-food performance without weakening safety.,"No tasting unless the school has separately approved a supervised food activity. Wash hands before and after handling produce. Use only clean, teacher-approved samples and containers. Teachers control knives, heat, electrical equipment, chemicals and any processing machinery."
FF-413,SSS 1-3,Crop Trial Garden,Safe Handling,"Evaluate safe handling as part of the Crop Trial Garden food-system chain, integrating production, quality, process efficiency, safety constraints and design decisions.","Research journal, system/process map, measurement instruments, quality records, calculator/computer where available, clean handling materials.","Use locally available baskets, clean reused food-grade containers, handmade labels, paper process cards and simple balances/measuring vessels where suitable.","1. Define system boundary and performance objective. 2. Map the product/material flow. 3. Quantify a production, quality, loss, storage or process metric. 4. Identify bottleneck and uncertainty. 5. Compare two management/design scenarios. 6. Recommend an optimization with acceptance criteria.","Process-flow diagram, quantitative metric, scenario comparison, uncertainty note and defensible recommendation.",Propose a next-stage test or prototype that improves farm-to-food performance without weakening safety.,"No tasting unless the school has separately approved a supervised food activity. Wash hands before and after handling produce. Use only clean, teacher-approved samples and containers. Teachers control knives, heat, electrical equipment, chemicals and any processing machinery."
FF-414,SSS 1-3,Crop Trial Garden,Sorting & Quality,"Evaluate sorting & quality as part of the Crop Trial Garden food-system chain, integrating production, quality, process efficiency, safety constraints and design decisions.","Research journal, system/process map, measurement instruments, quality records, calculator/computer where available, clean handling materials.","Use locally available baskets, clean reused food-grade containers, handmade labels, paper process cards and simple balances/measuring vessels where suitable.","1. Define system boundary and performance objective. 2. Map the product/material flow. 3. Quantify a production, quality, loss, storage or process metric. 4. Identify bottleneck and uncertainty. 5. Compare two management/design scenarios. 6. Recommend an optimization with acceptance criteria.","Process-flow diagram, quantitative metric, scenario comparison, uncertainty note and defensible recommendation.",Propose a next-stage test or prototype that improves farm-to-food performance without weakening safety.,"No tasting unless the school has separately approved a supervised food activity. Wash hands before and after handling produce. Use only clean, teacher-approved samples and containers. Teachers control knives, heat, electrical equipment, chemicals and any processing machinery."
FF-415,SSS 1-3,Crop Trial Garden,Farm-to-Food Journey,"Evaluate farm-to-food journey as part of the Crop Trial Garden food-system chain, integrating production, quality, process efficiency, safety constraints and design decisions.","Research journal, system/process map, measurement instruments, quality records, calculator/computer where available, clean handling materials.","Use locally available baskets, clean reused food-grade containers, handmade labels, paper process cards and simple balances/measuring vessels where suitable.","1. Define system boundary and performance objective. 2. Map the product/material flow. 3. Quantify a production, quality, loss, storage or process metric. 4. Identify bottleneck and uncertainty. 5. Compare two management/design scenarios. 6. Recommend an optimization with acceptance criteria.","Process-flow diagram, quantitative metric, scenario comparison, uncertainty note and defensible recommendation.",Propose a next-stage test or prototype that improves farm-to-food performance without weakening safety.,"No tasting unless the school has separately approved a supervised food activity. Wash hands before and after handling produce. Use only clean, teacher-approved samples and containers. Teachers control knives, heat, electrical equipment, chemicals and any processing machinery."
FF-416,SSS 1-3,Crop Trial Garden,Measurement & Yield,"Evaluate measurement & yield as part of the Crop Trial Garden food-system chain, integrating production, quality, process efficiency, safety constraints and design decisions.","Research journal, system/process map, measurement instruments, quality records, calculator/computer where available, clean handling materials.","Use locally available baskets, clean reused food-grade containers, handmade labels, paper process cards and simple balances/measuring vessels where suitable.","1. Define system boundary and performance objective. 2. Map the product/material flow. 3. Quantify a production, quality, loss, storage or process metric. 4. Identify bottleneck and uncertainty. 5. Compare two management/design scenarios. 6. Recommend an optimization with acceptance criteria.","Process-flow diagram, quantitative metric, scenario comparison, uncertainty note and defensible recommendation.",Propose a next-stage test or prototype that improves farm-to-food performance without weakening safety.,"No tasting unless the school has separately approved a supervised food activity. Wash hands before and after handling produce. Use only clean, teacher-approved samples and containers. Teachers control knives, heat, electrical equipment, chemicals and any processing machinery."
FF-417,SSS 1-3,Crop Trial Garden,Storage & Loss,"Evaluate storage & loss as part of the Crop Trial Garden food-system chain, integrating production, quality, process efficiency, safety constraints and design decisions.","Research journal, system/process map, measurement instruments, quality records, calculator/computer where available, clean handling materials.","Use locally available baskets, clean reused food-grade containers, handmade labels, paper process cards and simple balances/measuring vessels where suitable.","1. Define system boundary and performance objective. 2. Map the product/material flow. 3. Quantify a production, quality, loss, storage or process metric. 4. Identify bottleneck and uncertainty. 5. Compare two management/design scenarios. 6. Recommend an optimization with acceptance criteria.","Process-flow diagram, quantitative metric, scenario comparison, uncertainty note and defensible recommendation.",Propose a next-stage test or prototype that improves farm-to-food performance without weakening safety.,"No tasting unless the school has separately approved a supervised food activity. Wash hands before and after handling produce. Use only clean, teacher-approved samples and containers. Teachers control knives, heat, electrical equipment, chemicals and any processing machinery."
FF-418,SSS 1-3,Crop Trial Garden,Preparation Pathway,"Evaluate preparation pathway as part of the Crop Trial Garden food-system chain, integrating production, quality, process efficiency, safety constraints and design decisions.","Research journal, system/process map, measurement instruments, quality records, calculator/computer where available, clean handling materials.","Use locally available baskets, clean reused food-grade containers, handmade labels, paper process cards and simple balances/measuring vessels where suitable.","1. Define system boundary and performance objective. 2. Map the product/material flow. 3. Quantify a production, quality, loss, storage or process metric. 4. Identify bottleneck and uncertainty. 5. Compare two management/design scenarios. 6. Recommend an optimization with acceptance criteria.","Process-flow diagram, quantitative metric, scenario comparison, uncertainty note and defensible recommendation.",Propose a next-stage test or prototype that improves farm-to-food performance without weakening safety.,"No tasting unless the school has separately approved a supervised food activity. Wash hands before and after handling produce. Use only clean, teacher-approved samples and containers. Teachers control knives, heat, electrical equipment, chemicals and any processing machinery."
FF-419,SSS 1-3,Crop Trial Garden,Food Choice & Literacy,"Evaluate food choice & literacy as part of the Crop Trial Garden food-system chain, integrating production, quality, process efficiency, safety constraints and design decisions.","Research journal, system/process map, measurement instruments, quality records, calculator/computer where available, clean handling materials.","Use locally available baskets, clean reused food-grade containers, handmade labels, paper process cards and simple balances/measuring vessels where suitable.","1. Define system boundary and performance objective. 2. Map the product/material flow. 3. Quantify a production, quality, loss, storage or process metric. 4. Identify bottleneck and uncertainty. 5. Compare two management/design scenarios. 6. Recommend an optimization with acceptance criteria.","Process-flow diagram, quantitative metric, scenario comparison, uncertainty note and defensible recommendation.",Propose a next-stage test or prototype that improves farm-to-food performance without weakening safety.,"No tasting unless the school has separately approved a supervised food activity. Wash hands before and after handling produce. Use only clean, teacher-approved samples and containers. Teachers control knives, heat, electrical equipment, chemicals and any processing machinery."
FF-420,SSS 1-3,Crop Trial Garden,Waste-to-Resource,"Evaluate waste-to-resource as part of the Crop Trial Garden food-system chain, integrating production, quality, process efficiency, safety constraints and design decisions.","Research journal, system/process map, measurement instruments, quality records, calculator/computer where available, clean handling materials.","Use locally available baskets, clean reused food-grade containers, handmade labels, paper process cards and simple balances/measuring vessels where suitable.","1. Define system boundary and performance objective. 2. Map the product/material flow. 3. Quantify a production, quality, loss, storage or process metric. 4. Identify bottleneck and uncertainty. 5. Compare two management/design scenarios. 6. Recommend an optimization with acceptance criteria.","Process-flow diagram, quantitative metric, scenario comparison, uncertainty note and defensible recommendation.",Propose a next-stage test or prototype that improves farm-to-food performance without weakening safety.,"No tasting unless the school has separately approved a supervised food activity. Wash hands before and after handling produce. Use only clean, teacher-approved samples and containers. Teachers control knives, heat, electrical equipment, chemicals and any processing machinery."
FF-421,SSS 1-3,Controlled Experiment Garden,Food Origin,"Evaluate food origin as part of the Controlled Experiment Garden food-system chain, integrating production, quality, process efficiency, safety constraints and design decisions.","Research journal, system/process map, measurement instruments, quality records, calculator/computer where available, clean handling materials.","Use locally available baskets, clean reused food-grade containers, handmade labels, paper process cards and simple balances/measuring vessels where suitable.","1. Define system boundary and performance objective. 2. Map the product/material flow. 3. Quantify a production, quality, loss, storage or process metric. 4. Identify bottleneck and uncertainty. 5. Compare two management/design scenarios. 6. Recommend an optimization with acceptance criteria.","Process-flow diagram, quantitative metric, scenario comparison, uncertainty note and defensible recommendation.",Propose a next-stage test or prototype that improves farm-to-food performance without weakening safety.,"No tasting unless the school has separately approved a supervised food activity. Wash hands before and after handling produce. Use only clean, teacher-approved samples and containers. Teachers control knives, heat, electrical equipment, chemicals and any processing machinery."
FF-422,SSS 1-3,Controlled Experiment Garden,Harvest Readiness,"Evaluate harvest readiness as part of the Controlled Experiment Garden food-system chain, integrating production, quality, process efficiency, safety constraints and design decisions.","Research journal, system/process map, measurement instruments, quality records, calculator/computer where available, clean handling materials.","Use locally available baskets, clean reused food-grade containers, handmade labels, paper process cards and simple balances/measuring vessels where suitable.","1. Define system boundary and performance objective. 2. Map the product/material flow. 3. Quantify a production, quality, loss, storage or process metric. 4. Identify bottleneck and uncertainty. 5. Compare two management/design scenarios. 6. Recommend an optimization with acceptance criteria.","Process-flow diagram, quantitative metric, scenario comparison, uncertainty note and defensible recommendation.",Propose a next-stage test or prototype that improves farm-to-food performance without weakening safety.,"No tasting unless the school has separately approved a supervised food activity. Wash hands before and after handling produce. Use only clean, teacher-approved samples and containers. Teachers control knives, heat, electrical equipment, chemicals and any processing machinery."
FF-423,SSS 1-3,Controlled Experiment Garden,Safe Handling,"Evaluate safe handling as part of the Controlled Experiment Garden food-system chain, integrating production, quality, process efficiency, safety constraints and design decisions.","Research journal, system/process map, measurement instruments, quality records, calculator/computer where available, clean handling materials.","Use locally available baskets, clean reused food-grade containers, handmade labels, paper process cards and simple balances/measuring vessels where suitable.","1. Define system boundary and performance objective. 2. Map the product/material flow. 3. Quantify a production, quality, loss, storage or process metric. 4. Identify bottleneck and uncertainty. 5. Compare two management/design scenarios. 6. Recommend an optimization with acceptance criteria.","Process-flow diagram, quantitative metric, scenario comparison, uncertainty note and defensible recommendation.",Propose a next-stage test or prototype that improves farm-to-food performance without weakening safety.,"No tasting unless the school has separately approved a supervised food activity. Wash hands before and after handling produce. Use only clean, teacher-approved samples and containers. Teachers control knives, heat, electrical equipment, chemicals and any processing machinery."
FF-424,SSS 1-3,Controlled Experiment Garden,Sorting & Quality,"Evaluate sorting & quality as part of the Controlled Experiment Garden food-system chain, integrating production, quality, process efficiency, safety constraints and design decisions.","Research journal, system/process map, measurement instruments, quality records, calculator/computer where available, clean handling materials.","Use locally available baskets, clean reused food-grade containers, handmade labels, paper process cards and simple balances/measuring vessels where suitable.","1. Define system boundary and performance objective. 2. Map the product/material flow. 3. Quantify a production, quality, loss, storage or process metric. 4. Identify bottleneck and uncertainty. 5. Compare two management/design scenarios. 6. Recommend an optimization with acceptance criteria.","Process-flow diagram, quantitative metric, scenario comparison, uncertainty note and defensible recommendation.",Propose a next-stage test or prototype that improves farm-to-food performance without weakening safety.,"No tasting unless the school has separately approved a supervised food activity. Wash hands before and after handling produce. Use only clean, teacher-approved samples and containers. Teachers control knives, heat, electrical equipment, chemicals and any processing machinery."
FF-425,SSS 1-3,Controlled Experiment Garden,Farm-to-Food Journey,"Evaluate farm-to-food journey as part of the Controlled Experiment Garden food-system chain, integrating production, quality, process efficiency, safety constraints and design decisions.","Research journal, system/process map, measurement instruments, quality records, calculator/computer where available, clean handling materials.","Use locally available baskets, clean reused food-grade containers, handmade labels, paper process cards and simple balances/measuring vessels where suitable.","1. Define system boundary and performance objective. 2. Map the product/material flow. 3. Quantify a production, quality, loss, storage or process metric. 4. Identify bottleneck and uncertainty. 5. Compare two management/design scenarios. 6. Recommend an optimization with acceptance criteria.","Process-flow diagram, quantitative metric, scenario comparison, uncertainty note and defensible recommendation.",Propose a next-stage test or prototype that improves farm-to-food performance without weakening safety.,"No tasting unless the school has separately approved a supervised food activity. Wash hands before and after handling produce. Use only clean, teacher-approved samples and containers. Teachers control knives, heat, electrical equipment, chemicals and any processing machinery."
FF-426,SSS 1-3,Controlled Experiment Garden,Measurement & Yield,"Evaluate measurement & yield as part of the Controlled Experiment Garden food-system chain, integrating production, quality, process efficiency, safety constraints and design decisions.","Research journal, system/process map, measurement instruments, quality records, calculator/computer where available, clean handling materials.","Use locally available baskets, clean reused food-grade containers, handmade labels, paper process cards and simple balances/measuring vessels where suitable.","1. Define system boundary and performance objective. 2. Map the product/material flow. 3. Quantify a production, quality, loss, storage or process metric. 4. Identify bottleneck and uncertainty. 5. Compare two management/design scenarios. 6. Recommend an optimization with acceptance criteria.","Process-flow diagram, quantitative metric, scenario comparison, uncertainty note and defensible recommendation.",Propose a next-stage test or prototype that improves farm-to-food performance without weakening safety.,"No tasting unless the school has separately approved a supervised food activity. Wash hands before and after handling produce. Use only clean, teacher-approved samples and containers. Teachers control knives, heat, electrical equipment, chemicals and any processing machinery."
FF-427,SSS 1-3,Controlled Experiment Garden,Storage & Loss,"Evaluate storage & loss as part of the Controlled Experiment Garden food-system chain, integrating production, quality, process efficiency, safety constraints and design decisions.","Research journal, system/process map, measurement instruments, quality records, calculator/computer where available, clean handling materials.","Use locally available baskets, clean reused food-grade containers, handmade labels, paper process cards and simple balances/measuring vessels where suitable.","1. Define system boundary and performance objective. 2. Map the product/material flow. 3. Quantify a production, quality, loss, storage or process metric. 4. Identify bottleneck and uncertainty. 5. Compare two management/design scenarios. 6. Recommend an optimization with acceptance criteria.","Process-flow diagram, quantitative metric, scenario comparison, uncertainty note and defensible recommendation.",Propose a next-stage test or prototype that improves farm-to-food performance without weakening safety.,"No tasting unless the school has separately approved a supervised food activity. Wash hands before and after handling produce. Use only clean, teacher-approved samples and containers. Teachers control knives, heat, electrical equipment, chemicals and any processing machinery."
FF-428,SSS 1-3,Controlled Experiment Garden,Preparation Pathway,"Evaluate preparation pathway as part of the Controlled Experiment Garden food-system chain, integrating production, quality, process efficiency, safety constraints and design decisions.","Research journal, system/process map, measurement instruments, quality records, calculator/computer where available, clean handling materials.","Use locally available baskets, clean reused food-grade containers, handmade labels, paper process cards and simple balances/measuring vessels where suitable.","1. Define system boundary and performance objective. 2. Map the product/material flow. 3. Quantify a production, quality, loss, storage or process metric. 4. Identify bottleneck and uncertainty. 5. Compare two management/design scenarios. 6. Recommend an optimization with acceptance criteria.","Process-flow diagram, quantitative metric, scenario comparison, uncertainty note and defensible recommendation.",Propose a next-stage test or prototype that improves farm-to-food performance without weakening safety.,"No tasting unless the school has separately approved a supervised food activity. Wash hands before and after handling produce. Use only clean, teacher-approved samples and containers. Teachers control knives, heat, electrical equipment, chemicals and any processing machinery."
FF-429,SSS 1-3,Controlled Experiment Garden,Food Choice & Literacy,"Evaluate food choice & literacy as part of the Controlled Experiment Garden food-system chain, integrating production, quality, process efficiency, safety constraints and design decisions.","Research journal, system/process map, measurement instruments, quality records, calculator/computer where available, clean handling materials.","Use locally available baskets, clean reused food-grade containers, handmade labels, paper process cards and simple balances/measuring vessels where suitable.","1. Define system boundary and performance objective. 2. Map the product/material flow. 3. Quantify a production, quality, loss, storage or process metric. 4. Identify bottleneck and uncertainty. 5. Compare two management/design scenarios. 6. Recommend an optimization with acceptance criteria.","Process-flow diagram, quantitative metric, scenario comparison, uncertainty note and defensible recommendation.",Propose a next-stage test or prototype that improves farm-to-food performance without weakening safety.,"No tasting unless the school has separately approved a supervised food activity. Wash hands before and after handling produce. Use only clean, teacher-approved samples and containers. Teachers control knives, heat, electrical equipment, chemicals and any processing machinery."
FF-430,SSS 1-3,Controlled Experiment Garden,Waste-to-Resource,"Evaluate waste-to-resource as part of the Controlled Experiment Garden food-system chain, integrating production, quality, process efficiency, safety constraints and design decisions.","Research journal, system/process map, measurement instruments, quality records, calculator/computer where available, clean handling materials.","Use locally available baskets, clean reused food-grade containers, handmade labels, paper process cards and simple balances/measuring vessels where suitable.","1. Define system boundary and performance objective. 2. Map the product/material flow. 3. Quantify a production, quality, loss, storage or process metric. 4. Identify bottleneck and uncertainty. 5. Compare two management/design scenarios. 6. Recommend an optimization with acceptance criteria.","Process-flow diagram, quantitative metric, scenario comparison, uncertainty note and defensible recommendation.",Propose a next-stage test or prototype that improves farm-to-food performance without weakening safety.,"No tasting unless the school has separately approved a supervised food activity. Wash hands before and after handling produce. Use only clean, teacher-approved samples and containers. Teachers control knives, heat, electrical equipment, chemicals and any processing machinery."
FF-431,SSS 1-3,Irrigation Engineering Garden,Food Origin,"Evaluate food origin as part of the Irrigation Engineering Garden food-system chain, integrating production, quality, process efficiency, safety constraints and design decisions.","Research journal, system/process map, measurement instruments, quality records, calculator/computer where available, clean handling materials.","Use locally available baskets, clean reused food-grade containers, handmade labels, paper process cards and simple balances/measuring vessels where suitable.","1. Define system boundary and performance objective. 2. Map the product/material flow. 3. Quantify a production, quality, loss, storage or process metric. 4. Identify bottleneck and uncertainty. 5. Compare two management/design scenarios. 6. Recommend an optimization with acceptance criteria.","Process-flow diagram, quantitative metric, scenario comparison, uncertainty note and defensible recommendation.",Propose a next-stage test or prototype that improves farm-to-food performance without weakening safety.,"No tasting unless the school has separately approved a supervised food activity. Wash hands before and after handling produce. Use only clean, teacher-approved samples and containers. Teachers control knives, heat, electrical equipment, chemicals and any processing machinery."
FF-432,SSS 1-3,Irrigation Engineering Garden,Harvest Readiness,"Evaluate harvest readiness as part of the Irrigation Engineering Garden food-system chain, integrating production, quality, process efficiency, safety constraints and design decisions.","Research journal, system/process map, measurement instruments, quality records, calculator/computer where available, clean handling materials.","Use locally available baskets, clean reused food-grade containers, handmade labels, paper process cards and simple balances/measuring vessels where suitable.","1. Define system boundary and performance objective. 2. Map the product/material flow. 3. Quantify a production, quality, loss, storage or process metric. 4. Identify bottleneck and uncertainty. 5. Compare two management/design scenarios. 6. Recommend an optimization with acceptance criteria.","Process-flow diagram, quantitative metric, scenario comparison, uncertainty note and defensible recommendation.",Propose a next-stage test or prototype that improves farm-to-food performance without weakening safety.,"No tasting unless the school has separately approved a supervised food activity. Wash hands before and after handling produce. Use only clean, teacher-approved samples and containers. Teachers control knives, heat, electrical equipment, chemicals and any processing machinery."
FF-433,SSS 1-3,Irrigation Engineering Garden,Safe Handling,"Evaluate safe handling as part of the Irrigation Engineering Garden food-system chain, integrating production, quality, process efficiency, safety constraints and design decisions.","Research journal, system/process map, measurement instruments, quality records, calculator/computer where available, clean handling materials.","Use locally available baskets, clean reused food-grade containers, handmade labels, paper process cards and simple balances/measuring vessels where suitable.","1. Define system boundary and performance objective. 2. Map the product/material flow. 3. Quantify a production, quality, loss, storage or process metric. 4. Identify bottleneck and uncertainty. 5. Compare two management/design scenarios. 6. Recommend an optimization with acceptance criteria.","Process-flow diagram, quantitative metric, scenario comparison, uncertainty note and defensible recommendation.",Propose a next-stage test or prototype that improves farm-to-food performance without weakening safety.,"No tasting unless the school has separately approved a supervised food activity. Wash hands before and after handling produce. Use only clean, teacher-approved samples and containers. Teachers control knives, heat, electrical equipment, chemicals and any processing machinery."
FF-434,SSS 1-3,Irrigation Engineering Garden,Sorting & Quality,"Evaluate sorting & quality as part of the Irrigation Engineering Garden food-system chain, integrating production, quality, process efficiency, safety constraints and design decisions.","Research journal, system/process map, measurement instruments, quality records, calculator/computer where available, clean handling materials.","Use locally available baskets, clean reused food-grade containers, handmade labels, paper process cards and simple balances/measuring vessels where suitable.","1. Define system boundary and performance objective. 2. Map the product/material flow. 3. Quantify a production, quality, loss, storage or process metric. 4. Identify bottleneck and uncertainty. 5. Compare two management/design scenarios. 6. Recommend an optimization with acceptance criteria.","Process-flow diagram, quantitative metric, scenario comparison, uncertainty note and defensible recommendation.",Propose a next-stage test or prototype that improves farm-to-food performance without weakening safety.,"No tasting unless the school has separately approved a supervised food activity. Wash hands before and after handling produce. Use only clean, teacher-approved samples and containers. Teachers control knives, heat, electrical equipment, chemicals and any processing machinery."
FF-435,SSS 1-3,Irrigation Engineering Garden,Farm-to-Food Journey,"Evaluate farm-to-food journey as part of the Irrigation Engineering Garden food-system chain, integrating production, quality, process efficiency, safety constraints and design decisions.","Research journal, system/process map, measurement instruments, quality records, calculator/computer where available, clean handling materials.","Use locally available baskets, clean reused food-grade containers, handmade labels, paper process cards and simple balances/measuring vessels where suitable.","1. Define system boundary and performance objective. 2. Map the product/material flow. 3. Quantify a production, quality, loss, storage or process metric. 4. Identify bottleneck and uncertainty. 5. Compare two management/design scenarios. 6. Recommend an optimization with acceptance criteria.","Process-flow diagram, quantitative metric, scenario comparison, uncertainty note and defensible recommendation.",Propose a next-stage test or prototype that improves farm-to-food performance without weakening safety.,"No tasting unless the school has separately approved a supervised food activity. Wash hands before and after handling produce. Use only clean, teacher-approved samples and containers. Teachers control knives, heat, electrical equipment, chemicals and any processing machinery."
FF-436,SSS 1-3,Irrigation Engineering Garden,Measurement & Yield,"Evaluate measurement & yield as part of the Irrigation Engineering Garden food-system chain, integrating production, quality, process efficiency, safety constraints and design decisions.","Research journal, system/process map, measurement instruments, quality records, calculator/computer where available, clean handling materials.","Use locally available baskets, clean reused food-grade containers, handmade labels, paper process cards and simple balances/measuring vessels where suitable.","1. Define system boundary and performance objective. 2. Map the product/material flow. 3. Quantify a production, quality, loss, storage or process metric. 4. Identify bottleneck and uncertainty. 5. Compare two management/design scenarios. 6. Recommend an optimization with acceptance criteria.","Process-flow diagram, quantitative metric, scenario comparison, uncertainty note and defensible recommendation.",Propose a next-stage test or prototype that improves farm-to-food performance without weakening safety.,"No tasting unless the school has separately approved a supervised food activity. Wash hands before and after handling produce. Use only clean, teacher-approved samples and containers. Teachers control knives, heat, electrical equipment, chemicals and any processing machinery."
FF-437,SSS 1-3,Irrigation Engineering Garden,Storage & Loss,"Evaluate storage & loss as part of the Irrigation Engineering Garden food-system chain, integrating production, quality, process efficiency, safety constraints and design decisions.","Research journal, system/process map, measurement instruments, quality records, calculator/computer where available, clean handling materials.","Use locally available baskets, clean reused food-grade containers, handmade labels, paper process cards and simple balances/measuring vessels where suitable.","1. Define system boundary and performance objective. 2. Map the product/material flow. 3. Quantify a production, quality, loss, storage or process metric. 4. Identify bottleneck and uncertainty. 5. Compare two management/design scenarios. 6. Recommend an optimization with acceptance criteria.","Process-flow diagram, quantitative metric, scenario comparison, uncertainty note and defensible recommendation.",Propose a next-stage test or prototype that improves farm-to-food performance without weakening safety.,"No tasting unless the school has separately approved a supervised food activity. Wash hands before and after handling produce. Use only clean, teacher-approved samples and containers. Teachers control knives, heat, electrical equipment, chemicals and any processing machinery."
FF-438,SSS 1-3,Irrigation Engineering Garden,Preparation Pathway,"Evaluate preparation pathway as part of the Irrigation Engineering Garden food-system chain, integrating production, quality, process efficiency, safety constraints and design decisions.","Research journal, system/process map, measurement instruments, quality records, calculator/computer where available, clean handling materials.","Use locally available baskets, clean reused food-grade containers, handmade labels, paper process cards and simple balances/measuring vessels where suitable.","1. Define system boundary and performance objective. 2. Map the product/material flow. 3. Quantify a production, quality, loss, storage or process metric. 4. Identify bottleneck and uncertainty. 5. Compare two management/design scenarios. 6. Recommend an optimization with acceptance criteria.","Process-flow diagram, quantitative metric, scenario comparison, uncertainty note and defensible recommendation.",Propose a next-stage test or prototype that improves farm-to-food performance without weakening safety.,"No tasting unless the school has separately approved a supervised food activity. Wash hands before and after handling produce. Use only clean, teacher-approved samples and containers. Teachers control knives, heat, electrical equipment, chemicals and any processing machinery."
FF-439,SSS 1-3,Irrigation Engineering Garden,Food Choice & Literacy,"Evaluate food choice & literacy as part of the Irrigation Engineering Garden food-system chain, integrating production, quality, process efficiency, safety constraints and design decisions.","Research journal, system/process map, measurement instruments, quality records, calculator/computer where available, clean handling materials.","Use locally available baskets, clean reused food-grade containers, handmade labels, paper process cards and simple balances/measuring vessels where suitable.","1. Define system boundary and performance objective. 2. Map the product/material flow. 3. Quantify a production, quality, loss, storage or process metric. 4. Identify bottleneck and uncertainty. 5. Compare two management/design scenarios. 6. Recommend an optimization with acceptance criteria.","Process-flow diagram, quantitative metric, scenario comparison, uncertainty note and defensible recommendation.",Propose a next-stage test or prototype that improves farm-to-food performance without weakening safety.,"No tasting unless the school has separately approved a supervised food activity. Wash hands before and after handling produce. Use only clean, teacher-approved samples and containers. Teachers control knives, heat, electrical equipment, chemicals and any processing machinery."
FF-440,SSS 1-3,Irrigation Engineering Garden,Waste-to-Resource,"Evaluate waste-to-resource as part of the Irrigation Engineering Garden food-system chain, integrating production, quality, process efficiency, safety constraints and design decisions.","Research journal, system/process map, measurement instruments, quality records, calculator/computer where available, clean handling materials.","Use locally available baskets, clean reused food-grade containers, handmade labels, paper process cards and simple balances/measuring vessels where suitable.","1. Define system boundary and performance objective. 2. Map the product/material flow. 3. Quantify a production, quality, loss, storage or process metric. 4. Identify bottleneck and uncertainty. 5. Compare two management/design scenarios. 6. Recommend an optimization with acceptance criteria.","Process-flow diagram, quantitative metric, scenario comparison, uncertainty note and defensible recommendation.",Propose a next-stage test or prototype that improves farm-to-food performance without weakening safety.,"No tasting unless the school has separately approved a supervised food activity. Wash hands before and after handling produce. Use only clean, teacher-approved samples and containers. Teachers control knives, heat, electrical equipment, chemicals and any processing machinery."
FF-441,SSS 1-3,Water Productivity Garden,Food Origin,"Evaluate food origin as part of the Water Productivity Garden food-system chain, integrating production, quality, process efficiency, safety constraints and design decisions.","Research journal, system/process map, measurement instruments, quality records, calculator/computer where available, clean handling materials.","Use locally available baskets, clean reused food-grade containers, handmade labels, paper process cards and simple balances/measuring vessels where suitable.","1. Define system boundary and performance objective. 2. Map the product/material flow. 3. Quantify a production, quality, loss, storage or process metric. 4. Identify bottleneck and uncertainty. 5. Compare two management/design scenarios. 6. Recommend an optimization with acceptance criteria.","Process-flow diagram, quantitative metric, scenario comparison, uncertainty note and defensible recommendation.",Propose a next-stage test or prototype that improves farm-to-food performance without weakening safety.,"No tasting unless the school has separately approved a supervised food activity. Wash hands before and after handling produce. Use only clean, teacher-approved samples and containers. Teachers control knives, heat, electrical equipment, chemicals and any processing machinery."
FF-442,SSS 1-3,Water Productivity Garden,Harvest Readiness,"Evaluate harvest readiness as part of the Water Productivity Garden food-system chain, integrating production, quality, process efficiency, safety constraints and design decisions.","Research journal, system/process map, measurement instruments, quality records, calculator/computer where available, clean handling materials.","Use locally available baskets, clean reused food-grade containers, handmade labels, paper process cards and simple balances/measuring vessels where suitable.","1. Define system boundary and performance objective. 2. Map the product/material flow. 3. Quantify a production, quality, loss, storage or process metric. 4. Identify bottleneck and uncertainty. 5. Compare two management/design scenarios. 6. Recommend an optimization with acceptance criteria.","Process-flow diagram, quantitative metric, scenario comparison, uncertainty note and defensible recommendation.",Propose a next-stage test or prototype that improves farm-to-food performance without weakening safety.,"No tasting unless the school has separately approved a supervised food activity. Wash hands before and after handling produce. Use only clean, teacher-approved samples and containers. Teachers control knives, heat, electrical equipment, chemicals and any processing machinery."
FF-443,SSS 1-3,Water Productivity Garden,Safe Handling,"Evaluate safe handling as part of the Water Productivity Garden food-system chain, integrating production, quality, process efficiency, safety constraints and design decisions.","Research journal, system/process map, measurement instruments, quality records, calculator/computer where available, clean handling materials.","Use locally available baskets, clean reused food-grade containers, handmade labels, paper process cards and simple balances/measuring vessels where suitable.","1. Define system boundary and performance objective. 2. Map the product/material flow. 3. Quantify a production, quality, loss, storage or process metric. 4. Identify bottleneck and uncertainty. 5. Compare two management/design scenarios. 6. Recommend an optimization with acceptance criteria.","Process-flow diagram, quantitative metric, scenario comparison, uncertainty note and defensible recommendation.",Propose a next-stage test or prototype that improves farm-to-food performance without weakening safety.,"No tasting unless the school has separately approved a supervised food activity. Wash hands before and after handling produce. Use only clean, teacher-approved samples and containers. Teachers control knives, heat, electrical equipment, chemicals and any processing machinery."
FF-444,SSS 1-3,Water Productivity Garden,Sorting & Quality,"Evaluate sorting & quality as part of the Water Productivity Garden food-system chain, integrating production, quality, process efficiency, safety constraints and design decisions.","Research journal, system/process map, measurement instruments, quality records, calculator/computer where available, clean handling materials.","Use locally available baskets, clean reused food-grade containers, handmade labels, paper process cards and simple balances/measuring vessels where suitable.","1. Define system boundary and performance objective. 2. Map the product/material flow. 3. Quantify a production, quality, loss, storage or process metric. 4. Identify bottleneck and uncertainty. 5. Compare two management/design scenarios. 6. Recommend an optimization with acceptance criteria.","Process-flow diagram, quantitative metric, scenario comparison, uncertainty note and defensible recommendation.",Propose a next-stage test or prototype that improves farm-to-food performance without weakening safety.,"No tasting unless the school has separately approved a supervised food activity. Wash hands before and after handling produce. Use only clean, teacher-approved samples and containers. Teachers control knives, heat, electrical equipment, chemicals and any processing machinery."
FF-445,SSS 1-3,Water Productivity Garden,Farm-to-Food Journey,"Evaluate farm-to-food journey as part of the Water Productivity Garden food-system chain, integrating production, quality, process efficiency, safety constraints and design decisions.","Research journal, system/process map, measurement instruments, quality records, calculator/computer where available, clean handling materials.","Use locally available baskets, clean reused food-grade containers, handmade labels, paper process cards and simple balances/measuring vessels where suitable.","1. Define system boundary and performance objective. 2. Map the product/material flow. 3. Quantify a production, quality, loss, storage or process metric. 4. Identify bottleneck and uncertainty. 5. Compare two management/design scenarios. 6. Recommend an optimization with acceptance criteria.","Process-flow diagram, quantitative metric, scenario comparison, uncertainty note and defensible recommendation.",Propose a next-stage test or prototype that improves farm-to-food performance without weakening safety.,"No tasting unless the school has separately approved a supervised food activity. Wash hands before and after handling produce. Use only clean, teacher-approved samples and containers. Teachers control knives, heat, electrical equipment, chemicals and any processing machinery."
FF-446,SSS 1-3,Water Productivity Garden,Measurement & Yield,"Evaluate measurement & yield as part of the Water Productivity Garden food-system chain, integrating production, quality, process efficiency, safety constraints and design decisions.","Research journal, system/process map, measurement instruments, quality records, calculator/computer where available, clean handling materials.","Use locally available baskets, clean reused food-grade containers, handmade labels, paper process cards and simple balances/measuring vessels where suitable.","1. Define system boundary and performance objective. 2. Map the product/material flow. 3. Quantify a production, quality, loss, storage or process metric. 4. Identify bottleneck and uncertainty. 5. Compare two management/design scenarios. 6. Recommend an optimization with acceptance criteria.","Process-flow diagram, quantitative metric, scenario comparison, uncertainty note and defensible recommendation.",Propose a next-stage test or prototype that improves farm-to-food performance without weakening safety.,"No tasting unless the school has separately approved a supervised food activity. Wash hands before and after handling produce. Use only clean, teacher-approved samples and containers. Teachers control knives, heat, electrical equipment, chemicals and any processing machinery."
FF-447,SSS 1-3,Water Productivity Garden,Storage & Loss,"Evaluate storage & loss as part of the Water Productivity Garden food-system chain, integrating production, quality, process efficiency, safety constraints and design decisions.","Research journal, system/process map, measurement instruments, quality records, calculator/computer where available, clean handling materials.","Use locally available baskets, clean reused food-grade containers, handmade labels, paper process cards and simple balances/measuring vessels where suitable.","1. Define system boundary and performance objective. 2. Map the product/material flow. 3. Quantify a production, quality, loss, storage or process metric. 4. Identify bottleneck and uncertainty. 5. Compare two management/design scenarios. 6. Recommend an optimization with acceptance criteria.","Process-flow diagram, quantitative metric, scenario comparison, uncertainty note and defensible recommendation.",Propose a next-stage test or prototype that improves farm-to-food performance without weakening safety.,"No tasting unless the school has separately approved a supervised food activity. Wash hands before and after handling produce. Use only clean, teacher-approved samples and containers. Teachers control knives, heat, electrical equipment, chemicals and any processing machinery."
FF-448,SSS 1-3,Water Productivity Garden,Preparation Pathway,"Evaluate preparation pathway as part of the Water Productivity Garden food-system chain, integrating production, quality, process efficiency, safety constraints and design decisions.","Research journal, system/process map, measurement instruments, quality records, calculator/computer where available, clean handling materials.","Use locally available baskets, clean reused food-grade containers, handmade labels, paper process cards and simple balances/measuring vessels where suitable.","1. Define system boundary and performance objective. 2. Map the product/material flow. 3. Quantify a production, quality, loss, storage or process metric. 4. Identify bottleneck and uncertainty. 5. Compare two management/design scenarios. 6. Recommend an optimization with acceptance criteria.","Process-flow diagram, quantitative metric, scenario comparison, uncertainty note and defensible recommendation.",Propose a next-stage test or prototype that improves farm-to-food performance without weakening safety.,"No tasting unless the school has separately approved a supervised food activity. Wash hands before and after handling produce. Use only clean, teacher-approved samples and containers. Teachers control knives, heat, electrical equipment, chemicals and any processing machinery."
FF-449,SSS 1-3,Water Productivity Garden,Food Choice & Literacy,"Evaluate food choice & literacy as part of the Water Productivity Garden food-system chain, integrating production, quality, process efficiency, safety constraints and design decisions.","Research journal, system/process map, measurement instruments, quality records, calculator/computer where available, clean handling materials.","Use locally available baskets, clean reused food-grade containers, handmade labels, paper process cards and simple balances/measuring vessels where suitable.","1. Define system boundary and performance objective. 2. Map the product/material flow. 3. Quantify a production, quality, loss, storage or process metric. 4. Identify bottleneck and uncertainty. 5. Compare two management/design scenarios. 6. Recommend an optimization with acceptance criteria.","Process-flow diagram, quantitative metric, scenario comparison, uncertainty note and defensible recommendation.",Propose a next-stage test or prototype that improves farm-to-food performance without weakening safety.,"No tasting unless the school has separately approved a supervised food activity. Wash hands before and after handling produce. Use only clean, teacher-approved samples and containers. Teachers control knives, heat, electrical equipment, chemicals and any processing machinery."
FF-450,SSS 1-3,Water Productivity Garden,Waste-to-Resource,"Evaluate waste-to-resource as part of the Water Productivity Garden food-system chain, integrating production, quality, process efficiency, safety constraints and design decisions.","Research journal, system/process map, measurement instruments, quality records, calculator/computer where available, clean handling materials.","Use locally available baskets, clean reused food-grade containers, handmade labels, paper process cards and simple balances/measuring vessels where suitable.","1. Define system boundary and performance objective. 2. Map the product/material flow. 3. Quantify a production, quality, loss, storage or process metric. 4. Identify bottleneck and uncertainty. 5. Compare two management/design scenarios. 6. Recommend an optimization with acceptance criteria.","Process-flow diagram, quantitative metric, scenario comparison, uncertainty note and defensible recommendation.",Propose a next-stage test or prototype that improves farm-to-food performance without weakening safety.,"No tasting unless the school has separately approved a supervised food activity. Wash hands before and after handling produce. Use only clean, teacher-approved samples and containers. Teachers control knives, heat, electrical equipment, chemicals and any processing machinery."
FF-451,SSS 1-3,Advanced Soilless Garden,Food Origin,"Evaluate food origin as part of the Advanced Soilless Garden food-system chain, integrating production, quality, process efficiency, safety constraints and design decisions.","Research journal, system/process map, measurement instruments, quality records, calculator/computer where available, clean handling materials.","Use locally available baskets, clean reused food-grade containers, handmade labels, paper process cards and simple balances/measuring vessels where suitable.","1. Define system boundary and performance objective. 2. Map the product/material flow. 3. Quantify a production, quality, loss, storage or process metric. 4. Identify bottleneck and uncertainty. 5. Compare two management/design scenarios. 6. Recommend an optimization with acceptance criteria.","Process-flow diagram, quantitative metric, scenario comparison, uncertainty note and defensible recommendation.",Propose a next-stage test or prototype that improves farm-to-food performance without weakening safety.,"No tasting unless the school has separately approved a supervised food activity. Wash hands before and after handling produce. Use only clean, teacher-approved samples and containers. Teachers control knives, heat, electrical equipment, chemicals and any processing machinery."
FF-452,SSS 1-3,Advanced Soilless Garden,Harvest Readiness,"Evaluate harvest readiness as part of the Advanced Soilless Garden food-system chain, integrating production, quality, process efficiency, safety constraints and design decisions.","Research journal, system/process map, measurement instruments, quality records, calculator/computer where available, clean handling materials.","Use locally available baskets, clean reused food-grade containers, handmade labels, paper process cards and simple balances/measuring vessels where suitable.","1. Define system boundary and performance objective. 2. Map the product/material flow. 3. Quantify a production, quality, loss, storage or process metric. 4. Identify bottleneck and uncertainty. 5. Compare two management/design scenarios. 6. Recommend an optimization with acceptance criteria.","Process-flow diagram, quantitative metric, scenario comparison, uncertainty note and defensible recommendation.",Propose a next-stage test or prototype that improves farm-to-food performance without weakening safety.,"No tasting unless the school has separately approved a supervised food activity. Wash hands before and after handling produce. Use only clean, teacher-approved samples and containers. Teachers control knives, heat, electrical equipment, chemicals and any processing machinery."
FF-453,SSS 1-3,Advanced Soilless Garden,Safe Handling,"Evaluate safe handling as part of the Advanced Soilless Garden food-system chain, integrating production, quality, process efficiency, safety constraints and design decisions.","Research journal, system/process map, measurement instruments, quality records, calculator/computer where available, clean handling materials.","Use locally available baskets, clean reused food-grade containers, handmade labels, paper process cards and simple balances/measuring vessels where suitable.","1. Define system boundary and performance objective. 2. Map the product/material flow. 3. Quantify a production, quality, loss, storage or process metric. 4. Identify bottleneck and uncertainty. 5. Compare two management/design scenarios. 6. Recommend an optimization with acceptance criteria.","Process-flow diagram, quantitative metric, scenario comparison, uncertainty note and defensible recommendation.",Propose a next-stage test or prototype that improves farm-to-food performance without weakening safety.,"No tasting unless the school has separately approved a supervised food activity. Wash hands before and after handling produce. Use only clean, teacher-approved samples and containers. Teachers control knives, heat, electrical equipment, chemicals and any processing machinery."
FF-454,SSS 1-3,Advanced Soilless Garden,Sorting & Quality,"Evaluate sorting & quality as part of the Advanced Soilless Garden food-system chain, integrating production, quality, process efficiency, safety constraints and design decisions.","Research journal, system/process map, measurement instruments, quality records, calculator/computer where available, clean handling materials.","Use locally available baskets, clean reused food-grade containers, handmade labels, paper process cards and simple balances/measuring vessels where suitable.","1. Define system boundary and performance objective. 2. Map the product/material flow. 3. Quantify a production, quality, loss, storage or process metric. 4. Identify bottleneck and uncertainty. 5. Compare two management/design scenarios. 6. Recommend an optimization with acceptance criteria.","Process-flow diagram, quantitative metric, scenario comparison, uncertainty note and defensible recommendation.",Propose a next-stage test or prototype that improves farm-to-food performance without weakening safety.,"No tasting unless the school has separately approved a supervised food activity. Wash hands before and after handling produce. Use only clean, teacher-approved samples and containers. Teachers control knives, heat, electrical equipment, chemicals and any processing machinery."
FF-455,SSS 1-3,Advanced Soilless Garden,Farm-to-Food Journey,"Evaluate farm-to-food journey as part of the Advanced Soilless Garden food-system chain, integrating production, quality, process efficiency, safety constraints and design decisions.","Research journal, system/process map, measurement instruments, quality records, calculator/computer where available, clean handling materials.","Use locally available baskets, clean reused food-grade containers, handmade labels, paper process cards and simple balances/measuring vessels where suitable.","1. Define system boundary and performance objective. 2. Map the product/material flow. 3. Quantify a production, quality, loss, storage or process metric. 4. Identify bottleneck and uncertainty. 5. Compare two management/design scenarios. 6. Recommend an optimization with acceptance criteria.","Process-flow diagram, quantitative metric, scenario comparison, uncertainty note and defensible recommendation.",Propose a next-stage test or prototype that improves farm-to-food performance without weakening safety.,"No tasting unless the school has separately approved a supervised food activity. Wash hands before and after handling produce. Use only clean, teacher-approved samples and containers. Teachers control knives, heat, electrical equipment, chemicals and any processing machinery."
FF-456,SSS 1-3,Advanced Soilless Garden,Measurement & Yield,"Evaluate measurement & yield as part of the Advanced Soilless Garden food-system chain, integrating production, quality, process efficiency, safety constraints and design decisions.","Research journal, system/process map, measurement instruments, quality records, calculator/computer where available, clean handling materials.","Use locally available baskets, clean reused food-grade containers, handmade labels, paper process cards and simple balances/measuring vessels where suitable.","1. Define system boundary and performance objective. 2. Map the product/material flow. 3. Quantify a production, quality, loss, storage or process metric. 4. Identify bottleneck and uncertainty. 5. Compare two management/design scenarios. 6. Recommend an optimization with acceptance criteria.","Process-flow diagram, quantitative metric, scenario comparison, uncertainty note and defensible recommendation.",Propose a next-stage test or prototype that improves farm-to-food performance without weakening safety.,"No tasting unless the school has separately approved a supervised food activity. Wash hands before and after handling produce. Use only clean, teacher-approved samples and containers. Teachers control knives, heat, electrical equipment, chemicals and any processing machinery."
FF-457,SSS 1-3,Advanced Soilless Garden,Storage & Loss,"Evaluate storage & loss as part of the Advanced Soilless Garden food-system chain, integrating production, quality, process efficiency, safety constraints and design decisions.","Research journal, system/process map, measurement instruments, quality records, calculator/computer where available, clean handling materials.","Use locally available baskets, clean reused food-grade containers, handmade labels, paper process cards and simple balances/measuring vessels where suitable.","1. Define system boundary and performance objective. 2. Map the product/material flow. 3. Quantify a production, quality, loss, storage or process metric. 4. Identify bottleneck and uncertainty. 5. Compare two management/design scenarios. 6. Recommend an optimization with acceptance criteria.","Process-flow diagram, quantitative metric, scenario comparison, uncertainty note and defensible recommendation.",Propose a next-stage test or prototype that improves farm-to-food performance without weakening safety.,"No tasting unless the school has separately approved a supervised food activity. Wash hands before and after handling produce. Use only clean, teacher-approved samples and containers. Teachers control knives, heat, electrical equipment, chemicals and any processing machinery."
FF-458,SSS 1-3,Advanced Soilless Garden,Preparation Pathway,"Evaluate preparation pathway as part of the Advanced Soilless Garden food-system chain, integrating production, quality, process efficiency, safety constraints and design decisions.","Research journal, system/process map, measurement instruments, quality records, calculator/computer where available, clean handling materials.","Use locally available baskets, clean reused food-grade containers, handmade labels, paper process cards and simple balances/measuring vessels where suitable.","1. Define system boundary and performance objective. 2. Map the product/material flow. 3. Quantify a production, quality, loss, storage or process metric. 4. Identify bottleneck and uncertainty. 5. Compare two management/design scenarios. 6. Recommend an optimization with acceptance criteria.","Process-flow diagram, quantitative metric, scenario comparison, uncertainty note and defensible recommendation.",Propose a next-stage test or prototype that improves farm-to-food performance without weakening safety.,"No tasting unless the school has separately approved a supervised food activity. Wash hands before and after handling produce. Use only clean, teacher-approved samples and containers. Teachers control knives, heat, electrical equipment, chemicals and any processing machinery."
FF-459,SSS 1-3,Advanced Soilless Garden,Food Choice & Literacy,"Evaluate food choice & literacy as part of the Advanced Soilless Garden food-system chain, integrating production, quality, process efficiency, safety constraints and design decisions.","Research journal, system/process map, measurement instruments, quality records, calculator/computer where available, clean handling materials.","Use locally available baskets, clean reused food-grade containers, handmade labels, paper process cards and simple balances/measuring vessels where suitable.","1. Define system boundary and performance objective. 2. Map the product/material flow. 3. Quantify a production, quality, loss, storage or process metric. 4. Identify bottleneck and uncertainty. 5. Compare two management/design scenarios. 6. Recommend an optimization with acceptance criteria.","Process-flow diagram, quantitative metric, scenario comparison, uncertainty note and defensible recommendation.",Propose a next-stage test or prototype that improves farm-to-food performance without weakening safety.,"No tasting unless the school has separately approved a supervised food activity. Wash hands before and after handling produce. Use only clean, teacher-approved samples and containers. Teachers control knives, heat, electrical equipment, chemicals and any processing machinery."
FF-460,SSS 1-3,Advanced Soilless Garden,Waste-to-Resource,"Evaluate waste-to-resource as part of the Advanced Soilless Garden food-system chain, integrating production, quality, process efficiency, safety constraints and design decisions.","Research journal, system/process map, measurement instruments, quality records, calculator/computer where available, clean handling materials.","Use locally available baskets, clean reused food-grade containers, handmade labels, paper process cards and simple balances/measuring vessels where suitable.","1. Define system boundary and performance objective. 2. Map the product/material flow. 3. Quantify a production, quality, loss, storage or process metric. 4. Identify bottleneck and uncertainty. 5. Compare two management/design scenarios. 6. Recommend an optimization with acceptance criteria.","Process-flow diagram, quantitative metric, scenario comparison, uncertainty note and defensible recommendation.",Propose a next-stage test or prototype that improves farm-to-food performance without weakening safety.,"No tasting unless the school has separately approved a supervised food activity. Wash hands before and after handling produce. Use only clean, teacher-approved samples and containers. Teachers control knives, heat, electrical equipment, chemicals and any processing machinery."
FF-461,SSS 1-3,Sensor & Monitoring Garden,Food Origin,"Evaluate food origin as part of the Sensor & Monitoring Garden food-system chain, integrating production, quality, process efficiency, safety constraints and design decisions.","Research journal, system/process map, measurement instruments, quality records, calculator/computer where available, clean handling materials.","Use locally available baskets, clean reused food-grade containers, handmade labels, paper process cards and simple balances/measuring vessels where suitable.","1. Define system boundary and performance objective. 2. Map the product/material flow. 3. Quantify a production, quality, loss, storage or process metric. 4. Identify bottleneck and uncertainty. 5. Compare two management/design scenarios. 6. Recommend an optimization with acceptance criteria.","Process-flow diagram, quantitative metric, scenario comparison, uncertainty note and defensible recommendation.",Propose a next-stage test or prototype that improves farm-to-food performance without weakening safety.,"No tasting unless the school has separately approved a supervised food activity. Wash hands before and after handling produce. Use only clean, teacher-approved samples and containers. Teachers control knives, heat, electrical equipment, chemicals and any processing machinery."
FF-462,SSS 1-3,Sensor & Monitoring Garden,Harvest Readiness,"Evaluate harvest readiness as part of the Sensor & Monitoring Garden food-system chain, integrating production, quality, process efficiency, safety constraints and design decisions.","Research journal, system/process map, measurement instruments, quality records, calculator/computer where available, clean handling materials.","Use locally available baskets, clean reused food-grade containers, handmade labels, paper process cards and simple balances/measuring vessels where suitable.","1. Define system boundary and performance objective. 2. Map the product/material flow. 3. Quantify a production, quality, loss, storage or process metric. 4. Identify bottleneck and uncertainty. 5. Compare two management/design scenarios. 6. Recommend an optimization with acceptance criteria.","Process-flow diagram, quantitative metric, scenario comparison, uncertainty note and defensible recommendation.",Propose a next-stage test or prototype that improves farm-to-food performance without weakening safety.,"No tasting unless the school has separately approved a supervised food activity. Wash hands before and after handling produce. Use only clean, teacher-approved samples and containers. Teachers control knives, heat, electrical equipment, chemicals and any processing machinery."
FF-463,SSS 1-3,Sensor & Monitoring Garden,Safe Handling,"Evaluate safe handling as part of the Sensor & Monitoring Garden food-system chain, integrating production, quality, process efficiency, safety constraints and design decisions.","Research journal, system/process map, measurement instruments, quality records, calculator/computer where available, clean handling materials.","Use locally available baskets, clean reused food-grade containers, handmade labels, paper process cards and simple balances/measuring vessels where suitable.","1. Define system boundary and performance objective. 2. Map the product/material flow. 3. Quantify a production, quality, loss, storage or process metric. 4. Identify bottleneck and uncertainty. 5. Compare two management/design scenarios. 6. Recommend an optimization with acceptance criteria.","Process-flow diagram, quantitative metric, scenario comparison, uncertainty note and defensible recommendation.",Propose a next-stage test or prototype that improves farm-to-food performance without weakening safety.,"No tasting unless the school has separately approved a supervised food activity. Wash hands before and after handling produce. Use only clean, teacher-approved samples and containers. Teachers control knives, heat, electrical equipment, chemicals and any processing machinery."
FF-464,SSS 1-3,Sensor & Monitoring Garden,Sorting & Quality,"Evaluate sorting & quality as part of the Sensor & Monitoring Garden food-system chain, integrating production, quality, process efficiency, safety constraints and design decisions.","Research journal, system/process map, measurement instruments, quality records, calculator/computer where available, clean handling materials.","Use locally available baskets, clean reused food-grade containers, handmade labels, paper process cards and simple balances/measuring vessels where suitable.","1. Define system boundary and performance objective. 2. Map the product/material flow. 3. Quantify a production, quality, loss, storage or process metric. 4. Identify bottleneck and uncertainty. 5. Compare two management/design scenarios. 6. Recommend an optimization with acceptance criteria.","Process-flow diagram, quantitative metric, scenario comparison, uncertainty note and defensible recommendation.",Propose a next-stage test or prototype that improves farm-to-food performance without weakening safety.,"No tasting unless the school has separately approved a supervised food activity. Wash hands before and after handling produce. Use only clean, teacher-approved samples and containers. Teachers control knives, heat, electrical equipment, chemicals and any processing machinery."
FF-465,SSS 1-3,Sensor & Monitoring Garden,Farm-to-Food Journey,"Evaluate farm-to-food journey as part of the Sensor & Monitoring Garden food-system chain, integrating production, quality, process efficiency, safety constraints and design decisions.","Research journal, system/process map, measurement instruments, quality records, calculator/computer where available, clean handling materials.","Use locally available baskets, clean reused food-grade containers, handmade labels, paper process cards and simple balances/measuring vessels where suitable.","1. Define system boundary and performance objective. 2. Map the product/material flow. 3. Quantify a production, quality, loss, storage or process metric. 4. Identify bottleneck and uncertainty. 5. Compare two management/design scenarios. 6. Recommend an optimization with acceptance criteria.","Process-flow diagram, quantitative metric, scenario comparison, uncertainty note and defensible recommendation.",Propose a next-stage test or prototype that improves farm-to-food performance without weakening safety.,"No tasting unless the school has separately approved a supervised food activity. Wash hands before and after handling produce. Use only clean, teacher-approved samples and containers. Teachers control knives, heat, electrical equipment, chemicals and any processing machinery."
FF-466,SSS 1-3,Sensor & Monitoring Garden,Measurement & Yield,"Evaluate measurement & yield as part of the Sensor & Monitoring Garden food-system chain, integrating production, quality, process efficiency, safety constraints and design decisions.","Research journal, system/process map, measurement instruments, quality records, calculator/computer where available, clean handling materials.","Use locally available baskets, clean reused food-grade containers, handmade labels, paper process cards and simple balances/measuring vessels where suitable.","1. Define system boundary and performance objective. 2. Map the product/material flow. 3. Quantify a production, quality, loss, storage or process metric. 4. Identify bottleneck and uncertainty. 5. Compare two management/design scenarios. 6. Recommend an optimization with acceptance criteria.","Process-flow diagram, quantitative metric, scenario comparison, uncertainty note and defensible recommendation.",Propose a next-stage test or prototype that improves farm-to-food performance without weakening safety.,"No tasting unless the school has separately approved a supervised food activity. Wash hands before and after handling produce. Use only clean, teacher-approved samples and containers. Teachers control knives, heat, electrical equipment, chemicals and any processing machinery."
FF-467,SSS 1-3,Sensor & Monitoring Garden,Storage & Loss,"Evaluate storage & loss as part of the Sensor & Monitoring Garden food-system chain, integrating production, quality, process efficiency, safety constraints and design decisions.","Research journal, system/process map, measurement instruments, quality records, calculator/computer where available, clean handling materials.","Use locally available baskets, clean reused food-grade containers, handmade labels, paper process cards and simple balances/measuring vessels where suitable.","1. Define system boundary and performance objective. 2. Map the product/material flow. 3. Quantify a production, quality, loss, storage or process metric. 4. Identify bottleneck and uncertainty. 5. Compare two management/design scenarios. 6. Recommend an optimization with acceptance criteria.","Process-flow diagram, quantitative metric, scenario comparison, uncertainty note and defensible recommendation.",Propose a next-stage test or prototype that improves farm-to-food performance without weakening safety.,"No tasting unless the school has separately approved a supervised food activity. Wash hands before and after handling produce. Use only clean, teacher-approved samples and containers. Teachers control knives, heat, electrical equipment, chemicals and any processing machinery."
FF-468,SSS 1-3,Sensor & Monitoring Garden,Preparation Pathway,"Evaluate preparation pathway as part of the Sensor & Monitoring Garden food-system chain, integrating production, quality, process efficiency, safety constraints and design decisions.","Research journal, system/process map, measurement instruments, quality records, calculator/computer where available, clean handling materials.","Use locally available baskets, clean reused food-grade containers, handmade labels, paper process cards and simple balances/measuring vessels where suitable.","1. Define system boundary and performance objective. 2. Map the product/material flow. 3. Quantify a production, quality, loss, storage or process metric. 4. Identify bottleneck and uncertainty. 5. Compare two management/design scenarios. 6. Recommend an optimization with acceptance criteria.","Process-flow diagram, quantitative metric, scenario comparison, uncertainty note and defensible recommendation.",Propose a next-stage test or prototype that improves farm-to-food performance without weakening safety.,"No tasting unless the school has separately approved a supervised food activity. Wash hands before and after handling produce. Use only clean, teacher-approved samples and containers. Teachers control knives, heat, electrical equipment, chemicals and any processing machinery."
FF-469,SSS 1-3,Sensor & Monitoring Garden,Food Choice & Literacy,"Evaluate food choice & literacy as part of the Sensor & Monitoring Garden food-system chain, integrating production, quality, process efficiency, safety constraints and design decisions.","Research journal, system/process map, measurement instruments, quality records, calculator/computer where available, clean handling materials.","Use locally available baskets, clean reused food-grade containers, handmade labels, paper process cards and simple balances/measuring vessels where suitable.","1. Define system boundary and performance objective. 2. Map the product/material flow. 3. Quantify a production, quality, loss, storage or process metric. 4. Identify bottleneck and uncertainty. 5. Compare two management/design scenarios. 6. Recommend an optimization with acceptance criteria.","Process-flow diagram, quantitative metric, scenario comparison, uncertainty note and defensible recommendation.",Propose a next-stage test or prototype that improves farm-to-food performance without weakening safety.,"No tasting unless the school has separately approved a supervised food activity. Wash hands before and after handling produce. Use only clean, teacher-approved samples and containers. Teachers control knives, heat, electrical equipment, chemicals and any processing machinery."
FF-470,SSS 1-3,Sensor & Monitoring Garden,Waste-to-Resource,"Evaluate waste-to-resource as part of the Sensor & Monitoring Garden food-system chain, integrating production, quality, process efficiency, safety constraints and design decisions.","Research journal, system/process map, measurement instruments, quality records, calculator/computer where available, clean handling materials.","Use locally available baskets, clean reused food-grade containers, handmade labels, paper process cards and simple balances/measuring vessels where suitable.","1. Define system boundary and performance objective. 2. Map the product/material flow. 3. Quantify a production, quality, loss, storage or process metric. 4. Identify bottleneck and uncertainty. 5. Compare two management/design scenarios. 6. Recommend an optimization with acceptance criteria.","Process-flow diagram, quantitative metric, scenario comparison, uncertainty note and defensible recommendation.",Propose a next-stage test or prototype that improves farm-to-food performance without weakening safety.,"No tasting unless the school has separately approved a supervised food activity. Wash hands before and after handling produce. Use only clean, teacher-approved samples and containers. Teachers control knives, heat, electrical equipment, chemicals and any processing machinery."
FF-471,SSS 1-3,Smart Irrigation Demonstrator,Food Origin,"Evaluate food origin as part of the Smart Irrigation Demonstrator food-system chain, integrating production, quality, process efficiency, safety constraints and design decisions.","Research journal, system/process map, measurement instruments, quality records, calculator/computer where available, clean handling materials.","Use locally available baskets, clean reused food-grade containers, handmade labels, paper process cards and simple balances/measuring vessels where suitable.","1. Define system boundary and performance objective. 2. Map the product/material flow. 3. Quantify a production, quality, loss, storage or process metric. 4. Identify bottleneck and uncertainty. 5. Compare two management/design scenarios. 6. Recommend an optimization with acceptance criteria.","Process-flow diagram, quantitative metric, scenario comparison, uncertainty note and defensible recommendation.",Propose a next-stage test or prototype that improves farm-to-food performance without weakening safety.,"No tasting unless the school has separately approved a supervised food activity. Wash hands before and after handling produce. Use only clean, teacher-approved samples and containers. Teachers control knives, heat, electrical equipment, chemicals and any processing machinery."
FF-472,SSS 1-3,Smart Irrigation Demonstrator,Harvest Readiness,"Evaluate harvest readiness as part of the Smart Irrigation Demonstrator food-system chain, integrating production, quality, process efficiency, safety constraints and design decisions.","Research journal, system/process map, measurement instruments, quality records, calculator/computer where available, clean handling materials.","Use locally available baskets, clean reused food-grade containers, handmade labels, paper process cards and simple balances/measuring vessels where suitable.","1. Define system boundary and performance objective. 2. Map the product/material flow. 3. Quantify a production, quality, loss, storage or process metric. 4. Identify bottleneck and uncertainty. 5. Compare two management/design scenarios. 6. Recommend an optimization with acceptance criteria.","Process-flow diagram, quantitative metric, scenario comparison, uncertainty note and defensible recommendation.",Propose a next-stage test or prototype that improves farm-to-food performance without weakening safety.,"No tasting unless the school has separately approved a supervised food activity. Wash hands before and after handling produce. Use only clean, teacher-approved samples and containers. Teachers control knives, heat, electrical equipment, chemicals and any processing machinery."
FF-473,SSS 1-3,Smart Irrigation Demonstrator,Safe Handling,"Evaluate safe handling as part of the Smart Irrigation Demonstrator food-system chain, integrating production, quality, process efficiency, safety constraints and design decisions.","Research journal, system/process map, measurement instruments, quality records, calculator/computer where available, clean handling materials.","Use locally available baskets, clean reused food-grade containers, handmade labels, paper process cards and simple balances/measuring vessels where suitable.","1. Define system boundary and performance objective. 2. Map the product/material flow. 3. Quantify a production, quality, loss, storage or process metric. 4. Identify bottleneck and uncertainty. 5. Compare two management/design scenarios. 6. Recommend an optimization with acceptance criteria.","Process-flow diagram, quantitative metric, scenario comparison, uncertainty note and defensible recommendation.",Propose a next-stage test or prototype that improves farm-to-food performance without weakening safety.,"No tasting unless the school has separately approved a supervised food activity. Wash hands before and after handling produce. Use only clean, teacher-approved samples and containers. Teachers control knives, heat, electrical equipment, chemicals and any processing machinery."
FF-474,SSS 1-3,Smart Irrigation Demonstrator,Sorting & Quality,"Evaluate sorting & quality as part of the Smart Irrigation Demonstrator food-system chain, integrating production, quality, process efficiency, safety constraints and design decisions.","Research journal, system/process map, measurement instruments, quality records, calculator/computer where available, clean handling materials.","Use locally available baskets, clean reused food-grade containers, handmade labels, paper process cards and simple balances/measuring vessels where suitable.","1. Define system boundary and performance objective. 2. Map the product/material flow. 3. Quantify a production, quality, loss, storage or process metric. 4. Identify bottleneck and uncertainty. 5. Compare two management/design scenarios. 6. Recommend an optimization with acceptance criteria.","Process-flow diagram, quantitative metric, scenario comparison, uncertainty note and defensible recommendation.",Propose a next-stage test or prototype that improves farm-to-food performance without weakening safety.,"No tasting unless the school has separately approved a supervised food activity. Wash hands before and after handling produce. Use only clean, teacher-approved samples and containers. Teachers control knives, heat, electrical equipment, chemicals and any processing machinery."
FF-475,SSS 1-3,Smart Irrigation Demonstrator,Farm-to-Food Journey,"Evaluate farm-to-food journey as part of the Smart Irrigation Demonstrator food-system chain, integrating production, quality, process efficiency, safety constraints and design decisions.","Research journal, system/process map, measurement instruments, quality records, calculator/computer where available, clean handling materials.","Use locally available baskets, clean reused food-grade containers, handmade labels, paper process cards and simple balances/measuring vessels where suitable.","1. Define system boundary and performance objective. 2. Map the product/material flow. 3. Quantify a production, quality, loss, storage or process metric. 4. Identify bottleneck and uncertainty. 5. Compare two management/design scenarios. 6. Recommend an optimization with acceptance criteria.","Process-flow diagram, quantitative metric, scenario comparison, uncertainty note and defensible recommendation.",Propose a next-stage test or prototype that improves farm-to-food performance without weakening safety.,"No tasting unless the school has separately approved a supervised food activity. Wash hands before and after handling produce. Use only clean, teacher-approved samples and containers. Teachers control knives, heat, electrical equipment, chemicals and any processing machinery."
FF-476,SSS 1-3,Smart Irrigation Demonstrator,Measurement & Yield,"Evaluate measurement & yield as part of the Smart Irrigation Demonstrator food-system chain, integrating production, quality, process efficiency, safety constraints and design decisions.","Research journal, system/process map, measurement instruments, quality records, calculator/computer where available, clean handling materials.","Use locally available baskets, clean reused food-grade containers, handmade labels, paper process cards and simple balances/measuring vessels where suitable.","1. Define system boundary and performance objective. 2. Map the product/material flow. 3. Quantify a production, quality, loss, storage or process metric. 4. Identify bottleneck and uncertainty. 5. Compare two management/design scenarios. 6. Recommend an optimization with acceptance criteria.","Process-flow diagram, quantitative metric, scenario comparison, uncertainty note and defensible recommendation.",Propose a next-stage test or prototype that improves farm-to-food performance without weakening safety.,"No tasting unless the school has separately approved a supervised food activity. Wash hands before and after handling produce. Use only clean, teacher-approved samples and containers. Teachers control knives, heat, electrical equipment, chemicals and any processing machinery."
FF-477,SSS 1-3,Smart Irrigation Demonstrator,Storage & Loss,"Evaluate storage & loss as part of the Smart Irrigation Demonstrator food-system chain, integrating production, quality, process efficiency, safety constraints and design decisions.","Research journal, system/process map, measurement instruments, quality records, calculator/computer where available, clean handling materials.","Use locally available baskets, clean reused food-grade containers, handmade labels, paper process cards and simple balances/measuring vessels where suitable.","1. Define system boundary and performance objective. 2. Map the product/material flow. 3. Quantify a production, quality, loss, storage or process metric. 4. Identify bottleneck and uncertainty. 5. Compare two management/design scenarios. 6. Recommend an optimization with acceptance criteria.","Process-flow diagram, quantitative metric, scenario comparison, uncertainty note and defensible recommendation.",Propose a next-stage test or prototype that improves farm-to-food performance without weakening safety.,"No tasting unless the school has separately approved a supervised food activity. Wash hands before and after handling produce. Use only clean, teacher-approved samples and containers. Teachers control knives, heat, electrical equipment, chemicals and any processing machinery."
FF-478,SSS 1-3,Smart Irrigation Demonstrator,Preparation Pathway,"Evaluate preparation pathway as part of the Smart Irrigation Demonstrator food-system chain, integrating production, quality, process efficiency, safety constraints and design decisions.","Research journal, system/process map, measurement instruments, quality records, calculator/computer where available, clean handling materials.","Use locally available baskets, clean reused food-grade containers, handmade labels, paper process cards and simple balances/measuring vessels where suitable.","1. Define system boundary and performance objective. 2. Map the product/material flow. 3. Quantify a production, quality, loss, storage or process metric. 4. Identify bottleneck and uncertainty. 5. Compare two management/design scenarios. 6. Recommend an optimization with acceptance criteria.","Process-flow diagram, quantitative metric, scenario comparison, uncertainty note and defensible recommendation.",Propose a next-stage test or prototype that improves farm-to-food performance without weakening safety.,"No tasting unless the school has separately approved a supervised food activity. Wash hands before and after handling produce. Use only clean, teacher-approved samples and containers. Teachers control knives, heat, electrical equipment, chemicals and any processing machinery."
FF-479,SSS 1-3,Smart Irrigation Demonstrator,Food Choice & Literacy,"Evaluate food choice & literacy as part of the Smart Irrigation Demonstrator food-system chain, integrating production, quality, process efficiency, safety constraints and design decisions.","Research journal, system/process map, measurement instruments, quality records, calculator/computer where available, clean handling materials.","Use locally available baskets, clean reused food-grade containers, handmade labels, paper process cards and simple balances/measuring vessels where suitable.","1. Define system boundary and performance objective. 2. Map the product/material flow. 3. Quantify a production, quality, loss, storage or process metric. 4. Identify bottleneck and uncertainty. 5. Compare two management/design scenarios. 6. Recommend an optimization with acceptance criteria.","Process-flow diagram, quantitative metric, scenario comparison, uncertainty note and defensible recommendation.",Propose a next-stage test or prototype that improves farm-to-food performance without weakening safety.,"No tasting unless the school has separately approved a supervised food activity. Wash hands before and after handling produce. Use only clean, teacher-approved samples and containers. Teachers control knives, heat, electrical equipment, chemicals and any processing machinery."
FF-480,SSS 1-3,Smart Irrigation Demonstrator,Waste-to-Resource,"Evaluate waste-to-resource as part of the Smart Irrigation Demonstrator food-system chain, integrating production, quality, process efficiency, safety constraints and design decisions.","Research journal, system/process map, measurement instruments, quality records, calculator/computer where available, clean handling materials.","Use locally available baskets, clean reused food-grade containers, handmade labels, paper process cards and simple balances/measuring vessels where suitable.","1. Define system boundary and performance objective. 2. Map the product/material flow. 3. Quantify a production, quality, loss, storage or process metric. 4. Identify bottleneck and uncertainty. 5. Compare two management/design scenarios. 6. Recommend an optimization with acceptance criteria.","Process-flow diagram, quantitative metric, scenario comparison, uncertainty note and defensible recommendation.",Propose a next-stage test or prototype that improves farm-to-food performance without weakening safety.,"No tasting unless the school has separately approved a supervised food activity. Wash hands before and after handling produce. Use only clean, teacher-approved samples and containers. Teachers control knives, heat, electrical equipment, chemicals and any processing machinery."
FF-481,SSS 1-3,Research & Design Garden,Food Origin,"Evaluate food origin as part of the Research & Design Garden food-system chain, integrating production, quality, process efficiency, safety constraints and design decisions.","Research journal, system/process map, measurement instruments, quality records, calculator/computer where available, clean handling materials.","Use locally available baskets, clean reused food-grade containers, handmade labels, paper process cards and simple balances/measuring vessels where suitable.","1. Define system boundary and performance objective. 2. Map the product/material flow. 3. Quantify a production, quality, loss, storage or process metric. 4. Identify bottleneck and uncertainty. 5. Compare two management/design scenarios. 6. Recommend an optimization with acceptance criteria.","Process-flow diagram, quantitative metric, scenario comparison, uncertainty note and defensible recommendation.",Propose a next-stage test or prototype that improves farm-to-food performance without weakening safety.,"No tasting unless the school has separately approved a supervised food activity. Wash hands before and after handling produce. Use only clean, teacher-approved samples and containers. Teachers control knives, heat, electrical equipment, chemicals and any processing machinery."
FF-482,SSS 1-3,Research & Design Garden,Harvest Readiness,"Evaluate harvest readiness as part of the Research & Design Garden food-system chain, integrating production, quality, process efficiency, safety constraints and design decisions.","Research journal, system/process map, measurement instruments, quality records, calculator/computer where available, clean handling materials.","Use locally available baskets, clean reused food-grade containers, handmade labels, paper process cards and simple balances/measuring vessels where suitable.","1. Define system boundary and performance objective. 2. Map the product/material flow. 3. Quantify a production, quality, loss, storage or process metric. 4. Identify bottleneck and uncertainty. 5. Compare two management/design scenarios. 6. Recommend an optimization with acceptance criteria.","Process-flow diagram, quantitative metric, scenario comparison, uncertainty note and defensible recommendation.",Propose a next-stage test or prototype that improves farm-to-food performance without weakening safety.,"No tasting unless the school has separately approved a supervised food activity. Wash hands before and after handling produce. Use only clean, teacher-approved samples and containers. Teachers control knives, heat, electrical equipment, chemicals and any processing machinery."
FF-483,SSS 1-3,Research & Design Garden,Safe Handling,"Evaluate safe handling as part of the Research & Design Garden food-system chain, integrating production, quality, process efficiency, safety constraints and design decisions.","Research journal, system/process map, measurement instruments, quality records, calculator/computer where available, clean handling materials.","Use locally available baskets, clean reused food-grade containers, handmade labels, paper process cards and simple balances/measuring vessels where suitable.","1. Define system boundary and performance objective. 2. Map the product/material flow. 3. Quantify a production, quality, loss, storage or process metric. 4. Identify bottleneck and uncertainty. 5. Compare two management/design scenarios. 6. Recommend an optimization with acceptance criteria.","Process-flow diagram, quantitative metric, scenario comparison, uncertainty note and defensible recommendation.",Propose a next-stage test or prototype that improves farm-to-food performance without weakening safety.,"No tasting unless the school has separately approved a supervised food activity. Wash hands before and after handling produce. Use only clean, teacher-approved samples and containers. Teachers control knives, heat, electrical equipment, chemicals and any processing machinery."
FF-484,SSS 1-3,Research & Design Garden,Sorting & Quality,"Evaluate sorting & quality as part of the Research & Design Garden food-system chain, integrating production, quality, process efficiency, safety constraints and design decisions.","Research journal, system/process map, measurement instruments, quality records, calculator/computer where available, clean handling materials.","Use locally available baskets, clean reused food-grade containers, handmade labels, paper process cards and simple balances/measuring vessels where suitable.","1. Define system boundary and performance objective. 2. Map the product/material flow. 3. Quantify a production, quality, loss, storage or process metric. 4. Identify bottleneck and uncertainty. 5. Compare two management/design scenarios. 6. Recommend an optimization with acceptance criteria.","Process-flow diagram, quantitative metric, scenario comparison, uncertainty note and defensible recommendation.",Propose a next-stage test or prototype that improves farm-to-food performance without weakening safety.,"No tasting unless the school has separately approved a supervised food activity. Wash hands before and after handling produce. Use only clean, teacher-approved samples and containers. Teachers control knives, heat, electrical equipment, chemicals and any processing machinery."
FF-485,SSS 1-3,Research & Design Garden,Farm-to-Food Journey,"Evaluate farm-to-food journey as part of the Research & Design Garden food-system chain, integrating production, quality, process efficiency, safety constraints and design decisions.","Research journal, system/process map, measurement instruments, quality records, calculator/computer where available, clean handling materials.","Use locally available baskets, clean reused food-grade containers, handmade labels, paper process cards and simple balances/measuring vessels where suitable.","1. Define system boundary and performance objective. 2. Map the product/material flow. 3. Quantify a production, quality, loss, storage or process metric. 4. Identify bottleneck and uncertainty. 5. Compare two management/design scenarios. 6. Recommend an optimization with acceptance criteria.","Process-flow diagram, quantitative metric, scenario comparison, uncertainty note and defensible recommendation.",Propose a next-stage test or prototype that improves farm-to-food performance without weakening safety.,"No tasting unless the school has separately approved a supervised food activity. Wash hands before and after handling produce. Use only clean, teacher-approved samples and containers. Teachers control knives, heat, electrical equipment, chemicals and any processing machinery."
FF-486,SSS 1-3,Research & Design Garden,Measurement & Yield,"Evaluate measurement & yield as part of the Research & Design Garden food-system chain, integrating production, quality, process efficiency, safety constraints and design decisions.","Research journal, system/process map, measurement instruments, quality records, calculator/computer where available, clean handling materials.","Use locally available baskets, clean reused food-grade containers, handmade labels, paper process cards and simple balances/measuring vessels where suitable.","1. Define system boundary and performance objective. 2. Map the product/material flow. 3. Quantify a production, quality, loss, storage or process metric. 4. Identify bottleneck and uncertainty. 5. Compare two management/design scenarios. 6. Recommend an optimization with acceptance criteria.","Process-flow diagram, quantitative metric, scenario comparison, uncertainty note and defensible recommendation.",Propose a next-stage test or prototype that improves farm-to-food performance without weakening safety.,"No tasting unless the school has separately approved a supervised food activity. Wash hands before and after handling produce. Use only clean, teacher-approved samples and containers. Teachers control knives, heat, electrical equipment, chemicals and any processing machinery."
FF-487,SSS 1-3,Research & Design Garden,Storage & Loss,"Evaluate storage & loss as part of the Research & Design Garden food-system chain, integrating production, quality, process efficiency, safety constraints and design decisions.","Research journal, system/process map, measurement instruments, quality records, calculator/computer where available, clean handling materials.","Use locally available baskets, clean reused food-grade containers, handmade labels, paper process cards and simple balances/measuring vessels where suitable.","1. Define system boundary and performance objective. 2. Map the product/material flow. 3. Quantify a production, quality, loss, storage or process metric. 4. Identify bottleneck and uncertainty. 5. Compare two management/design scenarios. 6. Recommend an optimization with acceptance criteria.","Process-flow diagram, quantitative metric, scenario comparison, uncertainty note and defensible recommendation.",Propose a next-stage test or prototype that improves farm-to-food performance without weakening safety.,"No tasting unless the school has separately approved a supervised food activity. Wash hands before and after handling produce. Use only clean, teacher-approved samples and containers. Teachers control knives, heat, electrical equipment, chemicals and any processing machinery."
FF-488,SSS 1-3,Research & Design Garden,Preparation Pathway,"Evaluate preparation pathway as part of the Research & Design Garden food-system chain, integrating production, quality, process efficiency, safety constraints and design decisions.","Research journal, system/process map, measurement instruments, quality records, calculator/computer where available, clean handling materials.","Use locally available baskets, clean reused food-grade containers, handmade labels, paper process cards and simple balances/measuring vessels where suitable.","1. Define system boundary and performance objective. 2. Map the product/material flow. 3. Quantify a production, quality, loss, storage or process metric. 4. Identify bottleneck and uncertainty. 5. Compare two management/design scenarios. 6. Recommend an optimization with acceptance criteria.","Process-flow diagram, quantitative metric, scenario comparison, uncertainty note and defensible recommendation.",Propose a next-stage test or prototype that improves farm-to-food performance without weakening safety.,"No tasting unless the school has separately approved a supervised food activity. Wash hands before and after handling produce. Use only clean, teacher-approved samples and containers. Teachers control knives, heat, electrical equipment, chemicals and any processing machinery."
FF-489,SSS 1-3,Research & Design Garden,Food Choice & Literacy,"Evaluate food choice & literacy as part of the Research & Design Garden food-system chain, integrating production, quality, process efficiency, safety constraints and design decisions.","Research journal, system/process map, measurement instruments, quality records, calculator/computer where available, clean handling materials.","Use locally available baskets, clean reused food-grade containers, handmade labels, paper process cards and simple balances/measuring vessels where suitable.","1. Define system boundary and performance objective. 2. Map the product/material flow. 3. Quantify a production, quality, loss, storage or process metric. 4. Identify bottleneck and uncertainty. 5. Compare two management/design scenarios. 6. Recommend an optimization with acceptance criteria.","Process-flow diagram, quantitative metric, scenario comparison, uncertainty note and defensible recommendation.",Propose a next-stage test or prototype that improves farm-to-food performance without weakening safety.,"No tasting unless the school has separately approved a supervised food activity. Wash hands before and after handling produce. Use only clean, teacher-approved samples and containers. Teachers control knives, heat, electrical equipment, chemicals and any processing machinery."
FF-490,SSS 1-3,Research & Design Garden,Waste-to-Resource,"Evaluate waste-to-resource as part of the Research & Design Garden food-system chain, integrating production, quality, process efficiency, safety constraints and design decisions.","Research journal, system/process map, measurement instruments, quality records, calculator/computer where available, clean handling materials.","Use locally available baskets, clean reused food-grade containers, handmade labels, paper process cards and simple balances/measuring vessels where suitable.","1. Define system boundary and performance objective. 2. Map the product/material flow. 3. Quantify a production, quality, loss, storage or process metric. 4. Identify bottleneck and uncertainty. 5. Compare two management/design scenarios. 6. Recommend an optimization with acceptance criteria.","Process-flow diagram, quantitative metric, scenario comparison, uncertainty note and defensible recommendation.",Propose a next-stage test or prototype that improves farm-to-food performance without weakening safety.,"No tasting unless the school has separately approved a supervised food activity. Wash hands before and after handling produce. Use only clean, teacher-approved samples and containers. Teachers control knives, heat, electrical equipment, chemicals and any processing machinery."
FF-491,SSS 1-3,Integrated Food Systems Laboratory,Food Origin,"Evaluate food origin as part of the Integrated Food Systems Laboratory food-system chain, integrating production, quality, process efficiency, safety constraints and design decisions.","Research journal, system/process map, measurement instruments, quality records, calculator/computer where available, clean handling materials.","Use locally available baskets, clean reused food-grade containers, handmade labels, paper process cards and simple balances/measuring vessels where suitable.","1. Define system boundary and performance objective. 2. Map the product/material flow. 3. Quantify a production, quality, loss, storage or process metric. 4. Identify bottleneck and uncertainty. 5. Compare two management/design scenarios. 6. Recommend an optimization with acceptance criteria.","Process-flow diagram, quantitative metric, scenario comparison, uncertainty note and defensible recommendation.",Propose a next-stage test or prototype that improves farm-to-food performance without weakening safety.,"No tasting unless the school has separately approved a supervised food activity. Wash hands before and after handling produce. Use only clean, teacher-approved samples and containers. Teachers control knives, heat, electrical equipment, chemicals and any processing machinery."
FF-492,SSS 1-3,Integrated Food Systems Laboratory,Harvest Readiness,"Evaluate harvest readiness as part of the Integrated Food Systems Laboratory food-system chain, integrating production, quality, process efficiency, safety constraints and design decisions.","Research journal, system/process map, measurement instruments, quality records, calculator/computer where available, clean handling materials.","Use locally available baskets, clean reused food-grade containers, handmade labels, paper process cards and simple balances/measuring vessels where suitable.","1. Define system boundary and performance objective. 2. Map the product/material flow. 3. Quantify a production, quality, loss, storage or process metric. 4. Identify bottleneck and uncertainty. 5. Compare two management/design scenarios. 6. Recommend an optimization with acceptance criteria.","Process-flow diagram, quantitative metric, scenario comparison, uncertainty note and defensible recommendation.",Propose a next-stage test or prototype that improves farm-to-food performance without weakening safety.,"No tasting unless the school has separately approved a supervised food activity. Wash hands before and after handling produce. Use only clean, teacher-approved samples and containers. Teachers control knives, heat, electrical equipment, chemicals and any processing machinery."
FF-493,SSS 1-3,Integrated Food Systems Laboratory,Safe Handling,"Evaluate safe handling as part of the Integrated Food Systems Laboratory food-system chain, integrating production, quality, process efficiency, safety constraints and design decisions.","Research journal, system/process map, measurement instruments, quality records, calculator/computer where available, clean handling materials.","Use locally available baskets, clean reused food-grade containers, handmade labels, paper process cards and simple balances/measuring vessels where suitable.","1. Define system boundary and performance objective. 2. Map the product/material flow. 3. Quantify a production, quality, loss, storage or process metric. 4. Identify bottleneck and uncertainty. 5. Compare two management/design scenarios. 6. Recommend an optimization with acceptance criteria.","Process-flow diagram, quantitative metric, scenario comparison, uncertainty note and defensible recommendation.",Propose a next-stage test or prototype that improves farm-to-food performance without weakening safety.,"No tasting unless the school has separately approved a supervised food activity. Wash hands before and after handling produce. Use only clean, teacher-approved samples and containers. Teachers control knives, heat, electrical equipment, chemicals and any processing machinery."
FF-494,SSS 1-3,Integrated Food Systems Laboratory,Sorting & Quality,"Evaluate sorting & quality as part of the Integrated Food Systems Laboratory food-system chain, integrating production, quality, process efficiency, safety constraints and design decisions.","Research journal, system/process map, measurement instruments, quality records, calculator/computer where available, clean handling materials.","Use locally available baskets, clean reused food-grade containers, handmade labels, paper process cards and simple balances/measuring vessels where suitable.","1. Define system boundary and performance objective. 2. Map the product/material flow. 3. Quantify a production, quality, loss, storage or process metric. 4. Identify bottleneck and uncertainty. 5. Compare two management/design scenarios. 6. Recommend an optimization with acceptance criteria.","Process-flow diagram, quantitative metric, scenario comparison, uncertainty note and defensible recommendation.",Propose a next-stage test or prototype that improves farm-to-food performance without weakening safety.,"No tasting unless the school has separately approved a supervised food activity. Wash hands before and after handling produce. Use only clean, teacher-approved samples and containers. Teachers control knives, heat, electrical equipment, chemicals and any processing machinery."
FF-495,SSS 1-3,Integrated Food Systems Laboratory,Farm-to-Food Journey,"Evaluate farm-to-food journey as part of the Integrated Food Systems Laboratory food-system chain, integrating production, quality, process efficiency, safety constraints and design decisions.","Research journal, system/process map, measurement instruments, quality records, calculator/computer where available, clean handling materials.","Use locally available baskets, clean reused food-grade containers, handmade labels, paper process cards and simple balances/measuring vessels where suitable.","1. Define system boundary and performance objective. 2. Map the product/material flow. 3. Quantify a production, quality, loss, storage or process metric. 4. Identify bottleneck and uncertainty. 5. Compare two management/design scenarios. 6. Recommend an optimization with acceptance criteria.","Process-flow diagram, quantitative metric, scenario comparison, uncertainty note and defensible recommendation.",Propose a next-stage test or prototype that improves farm-to-food performance without weakening safety.,"No tasting unless the school has separately approved a supervised food activity. Wash hands before and after handling produce. Use only clean, teacher-approved samples and containers. Teachers control knives, heat, electrical equipment, chemicals and any processing machinery."
FF-496,SSS 1-3,Integrated Food Systems Laboratory,Measurement & Yield,"Evaluate measurement & yield as part of the Integrated Food Systems Laboratory food-system chain, integrating production, quality, process efficiency, safety constraints and design decisions.","Research journal, system/process map, measurement instruments, quality records, calculator/computer where available, clean handling materials.","Use locally available baskets, clean reused food-grade containers, handmade labels, paper process cards and simple balances/measuring vessels where suitable.","1. Define system boundary and performance objective. 2. Map the product/material flow. 3. Quantify a production, quality, loss, storage or process metric. 4. Identify bottleneck and uncertainty. 5. Compare two management/design scenarios. 6. Recommend an optimization with acceptance criteria.","Process-flow diagram, quantitative metric, scenario comparison, uncertainty note and defensible recommendation.",Propose a next-stage test or prototype that improves farm-to-food performance without weakening safety.,"No tasting unless the school has separately approved a supervised food activity. Wash hands before and after handling produce. Use only clean, teacher-approved samples and containers. Teachers control knives, heat, electrical equipment, chemicals and any processing machinery."
FF-497,SSS 1-3,Integrated Food Systems Laboratory,Storage & Loss,"Evaluate storage & loss as part of the Integrated Food Systems Laboratory food-system chain, integrating production, quality, process efficiency, safety constraints and design decisions.","Research journal, system/process map, measurement instruments, quality records, calculator/computer where available, clean handling materials.","Use locally available baskets, clean reused food-grade containers, handmade labels, paper process cards and simple balances/measuring vessels where suitable.","1. Define system boundary and performance objective. 2. Map the product/material flow. 3. Quantify a production, quality, loss, storage or process metric. 4. Identify bottleneck and uncertainty. 5. Compare two management/design scenarios. 6. Recommend an optimization with acceptance criteria.","Process-flow diagram, quantitative metric, scenario comparison, uncertainty note and defensible recommendation.",Propose a next-stage test or prototype that improves farm-to-food performance without weakening safety.,"No tasting unless the school has separately approved a supervised food activity. Wash hands before and after handling produce. Use only clean, teacher-approved samples and containers. Teachers control knives, heat, electrical equipment, chemicals and any processing machinery."
FF-498,SSS 1-3,Integrated Food Systems Laboratory,Preparation Pathway,"Evaluate preparation pathway as part of the Integrated Food Systems Laboratory food-system chain, integrating production, quality, process efficiency, safety constraints and design decisions.","Research journal, system/process map, measurement instruments, quality records, calculator/computer where available, clean handling materials.","Use locally available baskets, clean reused food-grade containers, handmade labels, paper process cards and simple balances/measuring vessels where suitable.","1. Define system boundary and performance objective. 2. Map the product/material flow. 3. Quantify a production, quality, loss, storage or process metric. 4. Identify bottleneck and uncertainty. 5. Compare two management/design scenarios. 6. Recommend an optimization with acceptance criteria.","Process-flow diagram, quantitative metric, scenario comparison, uncertainty note and defensible recommendation.",Propose a next-stage test or prototype that improves farm-to-food performance without weakening safety.,"No tasting unless the school has separately approved a supervised food activity. Wash hands before and after handling produce. Use only clean, teacher-approved samples and containers. Teachers control knives, heat, electrical equipment, chemicals and any processing machinery."
FF-499,SSS 1-3,Integrated Food Systems Laboratory,Food Choice & Literacy,"Evaluate food choice & literacy as part of the Integrated Food Systems Laboratory food-system chain, integrating production, quality, process efficiency, safety constraints and design decisions.","Research journal, system/process map, measurement instruments, quality records, calculator/computer where available, clean handling materials.","Use locally available baskets, clean reused food-grade containers, handmade labels, paper process cards and simple balances/measuring vessels where suitable.","1. Define system boundary and performance objective. 2. Map the product/material flow. 3. Quantify a production, quality, loss, storage or process metric. 4. Identify bottleneck and uncertainty. 5. Compare two management/design scenarios. 6. Recommend an optimization with acceptance criteria.","Process-flow diagram, quantitative metric, scenario comparison, uncertainty note and defensible recommendation.",Propose a next-stage test or prototype that improves farm-to-food performance without weakening safety.,"No tasting unless the school has separately approved a supervised food activity. Wash hands before and after handling produce. Use only clean, teacher-approved samples and containers. Teachers control knives, heat, electrical equipment, chemicals and any processing machinery."
FF-500,SSS 1-3,Integrated Food Systems Laboratory,Waste-to-Resource,"Evaluate waste-to-resource as part of the Integrated Food Systems Laboratory food-system chain, integrating production, quality, process efficiency, safety constraints and design decisions.","Research journal, system/process map, measurement instruments, quality records, calculator/computer where available, clean handling materials.","Use locally available baskets, clean reused food-grade containers, handmade labels, paper process cards and simple balances/measuring vessels where suitable.","1. Define system boundary and performance objective. 2. Map the product/material flow. 3. Quantify a production, quality, loss, storage or process metric. 4. Identify bottleneck and uncertainty. 5. Compare two management/design scenarios. 6. Recommend an optimization with acceptance criteria.","Process-flow diagram, quantitative metric, scenario comparison, uncertainty note and defensible recommendation.",Propose a next-stage test or prototype that improves farm-to-food performance without weakening safety.,"No tasting unless the school has separately approved a supervised food activity. Wash hands before and after handling produce. Use only clean, teacher-approved samples and containers. Teachers control knives, heat, electrical equipment, chemicals and any processing machinery."
