PA_ID,Level,Garden,Activity,Learning_Objective,Expected_Evidence
PA-001,Nursery,Alphabet Garden,SEE - Alphabet Garden,"Help learners see and talk about letters, labels and familiar garden objects through a short, supervised garden experience.","Pointing, oral response, simple count, matching, drawing or safe participation."
PA-002,Nursery,Alphabet Garden,SAY - Alphabet Garden,"Help learners say and talk about letters, labels and familiar garden objects through a short, supervised garden experience.","Pointing, oral response, simple count, matching, drawing or safe participation."
PA-003,Nursery,Alphabet Garden,FIND - Alphabet Garden,"Help learners find and talk about letters, labels and familiar garden objects through a short, supervised garden experience.","Pointing, oral response, simple count, matching, drawing or safe participation."
PA-004,Nursery,Alphabet Garden,COUNT - Alphabet Garden,"Help learners count and talk about letters, labels and familiar garden objects through a short, supervised garden experience.","Pointing, oral response, simple count, matching, drawing or safe participation."
PA-005,Nursery,Alphabet Garden,MATCH - Alphabet Garden,"Help learners match and talk about letters, labels and familiar garden objects through a short, supervised garden experience.","Pointing, oral response, simple count, matching, drawing or safe participation."
PA-006,Nursery,Alphabet Garden,SORT - Alphabet Garden,"Help learners sort and talk about letters, labels and familiar garden objects through a short, supervised garden experience.","Pointing, oral response, simple count, matching, drawing or safe participation."
PA-007,Nursery,Alphabet Garden,COMPARE - Alphabet Garden,"Help learners compare and talk about letters, labels and familiar garden objects through a short, supervised garden experience.","Pointing, oral response, simple count, matching, drawing or safe participation."
PA-008,Nursery,Alphabet Garden,DRAW - Alphabet Garden,"Help learners draw and talk about letters, labels and familiar garden objects through a short, supervised garden experience.","Pointing, oral response, simple count, matching, drawing or safe participation."
PA-009,Nursery,Alphabet Garden,CARE - Alphabet Garden,"Help learners care and talk about letters, labels and familiar garden objects through a short, supervised garden experience.","Pointing, oral response, simple count, matching, drawing or safe participation."
PA-010,Nursery,Alphabet Garden,DISCOVER - Alphabet Garden,"Help learners discover and talk about letters, labels and familiar garden objects through a short, supervised garden experience.","Pointing, oral response, simple count, matching, drawing or safe participation."
PA-011,Nursery,Number Garden,SEE - Number Garden,"Help learners see and talk about numbers, counting and quantities through a short, supervised garden experience.","Pointing, oral response, simple count, matching, drawing or safe participation."
PA-012,Nursery,Number Garden,SAY - Number Garden,"Help learners say and talk about numbers, counting and quantities through a short, supervised garden experience.","Pointing, oral response, simple count, matching, drawing or safe participation."
PA-013,Nursery,Number Garden,FIND - Number Garden,"Help learners find and talk about numbers, counting and quantities through a short, supervised garden experience.","Pointing, oral response, simple count, matching, drawing or safe participation."
PA-014,Nursery,Number Garden,COUNT - Number Garden,"Help learners count and talk about numbers, counting and quantities through a short, supervised garden experience.","Pointing, oral response, simple count, matching, drawing or safe participation."
PA-015,Nursery,Number Garden,MATCH - Number Garden,"Help learners match and talk about numbers, counting and quantities through a short, supervised garden experience.","Pointing, oral response, simple count, matching, drawing or safe participation."
PA-016,Nursery,Number Garden,SORT - Number Garden,"Help learners sort and talk about numbers, counting and quantities through a short, supervised garden experience.","Pointing, oral response, simple count, matching, drawing or safe participation."
PA-017,Nursery,Number Garden,COMPARE - Number Garden,"Help learners compare and talk about numbers, counting and quantities through a short, supervised garden experience.","Pointing, oral response, simple count, matching, drawing or safe participation."
PA-018,Nursery,Number Garden,DRAW - Number Garden,"Help learners draw and talk about numbers, counting and quantities through a short, supervised garden experience.","Pointing, oral response, simple count, matching, drawing or safe participation."
PA-019,Nursery,Number Garden,CARE - Number Garden,"Help learners care and talk about numbers, counting and quantities through a short, supervised garden experience.","Pointing, oral response, simple count, matching, drawing or safe participation."
PA-020,Nursery,Number Garden,DISCOVER - Number Garden,"Help learners discover and talk about numbers, counting and quantities through a short, supervised garden experience.","Pointing, oral response, simple count, matching, drawing or safe participation."
PA-021,Nursery,Geometry Garden,SEE - Geometry Garden,"Help learners see and talk about shapes, sides, corners, length and garden layout through a short, supervised garden experience.","Pointing, oral response, simple count, matching, drawing or safe participation."
PA-022,Nursery,Geometry Garden,SAY - Geometry Garden,"Help learners say and talk about shapes, sides, corners, length and garden layout through a short, supervised garden experience.","Pointing, oral response, simple count, matching, drawing or safe participation."
PA-023,Nursery,Geometry Garden,FIND - Geometry Garden,"Help learners find and talk about shapes, sides, corners, length and garden layout through a short, supervised garden experience.","Pointing, oral response, simple count, matching, drawing or safe participation."
PA-024,Nursery,Geometry Garden,COUNT - Geometry Garden,"Help learners count and talk about shapes, sides, corners, length and garden layout through a short, supervised garden experience.","Pointing, oral response, simple count, matching, drawing or safe participation."
PA-025,Nursery,Geometry Garden,MATCH - Geometry Garden,"Help learners match and talk about shapes, sides, corners, length and garden layout through a short, supervised garden experience.","Pointing, oral response, simple count, matching, drawing or safe participation."
PA-026,Nursery,Geometry Garden,SORT - Geometry Garden,"Help learners sort and talk about shapes, sides, corners, length and garden layout through a short, supervised garden experience.","Pointing, oral response, simple count, matching, drawing or safe participation."
PA-027,Nursery,Geometry Garden,COMPARE - Geometry Garden,"Help learners compare and talk about shapes, sides, corners, length and garden layout through a short, supervised garden experience.","Pointing, oral response, simple count, matching, drawing or safe participation."
PA-028,Nursery,Geometry Garden,DRAW - Geometry Garden,"Help learners draw and talk about shapes, sides, corners, length and garden layout through a short, supervised garden experience.","Pointing, oral response, simple count, matching, drawing or safe participation."
PA-029,Nursery,Geometry Garden,CARE - Geometry Garden,"Help learners care and talk about shapes, sides, corners, length and garden layout through a short, supervised garden experience.","Pointing, oral response, simple count, matching, drawing or safe participation."
PA-030,Nursery,Geometry Garden,DISCOVER - Geometry Garden,"Help learners discover and talk about shapes, sides, corners, length and garden layout through a short, supervised garden experience.","Pointing, oral response, simple count, matching, drawing or safe participation."
PA-031,Nursery,Leaf Garden,SEE - Leaf Garden,"Help learners see and talk about leaf color, shape, size and texture through a short, supervised garden experience.","Pointing, oral response, simple count, matching, drawing or safe participation."
PA-032,Nursery,Leaf Garden,SAY - Leaf Garden,"Help learners say and talk about leaf color, shape, size and texture through a short, supervised garden experience.","Pointing, oral response, simple count, matching, drawing or safe participation."
PA-033,Nursery,Leaf Garden,FIND - Leaf Garden,"Help learners find and talk about leaf color, shape, size and texture through a short, supervised garden experience.","Pointing, oral response, simple count, matching, drawing or safe participation."
PA-034,Nursery,Leaf Garden,COUNT - Leaf Garden,"Help learners count and talk about leaf color, shape, size and texture through a short, supervised garden experience.","Pointing, oral response, simple count, matching, drawing or safe participation."
PA-035,Nursery,Leaf Garden,MATCH - Leaf Garden,"Help learners match and talk about leaf color, shape, size and texture through a short, supervised garden experience.","Pointing, oral response, simple count, matching, drawing or safe participation."
PA-036,Nursery,Leaf Garden,SORT - Leaf Garden,"Help learners sort and talk about leaf color, shape, size and texture through a short, supervised garden experience.","Pointing, oral response, simple count, matching, drawing or safe participation."
PA-037,Nursery,Leaf Garden,COMPARE - Leaf Garden,"Help learners compare and talk about leaf color, shape, size and texture through a short, supervised garden experience.","Pointing, oral response, simple count, matching, drawing or safe participation."
PA-038,Nursery,Leaf Garden,DRAW - Leaf Garden,"Help learners draw and talk about leaf color, shape, size and texture through a short, supervised garden experience.","Pointing, oral response, simple count, matching, drawing or safe participation."
PA-039,Nursery,Leaf Garden,CARE - Leaf Garden,"Help learners care and talk about leaf color, shape, size and texture through a short, supervised garden experience.","Pointing, oral response, simple count, matching, drawing or safe participation."
PA-040,Nursery,Leaf Garden,DISCOVER - Leaf Garden,"Help learners discover and talk about leaf color, shape, size and texture through a short, supervised garden experience.","Pointing, oral response, simple count, matching, drawing or safe participation."
PA-041,Nursery,Butterfly Garden,SEE - Butterfly Garden,"Help learners see and talk about flowers and harmless garden visitors through a short, supervised garden experience.","Pointing, oral response, simple count, matching, drawing or safe participation."
PA-042,Nursery,Butterfly Garden,SAY - Butterfly Garden,"Help learners say and talk about flowers and harmless garden visitors through a short, supervised garden experience.","Pointing, oral response, simple count, matching, drawing or safe participation."
PA-043,Nursery,Butterfly Garden,FIND - Butterfly Garden,"Help learners find and talk about flowers and harmless garden visitors through a short, supervised garden experience.","Pointing, oral response, simple count, matching, drawing or safe participation."
PA-044,Nursery,Butterfly Garden,COUNT - Butterfly Garden,"Help learners count and talk about flowers and harmless garden visitors through a short, supervised garden experience.","Pointing, oral response, simple count, matching, drawing or safe participation."
PA-045,Nursery,Butterfly Garden,MATCH - Butterfly Garden,"Help learners match and talk about flowers and harmless garden visitors through a short, supervised garden experience.","Pointing, oral response, simple count, matching, drawing or safe participation."
PA-046,Nursery,Butterfly Garden,SORT - Butterfly Garden,"Help learners sort and talk about flowers and harmless garden visitors through a short, supervised garden experience.","Pointing, oral response, simple count, matching, drawing or safe participation."
PA-047,Nursery,Butterfly Garden,COMPARE - Butterfly Garden,"Help learners compare and talk about flowers and harmless garden visitors through a short, supervised garden experience.","Pointing, oral response, simple count, matching, drawing or safe participation."
PA-048,Nursery,Butterfly Garden,DRAW - Butterfly Garden,"Help learners draw and talk about flowers and harmless garden visitors through a short, supervised garden experience.","Pointing, oral response, simple count, matching, drawing or safe participation."
PA-049,Nursery,Butterfly Garden,CARE - Butterfly Garden,"Help learners care and talk about flowers and harmless garden visitors through a short, supervised garden experience.","Pointing, oral response, simple count, matching, drawing or safe participation."
PA-050,Nursery,Butterfly Garden,DISCOVER - Butterfly Garden,"Help learners discover and talk about flowers and harmless garden visitors through a short, supervised garden experience.","Pointing, oral response, simple count, matching, drawing or safe participation."
PA-051,Nursery,ReBottle Garden,SEE - ReBottle Garden,"Help learners see and talk about reused bottle planters and plant care through a short, supervised garden experience.","Pointing, oral response, simple count, matching, drawing or safe participation."
PA-052,Nursery,ReBottle Garden,SAY - ReBottle Garden,"Help learners say and talk about reused bottle planters and plant care through a short, supervised garden experience.","Pointing, oral response, simple count, matching, drawing or safe participation."
PA-053,Nursery,ReBottle Garden,FIND - ReBottle Garden,"Help learners find and talk about reused bottle planters and plant care through a short, supervised garden experience.","Pointing, oral response, simple count, matching, drawing or safe participation."
PA-054,Nursery,ReBottle Garden,COUNT - ReBottle Garden,"Help learners count and talk about reused bottle planters and plant care through a short, supervised garden experience.","Pointing, oral response, simple count, matching, drawing or safe participation."
PA-055,Nursery,ReBottle Garden,MATCH - ReBottle Garden,"Help learners match and talk about reused bottle planters and plant care through a short, supervised garden experience.","Pointing, oral response, simple count, matching, drawing or safe participation."
PA-056,Nursery,ReBottle Garden,SORT - ReBottle Garden,"Help learners sort and talk about reused bottle planters and plant care through a short, supervised garden experience.","Pointing, oral response, simple count, matching, drawing or safe participation."
PA-057,Nursery,ReBottle Garden,COMPARE - ReBottle Garden,"Help learners compare and talk about reused bottle planters and plant care through a short, supervised garden experience.","Pointing, oral response, simple count, matching, drawing or safe participation."
PA-058,Nursery,ReBottle Garden,DRAW - ReBottle Garden,"Help learners draw and talk about reused bottle planters and plant care through a short, supervised garden experience.","Pointing, oral response, simple count, matching, drawing or safe participation."
PA-059,Nursery,ReBottle Garden,CARE - ReBottle Garden,"Help learners care and talk about reused bottle planters and plant care through a short, supervised garden experience.","Pointing, oral response, simple count, matching, drawing or safe participation."
PA-060,Nursery,ReBottle Garden,DISCOVER - ReBottle Garden,"Help learners discover and talk about reused bottle planters and plant care through a short, supervised garden experience.","Pointing, oral response, simple count, matching, drawing or safe participation."
PA-061,Nursery,MicroGrow Garden,SEE - MicroGrow Garden,"Help learners see and talk about seedlings and early growth through a short, supervised garden experience.","Pointing, oral response, simple count, matching, drawing or safe participation."
PA-062,Nursery,MicroGrow Garden,SAY - MicroGrow Garden,"Help learners say and talk about seedlings and early growth through a short, supervised garden experience.","Pointing, oral response, simple count, matching, drawing or safe participation."
PA-063,Nursery,MicroGrow Garden,FIND - MicroGrow Garden,"Help learners find and talk about seedlings and early growth through a short, supervised garden experience.","Pointing, oral response, simple count, matching, drawing or safe participation."
PA-064,Nursery,MicroGrow Garden,COUNT - MicroGrow Garden,"Help learners count and talk about seedlings and early growth through a short, supervised garden experience.","Pointing, oral response, simple count, matching, drawing or safe participation."
PA-065,Nursery,MicroGrow Garden,MATCH - MicroGrow Garden,"Help learners match and talk about seedlings and early growth through a short, supervised garden experience.","Pointing, oral response, simple count, matching, drawing or safe participation."
PA-066,Nursery,MicroGrow Garden,SORT - MicroGrow Garden,"Help learners sort and talk about seedlings and early growth through a short, supervised garden experience.","Pointing, oral response, simple count, matching, drawing or safe participation."
PA-067,Nursery,MicroGrow Garden,COMPARE - MicroGrow Garden,"Help learners compare and talk about seedlings and early growth through a short, supervised garden experience.","Pointing, oral response, simple count, matching, drawing or safe participation."
PA-068,Nursery,MicroGrow Garden,DRAW - MicroGrow Garden,"Help learners draw and talk about seedlings and early growth through a short, supervised garden experience.","Pointing, oral response, simple count, matching, drawing or safe participation."
PA-069,Nursery,MicroGrow Garden,CARE - MicroGrow Garden,"Help learners care and talk about seedlings and early growth through a short, supervised garden experience.","Pointing, oral response, simple count, matching, drawing or safe participation."
PA-070,Nursery,MicroGrow Garden,DISCOVER - MicroGrow Garden,"Help learners discover and talk about seedlings and early growth through a short, supervised garden experience.","Pointing, oral response, simple count, matching, drawing or safe participation."
PA-071,Nursery,Mini Table Garden,SEE - Mini Table Garden,"Help learners see and talk about small-container growing and care through a short, supervised garden experience.","Pointing, oral response, simple count, matching, drawing or safe participation."
PA-072,Nursery,Mini Table Garden,SAY - Mini Table Garden,"Help learners say and talk about small-container growing and care through a short, supervised garden experience.","Pointing, oral response, simple count, matching, drawing or safe participation."
PA-073,Nursery,Mini Table Garden,FIND - Mini Table Garden,"Help learners find and talk about small-container growing and care through a short, supervised garden experience.","Pointing, oral response, simple count, matching, drawing or safe participation."
PA-074,Nursery,Mini Table Garden,COUNT - Mini Table Garden,"Help learners count and talk about small-container growing and care through a short, supervised garden experience.","Pointing, oral response, simple count, matching, drawing or safe participation."
PA-075,Nursery,Mini Table Garden,MATCH - Mini Table Garden,"Help learners match and talk about small-container growing and care through a short, supervised garden experience.","Pointing, oral response, simple count, matching, drawing or safe participation."
PA-076,Nursery,Mini Table Garden,SORT - Mini Table Garden,"Help learners sort and talk about small-container growing and care through a short, supervised garden experience.","Pointing, oral response, simple count, matching, drawing or safe participation."
PA-077,Nursery,Mini Table Garden,COMPARE - Mini Table Garden,"Help learners compare and talk about small-container growing and care through a short, supervised garden experience.","Pointing, oral response, simple count, matching, drawing or safe participation."
PA-078,Nursery,Mini Table Garden,DRAW - Mini Table Garden,"Help learners draw and talk about small-container growing and care through a short, supervised garden experience.","Pointing, oral response, simple count, matching, drawing or safe participation."
PA-079,Nursery,Mini Table Garden,CARE - Mini Table Garden,"Help learners care and talk about small-container growing and care through a short, supervised garden experience.","Pointing, oral response, simple count, matching, drawing or safe participation."
PA-080,Nursery,Mini Table Garden,DISCOVER - Mini Table Garden,"Help learners discover and talk about small-container growing and care through a short, supervised garden experience.","Pointing, oral response, simple count, matching, drawing or safe participation."
PA-081,Nursery,Sack Garden,SEE - Sack Garden,"Help learners see and talk about sack-growing positions and plant care through a short, supervised garden experience.","Pointing, oral response, simple count, matching, drawing or safe participation."
PA-082,Nursery,Sack Garden,SAY - Sack Garden,"Help learners say and talk about sack-growing positions and plant care through a short, supervised garden experience.","Pointing, oral response, simple count, matching, drawing or safe participation."
PA-083,Nursery,Sack Garden,FIND - Sack Garden,"Help learners find and talk about sack-growing positions and plant care through a short, supervised garden experience.","Pointing, oral response, simple count, matching, drawing or safe participation."
PA-084,Nursery,Sack Garden,COUNT - Sack Garden,"Help learners count and talk about sack-growing positions and plant care through a short, supervised garden experience.","Pointing, oral response, simple count, matching, drawing or safe participation."
PA-085,Nursery,Sack Garden,MATCH - Sack Garden,"Help learners match and talk about sack-growing positions and plant care through a short, supervised garden experience.","Pointing, oral response, simple count, matching, drawing or safe participation."
PA-086,Nursery,Sack Garden,SORT - Sack Garden,"Help learners sort and talk about sack-growing positions and plant care through a short, supervised garden experience.","Pointing, oral response, simple count, matching, drawing or safe participation."
PA-087,Nursery,Sack Garden,COMPARE - Sack Garden,"Help learners compare and talk about sack-growing positions and plant care through a short, supervised garden experience.","Pointing, oral response, simple count, matching, drawing or safe participation."
PA-088,Nursery,Sack Garden,DRAW - Sack Garden,"Help learners draw and talk about sack-growing positions and plant care through a short, supervised garden experience.","Pointing, oral response, simple count, matching, drawing or safe participation."
PA-089,Nursery,Sack Garden,CARE - Sack Garden,"Help learners care and talk about sack-growing positions and plant care through a short, supervised garden experience.","Pointing, oral response, simple count, matching, drawing or safe participation."
PA-090,Nursery,Sack Garden,DISCOVER - Sack Garden,"Help learners discover and talk about sack-growing positions and plant care through a short, supervised garden experience.","Pointing, oral response, simple count, matching, drawing or safe participation."
PA-091,Nursery,Discovery Garden,SEE - Discovery Garden,"Help learners see and talk about safe observation and curiosity through a short, supervised garden experience.","Pointing, oral response, simple count, matching, drawing or safe participation."
PA-092,Nursery,Discovery Garden,SAY - Discovery Garden,"Help learners say and talk about safe observation and curiosity through a short, supervised garden experience.","Pointing, oral response, simple count, matching, drawing or safe participation."
PA-093,Nursery,Discovery Garden,FIND - Discovery Garden,"Help learners find and talk about safe observation and curiosity through a short, supervised garden experience.","Pointing, oral response, simple count, matching, drawing or safe participation."
PA-094,Nursery,Discovery Garden,COUNT - Discovery Garden,"Help learners count and talk about safe observation and curiosity through a short, supervised garden experience.","Pointing, oral response, simple count, matching, drawing or safe participation."
PA-095,Nursery,Discovery Garden,MATCH - Discovery Garden,"Help learners match and talk about safe observation and curiosity through a short, supervised garden experience.","Pointing, oral response, simple count, matching, drawing or safe participation."
PA-096,Nursery,Discovery Garden,SORT - Discovery Garden,"Help learners sort and talk about safe observation and curiosity through a short, supervised garden experience.","Pointing, oral response, simple count, matching, drawing or safe participation."
PA-097,Nursery,Discovery Garden,COMPARE - Discovery Garden,"Help learners compare and talk about safe observation and curiosity through a short, supervised garden experience.","Pointing, oral response, simple count, matching, drawing or safe participation."
PA-098,Nursery,Discovery Garden,DRAW - Discovery Garden,"Help learners draw and talk about safe observation and curiosity through a short, supervised garden experience.","Pointing, oral response, simple count, matching, drawing or safe participation."
PA-099,Nursery,Discovery Garden,CARE - Discovery Garden,"Help learners care and talk about safe observation and curiosity through a short, supervised garden experience.","Pointing, oral response, simple count, matching, drawing or safe participation."
PA-100,Nursery,Discovery Garden,DISCOVER - Discovery Garden,"Help learners discover and talk about safe observation and curiosity through a short, supervised garden experience.","Pointing, oral response, simple count, matching, drawing or safe participation."
PA-101,Primary 1-3,Alphabet Food Garden,OBSERVE - Alphabet Food Garden,"Enable pupils to observe food-crop names and garden vocabulary using simple observations, counts or measurements and record what they find.","Tally, labeled drawing, measurement table, simple graph or short evidence-based explanation."
PA-102,Primary 1-3,Alphabet Food Garden,COUNT - Alphabet Food Garden,"Enable pupils to count food-crop names and garden vocabulary using simple observations, counts or measurements and record what they find.","Tally, labeled drawing, measurement table, simple graph or short evidence-based explanation."
PA-103,Primary 1-3,Alphabet Food Garden,MEASURE - Alphabet Food Garden,"Enable pupils to measure food-crop names and garden vocabulary using simple observations, counts or measurements and record what they find.","Tally, labeled drawing, measurement table, simple graph or short evidence-based explanation."
PA-104,Primary 1-3,Alphabet Food Garden,COMPARE - Alphabet Food Garden,"Enable pupils to compare food-crop names and garden vocabulary using simple observations, counts or measurements and record what they find.","Tally, labeled drawing, measurement table, simple graph or short evidence-based explanation."
PA-105,Primary 1-3,Alphabet Food Garden,RECORD - Alphabet Food Garden,"Enable pupils to record food-crop names and garden vocabulary using simple observations, counts or measurements and record what they find.","Tally, labeled drawing, measurement table, simple graph or short evidence-based explanation."
PA-106,Primary 1-3,Alphabet Food Garden,MAP - Alphabet Food Garden,"Enable pupils to map food-crop names and garden vocabulary using simple observations, counts or measurements and record what they find.","Tally, labeled drawing, measurement table, simple graph or short evidence-based explanation."
PA-107,Primary 1-3,Alphabet Food Garden,GROW - Alphabet Food Garden,"Enable pupils to grow food-crop names and garden vocabulary using simple observations, counts or measurements and record what they find.","Tally, labeled drawing, measurement table, simple graph or short evidence-based explanation."
PA-108,Primary 1-3,Alphabet Food Garden,CHECK - Alphabet Food Garden,"Enable pupils to check food-crop names and garden vocabulary using simple observations, counts or measurements and record what they find.","Tally, labeled drawing, measurement table, simple graph or short evidence-based explanation."
PA-109,Primary 1-3,Alphabet Food Garden,EXPLAIN - Alphabet Food Garden,"Enable pupils to explain food-crop names and garden vocabulary using simple observations, counts or measurements and record what they find.","Tally, labeled drawing, measurement table, simple graph or short evidence-based explanation."
PA-110,Primary 1-3,Alphabet Food Garden,IMPROVE - Alphabet Food Garden,"Enable pupils to improve food-crop names and garden vocabulary using simple observations, counts or measurements and record what they find.","Tally, labeled drawing, measurement table, simple graph or short evidence-based explanation."
PA-111,Primary 1-3,Number Food Garden,OBSERVE - Number Food Garden,"Enable pupils to observe counts, plant height and simple totals using simple observations, counts or measurements and record what they find.","Tally, labeled drawing, measurement table, simple graph or short evidence-based explanation."
PA-112,Primary 1-3,Number Food Garden,COUNT - Number Food Garden,"Enable pupils to count counts, plant height and simple totals using simple observations, counts or measurements and record what they find.","Tally, labeled drawing, measurement table, simple graph or short evidence-based explanation."
PA-113,Primary 1-3,Number Food Garden,MEASURE - Number Food Garden,"Enable pupils to measure counts, plant height and simple totals using simple observations, counts or measurements and record what they find.","Tally, labeled drawing, measurement table, simple graph or short evidence-based explanation."
PA-114,Primary 1-3,Number Food Garden,COMPARE - Number Food Garden,"Enable pupils to compare counts, plant height and simple totals using simple observations, counts or measurements and record what they find.","Tally, labeled drawing, measurement table, simple graph or short evidence-based explanation."
PA-115,Primary 1-3,Number Food Garden,RECORD - Number Food Garden,"Enable pupils to record counts, plant height and simple totals using simple observations, counts or measurements and record what they find.","Tally, labeled drawing, measurement table, simple graph or short evidence-based explanation."
PA-116,Primary 1-3,Number Food Garden,MAP - Number Food Garden,"Enable pupils to map counts, plant height and simple totals using simple observations, counts or measurements and record what they find.","Tally, labeled drawing, measurement table, simple graph or short evidence-based explanation."
PA-117,Primary 1-3,Number Food Garden,GROW - Number Food Garden,"Enable pupils to grow counts, plant height and simple totals using simple observations, counts or measurements and record what they find.","Tally, labeled drawing, measurement table, simple graph or short evidence-based explanation."
PA-118,Primary 1-3,Number Food Garden,CHECK - Number Food Garden,"Enable pupils to check counts, plant height and simple totals using simple observations, counts or measurements and record what they find.","Tally, labeled drawing, measurement table, simple graph or short evidence-based explanation."
PA-119,Primary 1-3,Number Food Garden,EXPLAIN - Number Food Garden,"Enable pupils to explain counts, plant height and simple totals using simple observations, counts or measurements and record what they find.","Tally, labeled drawing, measurement table, simple graph or short evidence-based explanation."
PA-120,Primary 1-3,Number Food Garden,IMPROVE - Number Food Garden,"Enable pupils to improve counts, plant height and simple totals using simple observations, counts or measurements and record what they find.","Tally, labeled drawing, measurement table, simple graph or short evidence-based explanation."
PA-121,Primary 1-3,Geometry Garden,OBSERVE - Geometry Garden,"Enable pupils to observe shapes, sides, corners, length and garden layout using simple observations, counts or measurements and record what they find.","Tally, labeled drawing, measurement table, simple graph or short evidence-based explanation."
PA-122,Primary 1-3,Geometry Garden,COUNT - Geometry Garden,"Enable pupils to count shapes, sides, corners, length and garden layout using simple observations, counts or measurements and record what they find.","Tally, labeled drawing, measurement table, simple graph or short evidence-based explanation."
PA-123,Primary 1-3,Geometry Garden,MEASURE - Geometry Garden,"Enable pupils to measure shapes, sides, corners, length and garden layout using simple observations, counts or measurements and record what they find.","Tally, labeled drawing, measurement table, simple graph or short evidence-based explanation."
PA-124,Primary 1-3,Geometry Garden,COMPARE - Geometry Garden,"Enable pupils to compare shapes, sides, corners, length and garden layout using simple observations, counts or measurements and record what they find.","Tally, labeled drawing, measurement table, simple graph or short evidence-based explanation."
PA-125,Primary 1-3,Geometry Garden,RECORD - Geometry Garden,"Enable pupils to record shapes, sides, corners, length and garden layout using simple observations, counts or measurements and record what they find.","Tally, labeled drawing, measurement table, simple graph or short evidence-based explanation."
PA-126,Primary 1-3,Geometry Garden,MAP - Geometry Garden,"Enable pupils to map shapes, sides, corners, length and garden layout using simple observations, counts or measurements and record what they find.","Tally, labeled drawing, measurement table, simple graph or short evidence-based explanation."
PA-127,Primary 1-3,Geometry Garden,GROW - Geometry Garden,"Enable pupils to grow shapes, sides, corners, length and garden layout using simple observations, counts or measurements and record what they find.","Tally, labeled drawing, measurement table, simple graph or short evidence-based explanation."
PA-128,Primary 1-3,Geometry Garden,CHECK - Geometry Garden,"Enable pupils to check shapes, sides, corners, length and garden layout using simple observations, counts or measurements and record what they find.","Tally, labeled drawing, measurement table, simple graph or short evidence-based explanation."
PA-129,Primary 1-3,Geometry Garden,EXPLAIN - Geometry Garden,"Enable pupils to explain shapes, sides, corners, length and garden layout using simple observations, counts or measurements and record what they find.","Tally, labeled drawing, measurement table, simple graph or short evidence-based explanation."
PA-130,Primary 1-3,Geometry Garden,IMPROVE - Geometry Garden,"Enable pupils to improve shapes, sides, corners, length and garden layout using simple observations, counts or measurements and record what they find.","Tally, labeled drawing, measurement table, simple graph or short evidence-based explanation."
PA-131,Primary 1-3,Leaf Garden,OBSERVE - Leaf Garden,"Enable pupils to observe leaf color, shape, size and texture using simple observations, counts or measurements and record what they find.","Tally, labeled drawing, measurement table, simple graph or short evidence-based explanation."
PA-132,Primary 1-3,Leaf Garden,COUNT - Leaf Garden,"Enable pupils to count leaf color, shape, size and texture using simple observations, counts or measurements and record what they find.","Tally, labeled drawing, measurement table, simple graph or short evidence-based explanation."
PA-133,Primary 1-3,Leaf Garden,MEASURE - Leaf Garden,"Enable pupils to measure leaf color, shape, size and texture using simple observations, counts or measurements and record what they find.","Tally, labeled drawing, measurement table, simple graph or short evidence-based explanation."
PA-134,Primary 1-3,Leaf Garden,COMPARE - Leaf Garden,"Enable pupils to compare leaf color, shape, size and texture using simple observations, counts or measurements and record what they find.","Tally, labeled drawing, measurement table, simple graph or short evidence-based explanation."
PA-135,Primary 1-3,Leaf Garden,RECORD - Leaf Garden,"Enable pupils to record leaf color, shape, size and texture using simple observations, counts or measurements and record what they find.","Tally, labeled drawing, measurement table, simple graph or short evidence-based explanation."
PA-136,Primary 1-3,Leaf Garden,MAP - Leaf Garden,"Enable pupils to map leaf color, shape, size and texture using simple observations, counts or measurements and record what they find.","Tally, labeled drawing, measurement table, simple graph or short evidence-based explanation."
PA-137,Primary 1-3,Leaf Garden,GROW - Leaf Garden,"Enable pupils to grow leaf color, shape, size and texture using simple observations, counts or measurements and record what they find.","Tally, labeled drawing, measurement table, simple graph or short evidence-based explanation."
PA-138,Primary 1-3,Leaf Garden,CHECK - Leaf Garden,"Enable pupils to check leaf color, shape, size and texture using simple observations, counts or measurements and record what they find.","Tally, labeled drawing, measurement table, simple graph or short evidence-based explanation."
PA-139,Primary 1-3,Leaf Garden,EXPLAIN - Leaf Garden,"Enable pupils to explain leaf color, shape, size and texture using simple observations, counts or measurements and record what they find.","Tally, labeled drawing, measurement table, simple graph or short evidence-based explanation."
PA-140,Primary 1-3,Leaf Garden,IMPROVE - Leaf Garden,"Enable pupils to improve leaf color, shape, size and texture using simple observations, counts or measurements and record what they find.","Tally, labeled drawing, measurement table, simple graph or short evidence-based explanation."
PA-141,Primary 1-3,Pollinator Garden,OBSERVE - Pollinator Garden,"Enable pupils to observe flowers and pollinator observations using simple observations, counts or measurements and record what they find.","Tally, labeled drawing, measurement table, simple graph or short evidence-based explanation."
PA-142,Primary 1-3,Pollinator Garden,COUNT - Pollinator Garden,"Enable pupils to count flowers and pollinator observations using simple observations, counts or measurements and record what they find.","Tally, labeled drawing, measurement table, simple graph or short evidence-based explanation."
PA-143,Primary 1-3,Pollinator Garden,MEASURE - Pollinator Garden,"Enable pupils to measure flowers and pollinator observations using simple observations, counts or measurements and record what they find.","Tally, labeled drawing, measurement table, simple graph or short evidence-based explanation."
PA-144,Primary 1-3,Pollinator Garden,COMPARE - Pollinator Garden,"Enable pupils to compare flowers and pollinator observations using simple observations, counts or measurements and record what they find.","Tally, labeled drawing, measurement table, simple graph or short evidence-based explanation."
PA-145,Primary 1-3,Pollinator Garden,RECORD - Pollinator Garden,"Enable pupils to record flowers and pollinator observations using simple observations, counts or measurements and record what they find.","Tally, labeled drawing, measurement table, simple graph or short evidence-based explanation."
PA-146,Primary 1-3,Pollinator Garden,MAP - Pollinator Garden,"Enable pupils to map flowers and pollinator observations using simple observations, counts or measurements and record what they find.","Tally, labeled drawing, measurement table, simple graph or short evidence-based explanation."
PA-147,Primary 1-3,Pollinator Garden,GROW - Pollinator Garden,"Enable pupils to grow flowers and pollinator observations using simple observations, counts or measurements and record what they find.","Tally, labeled drawing, measurement table, simple graph or short evidence-based explanation."
PA-148,Primary 1-3,Pollinator Garden,CHECK - Pollinator Garden,"Enable pupils to check flowers and pollinator observations using simple observations, counts or measurements and record what they find.","Tally, labeled drawing, measurement table, simple graph or short evidence-based explanation."
PA-149,Primary 1-3,Pollinator Garden,EXPLAIN - Pollinator Garden,"Enable pupils to explain flowers and pollinator observations using simple observations, counts or measurements and record what they find.","Tally, labeled drawing, measurement table, simple graph or short evidence-based explanation."
PA-150,Primary 1-3,Pollinator Garden,IMPROVE - Pollinator Garden,"Enable pupils to improve flowers and pollinator observations using simple observations, counts or measurements and record what they find.","Tally, labeled drawing, measurement table, simple graph or short evidence-based explanation."
PA-151,Primary 1-3,Raised Food Garden,OBSERVE - Raised Food Garden,"Enable pupils to observe raised-bed growth, spacing and care using simple observations, counts or measurements and record what they find.","Tally, labeled drawing, measurement table, simple graph or short evidence-based explanation."
PA-152,Primary 1-3,Raised Food Garden,COUNT - Raised Food Garden,"Enable pupils to count raised-bed growth, spacing and care using simple observations, counts or measurements and record what they find.","Tally, labeled drawing, measurement table, simple graph or short evidence-based explanation."
PA-153,Primary 1-3,Raised Food Garden,MEASURE - Raised Food Garden,"Enable pupils to measure raised-bed growth, spacing and care using simple observations, counts or measurements and record what they find.","Tally, labeled drawing, measurement table, simple graph or short evidence-based explanation."
PA-154,Primary 1-3,Raised Food Garden,COMPARE - Raised Food Garden,"Enable pupils to compare raised-bed growth, spacing and care using simple observations, counts or measurements and record what they find.","Tally, labeled drawing, measurement table, simple graph or short evidence-based explanation."
PA-155,Primary 1-3,Raised Food Garden,RECORD - Raised Food Garden,"Enable pupils to record raised-bed growth, spacing and care using simple observations, counts or measurements and record what they find.","Tally, labeled drawing, measurement table, simple graph or short evidence-based explanation."
PA-156,Primary 1-3,Raised Food Garden,MAP - Raised Food Garden,"Enable pupils to map raised-bed growth, spacing and care using simple observations, counts or measurements and record what they find.","Tally, labeled drawing, measurement table, simple graph or short evidence-based explanation."
PA-157,Primary 1-3,Raised Food Garden,GROW - Raised Food Garden,"Enable pupils to grow raised-bed growth, spacing and care using simple observations, counts or measurements and record what they find.","Tally, labeled drawing, measurement table, simple graph or short evidence-based explanation."
PA-158,Primary 1-3,Raised Food Garden,CHECK - Raised Food Garden,"Enable pupils to check raised-bed growth, spacing and care using simple observations, counts or measurements and record what they find.","Tally, labeled drawing, measurement table, simple graph or short evidence-based explanation."
PA-159,Primary 1-3,Raised Food Garden,EXPLAIN - Raised Food Garden,"Enable pupils to explain raised-bed growth, spacing and care using simple observations, counts or measurements and record what they find.","Tally, labeled drawing, measurement table, simple graph or short evidence-based explanation."
PA-160,Primary 1-3,Raised Food Garden,IMPROVE - Raised Food Garden,"Enable pupils to improve raised-bed growth, spacing and care using simple observations, counts or measurements and record what they find.","Tally, labeled drawing, measurement table, simple graph or short evidence-based explanation."
PA-161,Primary 1-3,ReBottle Wall Garden,OBSERVE - ReBottle Wall Garden,"Enable pupils to observe vertical container position, drainage and growth using simple observations, counts or measurements and record what they find.","Tally, labeled drawing, measurement table, simple graph or short evidence-based explanation."
PA-162,Primary 1-3,ReBottle Wall Garden,COUNT - ReBottle Wall Garden,"Enable pupils to count vertical container position, drainage and growth using simple observations, counts or measurements and record what they find.","Tally, labeled drawing, measurement table, simple graph or short evidence-based explanation."
PA-163,Primary 1-3,ReBottle Wall Garden,MEASURE - ReBottle Wall Garden,"Enable pupils to measure vertical container position, drainage and growth using simple observations, counts or measurements and record what they find.","Tally, labeled drawing, measurement table, simple graph or short evidence-based explanation."
PA-164,Primary 1-3,ReBottle Wall Garden,COMPARE - ReBottle Wall Garden,"Enable pupils to compare vertical container position, drainage and growth using simple observations, counts or measurements and record what they find.","Tally, labeled drawing, measurement table, simple graph or short evidence-based explanation."
PA-165,Primary 1-3,ReBottle Wall Garden,RECORD - ReBottle Wall Garden,"Enable pupils to record vertical container position, drainage and growth using simple observations, counts or measurements and record what they find.","Tally, labeled drawing, measurement table, simple graph or short evidence-based explanation."
PA-166,Primary 1-3,ReBottle Wall Garden,MAP - ReBottle Wall Garden,"Enable pupils to map vertical container position, drainage and growth using simple observations, counts or measurements and record what they find.","Tally, labeled drawing, measurement table, simple graph or short evidence-based explanation."
PA-167,Primary 1-3,ReBottle Wall Garden,GROW - ReBottle Wall Garden,"Enable pupils to grow vertical container position, drainage and growth using simple observations, counts or measurements and record what they find.","Tally, labeled drawing, measurement table, simple graph or short evidence-based explanation."
PA-168,Primary 1-3,ReBottle Wall Garden,CHECK - ReBottle Wall Garden,"Enable pupils to check vertical container position, drainage and growth using simple observations, counts or measurements and record what they find.","Tally, labeled drawing, measurement table, simple graph or short evidence-based explanation."
PA-169,Primary 1-3,ReBottle Wall Garden,EXPLAIN - ReBottle Wall Garden,"Enable pupils to explain vertical container position, drainage and growth using simple observations, counts or measurements and record what they find.","Tally, labeled drawing, measurement table, simple graph or short evidence-based explanation."
PA-170,Primary 1-3,ReBottle Wall Garden,IMPROVE - ReBottle Wall Garden,"Enable pupils to improve vertical container position, drainage and growth using simple observations, counts or measurements and record what they find.","Tally, labeled drawing, measurement table, simple graph or short evidence-based explanation."
PA-171,Primary 1-3,Sack GrowBag Garden,OBSERVE - Sack GrowBag Garden,"Enable pupils to observe growbag plant position, growth and care using simple observations, counts or measurements and record what they find.","Tally, labeled drawing, measurement table, simple graph or short evidence-based explanation."
PA-172,Primary 1-3,Sack GrowBag Garden,COUNT - Sack GrowBag Garden,"Enable pupils to count growbag plant position, growth and care using simple observations, counts or measurements and record what they find.","Tally, labeled drawing, measurement table, simple graph or short evidence-based explanation."
PA-173,Primary 1-3,Sack GrowBag Garden,MEASURE - Sack GrowBag Garden,"Enable pupils to measure growbag plant position, growth and care using simple observations, counts or measurements and record what they find.","Tally, labeled drawing, measurement table, simple graph or short evidence-based explanation."
PA-174,Primary 1-3,Sack GrowBag Garden,COMPARE - Sack GrowBag Garden,"Enable pupils to compare growbag plant position, growth and care using simple observations, counts or measurements and record what they find.","Tally, labeled drawing, measurement table, simple graph or short evidence-based explanation."
PA-175,Primary 1-3,Sack GrowBag Garden,RECORD - Sack GrowBag Garden,"Enable pupils to record growbag plant position, growth and care using simple observations, counts or measurements and record what they find.","Tally, labeled drawing, measurement table, simple graph or short evidence-based explanation."
PA-176,Primary 1-3,Sack GrowBag Garden,MAP - Sack GrowBag Garden,"Enable pupils to map growbag plant position, growth and care using simple observations, counts or measurements and record what they find.","Tally, labeled drawing, measurement table, simple graph or short evidence-based explanation."
PA-177,Primary 1-3,Sack GrowBag Garden,GROW - Sack GrowBag Garden,"Enable pupils to grow growbag plant position, growth and care using simple observations, counts or measurements and record what they find.","Tally, labeled drawing, measurement table, simple graph or short evidence-based explanation."
PA-178,Primary 1-3,Sack GrowBag Garden,CHECK - Sack GrowBag Garden,"Enable pupils to check growbag plant position, growth and care using simple observations, counts or measurements and record what they find.","Tally, labeled drawing, measurement table, simple graph or short evidence-based explanation."
PA-179,Primary 1-3,Sack GrowBag Garden,EXPLAIN - Sack GrowBag Garden,"Enable pupils to explain growbag plant position, growth and care using simple observations, counts or measurements and record what they find.","Tally, labeled drawing, measurement table, simple graph or short evidence-based explanation."
PA-180,Primary 1-3,Sack GrowBag Garden,IMPROVE - Sack GrowBag Garden,"Enable pupils to improve growbag plant position, growth and care using simple observations, counts or measurements and record what they find.","Tally, labeled drawing, measurement table, simple graph or short evidence-based explanation."
PA-181,Primary 1-3,Ground Production Garden,OBSERVE - Ground Production Garden,"Enable pupils to observe rows, spacing, establishment and harvest using simple observations, counts or measurements and record what they find.","Tally, labeled drawing, measurement table, simple graph or short evidence-based explanation."
PA-182,Primary 1-3,Ground Production Garden,COUNT - Ground Production Garden,"Enable pupils to count rows, spacing, establishment and harvest using simple observations, counts or measurements and record what they find.","Tally, labeled drawing, measurement table, simple graph or short evidence-based explanation."
PA-183,Primary 1-3,Ground Production Garden,MEASURE - Ground Production Garden,"Enable pupils to measure rows, spacing, establishment and harvest using simple observations, counts or measurements and record what they find.","Tally, labeled drawing, measurement table, simple graph or short evidence-based explanation."
PA-184,Primary 1-3,Ground Production Garden,COMPARE - Ground Production Garden,"Enable pupils to compare rows, spacing, establishment and harvest using simple observations, counts or measurements and record what they find.","Tally, labeled drawing, measurement table, simple graph or short evidence-based explanation."
PA-185,Primary 1-3,Ground Production Garden,RECORD - Ground Production Garden,"Enable pupils to record rows, spacing, establishment and harvest using simple observations, counts or measurements and record what they find.","Tally, labeled drawing, measurement table, simple graph or short evidence-based explanation."
PA-186,Primary 1-3,Ground Production Garden,MAP - Ground Production Garden,"Enable pupils to map rows, spacing, establishment and harvest using simple observations, counts or measurements and record what they find.","Tally, labeled drawing, measurement table, simple graph or short evidence-based explanation."
PA-187,Primary 1-3,Ground Production Garden,GROW - Ground Production Garden,"Enable pupils to grow rows, spacing, establishment and harvest using simple observations, counts or measurements and record what they find.","Tally, labeled drawing, measurement table, simple graph or short evidence-based explanation."
PA-188,Primary 1-3,Ground Production Garden,CHECK - Ground Production Garden,"Enable pupils to check rows, spacing, establishment and harvest using simple observations, counts or measurements and record what they find.","Tally, labeled drawing, measurement table, simple graph or short evidence-based explanation."
PA-189,Primary 1-3,Ground Production Garden,EXPLAIN - Ground Production Garden,"Enable pupils to explain rows, spacing, establishment and harvest using simple observations, counts or measurements and record what they find.","Tally, labeled drawing, measurement table, simple graph or short evidence-based explanation."
PA-190,Primary 1-3,Ground Production Garden,IMPROVE - Ground Production Garden,"Enable pupils to improve rows, spacing, establishment and harvest using simple observations, counts or measurements and record what they find.","Tally, labeled drawing, measurement table, simple graph or short evidence-based explanation."
PA-191,Primary 1-3,Discovery Production Garden,OBSERVE - Discovery Production Garden,"Enable pupils to observe student-generated production questions using simple observations, counts or measurements and record what they find.","Tally, labeled drawing, measurement table, simple graph or short evidence-based explanation."
PA-192,Primary 1-3,Discovery Production Garden,COUNT - Discovery Production Garden,"Enable pupils to count student-generated production questions using simple observations, counts or measurements and record what they find.","Tally, labeled drawing, measurement table, simple graph or short evidence-based explanation."
PA-193,Primary 1-3,Discovery Production Garden,MEASURE - Discovery Production Garden,"Enable pupils to measure student-generated production questions using simple observations, counts or measurements and record what they find.","Tally, labeled drawing, measurement table, simple graph or short evidence-based explanation."
PA-194,Primary 1-3,Discovery Production Garden,COMPARE - Discovery Production Garden,"Enable pupils to compare student-generated production questions using simple observations, counts or measurements and record what they find.","Tally, labeled drawing, measurement table, simple graph or short evidence-based explanation."
PA-195,Primary 1-3,Discovery Production Garden,RECORD - Discovery Production Garden,"Enable pupils to record student-generated production questions using simple observations, counts or measurements and record what they find.","Tally, labeled drawing, measurement table, simple graph or short evidence-based explanation."
PA-196,Primary 1-3,Discovery Production Garden,MAP - Discovery Production Garden,"Enable pupils to map student-generated production questions using simple observations, counts or measurements and record what they find.","Tally, labeled drawing, measurement table, simple graph or short evidence-based explanation."
PA-197,Primary 1-3,Discovery Production Garden,GROW - Discovery Production Garden,"Enable pupils to grow student-generated production questions using simple observations, counts or measurements and record what they find.","Tally, labeled drawing, measurement table, simple graph or short evidence-based explanation."
PA-198,Primary 1-3,Discovery Production Garden,CHECK - Discovery Production Garden,"Enable pupils to check student-generated production questions using simple observations, counts or measurements and record what they find.","Tally, labeled drawing, measurement table, simple graph or short evidence-based explanation."
PA-199,Primary 1-3,Discovery Production Garden,EXPLAIN - Discovery Production Garden,"Enable pupils to explain student-generated production questions using simple observations, counts or measurements and record what they find.","Tally, labeled drawing, measurement table, simple graph or short evidence-based explanation."
PA-200,Primary 1-3,Discovery Production Garden,IMPROVE - Discovery Production Garden,"Enable pupils to improve student-generated production questions using simple observations, counts or measurements and record what they find.","Tally, labeled drawing, measurement table, simple graph or short evidence-based explanation."
PA-201,Primary 4-6,Raised Food Garden,OBSERVE - Raised Food Garden,"Guide pupils to observe a question about raised-bed growth, spacing and care, collect comparable evidence, analyze it and explain a defensible result.","Labeled table, units, calculation/graph, conclusion, limitation and recommendation."
PA-202,Primary 4-6,Raised Food Garden,MEASURE - Raised Food Garden,"Guide pupils to measure a question about raised-bed growth, spacing and care, collect comparable evidence, analyze it and explain a defensible result.","Labeled table, units, calculation/graph, conclusion, limitation and recommendation."
PA-203,Primary 4-6,Raised Food Garden,QUESTION - Raised Food Garden,"Guide pupils to question a question about raised-bed growth, spacing and care, collect comparable evidence, analyze it and explain a defensible result.","Labeled table, units, calculation/graph, conclusion, limitation and recommendation."
PA-204,Primary 4-6,Raised Food Garden,SAMPLE - Raised Food Garden,"Guide pupils to sample a question about raised-bed growth, spacing and care, collect comparable evidence, analyze it and explain a defensible result.","Labeled table, units, calculation/graph, conclusion, limitation and recommendation."
PA-205,Primary 4-6,Raised Food Garden,INVESTIGATE - Raised Food Garden,"Guide pupils to investigate a question about raised-bed growth, spacing and care, collect comparable evidence, analyze it and explain a defensible result.","Labeled table, units, calculation/graph, conclusion, limitation and recommendation."
PA-206,Primary 4-6,Raised Food Garden,CALCULATE - Raised Food Garden,"Guide pupils to calculate a question about raised-bed growth, spacing and care, collect comparable evidence, analyze it and explain a defensible result.","Labeled table, units, calculation/graph, conclusion, limitation and recommendation."
PA-207,Primary 4-6,Raised Food Garden,GRAPH - Raised Food Garden,"Guide pupils to graph a question about raised-bed growth, spacing and care, collect comparable evidence, analyze it and explain a defensible result.","Labeled table, units, calculation/graph, conclusion, limitation and recommendation."
PA-208,Primary 4-6,Raised Food Garden,ANALYZE - Raised Food Garden,"Guide pupils to analyze a question about raised-bed growth, spacing and care, collect comparable evidence, analyze it and explain a defensible result.","Labeled table, units, calculation/graph, conclusion, limitation and recommendation."
PA-209,Primary 4-6,Raised Food Garden,EXPLAIN - Raised Food Garden,"Guide pupils to explain a question about raised-bed growth, spacing and care, collect comparable evidence, analyze it and explain a defensible result.","Labeled table, units, calculation/graph, conclusion, limitation and recommendation."
PA-210,Primary 4-6,Raised Food Garden,RECOMMEND - Raised Food Garden,"Guide pupils to recommend a question about raised-bed growth, spacing and care, collect comparable evidence, analyze it and explain a defensible result.","Labeled table, units, calculation/graph, conclusion, limitation and recommendation."
PA-211,Primary 4-6,Geometry Garden,OBSERVE - Geometry Garden,"Guide pupils to observe a question about shapes, sides, corners, length and garden layout, collect comparable evidence, analyze it and explain a defensible result.","Labeled table, units, calculation/graph, conclusion, limitation and recommendation."
PA-212,Primary 4-6,Geometry Garden,MEASURE - Geometry Garden,"Guide pupils to measure a question about shapes, sides, corners, length and garden layout, collect comparable evidence, analyze it and explain a defensible result.","Labeled table, units, calculation/graph, conclusion, limitation and recommendation."
PA-213,Primary 4-6,Geometry Garden,QUESTION - Geometry Garden,"Guide pupils to question a question about shapes, sides, corners, length and garden layout, collect comparable evidence, analyze it and explain a defensible result.","Labeled table, units, calculation/graph, conclusion, limitation and recommendation."
PA-214,Primary 4-6,Geometry Garden,SAMPLE - Geometry Garden,"Guide pupils to sample a question about shapes, sides, corners, length and garden layout, collect comparable evidence, analyze it and explain a defensible result.","Labeled table, units, calculation/graph, conclusion, limitation and recommendation."
PA-215,Primary 4-6,Geometry Garden,INVESTIGATE - Geometry Garden,"Guide pupils to investigate a question about shapes, sides, corners, length and garden layout, collect comparable evidence, analyze it and explain a defensible result.","Labeled table, units, calculation/graph, conclusion, limitation and recommendation."
PA-216,Primary 4-6,Geometry Garden,CALCULATE - Geometry Garden,"Guide pupils to calculate a question about shapes, sides, corners, length and garden layout, collect comparable evidence, analyze it and explain a defensible result.","Labeled table, units, calculation/graph, conclusion, limitation and recommendation."
PA-217,Primary 4-6,Geometry Garden,GRAPH - Geometry Garden,"Guide pupils to graph a question about shapes, sides, corners, length and garden layout, collect comparable evidence, analyze it and explain a defensible result.","Labeled table, units, calculation/graph, conclusion, limitation and recommendation."
PA-218,Primary 4-6,Geometry Garden,ANALYZE - Geometry Garden,"Guide pupils to analyze a question about shapes, sides, corners, length and garden layout, collect comparable evidence, analyze it and explain a defensible result.","Labeled table, units, calculation/graph, conclusion, limitation and recommendation."
PA-219,Primary 4-6,Geometry Garden,EXPLAIN - Geometry Garden,"Guide pupils to explain a question about shapes, sides, corners, length and garden layout, collect comparable evidence, analyze it and explain a defensible result.","Labeled table, units, calculation/graph, conclusion, limitation and recommendation."
PA-220,Primary 4-6,Geometry Garden,RECOMMEND - Geometry Garden,"Guide pupils to recommend a question about shapes, sides, corners, length and garden layout, collect comparable evidence, analyze it and explain a defensible result.","Labeled table, units, calculation/graph, conclusion, limitation and recommendation."
PA-221,Primary 4-6,Grid Experiment Garden,OBSERVE - Grid Experiment Garden,"Guide pupils to observe a question about fair comparisons, treatments, controls and replication, collect comparable evidence, analyze it and explain a defensible result.","Labeled table, units, calculation/graph, conclusion, limitation and recommendation."
PA-222,Primary 4-6,Grid Experiment Garden,MEASURE - Grid Experiment Garden,"Guide pupils to measure a question about fair comparisons, treatments, controls and replication, collect comparable evidence, analyze it and explain a defensible result.","Labeled table, units, calculation/graph, conclusion, limitation and recommendation."
PA-223,Primary 4-6,Grid Experiment Garden,QUESTION - Grid Experiment Garden,"Guide pupils to question a question about fair comparisons, treatments, controls and replication, collect comparable evidence, analyze it and explain a defensible result.","Labeled table, units, calculation/graph, conclusion, limitation and recommendation."
PA-224,Primary 4-6,Grid Experiment Garden,SAMPLE - Grid Experiment Garden,"Guide pupils to sample a question about fair comparisons, treatments, controls and replication, collect comparable evidence, analyze it and explain a defensible result.","Labeled table, units, calculation/graph, conclusion, limitation and recommendation."
PA-225,Primary 4-6,Grid Experiment Garden,INVESTIGATE - Grid Experiment Garden,"Guide pupils to investigate a question about fair comparisons, treatments, controls and replication, collect comparable evidence, analyze it and explain a defensible result.","Labeled table, units, calculation/graph, conclusion, limitation and recommendation."
PA-226,Primary 4-6,Grid Experiment Garden,CALCULATE - Grid Experiment Garden,"Guide pupils to calculate a question about fair comparisons, treatments, controls and replication, collect comparable evidence, analyze it and explain a defensible result.","Labeled table, units, calculation/graph, conclusion, limitation and recommendation."
PA-227,Primary 4-6,Grid Experiment Garden,GRAPH - Grid Experiment Garden,"Guide pupils to graph a question about fair comparisons, treatments, controls and replication, collect comparable evidence, analyze it and explain a defensible result.","Labeled table, units, calculation/graph, conclusion, limitation and recommendation."
PA-228,Primary 4-6,Grid Experiment Garden,ANALYZE - Grid Experiment Garden,"Guide pupils to analyze a question about fair comparisons, treatments, controls and replication, collect comparable evidence, analyze it and explain a defensible result.","Labeled table, units, calculation/graph, conclusion, limitation and recommendation."
PA-229,Primary 4-6,Grid Experiment Garden,EXPLAIN - Grid Experiment Garden,"Guide pupils to explain a question about fair comparisons, treatments, controls and replication, collect comparable evidence, analyze it and explain a defensible result.","Labeled table, units, calculation/graph, conclusion, limitation and recommendation."
PA-230,Primary 4-6,Grid Experiment Garden,RECOMMEND - Grid Experiment Garden,"Guide pupils to recommend a question about fair comparisons, treatments, controls and replication, collect comparable evidence, analyze it and explain a defensible result.","Labeled table, units, calculation/graph, conclusion, limitation and recommendation."
PA-231,Primary 4-6,Keyhole Garden,OBSERVE - Keyhole Garden,"Guide pupils to observe a question about access, bed geometry, moisture and composting, collect comparable evidence, analyze it and explain a defensible result.","Labeled table, units, calculation/graph, conclusion, limitation and recommendation."
PA-232,Primary 4-6,Keyhole Garden,MEASURE - Keyhole Garden,"Guide pupils to measure a question about access, bed geometry, moisture and composting, collect comparable evidence, analyze it and explain a defensible result.","Labeled table, units, calculation/graph, conclusion, limitation and recommendation."
PA-233,Primary 4-6,Keyhole Garden,QUESTION - Keyhole Garden,"Guide pupils to question a question about access, bed geometry, moisture and composting, collect comparable evidence, analyze it and explain a defensible result.","Labeled table, units, calculation/graph, conclusion, limitation and recommendation."
PA-234,Primary 4-6,Keyhole Garden,SAMPLE - Keyhole Garden,"Guide pupils to sample a question about access, bed geometry, moisture and composting, collect comparable evidence, analyze it and explain a defensible result.","Labeled table, units, calculation/graph, conclusion, limitation and recommendation."
PA-235,Primary 4-6,Keyhole Garden,INVESTIGATE - Keyhole Garden,"Guide pupils to investigate a question about access, bed geometry, moisture and composting, collect comparable evidence, analyze it and explain a defensible result.","Labeled table, units, calculation/graph, conclusion, limitation and recommendation."
PA-236,Primary 4-6,Keyhole Garden,CALCULATE - Keyhole Garden,"Guide pupils to calculate a question about access, bed geometry, moisture and composting, collect comparable evidence, analyze it and explain a defensible result.","Labeled table, units, calculation/graph, conclusion, limitation and recommendation."
PA-237,Primary 4-6,Keyhole Garden,GRAPH - Keyhole Garden,"Guide pupils to graph a question about access, bed geometry, moisture and composting, collect comparable evidence, analyze it and explain a defensible result.","Labeled table, units, calculation/graph, conclusion, limitation and recommendation."
PA-238,Primary 4-6,Keyhole Garden,ANALYZE - Keyhole Garden,"Guide pupils to analyze a question about access, bed geometry, moisture and composting, collect comparable evidence, analyze it and explain a defensible result.","Labeled table, units, calculation/graph, conclusion, limitation and recommendation."
PA-239,Primary 4-6,Keyhole Garden,EXPLAIN - Keyhole Garden,"Guide pupils to explain a question about access, bed geometry, moisture and composting, collect comparable evidence, analyze it and explain a defensible result.","Labeled table, units, calculation/graph, conclusion, limitation and recommendation."
PA-240,Primary 4-6,Keyhole Garden,RECOMMEND - Keyhole Garden,"Guide pupils to recommend a question about access, bed geometry, moisture and composting, collect comparable evidence, analyze it and explain a defensible result.","Labeled table, units, calculation/graph, conclusion, limitation and recommendation."
PA-241,Primary 4-6,Compost Garden,OBSERVE - Compost Garden,"Guide pupils to observe a question about temperature, moisture, decomposition and maturity, collect comparable evidence, analyze it and explain a defensible result.","Labeled table, units, calculation/graph, conclusion, limitation and recommendation."
PA-242,Primary 4-6,Compost Garden,MEASURE - Compost Garden,"Guide pupils to measure a question about temperature, moisture, decomposition and maturity, collect comparable evidence, analyze it and explain a defensible result.","Labeled table, units, calculation/graph, conclusion, limitation and recommendation."
PA-243,Primary 4-6,Compost Garden,QUESTION - Compost Garden,"Guide pupils to question a question about temperature, moisture, decomposition and maturity, collect comparable evidence, analyze it and explain a defensible result.","Labeled table, units, calculation/graph, conclusion, limitation and recommendation."
PA-244,Primary 4-6,Compost Garden,SAMPLE - Compost Garden,"Guide pupils to sample a question about temperature, moisture, decomposition and maturity, collect comparable evidence, analyze it and explain a defensible result.","Labeled table, units, calculation/graph, conclusion, limitation and recommendation."
PA-245,Primary 4-6,Compost Garden,INVESTIGATE - Compost Garden,"Guide pupils to investigate a question about temperature, moisture, decomposition and maturity, collect comparable evidence, analyze it and explain a defensible result.","Labeled table, units, calculation/graph, conclusion, limitation and recommendation."
PA-246,Primary 4-6,Compost Garden,CALCULATE - Compost Garden,"Guide pupils to calculate a question about temperature, moisture, decomposition and maturity, collect comparable evidence, analyze it and explain a defensible result.","Labeled table, units, calculation/graph, conclusion, limitation and recommendation."
PA-247,Primary 4-6,Compost Garden,GRAPH - Compost Garden,"Guide pupils to graph a question about temperature, moisture, decomposition and maturity, collect comparable evidence, analyze it and explain a defensible result.","Labeled table, units, calculation/graph, conclusion, limitation and recommendation."
PA-248,Primary 4-6,Compost Garden,ANALYZE - Compost Garden,"Guide pupils to analyze a question about temperature, moisture, decomposition and maturity, collect comparable evidence, analyze it and explain a defensible result.","Labeled table, units, calculation/graph, conclusion, limitation and recommendation."
PA-249,Primary 4-6,Compost Garden,EXPLAIN - Compost Garden,"Guide pupils to explain a question about temperature, moisture, decomposition and maturity, collect comparable evidence, analyze it and explain a defensible result.","Labeled table, units, calculation/graph, conclusion, limitation and recommendation."
PA-250,Primary 4-6,Compost Garden,RECOMMEND - Compost Garden,"Guide pupils to recommend a question about temperature, moisture, decomposition and maturity, collect comparable evidence, analyze it and explain a defensible result.","Labeled table, units, calculation/graph, conclusion, limitation and recommendation."
PA-251,Primary 4-6,Gravity Drip Garden,OBSERVE - Gravity Drip Garden,"Guide pupils to observe a question about flow, uniformity and water delivery, collect comparable evidence, analyze it and explain a defensible result.","Labeled table, units, calculation/graph, conclusion, limitation and recommendation."
PA-252,Primary 4-6,Gravity Drip Garden,MEASURE - Gravity Drip Garden,"Guide pupils to measure a question about flow, uniformity and water delivery, collect comparable evidence, analyze it and explain a defensible result.","Labeled table, units, calculation/graph, conclusion, limitation and recommendation."
PA-253,Primary 4-6,Gravity Drip Garden,QUESTION - Gravity Drip Garden,"Guide pupils to question a question about flow, uniformity and water delivery, collect comparable evidence, analyze it and explain a defensible result.","Labeled table, units, calculation/graph, conclusion, limitation and recommendation."
PA-254,Primary 4-6,Gravity Drip Garden,SAMPLE - Gravity Drip Garden,"Guide pupils to sample a question about flow, uniformity and water delivery, collect comparable evidence, analyze it and explain a defensible result.","Labeled table, units, calculation/graph, conclusion, limitation and recommendation."
PA-255,Primary 4-6,Gravity Drip Garden,INVESTIGATE - Gravity Drip Garden,"Guide pupils to investigate a question about flow, uniformity and water delivery, collect comparable evidence, analyze it and explain a defensible result.","Labeled table, units, calculation/graph, conclusion, limitation and recommendation."
PA-256,Primary 4-6,Gravity Drip Garden,CALCULATE - Gravity Drip Garden,"Guide pupils to calculate a question about flow, uniformity and water delivery, collect comparable evidence, analyze it and explain a defensible result.","Labeled table, units, calculation/graph, conclusion, limitation and recommendation."
PA-257,Primary 4-6,Gravity Drip Garden,GRAPH - Gravity Drip Garden,"Guide pupils to graph a question about flow, uniformity and water delivery, collect comparable evidence, analyze it and explain a defensible result.","Labeled table, units, calculation/graph, conclusion, limitation and recommendation."
PA-258,Primary 4-6,Gravity Drip Garden,ANALYZE - Gravity Drip Garden,"Guide pupils to analyze a question about flow, uniformity and water delivery, collect comparable evidence, analyze it and explain a defensible result.","Labeled table, units, calculation/graph, conclusion, limitation and recommendation."
PA-259,Primary 4-6,Gravity Drip Garden,EXPLAIN - Gravity Drip Garden,"Guide pupils to explain a question about flow, uniformity and water delivery, collect comparable evidence, analyze it and explain a defensible result.","Labeled table, units, calculation/graph, conclusion, limitation and recommendation."
PA-260,Primary 4-6,Gravity Drip Garden,RECOMMEND - Gravity Drip Garden,"Guide pupils to recommend a question about flow, uniformity and water delivery, collect comparable evidence, analyze it and explain a defensible result.","Labeled table, units, calculation/graph, conclusion, limitation and recommendation."
PA-261,Primary 4-6,Vertical Garden,OBSERVE - Vertical Garden,"Guide pupils to observe a question about multi-level growth, light and water distribution, collect comparable evidence, analyze it and explain a defensible result.","Labeled table, units, calculation/graph, conclusion, limitation and recommendation."
PA-262,Primary 4-6,Vertical Garden,MEASURE - Vertical Garden,"Guide pupils to measure a question about multi-level growth, light and water distribution, collect comparable evidence, analyze it and explain a defensible result.","Labeled table, units, calculation/graph, conclusion, limitation and recommendation."
PA-263,Primary 4-6,Vertical Garden,QUESTION - Vertical Garden,"Guide pupils to question a question about multi-level growth, light and water distribution, collect comparable evidence, analyze it and explain a defensible result.","Labeled table, units, calculation/graph, conclusion, limitation and recommendation."
PA-264,Primary 4-6,Vertical Garden,SAMPLE - Vertical Garden,"Guide pupils to sample a question about multi-level growth, light and water distribution, collect comparable evidence, analyze it and explain a defensible result.","Labeled table, units, calculation/graph, conclusion, limitation and recommendation."
PA-265,Primary 4-6,Vertical Garden,INVESTIGATE - Vertical Garden,"Guide pupils to investigate a question about multi-level growth, light and water distribution, collect comparable evidence, analyze it and explain a defensible result.","Labeled table, units, calculation/graph, conclusion, limitation and recommendation."
PA-266,Primary 4-6,Vertical Garden,CALCULATE - Vertical Garden,"Guide pupils to calculate a question about multi-level growth, light and water distribution, collect comparable evidence, analyze it and explain a defensible result.","Labeled table, units, calculation/graph, conclusion, limitation and recommendation."
PA-267,Primary 4-6,Vertical Garden,GRAPH - Vertical Garden,"Guide pupils to graph a question about multi-level growth, light and water distribution, collect comparable evidence, analyze it and explain a defensible result.","Labeled table, units, calculation/graph, conclusion, limitation and recommendation."
PA-268,Primary 4-6,Vertical Garden,ANALYZE - Vertical Garden,"Guide pupils to analyze a question about multi-level growth, light and water distribution, collect comparable evidence, analyze it and explain a defensible result.","Labeled table, units, calculation/graph, conclusion, limitation and recommendation."
PA-269,Primary 4-6,Vertical Garden,EXPLAIN - Vertical Garden,"Guide pupils to explain a question about multi-level growth, light and water distribution, collect comparable evidence, analyze it and explain a defensible result.","Labeled table, units, calculation/graph, conclusion, limitation and recommendation."
PA-270,Primary 4-6,Vertical Garden,RECOMMEND - Vertical Garden,"Guide pupils to recommend a question about multi-level growth, light and water distribution, collect comparable evidence, analyze it and explain a defensible result.","Labeled table, units, calculation/graph, conclusion, limitation and recommendation."
PA-271,Primary 4-6,Crop Rotation Garden,OBSERVE - Crop Rotation Garden,"Guide pupils to observe a question about crop families, sequence and soil cover, collect comparable evidence, analyze it and explain a defensible result.","Labeled table, units, calculation/graph, conclusion, limitation and recommendation."
PA-272,Primary 4-6,Crop Rotation Garden,MEASURE - Crop Rotation Garden,"Guide pupils to measure a question about crop families, sequence and soil cover, collect comparable evidence, analyze it and explain a defensible result.","Labeled table, units, calculation/graph, conclusion, limitation and recommendation."
PA-273,Primary 4-6,Crop Rotation Garden,QUESTION - Crop Rotation Garden,"Guide pupils to question a question about crop families, sequence and soil cover, collect comparable evidence, analyze it and explain a defensible result.","Labeled table, units, calculation/graph, conclusion, limitation and recommendation."
PA-274,Primary 4-6,Crop Rotation Garden,SAMPLE - Crop Rotation Garden,"Guide pupils to sample a question about crop families, sequence and soil cover, collect comparable evidence, analyze it and explain a defensible result.","Labeled table, units, calculation/graph, conclusion, limitation and recommendation."
PA-275,Primary 4-6,Crop Rotation Garden,INVESTIGATE - Crop Rotation Garden,"Guide pupils to investigate a question about crop families, sequence and soil cover, collect comparable evidence, analyze it and explain a defensible result.","Labeled table, units, calculation/graph, conclusion, limitation and recommendation."
PA-276,Primary 4-6,Crop Rotation Garden,CALCULATE - Crop Rotation Garden,"Guide pupils to calculate a question about crop families, sequence and soil cover, collect comparable evidence, analyze it and explain a defensible result.","Labeled table, units, calculation/graph, conclusion, limitation and recommendation."
PA-277,Primary 4-6,Crop Rotation Garden,GRAPH - Crop Rotation Garden,"Guide pupils to graph a question about crop families, sequence and soil cover, collect comparable evidence, analyze it and explain a defensible result.","Labeled table, units, calculation/graph, conclusion, limitation and recommendation."
PA-278,Primary 4-6,Crop Rotation Garden,ANALYZE - Crop Rotation Garden,"Guide pupils to analyze a question about crop families, sequence and soil cover, collect comparable evidence, analyze it and explain a defensible result.","Labeled table, units, calculation/graph, conclusion, limitation and recommendation."
PA-279,Primary 4-6,Crop Rotation Garden,EXPLAIN - Crop Rotation Garden,"Guide pupils to explain a question about crop families, sequence and soil cover, collect comparable evidence, analyze it and explain a defensible result.","Labeled table, units, calculation/graph, conclusion, limitation and recommendation."
PA-280,Primary 4-6,Crop Rotation Garden,RECOMMEND - Crop Rotation Garden,"Guide pupils to recommend a question about crop families, sequence and soil cover, collect comparable evidence, analyze it and explain a defensible result.","Labeled table, units, calculation/graph, conclusion, limitation and recommendation."
PA-281,Primary 4-6,Water-Smart Garden,OBSERVE - Water-Smart Garden,"Guide pupils to observe a question about infiltration, irrigation, runoff and water productivity, collect comparable evidence, analyze it and explain a defensible result.","Labeled table, units, calculation/graph, conclusion, limitation and recommendation."
PA-282,Primary 4-6,Water-Smart Garden,MEASURE - Water-Smart Garden,"Guide pupils to measure a question about infiltration, irrigation, runoff and water productivity, collect comparable evidence, analyze it and explain a defensible result.","Labeled table, units, calculation/graph, conclusion, limitation and recommendation."
PA-283,Primary 4-6,Water-Smart Garden,QUESTION - Water-Smart Garden,"Guide pupils to question a question about infiltration, irrigation, runoff and water productivity, collect comparable evidence, analyze it and explain a defensible result.","Labeled table, units, calculation/graph, conclusion, limitation and recommendation."
PA-284,Primary 4-6,Water-Smart Garden,SAMPLE - Water-Smart Garden,"Guide pupils to sample a question about infiltration, irrigation, runoff and water productivity, collect comparable evidence, analyze it and explain a defensible result.","Labeled table, units, calculation/graph, conclusion, limitation and recommendation."
PA-285,Primary 4-6,Water-Smart Garden,INVESTIGATE - Water-Smart Garden,"Guide pupils to investigate a question about infiltration, irrigation, runoff and water productivity, collect comparable evidence, analyze it and explain a defensible result.","Labeled table, units, calculation/graph, conclusion, limitation and recommendation."
PA-286,Primary 4-6,Water-Smart Garden,CALCULATE - Water-Smart Garden,"Guide pupils to calculate a question about infiltration, irrigation, runoff and water productivity, collect comparable evidence, analyze it and explain a defensible result.","Labeled table, units, calculation/graph, conclusion, limitation and recommendation."
PA-287,Primary 4-6,Water-Smart Garden,GRAPH - Water-Smart Garden,"Guide pupils to graph a question about infiltration, irrigation, runoff and water productivity, collect comparable evidence, analyze it and explain a defensible result.","Labeled table, units, calculation/graph, conclusion, limitation and recommendation."
PA-288,Primary 4-6,Water-Smart Garden,ANALYZE - Water-Smart Garden,"Guide pupils to analyze a question about infiltration, irrigation, runoff and water productivity, collect comparable evidence, analyze it and explain a defensible result.","Labeled table, units, calculation/graph, conclusion, limitation and recommendation."
PA-289,Primary 4-6,Water-Smart Garden,EXPLAIN - Water-Smart Garden,"Guide pupils to explain a question about infiltration, irrigation, runoff and water productivity, collect comparable evidence, analyze it and explain a defensible result.","Labeled table, units, calculation/graph, conclusion, limitation and recommendation."
PA-290,Primary 4-6,Water-Smart Garden,RECOMMEND - Water-Smart Garden,"Guide pupils to recommend a question about infiltration, irrigation, runoff and water productivity, collect comparable evidence, analyze it and explain a defensible result.","Labeled table, units, calculation/graph, conclusion, limitation and recommendation."
PA-291,Primary 4-6,Intro Soilless Garden,OBSERVE - Intro Soilless Garden,"Guide pupils to observe a question about growing media, flow, pH and EC, collect comparable evidence, analyze it and explain a defensible result.","Labeled table, units, calculation/graph, conclusion, limitation and recommendation."
PA-292,Primary 4-6,Intro Soilless Garden,MEASURE - Intro Soilless Garden,"Guide pupils to measure a question about growing media, flow, pH and EC, collect comparable evidence, analyze it and explain a defensible result.","Labeled table, units, calculation/graph, conclusion, limitation and recommendation."
PA-293,Primary 4-6,Intro Soilless Garden,QUESTION - Intro Soilless Garden,"Guide pupils to question a question about growing media, flow, pH and EC, collect comparable evidence, analyze it and explain a defensible result.","Labeled table, units, calculation/graph, conclusion, limitation and recommendation."
PA-294,Primary 4-6,Intro Soilless Garden,SAMPLE - Intro Soilless Garden,"Guide pupils to sample a question about growing media, flow, pH and EC, collect comparable evidence, analyze it and explain a defensible result.","Labeled table, units, calculation/graph, conclusion, limitation and recommendation."
PA-295,Primary 4-6,Intro Soilless Garden,INVESTIGATE - Intro Soilless Garden,"Guide pupils to investigate a question about growing media, flow, pH and EC, collect comparable evidence, analyze it and explain a defensible result.","Labeled table, units, calculation/graph, conclusion, limitation and recommendation."
PA-296,Primary 4-6,Intro Soilless Garden,CALCULATE - Intro Soilless Garden,"Guide pupils to calculate a question about growing media, flow, pH and EC, collect comparable evidence, analyze it and explain a defensible result.","Labeled table, units, calculation/graph, conclusion, limitation and recommendation."
PA-297,Primary 4-6,Intro Soilless Garden,GRAPH - Intro Soilless Garden,"Guide pupils to graph a question about growing media, flow, pH and EC, collect comparable evidence, analyze it and explain a defensible result.","Labeled table, units, calculation/graph, conclusion, limitation and recommendation."
PA-298,Primary 4-6,Intro Soilless Garden,ANALYZE - Intro Soilless Garden,"Guide pupils to analyze a question about growing media, flow, pH and EC, collect comparable evidence, analyze it and explain a defensible result.","Labeled table, units, calculation/graph, conclusion, limitation and recommendation."
PA-299,Primary 4-6,Intro Soilless Garden,EXPLAIN - Intro Soilless Garden,"Guide pupils to explain a question about growing media, flow, pH and EC, collect comparable evidence, analyze it and explain a defensible result.","Labeled table, units, calculation/graph, conclusion, limitation and recommendation."
PA-300,Primary 4-6,Intro Soilless Garden,RECOMMEND - Intro Soilless Garden,"Guide pupils to recommend a question about growing media, flow, pH and EC, collect comparable evidence, analyze it and explain a defensible result.","Labeled table, units, calculation/graph, conclusion, limitation and recommendation."
PA-301,JSS 1-3,Production Garden,QUESTION - Production Garden,"Enable students to question a scientific investigation of establishment, growth, yield and resource use, quantify response and translate the result into management reasoning.","Experimental layout, traceable raw data, processed result, graph, conclusion, limitation/uncertainty and management recommendation."
PA-302,JSS 1-3,Production Garden,HYPOTHESIZE - Production Garden,"Enable students to hypothesize a scientific investigation of establishment, growth, yield and resource use, quantify response and translate the result into management reasoning.","Experimental layout, traceable raw data, processed result, graph, conclusion, limitation/uncertainty and management recommendation."
PA-303,JSS 1-3,Production Garden,TEST - Production Garden,"Enable students to test a scientific investigation of establishment, growth, yield and resource use, quantify response and translate the result into management reasoning.","Experimental layout, traceable raw data, processed result, graph, conclusion, limitation/uncertainty and management recommendation."
PA-304,JSS 1-3,Production Garden,REPLICATE - Production Garden,"Enable students to replicate a scientific investigation of establishment, growth, yield and resource use, quantify response and translate the result into management reasoning.","Experimental layout, traceable raw data, processed result, graph, conclusion, limitation/uncertainty and management recommendation."
PA-305,JSS 1-3,Production Garden,MEASURE - Production Garden,"Enable students to measure a scientific investigation of establishment, growth, yield and resource use, quantify response and translate the result into management reasoning.","Experimental layout, traceable raw data, processed result, graph, conclusion, limitation/uncertainty and management recommendation."
PA-306,JSS 1-3,Production Garden,QUANTIFY - Production Garden,"Enable students to quantify a scientific investigation of establishment, growth, yield and resource use, quantify response and translate the result into management reasoning.","Experimental layout, traceable raw data, processed result, graph, conclusion, limitation/uncertainty and management recommendation."
PA-307,JSS 1-3,Production Garden,ANALYZE - Production Garden,"Enable students to analyze a scientific investigation of establishment, growth, yield and resource use, quantify response and translate the result into management reasoning.","Experimental layout, traceable raw data, processed result, graph, conclusion, limitation/uncertainty and management recommendation."
PA-308,JSS 1-3,Production Garden,DIAGNOSE - Production Garden,"Enable students to diagnose a scientific investigation of establishment, growth, yield and resource use, quantify response and translate the result into management reasoning.","Experimental layout, traceable raw data, processed result, graph, conclusion, limitation/uncertainty and management recommendation."
PA-309,JSS 1-3,Production Garden,MANAGE - Production Garden,"Enable students to manage a scientific investigation of establishment, growth, yield and resource use, quantify response and translate the result into management reasoning.","Experimental layout, traceable raw data, processed result, graph, conclusion, limitation/uncertainty and management recommendation."
PA-310,JSS 1-3,Production Garden,RECOMMEND - Production Garden,"Enable students to recommend a scientific investigation of establishment, growth, yield and resource use, quantify response and translate the result into management reasoning.","Experimental layout, traceable raw data, processed result, graph, conclusion, limitation/uncertainty and management recommendation."
PA-311,JSS 1-3,Raised Systems Garden,QUESTION - Raised Systems Garden,"Enable students to question a scientific investigation of root-zone condition, infiltration and productivity, quantify response and translate the result into management reasoning.","Experimental layout, traceable raw data, processed result, graph, conclusion, limitation/uncertainty and management recommendation."
PA-312,JSS 1-3,Raised Systems Garden,HYPOTHESIZE - Raised Systems Garden,"Enable students to hypothesize a scientific investigation of root-zone condition, infiltration and productivity, quantify response and translate the result into management reasoning.","Experimental layout, traceable raw data, processed result, graph, conclusion, limitation/uncertainty and management recommendation."
PA-313,JSS 1-3,Raised Systems Garden,TEST - Raised Systems Garden,"Enable students to test a scientific investigation of root-zone condition, infiltration and productivity, quantify response and translate the result into management reasoning.","Experimental layout, traceable raw data, processed result, graph, conclusion, limitation/uncertainty and management recommendation."
PA-314,JSS 1-3,Raised Systems Garden,REPLICATE - Raised Systems Garden,"Enable students to replicate a scientific investigation of root-zone condition, infiltration and productivity, quantify response and translate the result into management reasoning.","Experimental layout, traceable raw data, processed result, graph, conclusion, limitation/uncertainty and management recommendation."
PA-315,JSS 1-3,Raised Systems Garden,MEASURE - Raised Systems Garden,"Enable students to measure a scientific investigation of root-zone condition, infiltration and productivity, quantify response and translate the result into management reasoning.","Experimental layout, traceable raw data, processed result, graph, conclusion, limitation/uncertainty and management recommendation."
PA-316,JSS 1-3,Raised Systems Garden,QUANTIFY - Raised Systems Garden,"Enable students to quantify a scientific investigation of root-zone condition, infiltration and productivity, quantify response and translate the result into management reasoning.","Experimental layout, traceable raw data, processed result, graph, conclusion, limitation/uncertainty and management recommendation."
PA-317,JSS 1-3,Raised Systems Garden,ANALYZE - Raised Systems Garden,"Enable students to analyze a scientific investigation of root-zone condition, infiltration and productivity, quantify response and translate the result into management reasoning.","Experimental layout, traceable raw data, processed result, graph, conclusion, limitation/uncertainty and management recommendation."
PA-318,JSS 1-3,Raised Systems Garden,DIAGNOSE - Raised Systems Garden,"Enable students to diagnose a scientific investigation of root-zone condition, infiltration and productivity, quantify response and translate the result into management reasoning.","Experimental layout, traceable raw data, processed result, graph, conclusion, limitation/uncertainty and management recommendation."
PA-319,JSS 1-3,Raised Systems Garden,MANAGE - Raised Systems Garden,"Enable students to manage a scientific investigation of root-zone condition, infiltration and productivity, quantify response and translate the result into management reasoning.","Experimental layout, traceable raw data, processed result, graph, conclusion, limitation/uncertainty and management recommendation."
PA-320,JSS 1-3,Raised Systems Garden,RECOMMEND - Raised Systems Garden,"Enable students to recommend a scientific investigation of root-zone condition, infiltration and productivity, quantify response and translate the result into management reasoning.","Experimental layout, traceable raw data, processed result, graph, conclusion, limitation/uncertainty and management recommendation."
PA-321,JSS 1-3,Grid Experiment Garden,QUESTION - Grid Experiment Garden,"Enable students to question a scientific investigation of fair comparisons, treatments, controls and replication, quantify response and translate the result into management reasoning.","Experimental layout, traceable raw data, processed result, graph, conclusion, limitation/uncertainty and management recommendation."
PA-322,JSS 1-3,Grid Experiment Garden,HYPOTHESIZE - Grid Experiment Garden,"Enable students to hypothesize a scientific investigation of fair comparisons, treatments, controls and replication, quantify response and translate the result into management reasoning.","Experimental layout, traceable raw data, processed result, graph, conclusion, limitation/uncertainty and management recommendation."
PA-323,JSS 1-3,Grid Experiment Garden,TEST - Grid Experiment Garden,"Enable students to test a scientific investigation of fair comparisons, treatments, controls and replication, quantify response and translate the result into management reasoning.","Experimental layout, traceable raw data, processed result, graph, conclusion, limitation/uncertainty and management recommendation."
PA-324,JSS 1-3,Grid Experiment Garden,REPLICATE - Grid Experiment Garden,"Enable students to replicate a scientific investigation of fair comparisons, treatments, controls and replication, quantify response and translate the result into management reasoning.","Experimental layout, traceable raw data, processed result, graph, conclusion, limitation/uncertainty and management recommendation."
PA-325,JSS 1-3,Grid Experiment Garden,MEASURE - Grid Experiment Garden,"Enable students to measure a scientific investigation of fair comparisons, treatments, controls and replication, quantify response and translate the result into management reasoning.","Experimental layout, traceable raw data, processed result, graph, conclusion, limitation/uncertainty and management recommendation."
PA-326,JSS 1-3,Grid Experiment Garden,QUANTIFY - Grid Experiment Garden,"Enable students to quantify a scientific investigation of fair comparisons, treatments, controls and replication, quantify response and translate the result into management reasoning.","Experimental layout, traceable raw data, processed result, graph, conclusion, limitation/uncertainty and management recommendation."
PA-327,JSS 1-3,Grid Experiment Garden,ANALYZE - Grid Experiment Garden,"Enable students to analyze a scientific investigation of fair comparisons, treatments, controls and replication, quantify response and translate the result into management reasoning.","Experimental layout, traceable raw data, processed result, graph, conclusion, limitation/uncertainty and management recommendation."
PA-328,JSS 1-3,Grid Experiment Garden,DIAGNOSE - Grid Experiment Garden,"Enable students to diagnose a scientific investigation of fair comparisons, treatments, controls and replication, quantify response and translate the result into management reasoning.","Experimental layout, traceable raw data, processed result, graph, conclusion, limitation/uncertainty and management recommendation."
PA-329,JSS 1-3,Grid Experiment Garden,MANAGE - Grid Experiment Garden,"Enable students to manage a scientific investigation of fair comparisons, treatments, controls and replication, quantify response and translate the result into management reasoning.","Experimental layout, traceable raw data, processed result, graph, conclusion, limitation/uncertainty and management recommendation."
PA-330,JSS 1-3,Grid Experiment Garden,RECOMMEND - Grid Experiment Garden,"Enable students to recommend a scientific investigation of fair comparisons, treatments, controls and replication, quantify response and translate the result into management reasoning.","Experimental layout, traceable raw data, processed result, graph, conclusion, limitation/uncertainty and management recommendation."
PA-331,JSS 1-3,Crop Rotation Garden,QUESTION - Crop Rotation Garden,"Enable students to question a scientific investigation of crop families, sequence and soil cover, quantify response and translate the result into management reasoning.","Experimental layout, traceable raw data, processed result, graph, conclusion, limitation/uncertainty and management recommendation."
PA-332,JSS 1-3,Crop Rotation Garden,HYPOTHESIZE - Crop Rotation Garden,"Enable students to hypothesize a scientific investigation of crop families, sequence and soil cover, quantify response and translate the result into management reasoning.","Experimental layout, traceable raw data, processed result, graph, conclusion, limitation/uncertainty and management recommendation."
PA-333,JSS 1-3,Crop Rotation Garden,TEST - Crop Rotation Garden,"Enable students to test a scientific investigation of crop families, sequence and soil cover, quantify response and translate the result into management reasoning.","Experimental layout, traceable raw data, processed result, graph, conclusion, limitation/uncertainty and management recommendation."
PA-334,JSS 1-3,Crop Rotation Garden,REPLICATE - Crop Rotation Garden,"Enable students to replicate a scientific investigation of crop families, sequence and soil cover, quantify response and translate the result into management reasoning.","Experimental layout, traceable raw data, processed result, graph, conclusion, limitation/uncertainty and management recommendation."
PA-335,JSS 1-3,Crop Rotation Garden,MEASURE - Crop Rotation Garden,"Enable students to measure a scientific investigation of crop families, sequence and soil cover, quantify response and translate the result into management reasoning.","Experimental layout, traceable raw data, processed result, graph, conclusion, limitation/uncertainty and management recommendation."
PA-336,JSS 1-3,Crop Rotation Garden,QUANTIFY - Crop Rotation Garden,"Enable students to quantify a scientific investigation of crop families, sequence and soil cover, quantify response and translate the result into management reasoning.","Experimental layout, traceable raw data, processed result, graph, conclusion, limitation/uncertainty and management recommendation."
PA-337,JSS 1-3,Crop Rotation Garden,ANALYZE - Crop Rotation Garden,"Enable students to analyze a scientific investigation of crop families, sequence and soil cover, quantify response and translate the result into management reasoning.","Experimental layout, traceable raw data, processed result, graph, conclusion, limitation/uncertainty and management recommendation."
PA-338,JSS 1-3,Crop Rotation Garden,DIAGNOSE - Crop Rotation Garden,"Enable students to diagnose a scientific investigation of crop families, sequence and soil cover, quantify response and translate the result into management reasoning.","Experimental layout, traceable raw data, processed result, graph, conclusion, limitation/uncertainty and management recommendation."
PA-339,JSS 1-3,Crop Rotation Garden,MANAGE - Crop Rotation Garden,"Enable students to manage a scientific investigation of crop families, sequence and soil cover, quantify response and translate the result into management reasoning.","Experimental layout, traceable raw data, processed result, graph, conclusion, limitation/uncertainty and management recommendation."
PA-340,JSS 1-3,Crop Rotation Garden,RECOMMEND - Crop Rotation Garden,"Enable students to recommend a scientific investigation of crop families, sequence and soil cover, quantify response and translate the result into management reasoning.","Experimental layout, traceable raw data, processed result, graph, conclusion, limitation/uncertainty and management recommendation."
PA-341,JSS 1-3,Intercropping Garden,QUESTION - Intercropping Garden,"Enable students to question a scientific investigation of component crops, canopy, yield and land-use efficiency, quantify response and translate the result into management reasoning.","Experimental layout, traceable raw data, processed result, graph, conclusion, limitation/uncertainty and management recommendation."
PA-342,JSS 1-3,Intercropping Garden,HYPOTHESIZE - Intercropping Garden,"Enable students to hypothesize a scientific investigation of component crops, canopy, yield and land-use efficiency, quantify response and translate the result into management reasoning.","Experimental layout, traceable raw data, processed result, graph, conclusion, limitation/uncertainty and management recommendation."
PA-343,JSS 1-3,Intercropping Garden,TEST - Intercropping Garden,"Enable students to test a scientific investigation of component crops, canopy, yield and land-use efficiency, quantify response and translate the result into management reasoning.","Experimental layout, traceable raw data, processed result, graph, conclusion, limitation/uncertainty and management recommendation."
PA-344,JSS 1-3,Intercropping Garden,REPLICATE - Intercropping Garden,"Enable students to replicate a scientific investigation of component crops, canopy, yield and land-use efficiency, quantify response and translate the result into management reasoning.","Experimental layout, traceable raw data, processed result, graph, conclusion, limitation/uncertainty and management recommendation."
PA-345,JSS 1-3,Intercropping Garden,MEASURE - Intercropping Garden,"Enable students to measure a scientific investigation of component crops, canopy, yield and land-use efficiency, quantify response and translate the result into management reasoning.","Experimental layout, traceable raw data, processed result, graph, conclusion, limitation/uncertainty and management recommendation."
PA-346,JSS 1-3,Intercropping Garden,QUANTIFY - Intercropping Garden,"Enable students to quantify a scientific investigation of component crops, canopy, yield and land-use efficiency, quantify response and translate the result into management reasoning.","Experimental layout, traceable raw data, processed result, graph, conclusion, limitation/uncertainty and management recommendation."
PA-347,JSS 1-3,Intercropping Garden,ANALYZE - Intercropping Garden,"Enable students to analyze a scientific investigation of component crops, canopy, yield and land-use efficiency, quantify response and translate the result into management reasoning.","Experimental layout, traceable raw data, processed result, graph, conclusion, limitation/uncertainty and management recommendation."
PA-348,JSS 1-3,Intercropping Garden,DIAGNOSE - Intercropping Garden,"Enable students to diagnose a scientific investigation of component crops, canopy, yield and land-use efficiency, quantify response and translate the result into management reasoning.","Experimental layout, traceable raw data, processed result, graph, conclusion, limitation/uncertainty and management recommendation."
PA-349,JSS 1-3,Intercropping Garden,MANAGE - Intercropping Garden,"Enable students to manage a scientific investigation of component crops, canopy, yield and land-use efficiency, quantify response and translate the result into management reasoning.","Experimental layout, traceable raw data, processed result, graph, conclusion, limitation/uncertainty and management recommendation."
PA-350,JSS 1-3,Intercropping Garden,RECOMMEND - Intercropping Garden,"Enable students to recommend a scientific investigation of component crops, canopy, yield and land-use efficiency, quantify response and translate the result into management reasoning.","Experimental layout, traceable raw data, processed result, graph, conclusion, limitation/uncertainty and management recommendation."
PA-351,JSS 1-3,Water-Smart Garden,QUESTION - Water-Smart Garden,"Enable students to question a scientific investigation of infiltration, irrigation, runoff and water productivity, quantify response and translate the result into management reasoning.","Experimental layout, traceable raw data, processed result, graph, conclusion, limitation/uncertainty and management recommendation."
PA-352,JSS 1-3,Water-Smart Garden,HYPOTHESIZE - Water-Smart Garden,"Enable students to hypothesize a scientific investigation of infiltration, irrigation, runoff and water productivity, quantify response and translate the result into management reasoning.","Experimental layout, traceable raw data, processed result, graph, conclusion, limitation/uncertainty and management recommendation."
PA-353,JSS 1-3,Water-Smart Garden,TEST - Water-Smart Garden,"Enable students to test a scientific investigation of infiltration, irrigation, runoff and water productivity, quantify response and translate the result into management reasoning.","Experimental layout, traceable raw data, processed result, graph, conclusion, limitation/uncertainty and management recommendation."
PA-354,JSS 1-3,Water-Smart Garden,REPLICATE - Water-Smart Garden,"Enable students to replicate a scientific investigation of infiltration, irrigation, runoff and water productivity, quantify response and translate the result into management reasoning.","Experimental layout, traceable raw data, processed result, graph, conclusion, limitation/uncertainty and management recommendation."
PA-355,JSS 1-3,Water-Smart Garden,MEASURE - Water-Smart Garden,"Enable students to measure a scientific investigation of infiltration, irrigation, runoff and water productivity, quantify response and translate the result into management reasoning.","Experimental layout, traceable raw data, processed result, graph, conclusion, limitation/uncertainty and management recommendation."
PA-356,JSS 1-3,Water-Smart Garden,QUANTIFY - Water-Smart Garden,"Enable students to quantify a scientific investigation of infiltration, irrigation, runoff and water productivity, quantify response and translate the result into management reasoning.","Experimental layout, traceable raw data, processed result, graph, conclusion, limitation/uncertainty and management recommendation."
PA-357,JSS 1-3,Water-Smart Garden,ANALYZE - Water-Smart Garden,"Enable students to analyze a scientific investigation of infiltration, irrigation, runoff and water productivity, quantify response and translate the result into management reasoning.","Experimental layout, traceable raw data, processed result, graph, conclusion, limitation/uncertainty and management recommendation."
PA-358,JSS 1-3,Water-Smart Garden,DIAGNOSE - Water-Smart Garden,"Enable students to diagnose a scientific investigation of infiltration, irrigation, runoff and water productivity, quantify response and translate the result into management reasoning.","Experimental layout, traceable raw data, processed result, graph, conclusion, limitation/uncertainty and management recommendation."
PA-359,JSS 1-3,Water-Smart Garden,MANAGE - Water-Smart Garden,"Enable students to manage a scientific investigation of infiltration, irrigation, runoff and water productivity, quantify response and translate the result into management reasoning.","Experimental layout, traceable raw data, processed result, graph, conclusion, limitation/uncertainty and management recommendation."
PA-360,JSS 1-3,Water-Smart Garden,RECOMMEND - Water-Smart Garden,"Enable students to recommend a scientific investigation of infiltration, irrigation, runoff and water productivity, quantify response and translate the result into management reasoning.","Experimental layout, traceable raw data, processed result, graph, conclusion, limitation/uncertainty and management recommendation."
PA-361,JSS 1-3,Compost & Soil Garden,QUESTION - Compost & Soil Garden,"Enable students to question a scientific investigation of decomposition, maturity and soil response, quantify response and translate the result into management reasoning.","Experimental layout, traceable raw data, processed result, graph, conclusion, limitation/uncertainty and management recommendation."
PA-362,JSS 1-3,Compost & Soil Garden,HYPOTHESIZE - Compost & Soil Garden,"Enable students to hypothesize a scientific investigation of decomposition, maturity and soil response, quantify response and translate the result into management reasoning.","Experimental layout, traceable raw data, processed result, graph, conclusion, limitation/uncertainty and management recommendation."
PA-363,JSS 1-3,Compost & Soil Garden,TEST - Compost & Soil Garden,"Enable students to test a scientific investigation of decomposition, maturity and soil response, quantify response and translate the result into management reasoning.","Experimental layout, traceable raw data, processed result, graph, conclusion, limitation/uncertainty and management recommendation."
PA-364,JSS 1-3,Compost & Soil Garden,REPLICATE - Compost & Soil Garden,"Enable students to replicate a scientific investigation of decomposition, maturity and soil response, quantify response and translate the result into management reasoning.","Experimental layout, traceable raw data, processed result, graph, conclusion, limitation/uncertainty and management recommendation."
PA-365,JSS 1-3,Compost & Soil Garden,MEASURE - Compost & Soil Garden,"Enable students to measure a scientific investigation of decomposition, maturity and soil response, quantify response and translate the result into management reasoning.","Experimental layout, traceable raw data, processed result, graph, conclusion, limitation/uncertainty and management recommendation."
PA-366,JSS 1-3,Compost & Soil Garden,QUANTIFY - Compost & Soil Garden,"Enable students to quantify a scientific investigation of decomposition, maturity and soil response, quantify response and translate the result into management reasoning.","Experimental layout, traceable raw data, processed result, graph, conclusion, limitation/uncertainty and management recommendation."
PA-367,JSS 1-3,Compost & Soil Garden,ANALYZE - Compost & Soil Garden,"Enable students to analyze a scientific investigation of decomposition, maturity and soil response, quantify response and translate the result into management reasoning.","Experimental layout, traceable raw data, processed result, graph, conclusion, limitation/uncertainty and management recommendation."
PA-368,JSS 1-3,Compost & Soil Garden,DIAGNOSE - Compost & Soil Garden,"Enable students to diagnose a scientific investigation of decomposition, maturity and soil response, quantify response and translate the result into management reasoning.","Experimental layout, traceable raw data, processed result, graph, conclusion, limitation/uncertainty and management recommendation."
PA-369,JSS 1-3,Compost & Soil Garden,MANAGE - Compost & Soil Garden,"Enable students to manage a scientific investigation of decomposition, maturity and soil response, quantify response and translate the result into management reasoning.","Experimental layout, traceable raw data, processed result, graph, conclusion, limitation/uncertainty and management recommendation."
PA-370,JSS 1-3,Compost & Soil Garden,RECOMMEND - Compost & Soil Garden,"Enable students to recommend a scientific investigation of decomposition, maturity and soil response, quantify response and translate the result into management reasoning.","Experimental layout, traceable raw data, processed result, graph, conclusion, limitation/uncertainty and management recommendation."
PA-371,JSS 1-3,Soilless Learning Garden,QUESTION - Soilless Learning Garden,"Enable students to question a scientific investigation of solution flow, pH, EC and root-zone condition, quantify response and translate the result into management reasoning.","Experimental layout, traceable raw data, processed result, graph, conclusion, limitation/uncertainty and management recommendation."
PA-372,JSS 1-3,Soilless Learning Garden,HYPOTHESIZE - Soilless Learning Garden,"Enable students to hypothesize a scientific investigation of solution flow, pH, EC and root-zone condition, quantify response and translate the result into management reasoning.","Experimental layout, traceable raw data, processed result, graph, conclusion, limitation/uncertainty and management recommendation."
PA-373,JSS 1-3,Soilless Learning Garden,TEST - Soilless Learning Garden,"Enable students to test a scientific investigation of solution flow, pH, EC and root-zone condition, quantify response and translate the result into management reasoning.","Experimental layout, traceable raw data, processed result, graph, conclusion, limitation/uncertainty and management recommendation."
PA-374,JSS 1-3,Soilless Learning Garden,REPLICATE - Soilless Learning Garden,"Enable students to replicate a scientific investigation of solution flow, pH, EC and root-zone condition, quantify response and translate the result into management reasoning.","Experimental layout, traceable raw data, processed result, graph, conclusion, limitation/uncertainty and management recommendation."
PA-375,JSS 1-3,Soilless Learning Garden,MEASURE - Soilless Learning Garden,"Enable students to measure a scientific investigation of solution flow, pH, EC and root-zone condition, quantify response and translate the result into management reasoning.","Experimental layout, traceable raw data, processed result, graph, conclusion, limitation/uncertainty and management recommendation."
PA-376,JSS 1-3,Soilless Learning Garden,QUANTIFY - Soilless Learning Garden,"Enable students to quantify a scientific investigation of solution flow, pH, EC and root-zone condition, quantify response and translate the result into management reasoning.","Experimental layout, traceable raw data, processed result, graph, conclusion, limitation/uncertainty and management recommendation."
PA-377,JSS 1-3,Soilless Learning Garden,ANALYZE - Soilless Learning Garden,"Enable students to analyze a scientific investigation of solution flow, pH, EC and root-zone condition, quantify response and translate the result into management reasoning.","Experimental layout, traceable raw data, processed result, graph, conclusion, limitation/uncertainty and management recommendation."
PA-378,JSS 1-3,Soilless Learning Garden,DIAGNOSE - Soilless Learning Garden,"Enable students to diagnose a scientific investigation of solution flow, pH, EC and root-zone condition, quantify response and translate the result into management reasoning.","Experimental layout, traceable raw data, processed result, graph, conclusion, limitation/uncertainty and management recommendation."
PA-379,JSS 1-3,Soilless Learning Garden,MANAGE - Soilless Learning Garden,"Enable students to manage a scientific investigation of solution flow, pH, EC and root-zone condition, quantify response and translate the result into management reasoning.","Experimental layout, traceable raw data, processed result, graph, conclusion, limitation/uncertainty and management recommendation."
PA-380,JSS 1-3,Soilless Learning Garden,RECOMMEND - Soilless Learning Garden,"Enable students to recommend a scientific investigation of solution flow, pH, EC and root-zone condition, quantify response and translate the result into management reasoning.","Experimental layout, traceable raw data, processed result, graph, conclusion, limitation/uncertainty and management recommendation."
PA-381,JSS 1-3,Sensor-Ready Garden,QUESTION - Sensor-Ready Garden,"Enable students to question a scientific investigation of repeatability, reference checks, placement and drift, quantify response and translate the result into management reasoning.","Experimental layout, traceable raw data, processed result, graph, conclusion, limitation/uncertainty and management recommendation."
PA-382,JSS 1-3,Sensor-Ready Garden,HYPOTHESIZE - Sensor-Ready Garden,"Enable students to hypothesize a scientific investigation of repeatability, reference checks, placement and drift, quantify response and translate the result into management reasoning.","Experimental layout, traceable raw data, processed result, graph, conclusion, limitation/uncertainty and management recommendation."
PA-383,JSS 1-3,Sensor-Ready Garden,TEST - Sensor-Ready Garden,"Enable students to test a scientific investigation of repeatability, reference checks, placement and drift, quantify response and translate the result into management reasoning.","Experimental layout, traceable raw data, processed result, graph, conclusion, limitation/uncertainty and management recommendation."
PA-384,JSS 1-3,Sensor-Ready Garden,REPLICATE - Sensor-Ready Garden,"Enable students to replicate a scientific investigation of repeatability, reference checks, placement and drift, quantify response and translate the result into management reasoning.","Experimental layout, traceable raw data, processed result, graph, conclusion, limitation/uncertainty and management recommendation."
PA-385,JSS 1-3,Sensor-Ready Garden,MEASURE - Sensor-Ready Garden,"Enable students to measure a scientific investigation of repeatability, reference checks, placement and drift, quantify response and translate the result into management reasoning.","Experimental layout, traceable raw data, processed result, graph, conclusion, limitation/uncertainty and management recommendation."
PA-386,JSS 1-3,Sensor-Ready Garden,QUANTIFY - Sensor-Ready Garden,"Enable students to quantify a scientific investigation of repeatability, reference checks, placement and drift, quantify response and translate the result into management reasoning.","Experimental layout, traceable raw data, processed result, graph, conclusion, limitation/uncertainty and management recommendation."
PA-387,JSS 1-3,Sensor-Ready Garden,ANALYZE - Sensor-Ready Garden,"Enable students to analyze a scientific investigation of repeatability, reference checks, placement and drift, quantify response and translate the result into management reasoning.","Experimental layout, traceable raw data, processed result, graph, conclusion, limitation/uncertainty and management recommendation."
PA-388,JSS 1-3,Sensor-Ready Garden,DIAGNOSE - Sensor-Ready Garden,"Enable students to diagnose a scientific investigation of repeatability, reference checks, placement and drift, quantify response and translate the result into management reasoning.","Experimental layout, traceable raw data, processed result, graph, conclusion, limitation/uncertainty and management recommendation."
PA-389,JSS 1-3,Sensor-Ready Garden,MANAGE - Sensor-Ready Garden,"Enable students to manage a scientific investigation of repeatability, reference checks, placement and drift, quantify response and translate the result into management reasoning.","Experimental layout, traceable raw data, processed result, graph, conclusion, limitation/uncertainty and management recommendation."
PA-390,JSS 1-3,Sensor-Ready Garden,RECOMMEND - Sensor-Ready Garden,"Enable students to recommend a scientific investigation of repeatability, reference checks, placement and drift, quantify response and translate the result into management reasoning.","Experimental layout, traceable raw data, processed result, graph, conclusion, limitation/uncertainty and management recommendation."
PA-391,JSS 1-3,Applied Systems Garden,QUESTION - Applied Systems Garden,"Enable students to question a scientific investigation of boundaries, stocks, flows, feedbacks and trade-offs, quantify response and translate the result into management reasoning.","Experimental layout, traceable raw data, processed result, graph, conclusion, limitation/uncertainty and management recommendation."
PA-392,JSS 1-3,Applied Systems Garden,HYPOTHESIZE - Applied Systems Garden,"Enable students to hypothesize a scientific investigation of boundaries, stocks, flows, feedbacks and trade-offs, quantify response and translate the result into management reasoning.","Experimental layout, traceable raw data, processed result, graph, conclusion, limitation/uncertainty and management recommendation."
PA-393,JSS 1-3,Applied Systems Garden,TEST - Applied Systems Garden,"Enable students to test a scientific investigation of boundaries, stocks, flows, feedbacks and trade-offs, quantify response and translate the result into management reasoning.","Experimental layout, traceable raw data, processed result, graph, conclusion, limitation/uncertainty and management recommendation."
PA-394,JSS 1-3,Applied Systems Garden,REPLICATE - Applied Systems Garden,"Enable students to replicate a scientific investigation of boundaries, stocks, flows, feedbacks and trade-offs, quantify response and translate the result into management reasoning.","Experimental layout, traceable raw data, processed result, graph, conclusion, limitation/uncertainty and management recommendation."
PA-395,JSS 1-3,Applied Systems Garden,MEASURE - Applied Systems Garden,"Enable students to measure a scientific investigation of boundaries, stocks, flows, feedbacks and trade-offs, quantify response and translate the result into management reasoning.","Experimental layout, traceable raw data, processed result, graph, conclusion, limitation/uncertainty and management recommendation."
PA-396,JSS 1-3,Applied Systems Garden,QUANTIFY - Applied Systems Garden,"Enable students to quantify a scientific investigation of boundaries, stocks, flows, feedbacks and trade-offs, quantify response and translate the result into management reasoning.","Experimental layout, traceable raw data, processed result, graph, conclusion, limitation/uncertainty and management recommendation."
PA-397,JSS 1-3,Applied Systems Garden,ANALYZE - Applied Systems Garden,"Enable students to analyze a scientific investigation of boundaries, stocks, flows, feedbacks and trade-offs, quantify response and translate the result into management reasoning.","Experimental layout, traceable raw data, processed result, graph, conclusion, limitation/uncertainty and management recommendation."
PA-398,JSS 1-3,Applied Systems Garden,DIAGNOSE - Applied Systems Garden,"Enable students to diagnose a scientific investigation of boundaries, stocks, flows, feedbacks and trade-offs, quantify response and translate the result into management reasoning.","Experimental layout, traceable raw data, processed result, graph, conclusion, limitation/uncertainty and management recommendation."
PA-399,JSS 1-3,Applied Systems Garden,MANAGE - Applied Systems Garden,"Enable students to manage a scientific investigation of boundaries, stocks, flows, feedbacks and trade-offs, quantify response and translate the result into management reasoning.","Experimental layout, traceable raw data, processed result, graph, conclusion, limitation/uncertainty and management recommendation."
PA-400,JSS 1-3,Applied Systems Garden,RECOMMEND - Applied Systems Garden,"Enable students to recommend a scientific investigation of boundaries, stocks, flows, feedbacks and trade-offs, quantify response and translate the result into management reasoning.","Experimental layout, traceable raw data, processed result, graph, conclusion, limitation/uncertainty and management recommendation."
PA-401,SSS 1-3,Advanced Production Garden,FRAME - Advanced Production Garden,"Guide students to frame a research or engineering investigation of yield components, harvest index and resource-use efficiency and produce evidence suitable for design, optimization or operational decisions.","Protocol, traceable dataset, QC/calibration note, calculation/model, validation evidence, uncertainty statement and technically defensible recommendation."
PA-402,SSS 1-3,Advanced Production Garden,DESIGN - Advanced Production Garden,"Guide students to design a research or engineering investigation of yield components, harvest index and resource-use efficiency and produce evidence suitable for design, optimization or operational decisions.","Protocol, traceable dataset, QC/calibration note, calculation/model, validation evidence, uncertainty statement and technically defensible recommendation."
PA-403,SSS 1-3,Advanced Production Garden,INSTRUMENT - Advanced Production Garden,"Guide students to instrument a research or engineering investigation of yield components, harvest index and resource-use efficiency and produce evidence suitable for design, optimization or operational decisions.","Protocol, traceable dataset, QC/calibration note, calculation/model, validation evidence, uncertainty statement and technically defensible recommendation."
PA-404,SSS 1-3,Advanced Production Garden,CALIBRATE - Advanced Production Garden,"Guide students to calibrate a research or engineering investigation of yield components, harvest index and resource-use efficiency and produce evidence suitable for design, optimization or operational decisions.","Protocol, traceable dataset, QC/calibration note, calculation/model, validation evidence, uncertainty statement and technically defensible recommendation."
PA-405,SSS 1-3,Advanced Production Garden,MODEL - Advanced Production Garden,"Guide students to model a research or engineering investigation of yield components, harvest index and resource-use efficiency and produce evidence suitable for design, optimization or operational decisions.","Protocol, traceable dataset, QC/calibration note, calculation/model, validation evidence, uncertainty statement and technically defensible recommendation."
PA-406,SSS 1-3,Advanced Production Garden,VALIDATE - Advanced Production Garden,"Guide students to validate a research or engineering investigation of yield components, harvest index and resource-use efficiency and produce evidence suitable for design, optimization or operational decisions.","Protocol, traceable dataset, QC/calibration note, calculation/model, validation evidence, uncertainty statement and technically defensible recommendation."
PA-407,SSS 1-3,Advanced Production Garden,EVALUATE - Advanced Production Garden,"Guide students to evaluate a research or engineering investigation of yield components, harvest index and resource-use efficiency and produce evidence suitable for design, optimization or operational decisions.","Protocol, traceable dataset, QC/calibration note, calculation/model, validation evidence, uncertainty statement and technically defensible recommendation."
PA-408,SSS 1-3,Advanced Production Garden,OPTIMIZE - Advanced Production Garden,"Guide students to optimize a research or engineering investigation of yield components, harvest index and resource-use efficiency and produce evidence suitable for design, optimization or operational decisions.","Protocol, traceable dataset, QC/calibration note, calculation/model, validation evidence, uncertainty statement and technically defensible recommendation."
PA-409,SSS 1-3,Advanced Production Garden,STRESS-TEST - Advanced Production Garden,"Guide students to stress-test a research or engineering investigation of yield components, harvest index and resource-use efficiency and produce evidence suitable for design, optimization or operational decisions.","Protocol, traceable dataset, QC/calibration note, calculation/model, validation evidence, uncertainty statement and technically defensible recommendation."
PA-410,SSS 1-3,Advanced Production Garden,RECOMMEND - Advanced Production Garden,"Guide students to recommend a research or engineering investigation of yield components, harvest index and resource-use efficiency and produce evidence suitable for design, optimization or operational decisions.","Protocol, traceable dataset, QC/calibration note, calculation/model, validation evidence, uncertainty statement and technically defensible recommendation."
PA-411,SSS 1-3,Crop Trial Garden,FRAME - Crop Trial Garden,"Guide students to frame a research or engineering investigation of replicated trials, blocks, variability and treatment effects and produce evidence suitable for design, optimization or operational decisions.","Protocol, traceable dataset, QC/calibration note, calculation/model, validation evidence, uncertainty statement and technically defensible recommendation."
PA-412,SSS 1-3,Crop Trial Garden,DESIGN - Crop Trial Garden,"Guide students to design a research or engineering investigation of replicated trials, blocks, variability and treatment effects and produce evidence suitable for design, optimization or operational decisions.","Protocol, traceable dataset, QC/calibration note, calculation/model, validation evidence, uncertainty statement and technically defensible recommendation."
PA-413,SSS 1-3,Crop Trial Garden,INSTRUMENT - Crop Trial Garden,"Guide students to instrument a research or engineering investigation of replicated trials, blocks, variability and treatment effects and produce evidence suitable for design, optimization or operational decisions.","Protocol, traceable dataset, QC/calibration note, calculation/model, validation evidence, uncertainty statement and technically defensible recommendation."
PA-414,SSS 1-3,Crop Trial Garden,CALIBRATE - Crop Trial Garden,"Guide students to calibrate a research or engineering investigation of replicated trials, blocks, variability and treatment effects and produce evidence suitable for design, optimization or operational decisions.","Protocol, traceable dataset, QC/calibration note, calculation/model, validation evidence, uncertainty statement and technically defensible recommendation."
PA-415,SSS 1-3,Crop Trial Garden,MODEL - Crop Trial Garden,"Guide students to model a research or engineering investigation of replicated trials, blocks, variability and treatment effects and produce evidence suitable for design, optimization or operational decisions.","Protocol, traceable dataset, QC/calibration note, calculation/model, validation evidence, uncertainty statement and technically defensible recommendation."
PA-416,SSS 1-3,Crop Trial Garden,VALIDATE - Crop Trial Garden,"Guide students to validate a research or engineering investigation of replicated trials, blocks, variability and treatment effects and produce evidence suitable for design, optimization or operational decisions.","Protocol, traceable dataset, QC/calibration note, calculation/model, validation evidence, uncertainty statement and technically defensible recommendation."
PA-417,SSS 1-3,Crop Trial Garden,EVALUATE - Crop Trial Garden,"Guide students to evaluate a research or engineering investigation of replicated trials, blocks, variability and treatment effects and produce evidence suitable for design, optimization or operational decisions.","Protocol, traceable dataset, QC/calibration note, calculation/model, validation evidence, uncertainty statement and technically defensible recommendation."
PA-418,SSS 1-3,Crop Trial Garden,OPTIMIZE - Crop Trial Garden,"Guide students to optimize a research or engineering investigation of replicated trials, blocks, variability and treatment effects and produce evidence suitable for design, optimization or operational decisions.","Protocol, traceable dataset, QC/calibration note, calculation/model, validation evidence, uncertainty statement and technically defensible recommendation."
PA-419,SSS 1-3,Crop Trial Garden,STRESS-TEST - Crop Trial Garden,"Guide students to stress-test a research or engineering investigation of replicated trials, blocks, variability and treatment effects and produce evidence suitable for design, optimization or operational decisions.","Protocol, traceable dataset, QC/calibration note, calculation/model, validation evidence, uncertainty statement and technically defensible recommendation."
PA-420,SSS 1-3,Crop Trial Garden,RECOMMEND - Crop Trial Garden,"Guide students to recommend a research or engineering investigation of replicated trials, blocks, variability and treatment effects and produce evidence suitable for design, optimization or operational decisions.","Protocol, traceable dataset, QC/calibration note, calculation/model, validation evidence, uncertainty statement and technically defensible recommendation."
PA-421,SSS 1-3,Controlled Experiment Garden,FRAME - Controlled Experiment Garden,"Guide students to frame a research or engineering investigation of causal design, factorial effects, confounding and sensitivity and produce evidence suitable for design, optimization or operational decisions.","Protocol, traceable dataset, QC/calibration note, calculation/model, validation evidence, uncertainty statement and technically defensible recommendation."
PA-422,SSS 1-3,Controlled Experiment Garden,DESIGN - Controlled Experiment Garden,"Guide students to design a research or engineering investigation of causal design, factorial effects, confounding and sensitivity and produce evidence suitable for design, optimization or operational decisions.","Protocol, traceable dataset, QC/calibration note, calculation/model, validation evidence, uncertainty statement and technically defensible recommendation."
PA-423,SSS 1-3,Controlled Experiment Garden,INSTRUMENT - Controlled Experiment Garden,"Guide students to instrument a research or engineering investigation of causal design, factorial effects, confounding and sensitivity and produce evidence suitable for design, optimization or operational decisions.","Protocol, traceable dataset, QC/calibration note, calculation/model, validation evidence, uncertainty statement and technically defensible recommendation."
PA-424,SSS 1-3,Controlled Experiment Garden,CALIBRATE - Controlled Experiment Garden,"Guide students to calibrate a research or engineering investigation of causal design, factorial effects, confounding and sensitivity and produce evidence suitable for design, optimization or operational decisions.","Protocol, traceable dataset, QC/calibration note, calculation/model, validation evidence, uncertainty statement and technically defensible recommendation."
PA-425,SSS 1-3,Controlled Experiment Garden,MODEL - Controlled Experiment Garden,"Guide students to model a research or engineering investigation of causal design, factorial effects, confounding and sensitivity and produce evidence suitable for design, optimization or operational decisions.","Protocol, traceable dataset, QC/calibration note, calculation/model, validation evidence, uncertainty statement and technically defensible recommendation."
PA-426,SSS 1-3,Controlled Experiment Garden,VALIDATE - Controlled Experiment Garden,"Guide students to validate a research or engineering investigation of causal design, factorial effects, confounding and sensitivity and produce evidence suitable for design, optimization or operational decisions.","Protocol, traceable dataset, QC/calibration note, calculation/model, validation evidence, uncertainty statement and technically defensible recommendation."
PA-427,SSS 1-3,Controlled Experiment Garden,EVALUATE - Controlled Experiment Garden,"Guide students to evaluate a research or engineering investigation of causal design, factorial effects, confounding and sensitivity and produce evidence suitable for design, optimization or operational decisions.","Protocol, traceable dataset, QC/calibration note, calculation/model, validation evidence, uncertainty statement and technically defensible recommendation."
PA-428,SSS 1-3,Controlled Experiment Garden,OPTIMIZE - Controlled Experiment Garden,"Guide students to optimize a research or engineering investigation of causal design, factorial effects, confounding and sensitivity and produce evidence suitable for design, optimization or operational decisions.","Protocol, traceable dataset, QC/calibration note, calculation/model, validation evidence, uncertainty statement and technically defensible recommendation."
PA-429,SSS 1-3,Controlled Experiment Garden,STRESS-TEST - Controlled Experiment Garden,"Guide students to stress-test a research or engineering investigation of causal design, factorial effects, confounding and sensitivity and produce evidence suitable for design, optimization or operational decisions.","Protocol, traceable dataset, QC/calibration note, calculation/model, validation evidence, uncertainty statement and technically defensible recommendation."
PA-430,SSS 1-3,Controlled Experiment Garden,RECOMMEND - Controlled Experiment Garden,"Guide students to recommend a research or engineering investigation of causal design, factorial effects, confounding and sensitivity and produce evidence suitable for design, optimization or operational decisions.","Protocol, traceable dataset, QC/calibration note, calculation/model, validation evidence, uncertainty statement and technically defensible recommendation."
PA-431,SSS 1-3,Irrigation Engineering Garden,FRAME - Irrigation Engineering Garden,"Guide students to frame a research or engineering investigation of flow, head, pipe loss, uniformity and pump performance and produce evidence suitable for design, optimization or operational decisions.","Protocol, traceable dataset, QC/calibration note, calculation/model, validation evidence, uncertainty statement and technically defensible recommendation."
PA-432,SSS 1-3,Irrigation Engineering Garden,DESIGN - Irrigation Engineering Garden,"Guide students to design a research or engineering investigation of flow, head, pipe loss, uniformity and pump performance and produce evidence suitable for design, optimization or operational decisions.","Protocol, traceable dataset, QC/calibration note, calculation/model, validation evidence, uncertainty statement and technically defensible recommendation."
PA-433,SSS 1-3,Irrigation Engineering Garden,INSTRUMENT - Irrigation Engineering Garden,"Guide students to instrument a research or engineering investigation of flow, head, pipe loss, uniformity and pump performance and produce evidence suitable for design, optimization or operational decisions.","Protocol, traceable dataset, QC/calibration note, calculation/model, validation evidence, uncertainty statement and technically defensible recommendation."
PA-434,SSS 1-3,Irrigation Engineering Garden,CALIBRATE - Irrigation Engineering Garden,"Guide students to calibrate a research or engineering investigation of flow, head, pipe loss, uniformity and pump performance and produce evidence suitable for design, optimization or operational decisions.","Protocol, traceable dataset, QC/calibration note, calculation/model, validation evidence, uncertainty statement and technically defensible recommendation."
PA-435,SSS 1-3,Irrigation Engineering Garden,MODEL - Irrigation Engineering Garden,"Guide students to model a research or engineering investigation of flow, head, pipe loss, uniformity and pump performance and produce evidence suitable for design, optimization or operational decisions.","Protocol, traceable dataset, QC/calibration note, calculation/model, validation evidence, uncertainty statement and technically defensible recommendation."
PA-436,SSS 1-3,Irrigation Engineering Garden,VALIDATE - Irrigation Engineering Garden,"Guide students to validate a research or engineering investigation of flow, head, pipe loss, uniformity and pump performance and produce evidence suitable for design, optimization or operational decisions.","Protocol, traceable dataset, QC/calibration note, calculation/model, validation evidence, uncertainty statement and technically defensible recommendation."
PA-437,SSS 1-3,Irrigation Engineering Garden,EVALUATE - Irrigation Engineering Garden,"Guide students to evaluate a research or engineering investigation of flow, head, pipe loss, uniformity and pump performance and produce evidence suitable for design, optimization or operational decisions.","Protocol, traceable dataset, QC/calibration note, calculation/model, validation evidence, uncertainty statement and technically defensible recommendation."
PA-438,SSS 1-3,Irrigation Engineering Garden,OPTIMIZE - Irrigation Engineering Garden,"Guide students to optimize a research or engineering investigation of flow, head, pipe loss, uniformity and pump performance and produce evidence suitable for design, optimization or operational decisions.","Protocol, traceable dataset, QC/calibration note, calculation/model, validation evidence, uncertainty statement and technically defensible recommendation."
PA-439,SSS 1-3,Irrigation Engineering Garden,STRESS-TEST - Irrigation Engineering Garden,"Guide students to stress-test a research or engineering investigation of flow, head, pipe loss, uniformity and pump performance and produce evidence suitable for design, optimization or operational decisions.","Protocol, traceable dataset, QC/calibration note, calculation/model, validation evidence, uncertainty statement and technically defensible recommendation."
PA-440,SSS 1-3,Irrigation Engineering Garden,RECOMMEND - Irrigation Engineering Garden,"Guide students to recommend a research or engineering investigation of flow, head, pipe loss, uniformity and pump performance and produce evidence suitable for design, optimization or operational decisions.","Protocol, traceable dataset, QC/calibration note, calculation/model, validation evidence, uncertainty statement and technically defensible recommendation."
PA-441,SSS 1-3,Water Productivity Garden,FRAME - Water Productivity Garden,"Guide students to frame a research or engineering investigation of water balance, ET and water-productivity indicators and produce evidence suitable for design, optimization or operational decisions.","Protocol, traceable dataset, QC/calibration note, calculation/model, validation evidence, uncertainty statement and technically defensible recommendation."
PA-442,SSS 1-3,Water Productivity Garden,DESIGN - Water Productivity Garden,"Guide students to design a research or engineering investigation of water balance, ET and water-productivity indicators and produce evidence suitable for design, optimization or operational decisions.","Protocol, traceable dataset, QC/calibration note, calculation/model, validation evidence, uncertainty statement and technically defensible recommendation."
PA-443,SSS 1-3,Water Productivity Garden,INSTRUMENT - Water Productivity Garden,"Guide students to instrument a research or engineering investigation of water balance, ET and water-productivity indicators and produce evidence suitable for design, optimization or operational decisions.","Protocol, traceable dataset, QC/calibration note, calculation/model, validation evidence, uncertainty statement and technically defensible recommendation."
PA-444,SSS 1-3,Water Productivity Garden,CALIBRATE - Water Productivity Garden,"Guide students to calibrate a research or engineering investigation of water balance, ET and water-productivity indicators and produce evidence suitable for design, optimization or operational decisions.","Protocol, traceable dataset, QC/calibration note, calculation/model, validation evidence, uncertainty statement and technically defensible recommendation."
PA-445,SSS 1-3,Water Productivity Garden,MODEL - Water Productivity Garden,"Guide students to model a research or engineering investigation of water balance, ET and water-productivity indicators and produce evidence suitable for design, optimization or operational decisions.","Protocol, traceable dataset, QC/calibration note, calculation/model, validation evidence, uncertainty statement and technically defensible recommendation."
PA-446,SSS 1-3,Water Productivity Garden,VALIDATE - Water Productivity Garden,"Guide students to validate a research or engineering investigation of water balance, ET and water-productivity indicators and produce evidence suitable for design, optimization or operational decisions.","Protocol, traceable dataset, QC/calibration note, calculation/model, validation evidence, uncertainty statement and technically defensible recommendation."
PA-447,SSS 1-3,Water Productivity Garden,EVALUATE - Water Productivity Garden,"Guide students to evaluate a research or engineering investigation of water balance, ET and water-productivity indicators and produce evidence suitable for design, optimization or operational decisions.","Protocol, traceable dataset, QC/calibration note, calculation/model, validation evidence, uncertainty statement and technically defensible recommendation."
PA-448,SSS 1-3,Water Productivity Garden,OPTIMIZE - Water Productivity Garden,"Guide students to optimize a research or engineering investigation of water balance, ET and water-productivity indicators and produce evidence suitable for design, optimization or operational decisions.","Protocol, traceable dataset, QC/calibration note, calculation/model, validation evidence, uncertainty statement and technically defensible recommendation."
PA-449,SSS 1-3,Water Productivity Garden,STRESS-TEST - Water Productivity Garden,"Guide students to stress-test a research or engineering investigation of water balance, ET and water-productivity indicators and produce evidence suitable for design, optimization or operational decisions.","Protocol, traceable dataset, QC/calibration note, calculation/model, validation evidence, uncertainty statement and technically defensible recommendation."
PA-450,SSS 1-3,Water Productivity Garden,RECOMMEND - Water Productivity Garden,"Guide students to recommend a research or engineering investigation of water balance, ET and water-productivity indicators and produce evidence suitable for design, optimization or operational decisions.","Protocol, traceable dataset, QC/calibration note, calculation/model, validation evidence, uncertainty statement and technically defensible recommendation."
PA-451,SSS 1-3,Advanced Soilless Garden,FRAME - Advanced Soilless Garden,"Guide students to frame a research or engineering investigation of recirculating flow, pH/EC dynamics and residence time and produce evidence suitable for design, optimization or operational decisions.","Protocol, traceable dataset, QC/calibration note, calculation/model, validation evidence, uncertainty statement and technically defensible recommendation."
PA-452,SSS 1-3,Advanced Soilless Garden,DESIGN - Advanced Soilless Garden,"Guide students to design a research or engineering investigation of recirculating flow, pH/EC dynamics and residence time and produce evidence suitable for design, optimization or operational decisions.","Protocol, traceable dataset, QC/calibration note, calculation/model, validation evidence, uncertainty statement and technically defensible recommendation."
PA-453,SSS 1-3,Advanced Soilless Garden,INSTRUMENT - Advanced Soilless Garden,"Guide students to instrument a research or engineering investigation of recirculating flow, pH/EC dynamics and residence time and produce evidence suitable for design, optimization or operational decisions.","Protocol, traceable dataset, QC/calibration note, calculation/model, validation evidence, uncertainty statement and technically defensible recommendation."
PA-454,SSS 1-3,Advanced Soilless Garden,CALIBRATE - Advanced Soilless Garden,"Guide students to calibrate a research or engineering investigation of recirculating flow, pH/EC dynamics and residence time and produce evidence suitable for design, optimization or operational decisions.","Protocol, traceable dataset, QC/calibration note, calculation/model, validation evidence, uncertainty statement and technically defensible recommendation."
PA-455,SSS 1-3,Advanced Soilless Garden,MODEL - Advanced Soilless Garden,"Guide students to model a research or engineering investigation of recirculating flow, pH/EC dynamics and residence time and produce evidence suitable for design, optimization or operational decisions.","Protocol, traceable dataset, QC/calibration note, calculation/model, validation evidence, uncertainty statement and technically defensible recommendation."
PA-456,SSS 1-3,Advanced Soilless Garden,VALIDATE - Advanced Soilless Garden,"Guide students to validate a research or engineering investigation of recirculating flow, pH/EC dynamics and residence time and produce evidence suitable for design, optimization or operational decisions.","Protocol, traceable dataset, QC/calibration note, calculation/model, validation evidence, uncertainty statement and technically defensible recommendation."
PA-457,SSS 1-3,Advanced Soilless Garden,EVALUATE - Advanced Soilless Garden,"Guide students to evaluate a research or engineering investigation of recirculating flow, pH/EC dynamics and residence time and produce evidence suitable for design, optimization or operational decisions.","Protocol, traceable dataset, QC/calibration note, calculation/model, validation evidence, uncertainty statement and technically defensible recommendation."
PA-458,SSS 1-3,Advanced Soilless Garden,OPTIMIZE - Advanced Soilless Garden,"Guide students to optimize a research or engineering investigation of recirculating flow, pH/EC dynamics and residence time and produce evidence suitable for design, optimization or operational decisions.","Protocol, traceable dataset, QC/calibration note, calculation/model, validation evidence, uncertainty statement and technically defensible recommendation."
PA-459,SSS 1-3,Advanced Soilless Garden,STRESS-TEST - Advanced Soilless Garden,"Guide students to stress-test a research or engineering investigation of recirculating flow, pH/EC dynamics and residence time and produce evidence suitable for design, optimization or operational decisions.","Protocol, traceable dataset, QC/calibration note, calculation/model, validation evidence, uncertainty statement and technically defensible recommendation."
PA-460,SSS 1-3,Advanced Soilless Garden,RECOMMEND - Advanced Soilless Garden,"Guide students to recommend a research or engineering investigation of recirculating flow, pH/EC dynamics and residence time and produce evidence suitable for design, optimization or operational decisions.","Protocol, traceable dataset, QC/calibration note, calculation/model, validation evidence, uncertainty statement and technically defensible recommendation."
PA-461,SSS 1-3,Sensor & Monitoring Garden,FRAME - Sensor & Monitoring Garden,"Guide students to frame a research or engineering investigation of accuracy, precision, calibration and monitoring-network design and produce evidence suitable for design, optimization or operational decisions.","Protocol, traceable dataset, QC/calibration note, calculation/model, validation evidence, uncertainty statement and technically defensible recommendation."
PA-462,SSS 1-3,Sensor & Monitoring Garden,DESIGN - Sensor & Monitoring Garden,"Guide students to design a research or engineering investigation of accuracy, precision, calibration and monitoring-network design and produce evidence suitable for design, optimization or operational decisions.","Protocol, traceable dataset, QC/calibration note, calculation/model, validation evidence, uncertainty statement and technically defensible recommendation."
PA-463,SSS 1-3,Sensor & Monitoring Garden,INSTRUMENT - Sensor & Monitoring Garden,"Guide students to instrument a research or engineering investigation of accuracy, precision, calibration and monitoring-network design and produce evidence suitable for design, optimization or operational decisions.","Protocol, traceable dataset, QC/calibration note, calculation/model, validation evidence, uncertainty statement and technically defensible recommendation."
PA-464,SSS 1-3,Sensor & Monitoring Garden,CALIBRATE - Sensor & Monitoring Garden,"Guide students to calibrate a research or engineering investigation of accuracy, precision, calibration and monitoring-network design and produce evidence suitable for design, optimization or operational decisions.","Protocol, traceable dataset, QC/calibration note, calculation/model, validation evidence, uncertainty statement and technically defensible recommendation."
PA-465,SSS 1-3,Sensor & Monitoring Garden,MODEL - Sensor & Monitoring Garden,"Guide students to model a research or engineering investigation of accuracy, precision, calibration and monitoring-network design and produce evidence suitable for design, optimization or operational decisions.","Protocol, traceable dataset, QC/calibration note, calculation/model, validation evidence, uncertainty statement and technically defensible recommendation."
PA-466,SSS 1-3,Sensor & Monitoring Garden,VALIDATE - Sensor & Monitoring Garden,"Guide students to validate a research or engineering investigation of accuracy, precision, calibration and monitoring-network design and produce evidence suitable for design, optimization or operational decisions.","Protocol, traceable dataset, QC/calibration note, calculation/model, validation evidence, uncertainty statement and technically defensible recommendation."
PA-467,SSS 1-3,Sensor & Monitoring Garden,EVALUATE - Sensor & Monitoring Garden,"Guide students to evaluate a research or engineering investigation of accuracy, precision, calibration and monitoring-network design and produce evidence suitable for design, optimization or operational decisions.","Protocol, traceable dataset, QC/calibration note, calculation/model, validation evidence, uncertainty statement and technically defensible recommendation."
PA-468,SSS 1-3,Sensor & Monitoring Garden,OPTIMIZE - Sensor & Monitoring Garden,"Guide students to optimize a research or engineering investigation of accuracy, precision, calibration and monitoring-network design and produce evidence suitable for design, optimization or operational decisions.","Protocol, traceable dataset, QC/calibration note, calculation/model, validation evidence, uncertainty statement and technically defensible recommendation."
PA-469,SSS 1-3,Sensor & Monitoring Garden,STRESS-TEST - Sensor & Monitoring Garden,"Guide students to stress-test a research or engineering investigation of accuracy, precision, calibration and monitoring-network design and produce evidence suitable for design, optimization or operational decisions.","Protocol, traceable dataset, QC/calibration note, calculation/model, validation evidence, uncertainty statement and technically defensible recommendation."
PA-470,SSS 1-3,Sensor & Monitoring Garden,RECOMMEND - Sensor & Monitoring Garden,"Guide students to recommend a research or engineering investigation of accuracy, precision, calibration and monitoring-network design and produce evidence suitable for design, optimization or operational decisions.","Protocol, traceable dataset, QC/calibration note, calculation/model, validation evidence, uncertainty statement and technically defensible recommendation."
PA-471,SSS 1-3,Smart Irrigation Demonstrator,FRAME - Smart Irrigation Demonstrator,"Guide students to frame a research or engineering investigation of thresholds, hysteresis, feedback and adaptive control and produce evidence suitable for design, optimization or operational decisions.","Protocol, traceable dataset, QC/calibration note, calculation/model, validation evidence, uncertainty statement and technically defensible recommendation."
PA-472,SSS 1-3,Smart Irrigation Demonstrator,DESIGN - Smart Irrigation Demonstrator,"Guide students to design a research or engineering investigation of thresholds, hysteresis, feedback and adaptive control and produce evidence suitable for design, optimization or operational decisions.","Protocol, traceable dataset, QC/calibration note, calculation/model, validation evidence, uncertainty statement and technically defensible recommendation."
PA-473,SSS 1-3,Smart Irrigation Demonstrator,INSTRUMENT - Smart Irrigation Demonstrator,"Guide students to instrument a research or engineering investigation of thresholds, hysteresis, feedback and adaptive control and produce evidence suitable for design, optimization or operational decisions.","Protocol, traceable dataset, QC/calibration note, calculation/model, validation evidence, uncertainty statement and technically defensible recommendation."
PA-474,SSS 1-3,Smart Irrigation Demonstrator,CALIBRATE - Smart Irrigation Demonstrator,"Guide students to calibrate a research or engineering investigation of thresholds, hysteresis, feedback and adaptive control and produce evidence suitable for design, optimization or operational decisions.","Protocol, traceable dataset, QC/calibration note, calculation/model, validation evidence, uncertainty statement and technically defensible recommendation."
PA-475,SSS 1-3,Smart Irrigation Demonstrator,MODEL - Smart Irrigation Demonstrator,"Guide students to model a research or engineering investigation of thresholds, hysteresis, feedback and adaptive control and produce evidence suitable for design, optimization or operational decisions.","Protocol, traceable dataset, QC/calibration note, calculation/model, validation evidence, uncertainty statement and technically defensible recommendation."
PA-476,SSS 1-3,Smart Irrigation Demonstrator,VALIDATE - Smart Irrigation Demonstrator,"Guide students to validate a research or engineering investigation of thresholds, hysteresis, feedback and adaptive control and produce evidence suitable for design, optimization or operational decisions.","Protocol, traceable dataset, QC/calibration note, calculation/model, validation evidence, uncertainty statement and technically defensible recommendation."
PA-477,SSS 1-3,Smart Irrigation Demonstrator,EVALUATE - Smart Irrigation Demonstrator,"Guide students to evaluate a research or engineering investigation of thresholds, hysteresis, feedback and adaptive control and produce evidence suitable for design, optimization or operational decisions.","Protocol, traceable dataset, QC/calibration note, calculation/model, validation evidence, uncertainty statement and technically defensible recommendation."
PA-478,SSS 1-3,Smart Irrigation Demonstrator,OPTIMIZE - Smart Irrigation Demonstrator,"Guide students to optimize a research or engineering investigation of thresholds, hysteresis, feedback and adaptive control and produce evidence suitable for design, optimization or operational decisions.","Protocol, traceable dataset, QC/calibration note, calculation/model, validation evidence, uncertainty statement and technically defensible recommendation."
PA-479,SSS 1-3,Smart Irrigation Demonstrator,STRESS-TEST - Smart Irrigation Demonstrator,"Guide students to stress-test a research or engineering investigation of thresholds, hysteresis, feedback and adaptive control and produce evidence suitable for design, optimization or operational decisions.","Protocol, traceable dataset, QC/calibration note, calculation/model, validation evidence, uncertainty statement and technically defensible recommendation."
PA-480,SSS 1-3,Smart Irrigation Demonstrator,RECOMMEND - Smart Irrigation Demonstrator,"Guide students to recommend a research or engineering investigation of thresholds, hysteresis, feedback and adaptive control and produce evidence suitable for design, optimization or operational decisions.","Protocol, traceable dataset, QC/calibration note, calculation/model, validation evidence, uncertainty statement and technically defensible recommendation."
PA-481,SSS 1-3,Research & Design Garden,FRAME - Research & Design Garden,"Guide students to frame a research or engineering investigation of requirements, concept selection, prototyping and testing and produce evidence suitable for design, optimization or operational decisions.","Protocol, traceable dataset, QC/calibration note, calculation/model, validation evidence, uncertainty statement and technically defensible recommendation."
PA-482,SSS 1-3,Research & Design Garden,DESIGN - Research & Design Garden,"Guide students to design a research or engineering investigation of requirements, concept selection, prototyping and testing and produce evidence suitable for design, optimization or operational decisions.","Protocol, traceable dataset, QC/calibration note, calculation/model, validation evidence, uncertainty statement and technically defensible recommendation."
PA-483,SSS 1-3,Research & Design Garden,INSTRUMENT - Research & Design Garden,"Guide students to instrument a research or engineering investigation of requirements, concept selection, prototyping and testing and produce evidence suitable for design, optimization or operational decisions.","Protocol, traceable dataset, QC/calibration note, calculation/model, validation evidence, uncertainty statement and technically defensible recommendation."
PA-484,SSS 1-3,Research & Design Garden,CALIBRATE - Research & Design Garden,"Guide students to calibrate a research or engineering investigation of requirements, concept selection, prototyping and testing and produce evidence suitable for design, optimization or operational decisions.","Protocol, traceable dataset, QC/calibration note, calculation/model, validation evidence, uncertainty statement and technically defensible recommendation."
PA-485,SSS 1-3,Research & Design Garden,MODEL - Research & Design Garden,"Guide students to model a research or engineering investigation of requirements, concept selection, prototyping and testing and produce evidence suitable for design, optimization or operational decisions.","Protocol, traceable dataset, QC/calibration note, calculation/model, validation evidence, uncertainty statement and technically defensible recommendation."
PA-486,SSS 1-3,Research & Design Garden,VALIDATE - Research & Design Garden,"Guide students to validate a research or engineering investigation of requirements, concept selection, prototyping and testing and produce evidence suitable for design, optimization or operational decisions.","Protocol, traceable dataset, QC/calibration note, calculation/model, validation evidence, uncertainty statement and technically defensible recommendation."
PA-487,SSS 1-3,Research & Design Garden,EVALUATE - Research & Design Garden,"Guide students to evaluate a research or engineering investigation of requirements, concept selection, prototyping and testing and produce evidence suitable for design, optimization or operational decisions.","Protocol, traceable dataset, QC/calibration note, calculation/model, validation evidence, uncertainty statement and technically defensible recommendation."
PA-488,SSS 1-3,Research & Design Garden,OPTIMIZE - Research & Design Garden,"Guide students to optimize a research or engineering investigation of requirements, concept selection, prototyping and testing and produce evidence suitable for design, optimization or operational decisions.","Protocol, traceable dataset, QC/calibration note, calculation/model, validation evidence, uncertainty statement and technically defensible recommendation."
PA-489,SSS 1-3,Research & Design Garden,STRESS-TEST - Research & Design Garden,"Guide students to stress-test a research or engineering investigation of requirements, concept selection, prototyping and testing and produce evidence suitable for design, optimization or operational decisions.","Protocol, traceable dataset, QC/calibration note, calculation/model, validation evidence, uncertainty statement and technically defensible recommendation."
PA-490,SSS 1-3,Research & Design Garden,RECOMMEND - Research & Design Garden,"Guide students to recommend a research or engineering investigation of requirements, concept selection, prototyping and testing and produce evidence suitable for design, optimization or operational decisions.","Protocol, traceable dataset, QC/calibration note, calculation/model, validation evidence, uncertainty statement and technically defensible recommendation."
PA-491,SSS 1-3,Integrated Food Systems Laboratory,FRAME - Integrated Food Systems Laboratory,"Guide students to frame a research or engineering investigation of system boundaries, balances, mismatches, cascades and scenarios and produce evidence suitable for design, optimization or operational decisions.","Protocol, traceable dataset, QC/calibration note, calculation/model, validation evidence, uncertainty statement and technically defensible recommendation."
PA-492,SSS 1-3,Integrated Food Systems Laboratory,DESIGN - Integrated Food Systems Laboratory,"Guide students to design a research or engineering investigation of system boundaries, balances, mismatches, cascades and scenarios and produce evidence suitable for design, optimization or operational decisions.","Protocol, traceable dataset, QC/calibration note, calculation/model, validation evidence, uncertainty statement and technically defensible recommendation."
PA-493,SSS 1-3,Integrated Food Systems Laboratory,INSTRUMENT - Integrated Food Systems Laboratory,"Guide students to instrument a research or engineering investigation of system boundaries, balances, mismatches, cascades and scenarios and produce evidence suitable for design, optimization or operational decisions.","Protocol, traceable dataset, QC/calibration note, calculation/model, validation evidence, uncertainty statement and technically defensible recommendation."
PA-494,SSS 1-3,Integrated Food Systems Laboratory,CALIBRATE - Integrated Food Systems Laboratory,"Guide students to calibrate a research or engineering investigation of system boundaries, balances, mismatches, cascades and scenarios and produce evidence suitable for design, optimization or operational decisions.","Protocol, traceable dataset, QC/calibration note, calculation/model, validation evidence, uncertainty statement and technically defensible recommendation."
PA-495,SSS 1-3,Integrated Food Systems Laboratory,MODEL - Integrated Food Systems Laboratory,"Guide students to model a research or engineering investigation of system boundaries, balances, mismatches, cascades and scenarios and produce evidence suitable for design, optimization or operational decisions.","Protocol, traceable dataset, QC/calibration note, calculation/model, validation evidence, uncertainty statement and technically defensible recommendation."
PA-496,SSS 1-3,Integrated Food Systems Laboratory,VALIDATE - Integrated Food Systems Laboratory,"Guide students to validate a research or engineering investigation of system boundaries, balances, mismatches, cascades and scenarios and produce evidence suitable for design, optimization or operational decisions.","Protocol, traceable dataset, QC/calibration note, calculation/model, validation evidence, uncertainty statement and technically defensible recommendation."
PA-497,SSS 1-3,Integrated Food Systems Laboratory,EVALUATE - Integrated Food Systems Laboratory,"Guide students to evaluate a research or engineering investigation of system boundaries, balances, mismatches, cascades and scenarios and produce evidence suitable for design, optimization or operational decisions.","Protocol, traceable dataset, QC/calibration note, calculation/model, validation evidence, uncertainty statement and technically defensible recommendation."
PA-498,SSS 1-3,Integrated Food Systems Laboratory,OPTIMIZE - Integrated Food Systems Laboratory,"Guide students to optimize a research or engineering investigation of system boundaries, balances, mismatches, cascades and scenarios and produce evidence suitable for design, optimization or operational decisions.","Protocol, traceable dataset, QC/calibration note, calculation/model, validation evidence, uncertainty statement and technically defensible recommendation."
PA-499,SSS 1-3,Integrated Food Systems Laboratory,STRESS-TEST - Integrated Food Systems Laboratory,"Guide students to stress-test a research or engineering investigation of system boundaries, balances, mismatches, cascades and scenarios and produce evidence suitable for design, optimization or operational decisions.","Protocol, traceable dataset, QC/calibration note, calculation/model, validation evidence, uncertainty statement and technically defensible recommendation."
PA-500,SSS 1-3,Integrated Food Systems Laboratory,RECOMMEND - Integrated Food Systems Laboratory,"Guide students to recommend a research or engineering investigation of system boundaries, balances, mismatches, cascades and scenarios and produce evidence suitable for design, optimization or operational decisions.","Protocol, traceable dataset, QC/calibration note, calculation/model, validation evidence, uncertainty statement and technically defensible recommendation."
