ID,Level,Ingredient,Plant_Part,Theme,Objective,Materials,DIY,Method,Evidence,Questions,Safety
IL-001,Nursery,Hibiscus,Calyx,Identity & Plant Part,"Help children recognize hibiscus, identify its calyx as the food-use plant part, and describe one visible feature.","Clean ingredient samples or images, labels, observation sheet/journal, ruler and balance where appropriate, clean trays/containers, handwashing supplies.","Use locally available produce, paper labels, clean food-grade reused containers, handmade measuring grids and simple classroom balances where suitable.","Teacher shows a clean intact sample or picture. Children look, name, match, sort or draw according to the identity & plant part task. Use only teacher-prepared cut samples for visual observation.","Oral naming, pointing/matching, simple sorting, counting or drawing.","What do you notice about the hibiscus? Which plant part are we looking at? What colour, shape or texture can you see?","No tasting is required. Use clean teacher-approved samples. Wash hands before and after handling. Teachers alone control knives, graters, heat, electrical equipment, chemicals and processing machinery. Do not conduct microbial culture or unsafe food-storage experiments."
IL-002,Nursery,Hibiscus,Calyx,External Structure,"Help children recognize hibiscus, identify its calyx as the food-use plant part, and describe one visible feature.","Clean ingredient samples or images, labels, observation sheet/journal, ruler and balance where appropriate, clean trays/containers, handwashing supplies.","Use locally available produce, paper labels, clean food-grade reused containers, handmade measuring grids and simple classroom balances where suitable.","Teacher shows a clean intact sample or picture. Children look, name, match, sort or draw according to the external structure task. Use only teacher-prepared cut samples for visual observation.","Oral naming, pointing/matching, simple sorting, counting or drawing.","What do you notice about the hibiscus? Which plant part are we looking at? What colour, shape or texture can you see?","No tasting is required. Use clean teacher-approved samples. Wash hands before and after handling. Teachers alone control knives, graters, heat, electrical equipment, chemicals and processing machinery. Do not conduct microbial culture or unsafe food-storage experiments."
IL-003,Nursery,Hibiscus,Calyx,Internal Structure,"Help children recognize hibiscus, identify its calyx as the food-use plant part, and describe one visible feature.","Clean ingredient samples or images, labels, observation sheet/journal, ruler and balance where appropriate, clean trays/containers, handwashing supplies.","Use locally available produce, paper labels, clean food-grade reused containers, handmade measuring grids and simple classroom balances where suitable.","Teacher shows a clean intact sample or picture. Children look, name, match, sort or draw according to the internal structure task. Use only teacher-prepared cut samples for visual observation.","Oral naming, pointing/matching, simple sorting, counting or drawing.","What do you notice about the hibiscus? Which plant part are we looking at? What colour, shape or texture can you see?","No tasting is required. Use clean teacher-approved samples. Wash hands before and after handling. Teachers alone control knives, graters, heat, electrical equipment, chemicals and processing machinery. Do not conduct microbial culture or unsafe food-storage experiments."
IL-004,Nursery,Hibiscus,Calyx,Colour & Texture,"Help children recognize hibiscus, identify its calyx as the food-use plant part, and describe one visible feature.","Clean ingredient samples or images, labels, observation sheet/journal, ruler and balance where appropriate, clean trays/containers, handwashing supplies.","Use locally available produce, paper labels, clean food-grade reused containers, handmade measuring grids and simple classroom balances where suitable.","Teacher shows a clean intact sample or picture. Children look, name, match, sort or draw according to the colour & texture task. Use only teacher-prepared cut samples for visual observation.","Oral naming, pointing/matching, simple sorting, counting or drawing.","What do you notice about the hibiscus? Which plant part are we looking at? What colour, shape or texture can you see?","No tasting is required. Use clean teacher-approved samples. Wash hands before and after handling. Teachers alone control knives, graters, heat, electrical equipment, chemicals and processing machinery. Do not conduct microbial culture or unsafe food-storage experiments."
IL-005,Nursery,Hibiscus,Calyx,Mass & Size,"Help children recognize hibiscus, identify its calyx as the food-use plant part, and describe one visible feature.","Clean ingredient samples or images, labels, observation sheet/journal, ruler and balance where appropriate, clean trays/containers, handwashing supplies.","Use locally available produce, paper labels, clean food-grade reused containers, handmade measuring grids and simple classroom balances where suitable.","Teacher shows a clean intact sample or picture. Children look, name, match, sort or draw according to the mass & size task. Use only teacher-prepared cut samples for visual observation.","Oral naming, pointing/matching, simple sorting, counting or drawing.","What do you notice about the hibiscus? Which plant part are we looking at? What colour, shape or texture can you see?","No tasting is required. Use clean teacher-approved samples. Wash hands before and after handling. Teachers alone control knives, graters, heat, electrical equipment, chemicals and processing machinery. Do not conduct microbial culture or unsafe food-storage experiments."
IL-006,Nursery,Hibiscus,Calyx,Water/Change Observation,"Help children recognize hibiscus, identify its calyx as the food-use plant part, and describe one visible feature.","Clean ingredient samples or images, labels, observation sheet/journal, ruler and balance where appropriate, clean trays/containers, handwashing supplies.","Use locally available produce, paper labels, clean food-grade reused containers, handmade measuring grids and simple classroom balances where suitable.","Teacher shows a clean intact sample or picture. Children look, name, match, sort or draw according to the water/change observation task. Use only teacher-prepared cut samples for visual observation.","Oral naming, pointing/matching, simple sorting, counting or drawing.","What do you notice about the hibiscus? Which plant part are we looking at? What colour, shape or texture can you see?","No tasting is required. Use clean teacher-approved samples. Wash hands before and after handling. Teachers alone control knives, graters, heat, electrical equipment, chemicals and processing machinery. Do not conduct microbial culture or unsafe food-storage experiments."
IL-007,Nursery,Hibiscus,Calyx,Sorting & Quality,"Help children recognize hibiscus, identify its calyx as the food-use plant part, and describe one visible feature.","Clean ingredient samples or images, labels, observation sheet/journal, ruler and balance where appropriate, clean trays/containers, handwashing supplies.","Use locally available produce, paper labels, clean food-grade reused containers, handmade measuring grids and simple classroom balances where suitable.","Teacher shows a clean intact sample or picture. Children look, name, match, sort or draw according to the sorting & quality task. Use only teacher-prepared cut samples for visual observation.","Oral naming, pointing/matching, simple sorting, counting or drawing.","What do you notice about the hibiscus? Which plant part are we looking at? What colour, shape or texture can you see?","No tasting is required. Use clean teacher-approved samples. Wash hands before and after handling. Teachers alone control knives, graters, heat, electrical equipment, chemicals and processing machinery. Do not conduct microbial culture or unsafe food-storage experiments."
IL-008,Nursery,Hibiscus,Calyx,Post-Harvest Change,"Help children recognize hibiscus, identify its calyx as the food-use plant part, and describe one visible feature.","Clean ingredient samples or images, labels, observation sheet/journal, ruler and balance where appropriate, clean trays/containers, handwashing supplies.","Use locally available produce, paper labels, clean food-grade reused containers, handmade measuring grids and simple classroom balances where suitable.","Teacher shows a clean intact sample or picture. Children look, name, match, sort or draw according to the post-harvest change task. Use only teacher-prepared cut samples for visual observation.","Oral naming, pointing/matching, simple sorting, counting or drawing.","What do you notice about the hibiscus? Which plant part are we looking at? What colour, shape or texture can you see?","No tasting is required. Use clean teacher-approved samples. Wash hands before and after handling. Teachers alone control knives, graters, heat, electrical equipment, chemicals and processing machinery. Do not conduct microbial culture or unsafe food-storage experiments."
IL-009,Nursery,Hibiscus,Calyx,Ingredient-to-Food Pathway,"Help children recognize hibiscus, identify its calyx as the food-use plant part, and describe one visible feature.","Clean ingredient samples or images, labels, observation sheet/journal, ruler and balance where appropriate, clean trays/containers, handwashing supplies.","Use locally available produce, paper labels, clean food-grade reused containers, handmade measuring grids and simple classroom balances where suitable.","Teacher shows a clean intact sample or picture. Children look, name, match, sort or draw according to the ingredient-to-food pathway task. Use only teacher-prepared cut samples for visual observation.","Oral naming, pointing/matching, simple sorting, counting or drawing.","What do you notice about the hibiscus? Which plant part are we looking at? What colour, shape or texture can you see?","No tasting is required. Use clean teacher-approved samples. Wash hands before and after handling. Teachers alone control knives, graters, heat, electrical equipment, chemicals and processing machinery. Do not conduct microbial culture or unsafe food-storage experiments."
IL-010,Nursery,Hibiscus,Calyx,Investigation Challenge,"Help children recognize hibiscus, identify its calyx as the food-use plant part, and describe one visible feature.","Clean ingredient samples or images, labels, observation sheet/journal, ruler and balance where appropriate, clean trays/containers, handwashing supplies.","Use locally available produce, paper labels, clean food-grade reused containers, handmade measuring grids and simple classroom balances where suitable.","Teacher shows a clean intact sample or picture. Children look, name, match, sort or draw according to the investigation challenge task. Use only teacher-prepared cut samples for visual observation.","Oral naming, pointing/matching, simple sorting, counting or drawing.","What do you notice about the hibiscus? Which plant part are we looking at? What colour, shape or texture can you see?","No tasting is required. Use clean teacher-approved samples. Wash hands before and after handling. Teachers alone control knives, graters, heat, electrical equipment, chemicals and processing machinery. Do not conduct microbial culture or unsafe food-storage experiments."
IL-011,Nursery,Ginger,Rhizome,Identity & Plant Part,"Help children recognize ginger, identify its rhizome as the food-use plant part, and describe one visible feature.","Clean ingredient samples or images, labels, observation sheet/journal, ruler and balance where appropriate, clean trays/containers, handwashing supplies.","Use locally available produce, paper labels, clean food-grade reused containers, handmade measuring grids and simple classroom balances where suitable.","Teacher shows a clean intact sample or picture. Children look, name, match, sort or draw according to the identity & plant part task. Use only teacher-prepared cut samples for visual observation.","Oral naming, pointing/matching, simple sorting, counting or drawing.","What do you notice about the ginger? Which plant part are we looking at? What colour, shape or texture can you see?","No tasting is required. Use clean teacher-approved samples. Wash hands before and after handling. Teachers alone control knives, graters, heat, electrical equipment, chemicals and processing machinery. Do not conduct microbial culture or unsafe food-storage experiments."
IL-012,Nursery,Ginger,Rhizome,External Structure,"Help children recognize ginger, identify its rhizome as the food-use plant part, and describe one visible feature.","Clean ingredient samples or images, labels, observation sheet/journal, ruler and balance where appropriate, clean trays/containers, handwashing supplies.","Use locally available produce, paper labels, clean food-grade reused containers, handmade measuring grids and simple classroom balances where suitable.","Teacher shows a clean intact sample or picture. Children look, name, match, sort or draw according to the external structure task. Use only teacher-prepared cut samples for visual observation.","Oral naming, pointing/matching, simple sorting, counting or drawing.","What do you notice about the ginger? Which plant part are we looking at? What colour, shape or texture can you see?","No tasting is required. Use clean teacher-approved samples. Wash hands before and after handling. Teachers alone control knives, graters, heat, electrical equipment, chemicals and processing machinery. Do not conduct microbial culture or unsafe food-storage experiments."
IL-013,Nursery,Ginger,Rhizome,Internal Structure,"Help children recognize ginger, identify its rhizome as the food-use plant part, and describe one visible feature.","Clean ingredient samples or images, labels, observation sheet/journal, ruler and balance where appropriate, clean trays/containers, handwashing supplies.","Use locally available produce, paper labels, clean food-grade reused containers, handmade measuring grids and simple classroom balances where suitable.","Teacher shows a clean intact sample or picture. Children look, name, match, sort or draw according to the internal structure task. Use only teacher-prepared cut samples for visual observation.","Oral naming, pointing/matching, simple sorting, counting or drawing.","What do you notice about the ginger? Which plant part are we looking at? What colour, shape or texture can you see?","No tasting is required. Use clean teacher-approved samples. Wash hands before and after handling. Teachers alone control knives, graters, heat, electrical equipment, chemicals and processing machinery. Do not conduct microbial culture or unsafe food-storage experiments."
IL-014,Nursery,Ginger,Rhizome,Colour & Texture,"Help children recognize ginger, identify its rhizome as the food-use plant part, and describe one visible feature.","Clean ingredient samples or images, labels, observation sheet/journal, ruler and balance where appropriate, clean trays/containers, handwashing supplies.","Use locally available produce, paper labels, clean food-grade reused containers, handmade measuring grids and simple classroom balances where suitable.","Teacher shows a clean intact sample or picture. Children look, name, match, sort or draw according to the colour & texture task. Use only teacher-prepared cut samples for visual observation.","Oral naming, pointing/matching, simple sorting, counting or drawing.","What do you notice about the ginger? Which plant part are we looking at? What colour, shape or texture can you see?","No tasting is required. Use clean teacher-approved samples. Wash hands before and after handling. Teachers alone control knives, graters, heat, electrical equipment, chemicals and processing machinery. Do not conduct microbial culture or unsafe food-storage experiments."
IL-015,Nursery,Ginger,Rhizome,Mass & Size,"Help children recognize ginger, identify its rhizome as the food-use plant part, and describe one visible feature.","Clean ingredient samples or images, labels, observation sheet/journal, ruler and balance where appropriate, clean trays/containers, handwashing supplies.","Use locally available produce, paper labels, clean food-grade reused containers, handmade measuring grids and simple classroom balances where suitable.","Teacher shows a clean intact sample or picture. Children look, name, match, sort or draw according to the mass & size task. Use only teacher-prepared cut samples for visual observation.","Oral naming, pointing/matching, simple sorting, counting or drawing.","What do you notice about the ginger? Which plant part are we looking at? What colour, shape or texture can you see?","No tasting is required. Use clean teacher-approved samples. Wash hands before and after handling. Teachers alone control knives, graters, heat, electrical equipment, chemicals and processing machinery. Do not conduct microbial culture or unsafe food-storage experiments."
IL-016,Nursery,Ginger,Rhizome,Water/Change Observation,"Help children recognize ginger, identify its rhizome as the food-use plant part, and describe one visible feature.","Clean ingredient samples or images, labels, observation sheet/journal, ruler and balance where appropriate, clean trays/containers, handwashing supplies.","Use locally available produce, paper labels, clean food-grade reused containers, handmade measuring grids and simple classroom balances where suitable.","Teacher shows a clean intact sample or picture. Children look, name, match, sort or draw according to the water/change observation task. Use only teacher-prepared cut samples for visual observation.","Oral naming, pointing/matching, simple sorting, counting or drawing.","What do you notice about the ginger? Which plant part are we looking at? What colour, shape or texture can you see?","No tasting is required. Use clean teacher-approved samples. Wash hands before and after handling. Teachers alone control knives, graters, heat, electrical equipment, chemicals and processing machinery. Do not conduct microbial culture or unsafe food-storage experiments."
IL-017,Nursery,Ginger,Rhizome,Sorting & Quality,"Help children recognize ginger, identify its rhizome as the food-use plant part, and describe one visible feature.","Clean ingredient samples or images, labels, observation sheet/journal, ruler and balance where appropriate, clean trays/containers, handwashing supplies.","Use locally available produce, paper labels, clean food-grade reused containers, handmade measuring grids and simple classroom balances where suitable.","Teacher shows a clean intact sample or picture. Children look, name, match, sort or draw according to the sorting & quality task. Use only teacher-prepared cut samples for visual observation.","Oral naming, pointing/matching, simple sorting, counting or drawing.","What do you notice about the ginger? Which plant part are we looking at? What colour, shape or texture can you see?","No tasting is required. Use clean teacher-approved samples. Wash hands before and after handling. Teachers alone control knives, graters, heat, electrical equipment, chemicals and processing machinery. Do not conduct microbial culture or unsafe food-storage experiments."
IL-018,Nursery,Ginger,Rhizome,Post-Harvest Change,"Help children recognize ginger, identify its rhizome as the food-use plant part, and describe one visible feature.","Clean ingredient samples or images, labels, observation sheet/journal, ruler and balance where appropriate, clean trays/containers, handwashing supplies.","Use locally available produce, paper labels, clean food-grade reused containers, handmade measuring grids and simple classroom balances where suitable.","Teacher shows a clean intact sample or picture. Children look, name, match, sort or draw according to the post-harvest change task. Use only teacher-prepared cut samples for visual observation.","Oral naming, pointing/matching, simple sorting, counting or drawing.","What do you notice about the ginger? Which plant part are we looking at? What colour, shape or texture can you see?","No tasting is required. Use clean teacher-approved samples. Wash hands before and after handling. Teachers alone control knives, graters, heat, electrical equipment, chemicals and processing machinery. Do not conduct microbial culture or unsafe food-storage experiments."
IL-019,Nursery,Ginger,Rhizome,Ingredient-to-Food Pathway,"Help children recognize ginger, identify its rhizome as the food-use plant part, and describe one visible feature.","Clean ingredient samples or images, labels, observation sheet/journal, ruler and balance where appropriate, clean trays/containers, handwashing supplies.","Use locally available produce, paper labels, clean food-grade reused containers, handmade measuring grids and simple classroom balances where suitable.","Teacher shows a clean intact sample or picture. Children look, name, match, sort or draw according to the ingredient-to-food pathway task. Use only teacher-prepared cut samples for visual observation.","Oral naming, pointing/matching, simple sorting, counting or drawing.","What do you notice about the ginger? Which plant part are we looking at? What colour, shape or texture can you see?","No tasting is required. Use clean teacher-approved samples. Wash hands before and after handling. Teachers alone control knives, graters, heat, electrical equipment, chemicals and processing machinery. Do not conduct microbial culture or unsafe food-storage experiments."
IL-020,Nursery,Ginger,Rhizome,Investigation Challenge,"Help children recognize ginger, identify its rhizome as the food-use plant part, and describe one visible feature.","Clean ingredient samples or images, labels, observation sheet/journal, ruler and balance where appropriate, clean trays/containers, handwashing supplies.","Use locally available produce, paper labels, clean food-grade reused containers, handmade measuring grids and simple classroom balances where suitable.","Teacher shows a clean intact sample or picture. Children look, name, match, sort or draw according to the investigation challenge task. Use only teacher-prepared cut samples for visual observation.","Oral naming, pointing/matching, simple sorting, counting or drawing.","What do you notice about the ginger? Which plant part are we looking at? What colour, shape or texture can you see?","No tasting is required. Use clean teacher-approved samples. Wash hands before and after handling. Teachers alone control knives, graters, heat, electrical equipment, chemicals and processing machinery. Do not conduct microbial culture or unsafe food-storage experiments."
IL-021,Nursery,Turmeric,Rhizome,Identity & Plant Part,"Help children recognize turmeric, identify its rhizome as the food-use plant part, and describe one visible feature.","Clean ingredient samples or images, labels, observation sheet/journal, ruler and balance where appropriate, clean trays/containers, handwashing supplies.","Use locally available produce, paper labels, clean food-grade reused containers, handmade measuring grids and simple classroom balances where suitable.","Teacher shows a clean intact sample or picture. Children look, name, match, sort or draw according to the identity & plant part task. Use only teacher-prepared cut samples for visual observation.","Oral naming, pointing/matching, simple sorting, counting or drawing.","What do you notice about the turmeric? Which plant part are we looking at? What colour, shape or texture can you see?","No tasting is required. Use clean teacher-approved samples. Wash hands before and after handling. Teachers alone control knives, graters, heat, electrical equipment, chemicals and processing machinery. Do not conduct microbial culture or unsafe food-storage experiments."
IL-022,Nursery,Turmeric,Rhizome,External Structure,"Help children recognize turmeric, identify its rhizome as the food-use plant part, and describe one visible feature.","Clean ingredient samples or images, labels, observation sheet/journal, ruler and balance where appropriate, clean trays/containers, handwashing supplies.","Use locally available produce, paper labels, clean food-grade reused containers, handmade measuring grids and simple classroom balances where suitable.","Teacher shows a clean intact sample or picture. Children look, name, match, sort or draw according to the external structure task. Use only teacher-prepared cut samples for visual observation.","Oral naming, pointing/matching, simple sorting, counting or drawing.","What do you notice about the turmeric? Which plant part are we looking at? What colour, shape or texture can you see?","No tasting is required. Use clean teacher-approved samples. Wash hands before and after handling. Teachers alone control knives, graters, heat, electrical equipment, chemicals and processing machinery. Do not conduct microbial culture or unsafe food-storage experiments."
IL-023,Nursery,Turmeric,Rhizome,Internal Structure,"Help children recognize turmeric, identify its rhizome as the food-use plant part, and describe one visible feature.","Clean ingredient samples or images, labels, observation sheet/journal, ruler and balance where appropriate, clean trays/containers, handwashing supplies.","Use locally available produce, paper labels, clean food-grade reused containers, handmade measuring grids and simple classroom balances where suitable.","Teacher shows a clean intact sample or picture. Children look, name, match, sort or draw according to the internal structure task. Use only teacher-prepared cut samples for visual observation.","Oral naming, pointing/matching, simple sorting, counting or drawing.","What do you notice about the turmeric? Which plant part are we looking at? What colour, shape or texture can you see?","No tasting is required. Use clean teacher-approved samples. Wash hands before and after handling. Teachers alone control knives, graters, heat, electrical equipment, chemicals and processing machinery. Do not conduct microbial culture or unsafe food-storage experiments."
IL-024,Nursery,Turmeric,Rhizome,Colour & Texture,"Help children recognize turmeric, identify its rhizome as the food-use plant part, and describe one visible feature.","Clean ingredient samples or images, labels, observation sheet/journal, ruler and balance where appropriate, clean trays/containers, handwashing supplies.","Use locally available produce, paper labels, clean food-grade reused containers, handmade measuring grids and simple classroom balances where suitable.","Teacher shows a clean intact sample or picture. Children look, name, match, sort or draw according to the colour & texture task. Use only teacher-prepared cut samples for visual observation.","Oral naming, pointing/matching, simple sorting, counting or drawing.","What do you notice about the turmeric? Which plant part are we looking at? What colour, shape or texture can you see?","No tasting is required. Use clean teacher-approved samples. Wash hands before and after handling. Teachers alone control knives, graters, heat, electrical equipment, chemicals and processing machinery. Do not conduct microbial culture or unsafe food-storage experiments."
IL-025,Nursery,Turmeric,Rhizome,Mass & Size,"Help children recognize turmeric, identify its rhizome as the food-use plant part, and describe one visible feature.","Clean ingredient samples or images, labels, observation sheet/journal, ruler and balance where appropriate, clean trays/containers, handwashing supplies.","Use locally available produce, paper labels, clean food-grade reused containers, handmade measuring grids and simple classroom balances where suitable.","Teacher shows a clean intact sample or picture. Children look, name, match, sort or draw according to the mass & size task. Use only teacher-prepared cut samples for visual observation.","Oral naming, pointing/matching, simple sorting, counting or drawing.","What do you notice about the turmeric? Which plant part are we looking at? What colour, shape or texture can you see?","No tasting is required. Use clean teacher-approved samples. Wash hands before and after handling. Teachers alone control knives, graters, heat, electrical equipment, chemicals and processing machinery. Do not conduct microbial culture or unsafe food-storage experiments."
IL-026,Nursery,Turmeric,Rhizome,Water/Change Observation,"Help children recognize turmeric, identify its rhizome as the food-use plant part, and describe one visible feature.","Clean ingredient samples or images, labels, observation sheet/journal, ruler and balance where appropriate, clean trays/containers, handwashing supplies.","Use locally available produce, paper labels, clean food-grade reused containers, handmade measuring grids and simple classroom balances where suitable.","Teacher shows a clean intact sample or picture. Children look, name, match, sort or draw according to the water/change observation task. Use only teacher-prepared cut samples for visual observation.","Oral naming, pointing/matching, simple sorting, counting or drawing.","What do you notice about the turmeric? Which plant part are we looking at? What colour, shape or texture can you see?","No tasting is required. Use clean teacher-approved samples. Wash hands before and after handling. Teachers alone control knives, graters, heat, electrical equipment, chemicals and processing machinery. Do not conduct microbial culture or unsafe food-storage experiments."
IL-027,Nursery,Turmeric,Rhizome,Sorting & Quality,"Help children recognize turmeric, identify its rhizome as the food-use plant part, and describe one visible feature.","Clean ingredient samples or images, labels, observation sheet/journal, ruler and balance where appropriate, clean trays/containers, handwashing supplies.","Use locally available produce, paper labels, clean food-grade reused containers, handmade measuring grids and simple classroom balances where suitable.","Teacher shows a clean intact sample or picture. Children look, name, match, sort or draw according to the sorting & quality task. Use only teacher-prepared cut samples for visual observation.","Oral naming, pointing/matching, simple sorting, counting or drawing.","What do you notice about the turmeric? Which plant part are we looking at? What colour, shape or texture can you see?","No tasting is required. Use clean teacher-approved samples. Wash hands before and after handling. Teachers alone control knives, graters, heat, electrical equipment, chemicals and processing machinery. Do not conduct microbial culture or unsafe food-storage experiments."
IL-028,Nursery,Turmeric,Rhizome,Post-Harvest Change,"Help children recognize turmeric, identify its rhizome as the food-use plant part, and describe one visible feature.","Clean ingredient samples or images, labels, observation sheet/journal, ruler and balance where appropriate, clean trays/containers, handwashing supplies.","Use locally available produce, paper labels, clean food-grade reused containers, handmade measuring grids and simple classroom balances where suitable.","Teacher shows a clean intact sample or picture. Children look, name, match, sort or draw according to the post-harvest change task. Use only teacher-prepared cut samples for visual observation.","Oral naming, pointing/matching, simple sorting, counting or drawing.","What do you notice about the turmeric? Which plant part are we looking at? What colour, shape or texture can you see?","No tasting is required. Use clean teacher-approved samples. Wash hands before and after handling. Teachers alone control knives, graters, heat, electrical equipment, chemicals and processing machinery. Do not conduct microbial culture or unsafe food-storage experiments."
IL-029,Nursery,Turmeric,Rhizome,Ingredient-to-Food Pathway,"Help children recognize turmeric, identify its rhizome as the food-use plant part, and describe one visible feature.","Clean ingredient samples or images, labels, observation sheet/journal, ruler and balance where appropriate, clean trays/containers, handwashing supplies.","Use locally available produce, paper labels, clean food-grade reused containers, handmade measuring grids and simple classroom balances where suitable.","Teacher shows a clean intact sample or picture. Children look, name, match, sort or draw according to the ingredient-to-food pathway task. Use only teacher-prepared cut samples for visual observation.","Oral naming, pointing/matching, simple sorting, counting or drawing.","What do you notice about the turmeric? Which plant part are we looking at? What colour, shape or texture can you see?","No tasting is required. Use clean teacher-approved samples. Wash hands before and after handling. Teachers alone control knives, graters, heat, electrical equipment, chemicals and processing machinery. Do not conduct microbial culture or unsafe food-storage experiments."
IL-030,Nursery,Turmeric,Rhizome,Investigation Challenge,"Help children recognize turmeric, identify its rhizome as the food-use plant part, and describe one visible feature.","Clean ingredient samples or images, labels, observation sheet/journal, ruler and balance where appropriate, clean trays/containers, handwashing supplies.","Use locally available produce, paper labels, clean food-grade reused containers, handmade measuring grids and simple classroom balances where suitable.","Teacher shows a clean intact sample or picture. Children look, name, match, sort or draw according to the investigation challenge task. Use only teacher-prepared cut samples for visual observation.","Oral naming, pointing/matching, simple sorting, counting or drawing.","What do you notice about the turmeric? Which plant part are we looking at? What colour, shape or texture can you see?","No tasting is required. Use clean teacher-approved samples. Wash hands before and after handling. Teachers alone control knives, graters, heat, electrical equipment, chemicals and processing machinery. Do not conduct microbial culture or unsafe food-storage experiments."
IL-031,Nursery,Pineapple,Fruit,Identity & Plant Part,"Help children recognize pineapple, identify its fruit as the food-use plant part, and describe one visible feature.","Clean ingredient samples or images, labels, observation sheet/journal, ruler and balance where appropriate, clean trays/containers, handwashing supplies.","Use locally available produce, paper labels, clean food-grade reused containers, handmade measuring grids and simple classroom balances where suitable.","Teacher shows a clean intact sample or picture. Children look, name, match, sort or draw according to the identity & plant part task. Use only teacher-prepared cut samples for visual observation.","Oral naming, pointing/matching, simple sorting, counting or drawing.","What do you notice about the pineapple? Which plant part are we looking at? What colour, shape or texture can you see?","No tasting is required. Use clean teacher-approved samples. Wash hands before and after handling. Teachers alone control knives, graters, heat, electrical equipment, chemicals and processing machinery. Do not conduct microbial culture or unsafe food-storage experiments."
IL-032,Nursery,Pineapple,Fruit,External Structure,"Help children recognize pineapple, identify its fruit as the food-use plant part, and describe one visible feature.","Clean ingredient samples or images, labels, observation sheet/journal, ruler and balance where appropriate, clean trays/containers, handwashing supplies.","Use locally available produce, paper labels, clean food-grade reused containers, handmade measuring grids and simple classroom balances where suitable.","Teacher shows a clean intact sample or picture. Children look, name, match, sort or draw according to the external structure task. Use only teacher-prepared cut samples for visual observation.","Oral naming, pointing/matching, simple sorting, counting or drawing.","What do you notice about the pineapple? Which plant part are we looking at? What colour, shape or texture can you see?","No tasting is required. Use clean teacher-approved samples. Wash hands before and after handling. Teachers alone control knives, graters, heat, electrical equipment, chemicals and processing machinery. Do not conduct microbial culture or unsafe food-storage experiments."
IL-033,Nursery,Pineapple,Fruit,Internal Structure,"Help children recognize pineapple, identify its fruit as the food-use plant part, and describe one visible feature.","Clean ingredient samples or images, labels, observation sheet/journal, ruler and balance where appropriate, clean trays/containers, handwashing supplies.","Use locally available produce, paper labels, clean food-grade reused containers, handmade measuring grids and simple classroom balances where suitable.","Teacher shows a clean intact sample or picture. Children look, name, match, sort or draw according to the internal structure task. Use only teacher-prepared cut samples for visual observation.","Oral naming, pointing/matching, simple sorting, counting or drawing.","What do you notice about the pineapple? Which plant part are we looking at? What colour, shape or texture can you see?","No tasting is required. Use clean teacher-approved samples. Wash hands before and after handling. Teachers alone control knives, graters, heat, electrical equipment, chemicals and processing machinery. Do not conduct microbial culture or unsafe food-storage experiments."
IL-034,Nursery,Pineapple,Fruit,Colour & Texture,"Help children recognize pineapple, identify its fruit as the food-use plant part, and describe one visible feature.","Clean ingredient samples or images, labels, observation sheet/journal, ruler and balance where appropriate, clean trays/containers, handwashing supplies.","Use locally available produce, paper labels, clean food-grade reused containers, handmade measuring grids and simple classroom balances where suitable.","Teacher shows a clean intact sample or picture. Children look, name, match, sort or draw according to the colour & texture task. Use only teacher-prepared cut samples for visual observation.","Oral naming, pointing/matching, simple sorting, counting or drawing.","What do you notice about the pineapple? Which plant part are we looking at? What colour, shape or texture can you see?","No tasting is required. Use clean teacher-approved samples. Wash hands before and after handling. Teachers alone control knives, graters, heat, electrical equipment, chemicals and processing machinery. Do not conduct microbial culture or unsafe food-storage experiments."
IL-035,Nursery,Pineapple,Fruit,Mass & Size,"Help children recognize pineapple, identify its fruit as the food-use plant part, and describe one visible feature.","Clean ingredient samples or images, labels, observation sheet/journal, ruler and balance where appropriate, clean trays/containers, handwashing supplies.","Use locally available produce, paper labels, clean food-grade reused containers, handmade measuring grids and simple classroom balances where suitable.","Teacher shows a clean intact sample or picture. Children look, name, match, sort or draw according to the mass & size task. Use only teacher-prepared cut samples for visual observation.","Oral naming, pointing/matching, simple sorting, counting or drawing.","What do you notice about the pineapple? Which plant part are we looking at? What colour, shape or texture can you see?","No tasting is required. Use clean teacher-approved samples. Wash hands before and after handling. Teachers alone control knives, graters, heat, electrical equipment, chemicals and processing machinery. Do not conduct microbial culture or unsafe food-storage experiments."
IL-036,Nursery,Pineapple,Fruit,Water/Change Observation,"Help children recognize pineapple, identify its fruit as the food-use plant part, and describe one visible feature.","Clean ingredient samples or images, labels, observation sheet/journal, ruler and balance where appropriate, clean trays/containers, handwashing supplies.","Use locally available produce, paper labels, clean food-grade reused containers, handmade measuring grids and simple classroom balances where suitable.","Teacher shows a clean intact sample or picture. Children look, name, match, sort or draw according to the water/change observation task. Use only teacher-prepared cut samples for visual observation.","Oral naming, pointing/matching, simple sorting, counting or drawing.","What do you notice about the pineapple? Which plant part are we looking at? What colour, shape or texture can you see?","No tasting is required. Use clean teacher-approved samples. Wash hands before and after handling. Teachers alone control knives, graters, heat, electrical equipment, chemicals and processing machinery. Do not conduct microbial culture or unsafe food-storage experiments."
IL-037,Nursery,Pineapple,Fruit,Sorting & Quality,"Help children recognize pineapple, identify its fruit as the food-use plant part, and describe one visible feature.","Clean ingredient samples or images, labels, observation sheet/journal, ruler and balance where appropriate, clean trays/containers, handwashing supplies.","Use locally available produce, paper labels, clean food-grade reused containers, handmade measuring grids and simple classroom balances where suitable.","Teacher shows a clean intact sample or picture. Children look, name, match, sort or draw according to the sorting & quality task. Use only teacher-prepared cut samples for visual observation.","Oral naming, pointing/matching, simple sorting, counting or drawing.","What do you notice about the pineapple? Which plant part are we looking at? What colour, shape or texture can you see?","No tasting is required. Use clean teacher-approved samples. Wash hands before and after handling. Teachers alone control knives, graters, heat, electrical equipment, chemicals and processing machinery. Do not conduct microbial culture or unsafe food-storage experiments."
IL-038,Nursery,Pineapple,Fruit,Post-Harvest Change,"Help children recognize pineapple, identify its fruit as the food-use plant part, and describe one visible feature.","Clean ingredient samples or images, labels, observation sheet/journal, ruler and balance where appropriate, clean trays/containers, handwashing supplies.","Use locally available produce, paper labels, clean food-grade reused containers, handmade measuring grids and simple classroom balances where suitable.","Teacher shows a clean intact sample or picture. Children look, name, match, sort or draw according to the post-harvest change task. Use only teacher-prepared cut samples for visual observation.","Oral naming, pointing/matching, simple sorting, counting or drawing.","What do you notice about the pineapple? Which plant part are we looking at? What colour, shape or texture can you see?","No tasting is required. Use clean teacher-approved samples. Wash hands before and after handling. Teachers alone control knives, graters, heat, electrical equipment, chemicals and processing machinery. Do not conduct microbial culture or unsafe food-storage experiments."
IL-039,Nursery,Pineapple,Fruit,Ingredient-to-Food Pathway,"Help children recognize pineapple, identify its fruit as the food-use plant part, and describe one visible feature.","Clean ingredient samples or images, labels, observation sheet/journal, ruler and balance where appropriate, clean trays/containers, handwashing supplies.","Use locally available produce, paper labels, clean food-grade reused containers, handmade measuring grids and simple classroom balances where suitable.","Teacher shows a clean intact sample or picture. Children look, name, match, sort or draw according to the ingredient-to-food pathway task. Use only teacher-prepared cut samples for visual observation.","Oral naming, pointing/matching, simple sorting, counting or drawing.","What do you notice about the pineapple? Which plant part are we looking at? What colour, shape or texture can you see?","No tasting is required. Use clean teacher-approved samples. Wash hands before and after handling. Teachers alone control knives, graters, heat, electrical equipment, chemicals and processing machinery. Do not conduct microbial culture or unsafe food-storage experiments."
IL-040,Nursery,Pineapple,Fruit,Investigation Challenge,"Help children recognize pineapple, identify its fruit as the food-use plant part, and describe one visible feature.","Clean ingredient samples or images, labels, observation sheet/journal, ruler and balance where appropriate, clean trays/containers, handwashing supplies.","Use locally available produce, paper labels, clean food-grade reused containers, handmade measuring grids and simple classroom balances where suitable.","Teacher shows a clean intact sample or picture. Children look, name, match, sort or draw according to the investigation challenge task. Use only teacher-prepared cut samples for visual observation.","Oral naming, pointing/matching, simple sorting, counting or drawing.","What do you notice about the pineapple? Which plant part are we looking at? What colour, shape or texture can you see?","No tasting is required. Use clean teacher-approved samples. Wash hands before and after handling. Teachers alone control knives, graters, heat, electrical equipment, chemicals and processing machinery. Do not conduct microbial culture or unsafe food-storage experiments."
IL-041,Nursery,Citrus,Fruit,Identity & Plant Part,"Help children recognize citrus, identify its fruit as the food-use plant part, and describe one visible feature.","Clean ingredient samples or images, labels, observation sheet/journal, ruler and balance where appropriate, clean trays/containers, handwashing supplies.","Use locally available produce, paper labels, clean food-grade reused containers, handmade measuring grids and simple classroom balances where suitable.","Teacher shows a clean intact sample or picture. Children look, name, match, sort or draw according to the identity & plant part task. Use only teacher-prepared cut samples for visual observation.","Oral naming, pointing/matching, simple sorting, counting or drawing.","What do you notice about the citrus? Which plant part are we looking at? What colour, shape or texture can you see?","No tasting is required. Use clean teacher-approved samples. Wash hands before and after handling. Teachers alone control knives, graters, heat, electrical equipment, chemicals and processing machinery. Do not conduct microbial culture or unsafe food-storage experiments."
IL-042,Nursery,Citrus,Fruit,External Structure,"Help children recognize citrus, identify its fruit as the food-use plant part, and describe one visible feature.","Clean ingredient samples or images, labels, observation sheet/journal, ruler and balance where appropriate, clean trays/containers, handwashing supplies.","Use locally available produce, paper labels, clean food-grade reused containers, handmade measuring grids and simple classroom balances where suitable.","Teacher shows a clean intact sample or picture. Children look, name, match, sort or draw according to the external structure task. Use only teacher-prepared cut samples for visual observation.","Oral naming, pointing/matching, simple sorting, counting or drawing.","What do you notice about the citrus? Which plant part are we looking at? What colour, shape or texture can you see?","No tasting is required. Use clean teacher-approved samples. Wash hands before and after handling. Teachers alone control knives, graters, heat, electrical equipment, chemicals and processing machinery. Do not conduct microbial culture or unsafe food-storage experiments."
IL-043,Nursery,Citrus,Fruit,Internal Structure,"Help children recognize citrus, identify its fruit as the food-use plant part, and describe one visible feature.","Clean ingredient samples or images, labels, observation sheet/journal, ruler and balance where appropriate, clean trays/containers, handwashing supplies.","Use locally available produce, paper labels, clean food-grade reused containers, handmade measuring grids and simple classroom balances where suitable.","Teacher shows a clean intact sample or picture. Children look, name, match, sort or draw according to the internal structure task. Use only teacher-prepared cut samples for visual observation.","Oral naming, pointing/matching, simple sorting, counting or drawing.","What do you notice about the citrus? Which plant part are we looking at? What colour, shape or texture can you see?","No tasting is required. Use clean teacher-approved samples. Wash hands before and after handling. Teachers alone control knives, graters, heat, electrical equipment, chemicals and processing machinery. Do not conduct microbial culture or unsafe food-storage experiments."
IL-044,Nursery,Citrus,Fruit,Colour & Texture,"Help children recognize citrus, identify its fruit as the food-use plant part, and describe one visible feature.","Clean ingredient samples or images, labels, observation sheet/journal, ruler and balance where appropriate, clean trays/containers, handwashing supplies.","Use locally available produce, paper labels, clean food-grade reused containers, handmade measuring grids and simple classroom balances where suitable.","Teacher shows a clean intact sample or picture. Children look, name, match, sort or draw according to the colour & texture task. Use only teacher-prepared cut samples for visual observation.","Oral naming, pointing/matching, simple sorting, counting or drawing.","What do you notice about the citrus? Which plant part are we looking at? What colour, shape or texture can you see?","No tasting is required. Use clean teacher-approved samples. Wash hands before and after handling. Teachers alone control knives, graters, heat, electrical equipment, chemicals and processing machinery. Do not conduct microbial culture or unsafe food-storage experiments."
IL-045,Nursery,Citrus,Fruit,Mass & Size,"Help children recognize citrus, identify its fruit as the food-use plant part, and describe one visible feature.","Clean ingredient samples or images, labels, observation sheet/journal, ruler and balance where appropriate, clean trays/containers, handwashing supplies.","Use locally available produce, paper labels, clean food-grade reused containers, handmade measuring grids and simple classroom balances where suitable.","Teacher shows a clean intact sample or picture. Children look, name, match, sort or draw according to the mass & size task. Use only teacher-prepared cut samples for visual observation.","Oral naming, pointing/matching, simple sorting, counting or drawing.","What do you notice about the citrus? Which plant part are we looking at? What colour, shape or texture can you see?","No tasting is required. Use clean teacher-approved samples. Wash hands before and after handling. Teachers alone control knives, graters, heat, electrical equipment, chemicals and processing machinery. Do not conduct microbial culture or unsafe food-storage experiments."
IL-046,Nursery,Citrus,Fruit,Water/Change Observation,"Help children recognize citrus, identify its fruit as the food-use plant part, and describe one visible feature.","Clean ingredient samples or images, labels, observation sheet/journal, ruler and balance where appropriate, clean trays/containers, handwashing supplies.","Use locally available produce, paper labels, clean food-grade reused containers, handmade measuring grids and simple classroom balances where suitable.","Teacher shows a clean intact sample or picture. Children look, name, match, sort or draw according to the water/change observation task. Use only teacher-prepared cut samples for visual observation.","Oral naming, pointing/matching, simple sorting, counting or drawing.","What do you notice about the citrus? Which plant part are we looking at? What colour, shape or texture can you see?","No tasting is required. Use clean teacher-approved samples. Wash hands before and after handling. Teachers alone control knives, graters, heat, electrical equipment, chemicals and processing machinery. Do not conduct microbial culture or unsafe food-storage experiments."
IL-047,Nursery,Citrus,Fruit,Sorting & Quality,"Help children recognize citrus, identify its fruit as the food-use plant part, and describe one visible feature.","Clean ingredient samples or images, labels, observation sheet/journal, ruler and balance where appropriate, clean trays/containers, handwashing supplies.","Use locally available produce, paper labels, clean food-grade reused containers, handmade measuring grids and simple classroom balances where suitable.","Teacher shows a clean intact sample or picture. Children look, name, match, sort or draw according to the sorting & quality task. Use only teacher-prepared cut samples for visual observation.","Oral naming, pointing/matching, simple sorting, counting or drawing.","What do you notice about the citrus? Which plant part are we looking at? What colour, shape or texture can you see?","No tasting is required. Use clean teacher-approved samples. Wash hands before and after handling. Teachers alone control knives, graters, heat, electrical equipment, chemicals and processing machinery. Do not conduct microbial culture or unsafe food-storage experiments."
IL-048,Nursery,Citrus,Fruit,Post-Harvest Change,"Help children recognize citrus, identify its fruit as the food-use plant part, and describe one visible feature.","Clean ingredient samples or images, labels, observation sheet/journal, ruler and balance where appropriate, clean trays/containers, handwashing supplies.","Use locally available produce, paper labels, clean food-grade reused containers, handmade measuring grids and simple classroom balances where suitable.","Teacher shows a clean intact sample or picture. Children look, name, match, sort or draw according to the post-harvest change task. Use only teacher-prepared cut samples for visual observation.","Oral naming, pointing/matching, simple sorting, counting or drawing.","What do you notice about the citrus? Which plant part are we looking at? What colour, shape or texture can you see?","No tasting is required. Use clean teacher-approved samples. Wash hands before and after handling. Teachers alone control knives, graters, heat, electrical equipment, chemicals and processing machinery. Do not conduct microbial culture or unsafe food-storage experiments."
IL-049,Nursery,Citrus,Fruit,Ingredient-to-Food Pathway,"Help children recognize citrus, identify its fruit as the food-use plant part, and describe one visible feature.","Clean ingredient samples or images, labels, observation sheet/journal, ruler and balance where appropriate, clean trays/containers, handwashing supplies.","Use locally available produce, paper labels, clean food-grade reused containers, handmade measuring grids and simple classroom balances where suitable.","Teacher shows a clean intact sample or picture. Children look, name, match, sort or draw according to the ingredient-to-food pathway task. Use only teacher-prepared cut samples for visual observation.","Oral naming, pointing/matching, simple sorting, counting or drawing.","What do you notice about the citrus? Which plant part are we looking at? What colour, shape or texture can you see?","No tasting is required. Use clean teacher-approved samples. Wash hands before and after handling. Teachers alone control knives, graters, heat, electrical equipment, chemicals and processing machinery. Do not conduct microbial culture or unsafe food-storage experiments."
IL-050,Nursery,Citrus,Fruit,Investigation Challenge,"Help children recognize citrus, identify its fruit as the food-use plant part, and describe one visible feature.","Clean ingredient samples or images, labels, observation sheet/journal, ruler and balance where appropriate, clean trays/containers, handwashing supplies.","Use locally available produce, paper labels, clean food-grade reused containers, handmade measuring grids and simple classroom balances where suitable.","Teacher shows a clean intact sample or picture. Children look, name, match, sort or draw according to the investigation challenge task. Use only teacher-prepared cut samples for visual observation.","Oral naming, pointing/matching, simple sorting, counting or drawing.","What do you notice about the citrus? Which plant part are we looking at? What colour, shape or texture can you see?","No tasting is required. Use clean teacher-approved samples. Wash hands before and after handling. Teachers alone control knives, graters, heat, electrical equipment, chemicals and processing machinery. Do not conduct microbial culture or unsafe food-storage experiments."
IL-051,Nursery,Mint,Leaf,Identity & Plant Part,"Help children recognize mint, identify its leaf as the food-use plant part, and describe one visible feature.","Clean ingredient samples or images, labels, observation sheet/journal, ruler and balance where appropriate, clean trays/containers, handwashing supplies.","Use locally available produce, paper labels, clean food-grade reused containers, handmade measuring grids and simple classroom balances where suitable.","Teacher shows a clean intact sample or picture. Children look, name, match, sort or draw according to the identity & plant part task. Use only teacher-prepared cut samples for visual observation.","Oral naming, pointing/matching, simple sorting, counting or drawing.","What do you notice about the mint? Which plant part are we looking at? What colour, shape or texture can you see?","No tasting is required. Use clean teacher-approved samples. Wash hands before and after handling. Teachers alone control knives, graters, heat, electrical equipment, chemicals and processing machinery. Do not conduct microbial culture or unsafe food-storage experiments."
IL-052,Nursery,Mint,Leaf,External Structure,"Help children recognize mint, identify its leaf as the food-use plant part, and describe one visible feature.","Clean ingredient samples or images, labels, observation sheet/journal, ruler and balance where appropriate, clean trays/containers, handwashing supplies.","Use locally available produce, paper labels, clean food-grade reused containers, handmade measuring grids and simple classroom balances where suitable.","Teacher shows a clean intact sample or picture. Children look, name, match, sort or draw according to the external structure task. Use only teacher-prepared cut samples for visual observation.","Oral naming, pointing/matching, simple sorting, counting or drawing.","What do you notice about the mint? Which plant part are we looking at? What colour, shape or texture can you see?","No tasting is required. Use clean teacher-approved samples. Wash hands before and after handling. Teachers alone control knives, graters, heat, electrical equipment, chemicals and processing machinery. Do not conduct microbial culture or unsafe food-storage experiments."
IL-053,Nursery,Mint,Leaf,Internal Structure,"Help children recognize mint, identify its leaf as the food-use plant part, and describe one visible feature.","Clean ingredient samples or images, labels, observation sheet/journal, ruler and balance where appropriate, clean trays/containers, handwashing supplies.","Use locally available produce, paper labels, clean food-grade reused containers, handmade measuring grids and simple classroom balances where suitable.","Teacher shows a clean intact sample or picture. Children look, name, match, sort or draw according to the internal structure task. Use only teacher-prepared cut samples for visual observation.","Oral naming, pointing/matching, simple sorting, counting or drawing.","What do you notice about the mint? Which plant part are we looking at? What colour, shape or texture can you see?","No tasting is required. Use clean teacher-approved samples. Wash hands before and after handling. Teachers alone control knives, graters, heat, electrical equipment, chemicals and processing machinery. Do not conduct microbial culture or unsafe food-storage experiments."
IL-054,Nursery,Mint,Leaf,Colour & Texture,"Help children recognize mint, identify its leaf as the food-use plant part, and describe one visible feature.","Clean ingredient samples or images, labels, observation sheet/journal, ruler and balance where appropriate, clean trays/containers, handwashing supplies.","Use locally available produce, paper labels, clean food-grade reused containers, handmade measuring grids and simple classroom balances where suitable.","Teacher shows a clean intact sample or picture. Children look, name, match, sort or draw according to the colour & texture task. Use only teacher-prepared cut samples for visual observation.","Oral naming, pointing/matching, simple sorting, counting or drawing.","What do you notice about the mint? Which plant part are we looking at? What colour, shape or texture can you see?","No tasting is required. Use clean teacher-approved samples. Wash hands before and after handling. Teachers alone control knives, graters, heat, electrical equipment, chemicals and processing machinery. Do not conduct microbial culture or unsafe food-storage experiments."
IL-055,Nursery,Mint,Leaf,Mass & Size,"Help children recognize mint, identify its leaf as the food-use plant part, and describe one visible feature.","Clean ingredient samples or images, labels, observation sheet/journal, ruler and balance where appropriate, clean trays/containers, handwashing supplies.","Use locally available produce, paper labels, clean food-grade reused containers, handmade measuring grids and simple classroom balances where suitable.","Teacher shows a clean intact sample or picture. Children look, name, match, sort or draw according to the mass & size task. Use only teacher-prepared cut samples for visual observation.","Oral naming, pointing/matching, simple sorting, counting or drawing.","What do you notice about the mint? Which plant part are we looking at? What colour, shape or texture can you see?","No tasting is required. Use clean teacher-approved samples. Wash hands before and after handling. Teachers alone control knives, graters, heat, electrical equipment, chemicals and processing machinery. Do not conduct microbial culture or unsafe food-storage experiments."
IL-056,Nursery,Mint,Leaf,Water/Change Observation,"Help children recognize mint, identify its leaf as the food-use plant part, and describe one visible feature.","Clean ingredient samples or images, labels, observation sheet/journal, ruler and balance where appropriate, clean trays/containers, handwashing supplies.","Use locally available produce, paper labels, clean food-grade reused containers, handmade measuring grids and simple classroom balances where suitable.","Teacher shows a clean intact sample or picture. Children look, name, match, sort or draw according to the water/change observation task. Use only teacher-prepared cut samples for visual observation.","Oral naming, pointing/matching, simple sorting, counting or drawing.","What do you notice about the mint? Which plant part are we looking at? What colour, shape or texture can you see?","No tasting is required. Use clean teacher-approved samples. Wash hands before and after handling. Teachers alone control knives, graters, heat, electrical equipment, chemicals and processing machinery. Do not conduct microbial culture or unsafe food-storage experiments."
IL-057,Nursery,Mint,Leaf,Sorting & Quality,"Help children recognize mint, identify its leaf as the food-use plant part, and describe one visible feature.","Clean ingredient samples or images, labels, observation sheet/journal, ruler and balance where appropriate, clean trays/containers, handwashing supplies.","Use locally available produce, paper labels, clean food-grade reused containers, handmade measuring grids and simple classroom balances where suitable.","Teacher shows a clean intact sample or picture. Children look, name, match, sort or draw according to the sorting & quality task. Use only teacher-prepared cut samples for visual observation.","Oral naming, pointing/matching, simple sorting, counting or drawing.","What do you notice about the mint? Which plant part are we looking at? What colour, shape or texture can you see?","No tasting is required. Use clean teacher-approved samples. Wash hands before and after handling. Teachers alone control knives, graters, heat, electrical equipment, chemicals and processing machinery. Do not conduct microbial culture or unsafe food-storage experiments."
IL-058,Nursery,Mint,Leaf,Post-Harvest Change,"Help children recognize mint, identify its leaf as the food-use plant part, and describe one visible feature.","Clean ingredient samples or images, labels, observation sheet/journal, ruler and balance where appropriate, clean trays/containers, handwashing supplies.","Use locally available produce, paper labels, clean food-grade reused containers, handmade measuring grids and simple classroom balances where suitable.","Teacher shows a clean intact sample or picture. Children look, name, match, sort or draw according to the post-harvest change task. Use only teacher-prepared cut samples for visual observation.","Oral naming, pointing/matching, simple sorting, counting or drawing.","What do you notice about the mint? Which plant part are we looking at? What colour, shape or texture can you see?","No tasting is required. Use clean teacher-approved samples. Wash hands before and after handling. Teachers alone control knives, graters, heat, electrical equipment, chemicals and processing machinery. Do not conduct microbial culture or unsafe food-storage experiments."
IL-059,Nursery,Mint,Leaf,Ingredient-to-Food Pathway,"Help children recognize mint, identify its leaf as the food-use plant part, and describe one visible feature.","Clean ingredient samples or images, labels, observation sheet/journal, ruler and balance where appropriate, clean trays/containers, handwashing supplies.","Use locally available produce, paper labels, clean food-grade reused containers, handmade measuring grids and simple classroom balances where suitable.","Teacher shows a clean intact sample or picture. Children look, name, match, sort or draw according to the ingredient-to-food pathway task. Use only teacher-prepared cut samples for visual observation.","Oral naming, pointing/matching, simple sorting, counting or drawing.","What do you notice about the mint? Which plant part are we looking at? What colour, shape or texture can you see?","No tasting is required. Use clean teacher-approved samples. Wash hands before and after handling. Teachers alone control knives, graters, heat, electrical equipment, chemicals and processing machinery. Do not conduct microbial culture or unsafe food-storage experiments."
IL-060,Nursery,Mint,Leaf,Investigation Challenge,"Help children recognize mint, identify its leaf as the food-use plant part, and describe one visible feature.","Clean ingredient samples or images, labels, observation sheet/journal, ruler and balance where appropriate, clean trays/containers, handwashing supplies.","Use locally available produce, paper labels, clean food-grade reused containers, handmade measuring grids and simple classroom balances where suitable.","Teacher shows a clean intact sample or picture. Children look, name, match, sort or draw according to the investigation challenge task. Use only teacher-prepared cut samples for visual observation.","Oral naming, pointing/matching, simple sorting, counting or drawing.","What do you notice about the mint? Which plant part are we looking at? What colour, shape or texture can you see?","No tasting is required. Use clean teacher-approved samples. Wash hands before and after handling. Teachers alone control knives, graters, heat, electrical equipment, chemicals and processing machinery. Do not conduct microbial culture or unsafe food-storage experiments."
IL-061,Nursery,Moringa,Leaf,Identity & Plant Part,"Help children recognize moringa, identify its leaf as the food-use plant part, and describe one visible feature.","Clean ingredient samples or images, labels, observation sheet/journal, ruler and balance where appropriate, clean trays/containers, handwashing supplies.","Use locally available produce, paper labels, clean food-grade reused containers, handmade measuring grids and simple classroom balances where suitable.","Teacher shows a clean intact sample or picture. Children look, name, match, sort or draw according to the identity & plant part task. Use only teacher-prepared cut samples for visual observation.","Oral naming, pointing/matching, simple sorting, counting or drawing.","What do you notice about the moringa? Which plant part are we looking at? What colour, shape or texture can you see?","No tasting is required. Use clean teacher-approved samples. Wash hands before and after handling. Teachers alone control knives, graters, heat, electrical equipment, chemicals and processing machinery. Do not conduct microbial culture or unsafe food-storage experiments."
IL-062,Nursery,Moringa,Leaf,External Structure,"Help children recognize moringa, identify its leaf as the food-use plant part, and describe one visible feature.","Clean ingredient samples or images, labels, observation sheet/journal, ruler and balance where appropriate, clean trays/containers, handwashing supplies.","Use locally available produce, paper labels, clean food-grade reused containers, handmade measuring grids and simple classroom balances where suitable.","Teacher shows a clean intact sample or picture. Children look, name, match, sort or draw according to the external structure task. Use only teacher-prepared cut samples for visual observation.","Oral naming, pointing/matching, simple sorting, counting or drawing.","What do you notice about the moringa? Which plant part are we looking at? What colour, shape or texture can you see?","No tasting is required. Use clean teacher-approved samples. Wash hands before and after handling. Teachers alone control knives, graters, heat, electrical equipment, chemicals and processing machinery. Do not conduct microbial culture or unsafe food-storage experiments."
IL-063,Nursery,Moringa,Leaf,Internal Structure,"Help children recognize moringa, identify its leaf as the food-use plant part, and describe one visible feature.","Clean ingredient samples or images, labels, observation sheet/journal, ruler and balance where appropriate, clean trays/containers, handwashing supplies.","Use locally available produce, paper labels, clean food-grade reused containers, handmade measuring grids and simple classroom balances where suitable.","Teacher shows a clean intact sample or picture. Children look, name, match, sort or draw according to the internal structure task. Use only teacher-prepared cut samples for visual observation.","Oral naming, pointing/matching, simple sorting, counting or drawing.","What do you notice about the moringa? Which plant part are we looking at? What colour, shape or texture can you see?","No tasting is required. Use clean teacher-approved samples. Wash hands before and after handling. Teachers alone control knives, graters, heat, electrical equipment, chemicals and processing machinery. Do not conduct microbial culture or unsafe food-storage experiments."
IL-064,Nursery,Moringa,Leaf,Colour & Texture,"Help children recognize moringa, identify its leaf as the food-use plant part, and describe one visible feature.","Clean ingredient samples or images, labels, observation sheet/journal, ruler and balance where appropriate, clean trays/containers, handwashing supplies.","Use locally available produce, paper labels, clean food-grade reused containers, handmade measuring grids and simple classroom balances where suitable.","Teacher shows a clean intact sample or picture. Children look, name, match, sort or draw according to the colour & texture task. Use only teacher-prepared cut samples for visual observation.","Oral naming, pointing/matching, simple sorting, counting or drawing.","What do you notice about the moringa? Which plant part are we looking at? What colour, shape or texture can you see?","No tasting is required. Use clean teacher-approved samples. Wash hands before and after handling. Teachers alone control knives, graters, heat, electrical equipment, chemicals and processing machinery. Do not conduct microbial culture or unsafe food-storage experiments."
IL-065,Nursery,Moringa,Leaf,Mass & Size,"Help children recognize moringa, identify its leaf as the food-use plant part, and describe one visible feature.","Clean ingredient samples or images, labels, observation sheet/journal, ruler and balance where appropriate, clean trays/containers, handwashing supplies.","Use locally available produce, paper labels, clean food-grade reused containers, handmade measuring grids and simple classroom balances where suitable.","Teacher shows a clean intact sample or picture. Children look, name, match, sort or draw according to the mass & size task. Use only teacher-prepared cut samples for visual observation.","Oral naming, pointing/matching, simple sorting, counting or drawing.","What do you notice about the moringa? Which plant part are we looking at? What colour, shape or texture can you see?","No tasting is required. Use clean teacher-approved samples. Wash hands before and after handling. Teachers alone control knives, graters, heat, electrical equipment, chemicals and processing machinery. Do not conduct microbial culture or unsafe food-storage experiments."
IL-066,Nursery,Moringa,Leaf,Water/Change Observation,"Help children recognize moringa, identify its leaf as the food-use plant part, and describe one visible feature.","Clean ingredient samples or images, labels, observation sheet/journal, ruler and balance where appropriate, clean trays/containers, handwashing supplies.","Use locally available produce, paper labels, clean food-grade reused containers, handmade measuring grids and simple classroom balances where suitable.","Teacher shows a clean intact sample or picture. Children look, name, match, sort or draw according to the water/change observation task. Use only teacher-prepared cut samples for visual observation.","Oral naming, pointing/matching, simple sorting, counting or drawing.","What do you notice about the moringa? Which plant part are we looking at? What colour, shape or texture can you see?","No tasting is required. Use clean teacher-approved samples. Wash hands before and after handling. Teachers alone control knives, graters, heat, electrical equipment, chemicals and processing machinery. Do not conduct microbial culture or unsafe food-storage experiments."
IL-067,Nursery,Moringa,Leaf,Sorting & Quality,"Help children recognize moringa, identify its leaf as the food-use plant part, and describe one visible feature.","Clean ingredient samples or images, labels, observation sheet/journal, ruler and balance where appropriate, clean trays/containers, handwashing supplies.","Use locally available produce, paper labels, clean food-grade reused containers, handmade measuring grids and simple classroom balances where suitable.","Teacher shows a clean intact sample or picture. Children look, name, match, sort or draw according to the sorting & quality task. Use only teacher-prepared cut samples for visual observation.","Oral naming, pointing/matching, simple sorting, counting or drawing.","What do you notice about the moringa? Which plant part are we looking at? What colour, shape or texture can you see?","No tasting is required. Use clean teacher-approved samples. Wash hands before and after handling. Teachers alone control knives, graters, heat, electrical equipment, chemicals and processing machinery. Do not conduct microbial culture or unsafe food-storage experiments."
IL-068,Nursery,Moringa,Leaf,Post-Harvest Change,"Help children recognize moringa, identify its leaf as the food-use plant part, and describe one visible feature.","Clean ingredient samples or images, labels, observation sheet/journal, ruler and balance where appropriate, clean trays/containers, handwashing supplies.","Use locally available produce, paper labels, clean food-grade reused containers, handmade measuring grids and simple classroom balances where suitable.","Teacher shows a clean intact sample or picture. Children look, name, match, sort or draw according to the post-harvest change task. Use only teacher-prepared cut samples for visual observation.","Oral naming, pointing/matching, simple sorting, counting or drawing.","What do you notice about the moringa? Which plant part are we looking at? What colour, shape or texture can you see?","No tasting is required. Use clean teacher-approved samples. Wash hands before and after handling. Teachers alone control knives, graters, heat, electrical equipment, chemicals and processing machinery. Do not conduct microbial culture or unsafe food-storage experiments."
IL-069,Nursery,Moringa,Leaf,Ingredient-to-Food Pathway,"Help children recognize moringa, identify its leaf as the food-use plant part, and describe one visible feature.","Clean ingredient samples or images, labels, observation sheet/journal, ruler and balance where appropriate, clean trays/containers, handwashing supplies.","Use locally available produce, paper labels, clean food-grade reused containers, handmade measuring grids and simple classroom balances where suitable.","Teacher shows a clean intact sample or picture. Children look, name, match, sort or draw according to the ingredient-to-food pathway task. Use only teacher-prepared cut samples for visual observation.","Oral naming, pointing/matching, simple sorting, counting or drawing.","What do you notice about the moringa? Which plant part are we looking at? What colour, shape or texture can you see?","No tasting is required. Use clean teacher-approved samples. Wash hands before and after handling. Teachers alone control knives, graters, heat, electrical equipment, chemicals and processing machinery. Do not conduct microbial culture or unsafe food-storage experiments."
IL-070,Nursery,Moringa,Leaf,Investigation Challenge,"Help children recognize moringa, identify its leaf as the food-use plant part, and describe one visible feature.","Clean ingredient samples or images, labels, observation sheet/journal, ruler and balance where appropriate, clean trays/containers, handwashing supplies.","Use locally available produce, paper labels, clean food-grade reused containers, handmade measuring grids and simple classroom balances where suitable.","Teacher shows a clean intact sample or picture. Children look, name, match, sort or draw according to the investigation challenge task. Use only teacher-prepared cut samples for visual observation.","Oral naming, pointing/matching, simple sorting, counting or drawing.","What do you notice about the moringa? Which plant part are we looking at? What colour, shape or texture can you see?","No tasting is required. Use clean teacher-approved samples. Wash hands before and after handling. Teachers alone control knives, graters, heat, electrical equipment, chemicals and processing machinery. Do not conduct microbial culture or unsafe food-storage experiments."
IL-071,Nursery,Watermelon,Fruit,Identity & Plant Part,"Help children recognize watermelon, identify its fruit as the food-use plant part, and describe one visible feature.","Clean ingredient samples or images, labels, observation sheet/journal, ruler and balance where appropriate, clean trays/containers, handwashing supplies.","Use locally available produce, paper labels, clean food-grade reused containers, handmade measuring grids and simple classroom balances where suitable.","Teacher shows a clean intact sample or picture. Children look, name, match, sort or draw according to the identity & plant part task. Use only teacher-prepared cut samples for visual observation.","Oral naming, pointing/matching, simple sorting, counting or drawing.","What do you notice about the watermelon? Which plant part are we looking at? What colour, shape or texture can you see?","No tasting is required. Use clean teacher-approved samples. Wash hands before and after handling. Teachers alone control knives, graters, heat, electrical equipment, chemicals and processing machinery. Do not conduct microbial culture or unsafe food-storage experiments."
IL-072,Nursery,Watermelon,Fruit,External Structure,"Help children recognize watermelon, identify its fruit as the food-use plant part, and describe one visible feature.","Clean ingredient samples or images, labels, observation sheet/journal, ruler and balance where appropriate, clean trays/containers, handwashing supplies.","Use locally available produce, paper labels, clean food-grade reused containers, handmade measuring grids and simple classroom balances where suitable.","Teacher shows a clean intact sample or picture. Children look, name, match, sort or draw according to the external structure task. Use only teacher-prepared cut samples for visual observation.","Oral naming, pointing/matching, simple sorting, counting or drawing.","What do you notice about the watermelon? Which plant part are we looking at? What colour, shape or texture can you see?","No tasting is required. Use clean teacher-approved samples. Wash hands before and after handling. Teachers alone control knives, graters, heat, electrical equipment, chemicals and processing machinery. Do not conduct microbial culture or unsafe food-storage experiments."
IL-073,Nursery,Watermelon,Fruit,Internal Structure,"Help children recognize watermelon, identify its fruit as the food-use plant part, and describe one visible feature.","Clean ingredient samples or images, labels, observation sheet/journal, ruler and balance where appropriate, clean trays/containers, handwashing supplies.","Use locally available produce, paper labels, clean food-grade reused containers, handmade measuring grids and simple classroom balances where suitable.","Teacher shows a clean intact sample or picture. Children look, name, match, sort or draw according to the internal structure task. Use only teacher-prepared cut samples for visual observation.","Oral naming, pointing/matching, simple sorting, counting or drawing.","What do you notice about the watermelon? Which plant part are we looking at? What colour, shape or texture can you see?","No tasting is required. Use clean teacher-approved samples. Wash hands before and after handling. Teachers alone control knives, graters, heat, electrical equipment, chemicals and processing machinery. Do not conduct microbial culture or unsafe food-storage experiments."
IL-074,Nursery,Watermelon,Fruit,Colour & Texture,"Help children recognize watermelon, identify its fruit as the food-use plant part, and describe one visible feature.","Clean ingredient samples or images, labels, observation sheet/journal, ruler and balance where appropriate, clean trays/containers, handwashing supplies.","Use locally available produce, paper labels, clean food-grade reused containers, handmade measuring grids and simple classroom balances where suitable.","Teacher shows a clean intact sample or picture. Children look, name, match, sort or draw according to the colour & texture task. Use only teacher-prepared cut samples for visual observation.","Oral naming, pointing/matching, simple sorting, counting or drawing.","What do you notice about the watermelon? Which plant part are we looking at? What colour, shape or texture can you see?","No tasting is required. Use clean teacher-approved samples. Wash hands before and after handling. Teachers alone control knives, graters, heat, electrical equipment, chemicals and processing machinery. Do not conduct microbial culture or unsafe food-storage experiments."
IL-075,Nursery,Watermelon,Fruit,Mass & Size,"Help children recognize watermelon, identify its fruit as the food-use plant part, and describe one visible feature.","Clean ingredient samples or images, labels, observation sheet/journal, ruler and balance where appropriate, clean trays/containers, handwashing supplies.","Use locally available produce, paper labels, clean food-grade reused containers, handmade measuring grids and simple classroom balances where suitable.","Teacher shows a clean intact sample or picture. Children look, name, match, sort or draw according to the mass & size task. Use only teacher-prepared cut samples for visual observation.","Oral naming, pointing/matching, simple sorting, counting or drawing.","What do you notice about the watermelon? Which plant part are we looking at? What colour, shape or texture can you see?","No tasting is required. Use clean teacher-approved samples. Wash hands before and after handling. Teachers alone control knives, graters, heat, electrical equipment, chemicals and processing machinery. Do not conduct microbial culture or unsafe food-storage experiments."
IL-076,Nursery,Watermelon,Fruit,Water/Change Observation,"Help children recognize watermelon, identify its fruit as the food-use plant part, and describe one visible feature.","Clean ingredient samples or images, labels, observation sheet/journal, ruler and balance where appropriate, clean trays/containers, handwashing supplies.","Use locally available produce, paper labels, clean food-grade reused containers, handmade measuring grids and simple classroom balances where suitable.","Teacher shows a clean intact sample or picture. Children look, name, match, sort or draw according to the water/change observation task. Use only teacher-prepared cut samples for visual observation.","Oral naming, pointing/matching, simple sorting, counting or drawing.","What do you notice about the watermelon? Which plant part are we looking at? What colour, shape or texture can you see?","No tasting is required. Use clean teacher-approved samples. Wash hands before and after handling. Teachers alone control knives, graters, heat, electrical equipment, chemicals and processing machinery. Do not conduct microbial culture or unsafe food-storage experiments."
IL-077,Nursery,Watermelon,Fruit,Sorting & Quality,"Help children recognize watermelon, identify its fruit as the food-use plant part, and describe one visible feature.","Clean ingredient samples or images, labels, observation sheet/journal, ruler and balance where appropriate, clean trays/containers, handwashing supplies.","Use locally available produce, paper labels, clean food-grade reused containers, handmade measuring grids and simple classroom balances where suitable.","Teacher shows a clean intact sample or picture. Children look, name, match, sort or draw according to the sorting & quality task. Use only teacher-prepared cut samples for visual observation.","Oral naming, pointing/matching, simple sorting, counting or drawing.","What do you notice about the watermelon? Which plant part are we looking at? What colour, shape or texture can you see?","No tasting is required. Use clean teacher-approved samples. Wash hands before and after handling. Teachers alone control knives, graters, heat, electrical equipment, chemicals and processing machinery. Do not conduct microbial culture or unsafe food-storage experiments."
IL-078,Nursery,Watermelon,Fruit,Post-Harvest Change,"Help children recognize watermelon, identify its fruit as the food-use plant part, and describe one visible feature.","Clean ingredient samples or images, labels, observation sheet/journal, ruler and balance where appropriate, clean trays/containers, handwashing supplies.","Use locally available produce, paper labels, clean food-grade reused containers, handmade measuring grids and simple classroom balances where suitable.","Teacher shows a clean intact sample or picture. Children look, name, match, sort or draw according to the post-harvest change task. Use only teacher-prepared cut samples for visual observation.","Oral naming, pointing/matching, simple sorting, counting or drawing.","What do you notice about the watermelon? Which plant part are we looking at? What colour, shape or texture can you see?","No tasting is required. Use clean teacher-approved samples. Wash hands before and after handling. Teachers alone control knives, graters, heat, electrical equipment, chemicals and processing machinery. Do not conduct microbial culture or unsafe food-storage experiments."
IL-079,Nursery,Watermelon,Fruit,Ingredient-to-Food Pathway,"Help children recognize watermelon, identify its fruit as the food-use plant part, and describe one visible feature.","Clean ingredient samples or images, labels, observation sheet/journal, ruler and balance where appropriate, clean trays/containers, handwashing supplies.","Use locally available produce, paper labels, clean food-grade reused containers, handmade measuring grids and simple classroom balances where suitable.","Teacher shows a clean intact sample or picture. Children look, name, match, sort or draw according to the ingredient-to-food pathway task. Use only teacher-prepared cut samples for visual observation.","Oral naming, pointing/matching, simple sorting, counting or drawing.","What do you notice about the watermelon? Which plant part are we looking at? What colour, shape or texture can you see?","No tasting is required. Use clean teacher-approved samples. Wash hands before and after handling. Teachers alone control knives, graters, heat, electrical equipment, chemicals and processing machinery. Do not conduct microbial culture or unsafe food-storage experiments."
IL-080,Nursery,Watermelon,Fruit,Investigation Challenge,"Help children recognize watermelon, identify its fruit as the food-use plant part, and describe one visible feature.","Clean ingredient samples or images, labels, observation sheet/journal, ruler and balance where appropriate, clean trays/containers, handwashing supplies.","Use locally available produce, paper labels, clean food-grade reused containers, handmade measuring grids and simple classroom balances where suitable.","Teacher shows a clean intact sample or picture. Children look, name, match, sort or draw according to the investigation challenge task. Use only teacher-prepared cut samples for visual observation.","Oral naming, pointing/matching, simple sorting, counting or drawing.","What do you notice about the watermelon? Which plant part are we looking at? What colour, shape or texture can you see?","No tasting is required. Use clean teacher-approved samples. Wash hands before and after handling. Teachers alone control knives, graters, heat, electrical equipment, chemicals and processing machinery. Do not conduct microbial culture or unsafe food-storage experiments."
IL-081,Nursery,Tomato,Fruit,Identity & Plant Part,"Help children recognize tomato, identify its fruit as the food-use plant part, and describe one visible feature.","Clean ingredient samples or images, labels, observation sheet/journal, ruler and balance where appropriate, clean trays/containers, handwashing supplies.","Use locally available produce, paper labels, clean food-grade reused containers, handmade measuring grids and simple classroom balances where suitable.","Teacher shows a clean intact sample or picture. Children look, name, match, sort or draw according to the identity & plant part task. Use only teacher-prepared cut samples for visual observation.","Oral naming, pointing/matching, simple sorting, counting or drawing.","What do you notice about the tomato? Which plant part are we looking at? What colour, shape or texture can you see?","No tasting is required. Use clean teacher-approved samples. Wash hands before and after handling. Teachers alone control knives, graters, heat, electrical equipment, chemicals and processing machinery. Do not conduct microbial culture or unsafe food-storage experiments."
IL-082,Nursery,Tomato,Fruit,External Structure,"Help children recognize tomato, identify its fruit as the food-use plant part, and describe one visible feature.","Clean ingredient samples or images, labels, observation sheet/journal, ruler and balance where appropriate, clean trays/containers, handwashing supplies.","Use locally available produce, paper labels, clean food-grade reused containers, handmade measuring grids and simple classroom balances where suitable.","Teacher shows a clean intact sample or picture. Children look, name, match, sort or draw according to the external structure task. Use only teacher-prepared cut samples for visual observation.","Oral naming, pointing/matching, simple sorting, counting or drawing.","What do you notice about the tomato? Which plant part are we looking at? What colour, shape or texture can you see?","No tasting is required. Use clean teacher-approved samples. Wash hands before and after handling. Teachers alone control knives, graters, heat, electrical equipment, chemicals and processing machinery. Do not conduct microbial culture or unsafe food-storage experiments."
IL-083,Nursery,Tomato,Fruit,Internal Structure,"Help children recognize tomato, identify its fruit as the food-use plant part, and describe one visible feature.","Clean ingredient samples or images, labels, observation sheet/journal, ruler and balance where appropriate, clean trays/containers, handwashing supplies.","Use locally available produce, paper labels, clean food-grade reused containers, handmade measuring grids and simple classroom balances where suitable.","Teacher shows a clean intact sample or picture. Children look, name, match, sort or draw according to the internal structure task. Use only teacher-prepared cut samples for visual observation.","Oral naming, pointing/matching, simple sorting, counting or drawing.","What do you notice about the tomato? Which plant part are we looking at? What colour, shape or texture can you see?","No tasting is required. Use clean teacher-approved samples. Wash hands before and after handling. Teachers alone control knives, graters, heat, electrical equipment, chemicals and processing machinery. Do not conduct microbial culture or unsafe food-storage experiments."
IL-084,Nursery,Tomato,Fruit,Colour & Texture,"Help children recognize tomato, identify its fruit as the food-use plant part, and describe one visible feature.","Clean ingredient samples or images, labels, observation sheet/journal, ruler and balance where appropriate, clean trays/containers, handwashing supplies.","Use locally available produce, paper labels, clean food-grade reused containers, handmade measuring grids and simple classroom balances where suitable.","Teacher shows a clean intact sample or picture. Children look, name, match, sort or draw according to the colour & texture task. Use only teacher-prepared cut samples for visual observation.","Oral naming, pointing/matching, simple sorting, counting or drawing.","What do you notice about the tomato? Which plant part are we looking at? What colour, shape or texture can you see?","No tasting is required. Use clean teacher-approved samples. Wash hands before and after handling. Teachers alone control knives, graters, heat, electrical equipment, chemicals and processing machinery. Do not conduct microbial culture or unsafe food-storage experiments."
IL-085,Nursery,Tomato,Fruit,Mass & Size,"Help children recognize tomato, identify its fruit as the food-use plant part, and describe one visible feature.","Clean ingredient samples or images, labels, observation sheet/journal, ruler and balance where appropriate, clean trays/containers, handwashing supplies.","Use locally available produce, paper labels, clean food-grade reused containers, handmade measuring grids and simple classroom balances where suitable.","Teacher shows a clean intact sample or picture. Children look, name, match, sort or draw according to the mass & size task. Use only teacher-prepared cut samples for visual observation.","Oral naming, pointing/matching, simple sorting, counting or drawing.","What do you notice about the tomato? Which plant part are we looking at? What colour, shape or texture can you see?","No tasting is required. Use clean teacher-approved samples. Wash hands before and after handling. Teachers alone control knives, graters, heat, electrical equipment, chemicals and processing machinery. Do not conduct microbial culture or unsafe food-storage experiments."
IL-086,Nursery,Tomato,Fruit,Water/Change Observation,"Help children recognize tomato, identify its fruit as the food-use plant part, and describe one visible feature.","Clean ingredient samples or images, labels, observation sheet/journal, ruler and balance where appropriate, clean trays/containers, handwashing supplies.","Use locally available produce, paper labels, clean food-grade reused containers, handmade measuring grids and simple classroom balances where suitable.","Teacher shows a clean intact sample or picture. Children look, name, match, sort or draw according to the water/change observation task. Use only teacher-prepared cut samples for visual observation.","Oral naming, pointing/matching, simple sorting, counting or drawing.","What do you notice about the tomato? Which plant part are we looking at? What colour, shape or texture can you see?","No tasting is required. Use clean teacher-approved samples. Wash hands before and after handling. Teachers alone control knives, graters, heat, electrical equipment, chemicals and processing machinery. Do not conduct microbial culture or unsafe food-storage experiments."
IL-087,Nursery,Tomato,Fruit,Sorting & Quality,"Help children recognize tomato, identify its fruit as the food-use plant part, and describe one visible feature.","Clean ingredient samples or images, labels, observation sheet/journal, ruler and balance where appropriate, clean trays/containers, handwashing supplies.","Use locally available produce, paper labels, clean food-grade reused containers, handmade measuring grids and simple classroom balances where suitable.","Teacher shows a clean intact sample or picture. Children look, name, match, sort or draw according to the sorting & quality task. Use only teacher-prepared cut samples for visual observation.","Oral naming, pointing/matching, simple sorting, counting or drawing.","What do you notice about the tomato? Which plant part are we looking at? What colour, shape or texture can you see?","No tasting is required. Use clean teacher-approved samples. Wash hands before and after handling. Teachers alone control knives, graters, heat, electrical equipment, chemicals and processing machinery. Do not conduct microbial culture or unsafe food-storage experiments."
IL-088,Nursery,Tomato,Fruit,Post-Harvest Change,"Help children recognize tomato, identify its fruit as the food-use plant part, and describe one visible feature.","Clean ingredient samples or images, labels, observation sheet/journal, ruler and balance where appropriate, clean trays/containers, handwashing supplies.","Use locally available produce, paper labels, clean food-grade reused containers, handmade measuring grids and simple classroom balances where suitable.","Teacher shows a clean intact sample or picture. Children look, name, match, sort or draw according to the post-harvest change task. Use only teacher-prepared cut samples for visual observation.","Oral naming, pointing/matching, simple sorting, counting or drawing.","What do you notice about the tomato? Which plant part are we looking at? What colour, shape or texture can you see?","No tasting is required. Use clean teacher-approved samples. Wash hands before and after handling. Teachers alone control knives, graters, heat, electrical equipment, chemicals and processing machinery. Do not conduct microbial culture or unsafe food-storage experiments."
IL-089,Nursery,Tomato,Fruit,Ingredient-to-Food Pathway,"Help children recognize tomato, identify its fruit as the food-use plant part, and describe one visible feature.","Clean ingredient samples or images, labels, observation sheet/journal, ruler and balance where appropriate, clean trays/containers, handwashing supplies.","Use locally available produce, paper labels, clean food-grade reused containers, handmade measuring grids and simple classroom balances where suitable.","Teacher shows a clean intact sample or picture. Children look, name, match, sort or draw according to the ingredient-to-food pathway task. Use only teacher-prepared cut samples for visual observation.","Oral naming, pointing/matching, simple sorting, counting or drawing.","What do you notice about the tomato? Which plant part are we looking at? What colour, shape or texture can you see?","No tasting is required. Use clean teacher-approved samples. Wash hands before and after handling. Teachers alone control knives, graters, heat, electrical equipment, chemicals and processing machinery. Do not conduct microbial culture or unsafe food-storage experiments."
IL-090,Nursery,Tomato,Fruit,Investigation Challenge,"Help children recognize tomato, identify its fruit as the food-use plant part, and describe one visible feature.","Clean ingredient samples or images, labels, observation sheet/journal, ruler and balance where appropriate, clean trays/containers, handwashing supplies.","Use locally available produce, paper labels, clean food-grade reused containers, handmade measuring grids and simple classroom balances where suitable.","Teacher shows a clean intact sample or picture. Children look, name, match, sort or draw according to the investigation challenge task. Use only teacher-prepared cut samples for visual observation.","Oral naming, pointing/matching, simple sorting, counting or drawing.","What do you notice about the tomato? Which plant part are we looking at? What colour, shape or texture can you see?","No tasting is required. Use clean teacher-approved samples. Wash hands before and after handling. Teachers alone control knives, graters, heat, electrical equipment, chemicals and processing machinery. Do not conduct microbial culture or unsafe food-storage experiments."
IL-091,Nursery,Maize,Seed/Grain,Identity & Plant Part,"Help children recognize maize, identify its seed/grain as the food-use plant part, and describe one visible feature.","Clean ingredient samples or images, labels, observation sheet/journal, ruler and balance where appropriate, clean trays/containers, handwashing supplies.","Use locally available produce, paper labels, clean food-grade reused containers, handmade measuring grids and simple classroom balances where suitable.","Teacher shows a clean intact sample or picture. Children look, name, match, sort or draw according to the identity & plant part task. Use only teacher-prepared cut samples for visual observation.","Oral naming, pointing/matching, simple sorting, counting or drawing.","What do you notice about the maize? Which plant part are we looking at? What colour, shape or texture can you see?","No tasting is required. Use clean teacher-approved samples. Wash hands before and after handling. Teachers alone control knives, graters, heat, electrical equipment, chemicals and processing machinery. Do not conduct microbial culture or unsafe food-storage experiments."
IL-092,Nursery,Maize,Seed/Grain,External Structure,"Help children recognize maize, identify its seed/grain as the food-use plant part, and describe one visible feature.","Clean ingredient samples or images, labels, observation sheet/journal, ruler and balance where appropriate, clean trays/containers, handwashing supplies.","Use locally available produce, paper labels, clean food-grade reused containers, handmade measuring grids and simple classroom balances where suitable.","Teacher shows a clean intact sample or picture. Children look, name, match, sort or draw according to the external structure task. Use only teacher-prepared cut samples for visual observation.","Oral naming, pointing/matching, simple sorting, counting or drawing.","What do you notice about the maize? Which plant part are we looking at? What colour, shape or texture can you see?","No tasting is required. Use clean teacher-approved samples. Wash hands before and after handling. Teachers alone control knives, graters, heat, electrical equipment, chemicals and processing machinery. Do not conduct microbial culture or unsafe food-storage experiments."
IL-093,Nursery,Maize,Seed/Grain,Internal Structure,"Help children recognize maize, identify its seed/grain as the food-use plant part, and describe one visible feature.","Clean ingredient samples or images, labels, observation sheet/journal, ruler and balance where appropriate, clean trays/containers, handwashing supplies.","Use locally available produce, paper labels, clean food-grade reused containers, handmade measuring grids and simple classroom balances where suitable.","Teacher shows a clean intact sample or picture. Children look, name, match, sort or draw according to the internal structure task. Use only teacher-prepared cut samples for visual observation.","Oral naming, pointing/matching, simple sorting, counting or drawing.","What do you notice about the maize? Which plant part are we looking at? What colour, shape or texture can you see?","No tasting is required. Use clean teacher-approved samples. Wash hands before and after handling. Teachers alone control knives, graters, heat, electrical equipment, chemicals and processing machinery. Do not conduct microbial culture or unsafe food-storage experiments."
IL-094,Nursery,Maize,Seed/Grain,Colour & Texture,"Help children recognize maize, identify its seed/grain as the food-use plant part, and describe one visible feature.","Clean ingredient samples or images, labels, observation sheet/journal, ruler and balance where appropriate, clean trays/containers, handwashing supplies.","Use locally available produce, paper labels, clean food-grade reused containers, handmade measuring grids and simple classroom balances where suitable.","Teacher shows a clean intact sample or picture. Children look, name, match, sort or draw according to the colour & texture task. Use only teacher-prepared cut samples for visual observation.","Oral naming, pointing/matching, simple sorting, counting or drawing.","What do you notice about the maize? Which plant part are we looking at? What colour, shape or texture can you see?","No tasting is required. Use clean teacher-approved samples. Wash hands before and after handling. Teachers alone control knives, graters, heat, electrical equipment, chemicals and processing machinery. Do not conduct microbial culture or unsafe food-storage experiments."
IL-095,Nursery,Maize,Seed/Grain,Mass & Size,"Help children recognize maize, identify its seed/grain as the food-use plant part, and describe one visible feature.","Clean ingredient samples or images, labels, observation sheet/journal, ruler and balance where appropriate, clean trays/containers, handwashing supplies.","Use locally available produce, paper labels, clean food-grade reused containers, handmade measuring grids and simple classroom balances where suitable.","Teacher shows a clean intact sample or picture. Children look, name, match, sort or draw according to the mass & size task. Use only teacher-prepared cut samples for visual observation.","Oral naming, pointing/matching, simple sorting, counting or drawing.","What do you notice about the maize? Which plant part are we looking at? What colour, shape or texture can you see?","No tasting is required. Use clean teacher-approved samples. Wash hands before and after handling. Teachers alone control knives, graters, heat, electrical equipment, chemicals and processing machinery. Do not conduct microbial culture or unsafe food-storage experiments."
IL-096,Nursery,Maize,Seed/Grain,Water/Change Observation,"Help children recognize maize, identify its seed/grain as the food-use plant part, and describe one visible feature.","Clean ingredient samples or images, labels, observation sheet/journal, ruler and balance where appropriate, clean trays/containers, handwashing supplies.","Use locally available produce, paper labels, clean food-grade reused containers, handmade measuring grids and simple classroom balances where suitable.","Teacher shows a clean intact sample or picture. Children look, name, match, sort or draw according to the water/change observation task. Use only teacher-prepared cut samples for visual observation.","Oral naming, pointing/matching, simple sorting, counting or drawing.","What do you notice about the maize? Which plant part are we looking at? What colour, shape or texture can you see?","No tasting is required. Use clean teacher-approved samples. Wash hands before and after handling. Teachers alone control knives, graters, heat, electrical equipment, chemicals and processing machinery. Do not conduct microbial culture or unsafe food-storage experiments."
IL-097,Nursery,Maize,Seed/Grain,Sorting & Quality,"Help children recognize maize, identify its seed/grain as the food-use plant part, and describe one visible feature.","Clean ingredient samples or images, labels, observation sheet/journal, ruler and balance where appropriate, clean trays/containers, handwashing supplies.","Use locally available produce, paper labels, clean food-grade reused containers, handmade measuring grids and simple classroom balances where suitable.","Teacher shows a clean intact sample or picture. Children look, name, match, sort or draw according to the sorting & quality task. Use only teacher-prepared cut samples for visual observation.","Oral naming, pointing/matching, simple sorting, counting or drawing.","What do you notice about the maize? Which plant part are we looking at? What colour, shape or texture can you see?","No tasting is required. Use clean teacher-approved samples. Wash hands before and after handling. Teachers alone control knives, graters, heat, electrical equipment, chemicals and processing machinery. Do not conduct microbial culture or unsafe food-storage experiments."
IL-098,Nursery,Maize,Seed/Grain,Post-Harvest Change,"Help children recognize maize, identify its seed/grain as the food-use plant part, and describe one visible feature.","Clean ingredient samples or images, labels, observation sheet/journal, ruler and balance where appropriate, clean trays/containers, handwashing supplies.","Use locally available produce, paper labels, clean food-grade reused containers, handmade measuring grids and simple classroom balances where suitable.","Teacher shows a clean intact sample or picture. Children look, name, match, sort or draw according to the post-harvest change task. Use only teacher-prepared cut samples for visual observation.","Oral naming, pointing/matching, simple sorting, counting or drawing.","What do you notice about the maize? Which plant part are we looking at? What colour, shape or texture can you see?","No tasting is required. Use clean teacher-approved samples. Wash hands before and after handling. Teachers alone control knives, graters, heat, electrical equipment, chemicals and processing machinery. Do not conduct microbial culture or unsafe food-storage experiments."
IL-099,Nursery,Maize,Seed/Grain,Ingredient-to-Food Pathway,"Help children recognize maize, identify its seed/grain as the food-use plant part, and describe one visible feature.","Clean ingredient samples or images, labels, observation sheet/journal, ruler and balance where appropriate, clean trays/containers, handwashing supplies.","Use locally available produce, paper labels, clean food-grade reused containers, handmade measuring grids and simple classroom balances where suitable.","Teacher shows a clean intact sample or picture. Children look, name, match, sort or draw according to the ingredient-to-food pathway task. Use only teacher-prepared cut samples for visual observation.","Oral naming, pointing/matching, simple sorting, counting or drawing.","What do you notice about the maize? Which plant part are we looking at? What colour, shape or texture can you see?","No tasting is required. Use clean teacher-approved samples. Wash hands before and after handling. Teachers alone control knives, graters, heat, electrical equipment, chemicals and processing machinery. Do not conduct microbial culture or unsafe food-storage experiments."
IL-100,Nursery,Maize,Seed/Grain,Investigation Challenge,"Help children recognize maize, identify its seed/grain as the food-use plant part, and describe one visible feature.","Clean ingredient samples or images, labels, observation sheet/journal, ruler and balance where appropriate, clean trays/containers, handwashing supplies.","Use locally available produce, paper labels, clean food-grade reused containers, handmade measuring grids and simple classroom balances where suitable.","Teacher shows a clean intact sample or picture. Children look, name, match, sort or draw according to the investigation challenge task. Use only teacher-prepared cut samples for visual observation.","Oral naming, pointing/matching, simple sorting, counting or drawing.","What do you notice about the maize? Which plant part are we looking at? What colour, shape or texture can you see?","No tasting is required. Use clean teacher-approved samples. Wash hands before and after handling. Teachers alone control knives, graters, heat, electrical equipment, chemicals and processing machinery. Do not conduct microbial culture or unsafe food-storage experiments."
IL-101,Primary 1-3,Hibiscus,Calyx,Identity & Plant Part,"Observe and classify hibiscus as a calyx, then use simple measurement or comparison to investigate identity & plant part.","Clean ingredient samples or images, labels, observation sheet/journal, ruler and balance where appropriate, clean trays/containers, handwashing supplies.","Use locally available produce, paper labels, clean food-grade reused containers, handmade measuring grids and simple classroom balances where suitable.","Observe teacher-approved samples, record visible properties, make a count or simple measurement, compare two examples, and write/draw the result.","Labeled observation, simple table, measurement, comparison sentence or diagram.",What did you observe? Which property can we measure? How are the samples similar or different?,"No tasting is required. Use clean teacher-approved samples. Wash hands before and after handling. Teachers alone control knives, graters, heat, electrical equipment, chemicals and processing machinery. Do not conduct microbial culture or unsafe food-storage experiments."
IL-102,Primary 1-3,Hibiscus,Calyx,External Structure,"Observe and classify hibiscus as a calyx, then use simple measurement or comparison to investigate external structure.","Clean ingredient samples or images, labels, observation sheet/journal, ruler and balance where appropriate, clean trays/containers, handwashing supplies.","Use locally available produce, paper labels, clean food-grade reused containers, handmade measuring grids and simple classroom balances where suitable.","Observe teacher-approved samples, record visible properties, make a count or simple measurement, compare two examples, and write/draw the result.","Labeled observation, simple table, measurement, comparison sentence or diagram.",What did you observe? Which property can we measure? How are the samples similar or different?,"No tasting is required. Use clean teacher-approved samples. Wash hands before and after handling. Teachers alone control knives, graters, heat, electrical equipment, chemicals and processing machinery. Do not conduct microbial culture or unsafe food-storage experiments."
IL-103,Primary 1-3,Hibiscus,Calyx,Internal Structure,"Observe and classify hibiscus as a calyx, then use simple measurement or comparison to investigate internal structure.","Clean ingredient samples or images, labels, observation sheet/journal, ruler and balance where appropriate, clean trays/containers, handwashing supplies.","Use locally available produce, paper labels, clean food-grade reused containers, handmade measuring grids and simple classroom balances where suitable.","Observe teacher-approved samples, record visible properties, make a count or simple measurement, compare two examples, and write/draw the result.","Labeled observation, simple table, measurement, comparison sentence or diagram.",What did you observe? Which property can we measure? How are the samples similar or different?,"No tasting is required. Use clean teacher-approved samples. Wash hands before and after handling. Teachers alone control knives, graters, heat, electrical equipment, chemicals and processing machinery. Do not conduct microbial culture or unsafe food-storage experiments."
IL-104,Primary 1-3,Hibiscus,Calyx,Colour & Texture,"Observe and classify hibiscus as a calyx, then use simple measurement or comparison to investigate colour & texture.","Clean ingredient samples or images, labels, observation sheet/journal, ruler and balance where appropriate, clean trays/containers, handwashing supplies.","Use locally available produce, paper labels, clean food-grade reused containers, handmade measuring grids and simple classroom balances where suitable.","Observe teacher-approved samples, record visible properties, make a count or simple measurement, compare two examples, and write/draw the result.","Labeled observation, simple table, measurement, comparison sentence or diagram.",What did you observe? Which property can we measure? How are the samples similar or different?,"No tasting is required. Use clean teacher-approved samples. Wash hands before and after handling. Teachers alone control knives, graters, heat, electrical equipment, chemicals and processing machinery. Do not conduct microbial culture or unsafe food-storage experiments."
IL-105,Primary 1-3,Hibiscus,Calyx,Mass & Size,"Observe and classify hibiscus as a calyx, then use simple measurement or comparison to investigate mass & size.","Clean ingredient samples or images, labels, observation sheet/journal, ruler and balance where appropriate, clean trays/containers, handwashing supplies.","Use locally available produce, paper labels, clean food-grade reused containers, handmade measuring grids and simple classroom balances where suitable.","Observe teacher-approved samples, record visible properties, make a count or simple measurement, compare two examples, and write/draw the result.","Labeled observation, simple table, measurement, comparison sentence or diagram.",What did you observe? Which property can we measure? How are the samples similar or different?,"No tasting is required. Use clean teacher-approved samples. Wash hands before and after handling. Teachers alone control knives, graters, heat, electrical equipment, chemicals and processing machinery. Do not conduct microbial culture or unsafe food-storage experiments."
IL-106,Primary 1-3,Hibiscus,Calyx,Water/Change Observation,"Observe and classify hibiscus as a calyx, then use simple measurement or comparison to investigate water/change observation.","Clean ingredient samples or images, labels, observation sheet/journal, ruler and balance where appropriate, clean trays/containers, handwashing supplies.","Use locally available produce, paper labels, clean food-grade reused containers, handmade measuring grids and simple classroom balances where suitable.","Observe teacher-approved samples, record visible properties, make a count or simple measurement, compare two examples, and write/draw the result.","Labeled observation, simple table, measurement, comparison sentence or diagram.",What did you observe? Which property can we measure? How are the samples similar or different?,"No tasting is required. Use clean teacher-approved samples. Wash hands before and after handling. Teachers alone control knives, graters, heat, electrical equipment, chemicals and processing machinery. Do not conduct microbial culture or unsafe food-storage experiments."
IL-107,Primary 1-3,Hibiscus,Calyx,Sorting & Quality,"Observe and classify hibiscus as a calyx, then use simple measurement or comparison to investigate sorting & quality.","Clean ingredient samples or images, labels, observation sheet/journal, ruler and balance where appropriate, clean trays/containers, handwashing supplies.","Use locally available produce, paper labels, clean food-grade reused containers, handmade measuring grids and simple classroom balances where suitable.","Observe teacher-approved samples, record visible properties, make a count or simple measurement, compare two examples, and write/draw the result.","Labeled observation, simple table, measurement, comparison sentence or diagram.",What did you observe? Which property can we measure? How are the samples similar or different?,"No tasting is required. Use clean teacher-approved samples. Wash hands before and after handling. Teachers alone control knives, graters, heat, electrical equipment, chemicals and processing machinery. Do not conduct microbial culture or unsafe food-storage experiments."
IL-108,Primary 1-3,Hibiscus,Calyx,Post-Harvest Change,"Observe and classify hibiscus as a calyx, then use simple measurement or comparison to investigate post-harvest change.","Clean ingredient samples or images, labels, observation sheet/journal, ruler and balance where appropriate, clean trays/containers, handwashing supplies.","Use locally available produce, paper labels, clean food-grade reused containers, handmade measuring grids and simple classroom balances where suitable.","Observe teacher-approved samples, record visible properties, make a count or simple measurement, compare two examples, and write/draw the result.","Labeled observation, simple table, measurement, comparison sentence or diagram.",What did you observe? Which property can we measure? How are the samples similar or different?,"No tasting is required. Use clean teacher-approved samples. Wash hands before and after handling. Teachers alone control knives, graters, heat, electrical equipment, chemicals and processing machinery. Do not conduct microbial culture or unsafe food-storage experiments."
IL-109,Primary 1-3,Hibiscus,Calyx,Ingredient-to-Food Pathway,"Observe and classify hibiscus as a calyx, then use simple measurement or comparison to investigate ingredient-to-food pathway.","Clean ingredient samples or images, labels, observation sheet/journal, ruler and balance where appropriate, clean trays/containers, handwashing supplies.","Use locally available produce, paper labels, clean food-grade reused containers, handmade measuring grids and simple classroom balances where suitable.","Observe teacher-approved samples, record visible properties, make a count or simple measurement, compare two examples, and write/draw the result.","Labeled observation, simple table, measurement, comparison sentence or diagram.",What did you observe? Which property can we measure? How are the samples similar or different?,"No tasting is required. Use clean teacher-approved samples. Wash hands before and after handling. Teachers alone control knives, graters, heat, electrical equipment, chemicals and processing machinery. Do not conduct microbial culture or unsafe food-storage experiments."
IL-110,Primary 1-3,Hibiscus,Calyx,Investigation Challenge,"Observe and classify hibiscus as a calyx, then use simple measurement or comparison to investigate investigation challenge.","Clean ingredient samples or images, labels, observation sheet/journal, ruler and balance where appropriate, clean trays/containers, handwashing supplies.","Use locally available produce, paper labels, clean food-grade reused containers, handmade measuring grids and simple classroom balances where suitable.","Observe teacher-approved samples, record visible properties, make a count or simple measurement, compare two examples, and write/draw the result.","Labeled observation, simple table, measurement, comparison sentence or diagram.",What did you observe? Which property can we measure? How are the samples similar or different?,"No tasting is required. Use clean teacher-approved samples. Wash hands before and after handling. Teachers alone control knives, graters, heat, electrical equipment, chemicals and processing machinery. Do not conduct microbial culture or unsafe food-storage experiments."
IL-111,Primary 1-3,Ginger,Rhizome,Identity & Plant Part,"Observe and classify ginger as a rhizome, then use simple measurement or comparison to investigate identity & plant part.","Clean ingredient samples or images, labels, observation sheet/journal, ruler and balance where appropriate, clean trays/containers, handwashing supplies.","Use locally available produce, paper labels, clean food-grade reused containers, handmade measuring grids and simple classroom balances where suitable.","Observe teacher-approved samples, record visible properties, make a count or simple measurement, compare two examples, and write/draw the result.","Labeled observation, simple table, measurement, comparison sentence or diagram.",What did you observe? Which property can we measure? How are the samples similar or different?,"No tasting is required. Use clean teacher-approved samples. Wash hands before and after handling. Teachers alone control knives, graters, heat, electrical equipment, chemicals and processing machinery. Do not conduct microbial culture or unsafe food-storage experiments."
IL-112,Primary 1-3,Ginger,Rhizome,External Structure,"Observe and classify ginger as a rhizome, then use simple measurement or comparison to investigate external structure.","Clean ingredient samples or images, labels, observation sheet/journal, ruler and balance where appropriate, clean trays/containers, handwashing supplies.","Use locally available produce, paper labels, clean food-grade reused containers, handmade measuring grids and simple classroom balances where suitable.","Observe teacher-approved samples, record visible properties, make a count or simple measurement, compare two examples, and write/draw the result.","Labeled observation, simple table, measurement, comparison sentence or diagram.",What did you observe? Which property can we measure? How are the samples similar or different?,"No tasting is required. Use clean teacher-approved samples. Wash hands before and after handling. Teachers alone control knives, graters, heat, electrical equipment, chemicals and processing machinery. Do not conduct microbial culture or unsafe food-storage experiments."
IL-113,Primary 1-3,Ginger,Rhizome,Internal Structure,"Observe and classify ginger as a rhizome, then use simple measurement or comparison to investigate internal structure.","Clean ingredient samples or images, labels, observation sheet/journal, ruler and balance where appropriate, clean trays/containers, handwashing supplies.","Use locally available produce, paper labels, clean food-grade reused containers, handmade measuring grids and simple classroom balances where suitable.","Observe teacher-approved samples, record visible properties, make a count or simple measurement, compare two examples, and write/draw the result.","Labeled observation, simple table, measurement, comparison sentence or diagram.",What did you observe? Which property can we measure? How are the samples similar or different?,"No tasting is required. Use clean teacher-approved samples. Wash hands before and after handling. Teachers alone control knives, graters, heat, electrical equipment, chemicals and processing machinery. Do not conduct microbial culture or unsafe food-storage experiments."
IL-114,Primary 1-3,Ginger,Rhizome,Colour & Texture,"Observe and classify ginger as a rhizome, then use simple measurement or comparison to investigate colour & texture.","Clean ingredient samples or images, labels, observation sheet/journal, ruler and balance where appropriate, clean trays/containers, handwashing supplies.","Use locally available produce, paper labels, clean food-grade reused containers, handmade measuring grids and simple classroom balances where suitable.","Observe teacher-approved samples, record visible properties, make a count or simple measurement, compare two examples, and write/draw the result.","Labeled observation, simple table, measurement, comparison sentence or diagram.",What did you observe? Which property can we measure? How are the samples similar or different?,"No tasting is required. Use clean teacher-approved samples. Wash hands before and after handling. Teachers alone control knives, graters, heat, electrical equipment, chemicals and processing machinery. Do not conduct microbial culture or unsafe food-storage experiments."
IL-115,Primary 1-3,Ginger,Rhizome,Mass & Size,"Observe and classify ginger as a rhizome, then use simple measurement or comparison to investigate mass & size.","Clean ingredient samples or images, labels, observation sheet/journal, ruler and balance where appropriate, clean trays/containers, handwashing supplies.","Use locally available produce, paper labels, clean food-grade reused containers, handmade measuring grids and simple classroom balances where suitable.","Observe teacher-approved samples, record visible properties, make a count or simple measurement, compare two examples, and write/draw the result.","Labeled observation, simple table, measurement, comparison sentence or diagram.",What did you observe? Which property can we measure? How are the samples similar or different?,"No tasting is required. Use clean teacher-approved samples. Wash hands before and after handling. Teachers alone control knives, graters, heat, electrical equipment, chemicals and processing machinery. Do not conduct microbial culture or unsafe food-storage experiments."
IL-116,Primary 1-3,Ginger,Rhizome,Water/Change Observation,"Observe and classify ginger as a rhizome, then use simple measurement or comparison to investigate water/change observation.","Clean ingredient samples or images, labels, observation sheet/journal, ruler and balance where appropriate, clean trays/containers, handwashing supplies.","Use locally available produce, paper labels, clean food-grade reused containers, handmade measuring grids and simple classroom balances where suitable.","Observe teacher-approved samples, record visible properties, make a count or simple measurement, compare two examples, and write/draw the result.","Labeled observation, simple table, measurement, comparison sentence or diagram.",What did you observe? Which property can we measure? How are the samples similar or different?,"No tasting is required. Use clean teacher-approved samples. Wash hands before and after handling. Teachers alone control knives, graters, heat, electrical equipment, chemicals and processing machinery. Do not conduct microbial culture or unsafe food-storage experiments."
IL-117,Primary 1-3,Ginger,Rhizome,Sorting & Quality,"Observe and classify ginger as a rhizome, then use simple measurement or comparison to investigate sorting & quality.","Clean ingredient samples or images, labels, observation sheet/journal, ruler and balance where appropriate, clean trays/containers, handwashing supplies.","Use locally available produce, paper labels, clean food-grade reused containers, handmade measuring grids and simple classroom balances where suitable.","Observe teacher-approved samples, record visible properties, make a count or simple measurement, compare two examples, and write/draw the result.","Labeled observation, simple table, measurement, comparison sentence or diagram.",What did you observe? Which property can we measure? How are the samples similar or different?,"No tasting is required. Use clean teacher-approved samples. Wash hands before and after handling. Teachers alone control knives, graters, heat, electrical equipment, chemicals and processing machinery. Do not conduct microbial culture or unsafe food-storage experiments."
IL-118,Primary 1-3,Ginger,Rhizome,Post-Harvest Change,"Observe and classify ginger as a rhizome, then use simple measurement or comparison to investigate post-harvest change.","Clean ingredient samples or images, labels, observation sheet/journal, ruler and balance where appropriate, clean trays/containers, handwashing supplies.","Use locally available produce, paper labels, clean food-grade reused containers, handmade measuring grids and simple classroom balances where suitable.","Observe teacher-approved samples, record visible properties, make a count or simple measurement, compare two examples, and write/draw the result.","Labeled observation, simple table, measurement, comparison sentence or diagram.",What did you observe? Which property can we measure? How are the samples similar or different?,"No tasting is required. Use clean teacher-approved samples. Wash hands before and after handling. Teachers alone control knives, graters, heat, electrical equipment, chemicals and processing machinery. Do not conduct microbial culture or unsafe food-storage experiments."
IL-119,Primary 1-3,Ginger,Rhizome,Ingredient-to-Food Pathway,"Observe and classify ginger as a rhizome, then use simple measurement or comparison to investigate ingredient-to-food pathway.","Clean ingredient samples or images, labels, observation sheet/journal, ruler and balance where appropriate, clean trays/containers, handwashing supplies.","Use locally available produce, paper labels, clean food-grade reused containers, handmade measuring grids and simple classroom balances where suitable.","Observe teacher-approved samples, record visible properties, make a count or simple measurement, compare two examples, and write/draw the result.","Labeled observation, simple table, measurement, comparison sentence or diagram.",What did you observe? Which property can we measure? How are the samples similar or different?,"No tasting is required. Use clean teacher-approved samples. Wash hands before and after handling. Teachers alone control knives, graters, heat, electrical equipment, chemicals and processing machinery. Do not conduct microbial culture or unsafe food-storage experiments."
IL-120,Primary 1-3,Ginger,Rhizome,Investigation Challenge,"Observe and classify ginger as a rhizome, then use simple measurement or comparison to investigate investigation challenge.","Clean ingredient samples or images, labels, observation sheet/journal, ruler and balance where appropriate, clean trays/containers, handwashing supplies.","Use locally available produce, paper labels, clean food-grade reused containers, handmade measuring grids and simple classroom balances where suitable.","Observe teacher-approved samples, record visible properties, make a count or simple measurement, compare two examples, and write/draw the result.","Labeled observation, simple table, measurement, comparison sentence or diagram.",What did you observe? Which property can we measure? How are the samples similar or different?,"No tasting is required. Use clean teacher-approved samples. Wash hands before and after handling. Teachers alone control knives, graters, heat, electrical equipment, chemicals and processing machinery. Do not conduct microbial culture or unsafe food-storage experiments."
IL-121,Primary 1-3,Turmeric,Rhizome,Identity & Plant Part,"Observe and classify turmeric as a rhizome, then use simple measurement or comparison to investigate identity & plant part.","Clean ingredient samples or images, labels, observation sheet/journal, ruler and balance where appropriate, clean trays/containers, handwashing supplies.","Use locally available produce, paper labels, clean food-grade reused containers, handmade measuring grids and simple classroom balances where suitable.","Observe teacher-approved samples, record visible properties, make a count or simple measurement, compare two examples, and write/draw the result.","Labeled observation, simple table, measurement, comparison sentence or diagram.",What did you observe? Which property can we measure? How are the samples similar or different?,"No tasting is required. Use clean teacher-approved samples. Wash hands before and after handling. Teachers alone control knives, graters, heat, electrical equipment, chemicals and processing machinery. Do not conduct microbial culture or unsafe food-storage experiments."
IL-122,Primary 1-3,Turmeric,Rhizome,External Structure,"Observe and classify turmeric as a rhizome, then use simple measurement or comparison to investigate external structure.","Clean ingredient samples or images, labels, observation sheet/journal, ruler and balance where appropriate, clean trays/containers, handwashing supplies.","Use locally available produce, paper labels, clean food-grade reused containers, handmade measuring grids and simple classroom balances where suitable.","Observe teacher-approved samples, record visible properties, make a count or simple measurement, compare two examples, and write/draw the result.","Labeled observation, simple table, measurement, comparison sentence or diagram.",What did you observe? Which property can we measure? How are the samples similar or different?,"No tasting is required. Use clean teacher-approved samples. Wash hands before and after handling. Teachers alone control knives, graters, heat, electrical equipment, chemicals and processing machinery. Do not conduct microbial culture or unsafe food-storage experiments."
IL-123,Primary 1-3,Turmeric,Rhizome,Internal Structure,"Observe and classify turmeric as a rhizome, then use simple measurement or comparison to investigate internal structure.","Clean ingredient samples or images, labels, observation sheet/journal, ruler and balance where appropriate, clean trays/containers, handwashing supplies.","Use locally available produce, paper labels, clean food-grade reused containers, handmade measuring grids and simple classroom balances where suitable.","Observe teacher-approved samples, record visible properties, make a count or simple measurement, compare two examples, and write/draw the result.","Labeled observation, simple table, measurement, comparison sentence or diagram.",What did you observe? Which property can we measure? How are the samples similar or different?,"No tasting is required. Use clean teacher-approved samples. Wash hands before and after handling. Teachers alone control knives, graters, heat, electrical equipment, chemicals and processing machinery. Do not conduct microbial culture or unsafe food-storage experiments."
IL-124,Primary 1-3,Turmeric,Rhizome,Colour & Texture,"Observe and classify turmeric as a rhizome, then use simple measurement or comparison to investigate colour & texture.","Clean ingredient samples or images, labels, observation sheet/journal, ruler and balance where appropriate, clean trays/containers, handwashing supplies.","Use locally available produce, paper labels, clean food-grade reused containers, handmade measuring grids and simple classroom balances where suitable.","Observe teacher-approved samples, record visible properties, make a count or simple measurement, compare two examples, and write/draw the result.","Labeled observation, simple table, measurement, comparison sentence or diagram.",What did you observe? Which property can we measure? How are the samples similar or different?,"No tasting is required. Use clean teacher-approved samples. Wash hands before and after handling. Teachers alone control knives, graters, heat, electrical equipment, chemicals and processing machinery. Do not conduct microbial culture or unsafe food-storage experiments."
IL-125,Primary 1-3,Turmeric,Rhizome,Mass & Size,"Observe and classify turmeric as a rhizome, then use simple measurement or comparison to investigate mass & size.","Clean ingredient samples or images, labels, observation sheet/journal, ruler and balance where appropriate, clean trays/containers, handwashing supplies.","Use locally available produce, paper labels, clean food-grade reused containers, handmade measuring grids and simple classroom balances where suitable.","Observe teacher-approved samples, record visible properties, make a count or simple measurement, compare two examples, and write/draw the result.","Labeled observation, simple table, measurement, comparison sentence or diagram.",What did you observe? Which property can we measure? How are the samples similar or different?,"No tasting is required. Use clean teacher-approved samples. Wash hands before and after handling. Teachers alone control knives, graters, heat, electrical equipment, chemicals and processing machinery. Do not conduct microbial culture or unsafe food-storage experiments."
IL-126,Primary 1-3,Turmeric,Rhizome,Water/Change Observation,"Observe and classify turmeric as a rhizome, then use simple measurement or comparison to investigate water/change observation.","Clean ingredient samples or images, labels, observation sheet/journal, ruler and balance where appropriate, clean trays/containers, handwashing supplies.","Use locally available produce, paper labels, clean food-grade reused containers, handmade measuring grids and simple classroom balances where suitable.","Observe teacher-approved samples, record visible properties, make a count or simple measurement, compare two examples, and write/draw the result.","Labeled observation, simple table, measurement, comparison sentence or diagram.",What did you observe? Which property can we measure? How are the samples similar or different?,"No tasting is required. Use clean teacher-approved samples. Wash hands before and after handling. Teachers alone control knives, graters, heat, electrical equipment, chemicals and processing machinery. Do not conduct microbial culture or unsafe food-storage experiments."
IL-127,Primary 1-3,Turmeric,Rhizome,Sorting & Quality,"Observe and classify turmeric as a rhizome, then use simple measurement or comparison to investigate sorting & quality.","Clean ingredient samples or images, labels, observation sheet/journal, ruler and balance where appropriate, clean trays/containers, handwashing supplies.","Use locally available produce, paper labels, clean food-grade reused containers, handmade measuring grids and simple classroom balances where suitable.","Observe teacher-approved samples, record visible properties, make a count or simple measurement, compare two examples, and write/draw the result.","Labeled observation, simple table, measurement, comparison sentence or diagram.",What did you observe? Which property can we measure? How are the samples similar or different?,"No tasting is required. Use clean teacher-approved samples. Wash hands before and after handling. Teachers alone control knives, graters, heat, electrical equipment, chemicals and processing machinery. Do not conduct microbial culture or unsafe food-storage experiments."
IL-128,Primary 1-3,Turmeric,Rhizome,Post-Harvest Change,"Observe and classify turmeric as a rhizome, then use simple measurement or comparison to investigate post-harvest change.","Clean ingredient samples or images, labels, observation sheet/journal, ruler and balance where appropriate, clean trays/containers, handwashing supplies.","Use locally available produce, paper labels, clean food-grade reused containers, handmade measuring grids and simple classroom balances where suitable.","Observe teacher-approved samples, record visible properties, make a count or simple measurement, compare two examples, and write/draw the result.","Labeled observation, simple table, measurement, comparison sentence or diagram.",What did you observe? Which property can we measure? How are the samples similar or different?,"No tasting is required. Use clean teacher-approved samples. Wash hands before and after handling. Teachers alone control knives, graters, heat, electrical equipment, chemicals and processing machinery. Do not conduct microbial culture or unsafe food-storage experiments."
IL-129,Primary 1-3,Turmeric,Rhizome,Ingredient-to-Food Pathway,"Observe and classify turmeric as a rhizome, then use simple measurement or comparison to investigate ingredient-to-food pathway.","Clean ingredient samples or images, labels, observation sheet/journal, ruler and balance where appropriate, clean trays/containers, handwashing supplies.","Use locally available produce, paper labels, clean food-grade reused containers, handmade measuring grids and simple classroom balances where suitable.","Observe teacher-approved samples, record visible properties, make a count or simple measurement, compare two examples, and write/draw the result.","Labeled observation, simple table, measurement, comparison sentence or diagram.",What did you observe? Which property can we measure? How are the samples similar or different?,"No tasting is required. Use clean teacher-approved samples. Wash hands before and after handling. Teachers alone control knives, graters, heat, electrical equipment, chemicals and processing machinery. Do not conduct microbial culture or unsafe food-storage experiments."
IL-130,Primary 1-3,Turmeric,Rhizome,Investigation Challenge,"Observe and classify turmeric as a rhizome, then use simple measurement or comparison to investigate investigation challenge.","Clean ingredient samples or images, labels, observation sheet/journal, ruler and balance where appropriate, clean trays/containers, handwashing supplies.","Use locally available produce, paper labels, clean food-grade reused containers, handmade measuring grids and simple classroom balances where suitable.","Observe teacher-approved samples, record visible properties, make a count or simple measurement, compare two examples, and write/draw the result.","Labeled observation, simple table, measurement, comparison sentence or diagram.",What did you observe? Which property can we measure? How are the samples similar or different?,"No tasting is required. Use clean teacher-approved samples. Wash hands before and after handling. Teachers alone control knives, graters, heat, electrical equipment, chemicals and processing machinery. Do not conduct microbial culture or unsafe food-storage experiments."
IL-131,Primary 1-3,Pineapple,Fruit,Identity & Plant Part,"Observe and classify pineapple as a fruit, then use simple measurement or comparison to investigate identity & plant part.","Clean ingredient samples or images, labels, observation sheet/journal, ruler and balance where appropriate, clean trays/containers, handwashing supplies.","Use locally available produce, paper labels, clean food-grade reused containers, handmade measuring grids and simple classroom balances where suitable.","Observe teacher-approved samples, record visible properties, make a count or simple measurement, compare two examples, and write/draw the result.","Labeled observation, simple table, measurement, comparison sentence or diagram.",What did you observe? Which property can we measure? How are the samples similar or different?,"No tasting is required. Use clean teacher-approved samples. Wash hands before and after handling. Teachers alone control knives, graters, heat, electrical equipment, chemicals and processing machinery. Do not conduct microbial culture or unsafe food-storage experiments."
IL-132,Primary 1-3,Pineapple,Fruit,External Structure,"Observe and classify pineapple as a fruit, then use simple measurement or comparison to investigate external structure.","Clean ingredient samples or images, labels, observation sheet/journal, ruler and balance where appropriate, clean trays/containers, handwashing supplies.","Use locally available produce, paper labels, clean food-grade reused containers, handmade measuring grids and simple classroom balances where suitable.","Observe teacher-approved samples, record visible properties, make a count or simple measurement, compare two examples, and write/draw the result.","Labeled observation, simple table, measurement, comparison sentence or diagram.",What did you observe? Which property can we measure? How are the samples similar or different?,"No tasting is required. Use clean teacher-approved samples. Wash hands before and after handling. Teachers alone control knives, graters, heat, electrical equipment, chemicals and processing machinery. Do not conduct microbial culture or unsafe food-storage experiments."
IL-133,Primary 1-3,Pineapple,Fruit,Internal Structure,"Observe and classify pineapple as a fruit, then use simple measurement or comparison to investigate internal structure.","Clean ingredient samples or images, labels, observation sheet/journal, ruler and balance where appropriate, clean trays/containers, handwashing supplies.","Use locally available produce, paper labels, clean food-grade reused containers, handmade measuring grids and simple classroom balances where suitable.","Observe teacher-approved samples, record visible properties, make a count or simple measurement, compare two examples, and write/draw the result.","Labeled observation, simple table, measurement, comparison sentence or diagram.",What did you observe? Which property can we measure? How are the samples similar or different?,"No tasting is required. Use clean teacher-approved samples. Wash hands before and after handling. Teachers alone control knives, graters, heat, electrical equipment, chemicals and processing machinery. Do not conduct microbial culture or unsafe food-storage experiments."
IL-134,Primary 1-3,Pineapple,Fruit,Colour & Texture,"Observe and classify pineapple as a fruit, then use simple measurement or comparison to investigate colour & texture.","Clean ingredient samples or images, labels, observation sheet/journal, ruler and balance where appropriate, clean trays/containers, handwashing supplies.","Use locally available produce, paper labels, clean food-grade reused containers, handmade measuring grids and simple classroom balances where suitable.","Observe teacher-approved samples, record visible properties, make a count or simple measurement, compare two examples, and write/draw the result.","Labeled observation, simple table, measurement, comparison sentence or diagram.",What did you observe? Which property can we measure? How are the samples similar or different?,"No tasting is required. Use clean teacher-approved samples. Wash hands before and after handling. Teachers alone control knives, graters, heat, electrical equipment, chemicals and processing machinery. Do not conduct microbial culture or unsafe food-storage experiments."
IL-135,Primary 1-3,Pineapple,Fruit,Mass & Size,"Observe and classify pineapple as a fruit, then use simple measurement or comparison to investigate mass & size.","Clean ingredient samples or images, labels, observation sheet/journal, ruler and balance where appropriate, clean trays/containers, handwashing supplies.","Use locally available produce, paper labels, clean food-grade reused containers, handmade measuring grids and simple classroom balances where suitable.","Observe teacher-approved samples, record visible properties, make a count or simple measurement, compare two examples, and write/draw the result.","Labeled observation, simple table, measurement, comparison sentence or diagram.",What did you observe? Which property can we measure? How are the samples similar or different?,"No tasting is required. Use clean teacher-approved samples. Wash hands before and after handling. Teachers alone control knives, graters, heat, electrical equipment, chemicals and processing machinery. Do not conduct microbial culture or unsafe food-storage experiments."
IL-136,Primary 1-3,Pineapple,Fruit,Water/Change Observation,"Observe and classify pineapple as a fruit, then use simple measurement or comparison to investigate water/change observation.","Clean ingredient samples or images, labels, observation sheet/journal, ruler and balance where appropriate, clean trays/containers, handwashing supplies.","Use locally available produce, paper labels, clean food-grade reused containers, handmade measuring grids and simple classroom balances where suitable.","Observe teacher-approved samples, record visible properties, make a count or simple measurement, compare two examples, and write/draw the result.","Labeled observation, simple table, measurement, comparison sentence or diagram.",What did you observe? Which property can we measure? How are the samples similar or different?,"No tasting is required. Use clean teacher-approved samples. Wash hands before and after handling. Teachers alone control knives, graters, heat, electrical equipment, chemicals and processing machinery. Do not conduct microbial culture or unsafe food-storage experiments."
IL-137,Primary 1-3,Pineapple,Fruit,Sorting & Quality,"Observe and classify pineapple as a fruit, then use simple measurement or comparison to investigate sorting & quality.","Clean ingredient samples or images, labels, observation sheet/journal, ruler and balance where appropriate, clean trays/containers, handwashing supplies.","Use locally available produce, paper labels, clean food-grade reused containers, handmade measuring grids and simple classroom balances where suitable.","Observe teacher-approved samples, record visible properties, make a count or simple measurement, compare two examples, and write/draw the result.","Labeled observation, simple table, measurement, comparison sentence or diagram.",What did you observe? Which property can we measure? How are the samples similar or different?,"No tasting is required. Use clean teacher-approved samples. Wash hands before and after handling. Teachers alone control knives, graters, heat, electrical equipment, chemicals and processing machinery. Do not conduct microbial culture or unsafe food-storage experiments."
IL-138,Primary 1-3,Pineapple,Fruit,Post-Harvest Change,"Observe and classify pineapple as a fruit, then use simple measurement or comparison to investigate post-harvest change.","Clean ingredient samples or images, labels, observation sheet/journal, ruler and balance where appropriate, clean trays/containers, handwashing supplies.","Use locally available produce, paper labels, clean food-grade reused containers, handmade measuring grids and simple classroom balances where suitable.","Observe teacher-approved samples, record visible properties, make a count or simple measurement, compare two examples, and write/draw the result.","Labeled observation, simple table, measurement, comparison sentence or diagram.",What did you observe? Which property can we measure? How are the samples similar or different?,"No tasting is required. Use clean teacher-approved samples. Wash hands before and after handling. Teachers alone control knives, graters, heat, electrical equipment, chemicals and processing machinery. Do not conduct microbial culture or unsafe food-storage experiments."
IL-139,Primary 1-3,Pineapple,Fruit,Ingredient-to-Food Pathway,"Observe and classify pineapple as a fruit, then use simple measurement or comparison to investigate ingredient-to-food pathway.","Clean ingredient samples or images, labels, observation sheet/journal, ruler and balance where appropriate, clean trays/containers, handwashing supplies.","Use locally available produce, paper labels, clean food-grade reused containers, handmade measuring grids and simple classroom balances where suitable.","Observe teacher-approved samples, record visible properties, make a count or simple measurement, compare two examples, and write/draw the result.","Labeled observation, simple table, measurement, comparison sentence or diagram.",What did you observe? Which property can we measure? How are the samples similar or different?,"No tasting is required. Use clean teacher-approved samples. Wash hands before and after handling. Teachers alone control knives, graters, heat, electrical equipment, chemicals and processing machinery. Do not conduct microbial culture or unsafe food-storage experiments."
IL-140,Primary 1-3,Pineapple,Fruit,Investigation Challenge,"Observe and classify pineapple as a fruit, then use simple measurement or comparison to investigate investigation challenge.","Clean ingredient samples or images, labels, observation sheet/journal, ruler and balance where appropriate, clean trays/containers, handwashing supplies.","Use locally available produce, paper labels, clean food-grade reused containers, handmade measuring grids and simple classroom balances where suitable.","Observe teacher-approved samples, record visible properties, make a count or simple measurement, compare two examples, and write/draw the result.","Labeled observation, simple table, measurement, comparison sentence or diagram.",What did you observe? Which property can we measure? How are the samples similar or different?,"No tasting is required. Use clean teacher-approved samples. Wash hands before and after handling. Teachers alone control knives, graters, heat, electrical equipment, chemicals and processing machinery. Do not conduct microbial culture or unsafe food-storage experiments."
IL-141,Primary 1-3,Citrus,Fruit,Identity & Plant Part,"Observe and classify citrus as a fruit, then use simple measurement or comparison to investigate identity & plant part.","Clean ingredient samples or images, labels, observation sheet/journal, ruler and balance where appropriate, clean trays/containers, handwashing supplies.","Use locally available produce, paper labels, clean food-grade reused containers, handmade measuring grids and simple classroom balances where suitable.","Observe teacher-approved samples, record visible properties, make a count or simple measurement, compare two examples, and write/draw the result.","Labeled observation, simple table, measurement, comparison sentence or diagram.",What did you observe? Which property can we measure? How are the samples similar or different?,"No tasting is required. Use clean teacher-approved samples. Wash hands before and after handling. Teachers alone control knives, graters, heat, electrical equipment, chemicals and processing machinery. Do not conduct microbial culture or unsafe food-storage experiments."
IL-142,Primary 1-3,Citrus,Fruit,External Structure,"Observe and classify citrus as a fruit, then use simple measurement or comparison to investigate external structure.","Clean ingredient samples or images, labels, observation sheet/journal, ruler and balance where appropriate, clean trays/containers, handwashing supplies.","Use locally available produce, paper labels, clean food-grade reused containers, handmade measuring grids and simple classroom balances where suitable.","Observe teacher-approved samples, record visible properties, make a count or simple measurement, compare two examples, and write/draw the result.","Labeled observation, simple table, measurement, comparison sentence or diagram.",What did you observe? Which property can we measure? How are the samples similar or different?,"No tasting is required. Use clean teacher-approved samples. Wash hands before and after handling. Teachers alone control knives, graters, heat, electrical equipment, chemicals and processing machinery. Do not conduct microbial culture or unsafe food-storage experiments."
IL-143,Primary 1-3,Citrus,Fruit,Internal Structure,"Observe and classify citrus as a fruit, then use simple measurement or comparison to investigate internal structure.","Clean ingredient samples or images, labels, observation sheet/journal, ruler and balance where appropriate, clean trays/containers, handwashing supplies.","Use locally available produce, paper labels, clean food-grade reused containers, handmade measuring grids and simple classroom balances where suitable.","Observe teacher-approved samples, record visible properties, make a count or simple measurement, compare two examples, and write/draw the result.","Labeled observation, simple table, measurement, comparison sentence or diagram.",What did you observe? Which property can we measure? How are the samples similar or different?,"No tasting is required. Use clean teacher-approved samples. Wash hands before and after handling. Teachers alone control knives, graters, heat, electrical equipment, chemicals and processing machinery. Do not conduct microbial culture or unsafe food-storage experiments."
IL-144,Primary 1-3,Citrus,Fruit,Colour & Texture,"Observe and classify citrus as a fruit, then use simple measurement or comparison to investigate colour & texture.","Clean ingredient samples or images, labels, observation sheet/journal, ruler and balance where appropriate, clean trays/containers, handwashing supplies.","Use locally available produce, paper labels, clean food-grade reused containers, handmade measuring grids and simple classroom balances where suitable.","Observe teacher-approved samples, record visible properties, make a count or simple measurement, compare two examples, and write/draw the result.","Labeled observation, simple table, measurement, comparison sentence or diagram.",What did you observe? Which property can we measure? How are the samples similar or different?,"No tasting is required. Use clean teacher-approved samples. Wash hands before and after handling. Teachers alone control knives, graters, heat, electrical equipment, chemicals and processing machinery. Do not conduct microbial culture or unsafe food-storage experiments."
IL-145,Primary 1-3,Citrus,Fruit,Mass & Size,"Observe and classify citrus as a fruit, then use simple measurement or comparison to investigate mass & size.","Clean ingredient samples or images, labels, observation sheet/journal, ruler and balance where appropriate, clean trays/containers, handwashing supplies.","Use locally available produce, paper labels, clean food-grade reused containers, handmade measuring grids and simple classroom balances where suitable.","Observe teacher-approved samples, record visible properties, make a count or simple measurement, compare two examples, and write/draw the result.","Labeled observation, simple table, measurement, comparison sentence or diagram.",What did you observe? Which property can we measure? How are the samples similar or different?,"No tasting is required. Use clean teacher-approved samples. Wash hands before and after handling. Teachers alone control knives, graters, heat, electrical equipment, chemicals and processing machinery. Do not conduct microbial culture or unsafe food-storage experiments."
IL-146,Primary 1-3,Citrus,Fruit,Water/Change Observation,"Observe and classify citrus as a fruit, then use simple measurement or comparison to investigate water/change observation.","Clean ingredient samples or images, labels, observation sheet/journal, ruler and balance where appropriate, clean trays/containers, handwashing supplies.","Use locally available produce, paper labels, clean food-grade reused containers, handmade measuring grids and simple classroom balances where suitable.","Observe teacher-approved samples, record visible properties, make a count or simple measurement, compare two examples, and write/draw the result.","Labeled observation, simple table, measurement, comparison sentence or diagram.",What did you observe? Which property can we measure? How are the samples similar or different?,"No tasting is required. Use clean teacher-approved samples. Wash hands before and after handling. Teachers alone control knives, graters, heat, electrical equipment, chemicals and processing machinery. Do not conduct microbial culture or unsafe food-storage experiments."
IL-147,Primary 1-3,Citrus,Fruit,Sorting & Quality,"Observe and classify citrus as a fruit, then use simple measurement or comparison to investigate sorting & quality.","Clean ingredient samples or images, labels, observation sheet/journal, ruler and balance where appropriate, clean trays/containers, handwashing supplies.","Use locally available produce, paper labels, clean food-grade reused containers, handmade measuring grids and simple classroom balances where suitable.","Observe teacher-approved samples, record visible properties, make a count or simple measurement, compare two examples, and write/draw the result.","Labeled observation, simple table, measurement, comparison sentence or diagram.",What did you observe? Which property can we measure? How are the samples similar or different?,"No tasting is required. Use clean teacher-approved samples. Wash hands before and after handling. Teachers alone control knives, graters, heat, electrical equipment, chemicals and processing machinery. Do not conduct microbial culture or unsafe food-storage experiments."
IL-148,Primary 1-3,Citrus,Fruit,Post-Harvest Change,"Observe and classify citrus as a fruit, then use simple measurement or comparison to investigate post-harvest change.","Clean ingredient samples or images, labels, observation sheet/journal, ruler and balance where appropriate, clean trays/containers, handwashing supplies.","Use locally available produce, paper labels, clean food-grade reused containers, handmade measuring grids and simple classroom balances where suitable.","Observe teacher-approved samples, record visible properties, make a count or simple measurement, compare two examples, and write/draw the result.","Labeled observation, simple table, measurement, comparison sentence or diagram.",What did you observe? Which property can we measure? How are the samples similar or different?,"No tasting is required. Use clean teacher-approved samples. Wash hands before and after handling. Teachers alone control knives, graters, heat, electrical equipment, chemicals and processing machinery. Do not conduct microbial culture or unsafe food-storage experiments."
IL-149,Primary 1-3,Citrus,Fruit,Ingredient-to-Food Pathway,"Observe and classify citrus as a fruit, then use simple measurement or comparison to investigate ingredient-to-food pathway.","Clean ingredient samples or images, labels, observation sheet/journal, ruler and balance where appropriate, clean trays/containers, handwashing supplies.","Use locally available produce, paper labels, clean food-grade reused containers, handmade measuring grids and simple classroom balances where suitable.","Observe teacher-approved samples, record visible properties, make a count or simple measurement, compare two examples, and write/draw the result.","Labeled observation, simple table, measurement, comparison sentence or diagram.",What did you observe? Which property can we measure? How are the samples similar or different?,"No tasting is required. Use clean teacher-approved samples. Wash hands before and after handling. Teachers alone control knives, graters, heat, electrical equipment, chemicals and processing machinery. Do not conduct microbial culture or unsafe food-storage experiments."
IL-150,Primary 1-3,Citrus,Fruit,Investigation Challenge,"Observe and classify citrus as a fruit, then use simple measurement or comparison to investigate investigation challenge.","Clean ingredient samples or images, labels, observation sheet/journal, ruler and balance where appropriate, clean trays/containers, handwashing supplies.","Use locally available produce, paper labels, clean food-grade reused containers, handmade measuring grids and simple classroom balances where suitable.","Observe teacher-approved samples, record visible properties, make a count or simple measurement, compare two examples, and write/draw the result.","Labeled observation, simple table, measurement, comparison sentence or diagram.",What did you observe? Which property can we measure? How are the samples similar or different?,"No tasting is required. Use clean teacher-approved samples. Wash hands before and after handling. Teachers alone control knives, graters, heat, electrical equipment, chemicals and processing machinery. Do not conduct microbial culture or unsafe food-storage experiments."
IL-151,Primary 1-3,Mint,Leaf,Identity & Plant Part,"Observe and classify mint as a leaf, then use simple measurement or comparison to investigate identity & plant part.","Clean ingredient samples or images, labels, observation sheet/journal, ruler and balance where appropriate, clean trays/containers, handwashing supplies.","Use locally available produce, paper labels, clean food-grade reused containers, handmade measuring grids and simple classroom balances where suitable.","Observe teacher-approved samples, record visible properties, make a count or simple measurement, compare two examples, and write/draw the result.","Labeled observation, simple table, measurement, comparison sentence or diagram.",What did you observe? Which property can we measure? How are the samples similar or different?,"No tasting is required. Use clean teacher-approved samples. Wash hands before and after handling. Teachers alone control knives, graters, heat, electrical equipment, chemicals and processing machinery. Do not conduct microbial culture or unsafe food-storage experiments."
IL-152,Primary 1-3,Mint,Leaf,External Structure,"Observe and classify mint as a leaf, then use simple measurement or comparison to investigate external structure.","Clean ingredient samples or images, labels, observation sheet/journal, ruler and balance where appropriate, clean trays/containers, handwashing supplies.","Use locally available produce, paper labels, clean food-grade reused containers, handmade measuring grids and simple classroom balances where suitable.","Observe teacher-approved samples, record visible properties, make a count or simple measurement, compare two examples, and write/draw the result.","Labeled observation, simple table, measurement, comparison sentence or diagram.",What did you observe? Which property can we measure? How are the samples similar or different?,"No tasting is required. Use clean teacher-approved samples. Wash hands before and after handling. Teachers alone control knives, graters, heat, electrical equipment, chemicals and processing machinery. Do not conduct microbial culture or unsafe food-storage experiments."
IL-153,Primary 1-3,Mint,Leaf,Internal Structure,"Observe and classify mint as a leaf, then use simple measurement or comparison to investigate internal structure.","Clean ingredient samples or images, labels, observation sheet/journal, ruler and balance where appropriate, clean trays/containers, handwashing supplies.","Use locally available produce, paper labels, clean food-grade reused containers, handmade measuring grids and simple classroom balances where suitable.","Observe teacher-approved samples, record visible properties, make a count or simple measurement, compare two examples, and write/draw the result.","Labeled observation, simple table, measurement, comparison sentence or diagram.",What did you observe? Which property can we measure? How are the samples similar or different?,"No tasting is required. Use clean teacher-approved samples. Wash hands before and after handling. Teachers alone control knives, graters, heat, electrical equipment, chemicals and processing machinery. Do not conduct microbial culture or unsafe food-storage experiments."
IL-154,Primary 1-3,Mint,Leaf,Colour & Texture,"Observe and classify mint as a leaf, then use simple measurement or comparison to investigate colour & texture.","Clean ingredient samples or images, labels, observation sheet/journal, ruler and balance where appropriate, clean trays/containers, handwashing supplies.","Use locally available produce, paper labels, clean food-grade reused containers, handmade measuring grids and simple classroom balances where suitable.","Observe teacher-approved samples, record visible properties, make a count or simple measurement, compare two examples, and write/draw the result.","Labeled observation, simple table, measurement, comparison sentence or diagram.",What did you observe? Which property can we measure? How are the samples similar or different?,"No tasting is required. Use clean teacher-approved samples. Wash hands before and after handling. Teachers alone control knives, graters, heat, electrical equipment, chemicals and processing machinery. Do not conduct microbial culture or unsafe food-storage experiments."
IL-155,Primary 1-3,Mint,Leaf,Mass & Size,"Observe and classify mint as a leaf, then use simple measurement or comparison to investigate mass & size.","Clean ingredient samples or images, labels, observation sheet/journal, ruler and balance where appropriate, clean trays/containers, handwashing supplies.","Use locally available produce, paper labels, clean food-grade reused containers, handmade measuring grids and simple classroom balances where suitable.","Observe teacher-approved samples, record visible properties, make a count or simple measurement, compare two examples, and write/draw the result.","Labeled observation, simple table, measurement, comparison sentence or diagram.",What did you observe? Which property can we measure? How are the samples similar or different?,"No tasting is required. Use clean teacher-approved samples. Wash hands before and after handling. Teachers alone control knives, graters, heat, electrical equipment, chemicals and processing machinery. Do not conduct microbial culture or unsafe food-storage experiments."
IL-156,Primary 1-3,Mint,Leaf,Water/Change Observation,"Observe and classify mint as a leaf, then use simple measurement or comparison to investigate water/change observation.","Clean ingredient samples or images, labels, observation sheet/journal, ruler and balance where appropriate, clean trays/containers, handwashing supplies.","Use locally available produce, paper labels, clean food-grade reused containers, handmade measuring grids and simple classroom balances where suitable.","Observe teacher-approved samples, record visible properties, make a count or simple measurement, compare two examples, and write/draw the result.","Labeled observation, simple table, measurement, comparison sentence or diagram.",What did you observe? Which property can we measure? How are the samples similar or different?,"No tasting is required. Use clean teacher-approved samples. Wash hands before and after handling. Teachers alone control knives, graters, heat, electrical equipment, chemicals and processing machinery. Do not conduct microbial culture or unsafe food-storage experiments."
IL-157,Primary 1-3,Mint,Leaf,Sorting & Quality,"Observe and classify mint as a leaf, then use simple measurement or comparison to investigate sorting & quality.","Clean ingredient samples or images, labels, observation sheet/journal, ruler and balance where appropriate, clean trays/containers, handwashing supplies.","Use locally available produce, paper labels, clean food-grade reused containers, handmade measuring grids and simple classroom balances where suitable.","Observe teacher-approved samples, record visible properties, make a count or simple measurement, compare two examples, and write/draw the result.","Labeled observation, simple table, measurement, comparison sentence or diagram.",What did you observe? Which property can we measure? How are the samples similar or different?,"No tasting is required. Use clean teacher-approved samples. Wash hands before and after handling. Teachers alone control knives, graters, heat, electrical equipment, chemicals and processing machinery. Do not conduct microbial culture or unsafe food-storage experiments."
IL-158,Primary 1-3,Mint,Leaf,Post-Harvest Change,"Observe and classify mint as a leaf, then use simple measurement or comparison to investigate post-harvest change.","Clean ingredient samples or images, labels, observation sheet/journal, ruler and balance where appropriate, clean trays/containers, handwashing supplies.","Use locally available produce, paper labels, clean food-grade reused containers, handmade measuring grids and simple classroom balances where suitable.","Observe teacher-approved samples, record visible properties, make a count or simple measurement, compare two examples, and write/draw the result.","Labeled observation, simple table, measurement, comparison sentence or diagram.",What did you observe? Which property can we measure? How are the samples similar or different?,"No tasting is required. Use clean teacher-approved samples. Wash hands before and after handling. Teachers alone control knives, graters, heat, electrical equipment, chemicals and processing machinery. Do not conduct microbial culture or unsafe food-storage experiments."
IL-159,Primary 1-3,Mint,Leaf,Ingredient-to-Food Pathway,"Observe and classify mint as a leaf, then use simple measurement or comparison to investigate ingredient-to-food pathway.","Clean ingredient samples or images, labels, observation sheet/journal, ruler and balance where appropriate, clean trays/containers, handwashing supplies.","Use locally available produce, paper labels, clean food-grade reused containers, handmade measuring grids and simple classroom balances where suitable.","Observe teacher-approved samples, record visible properties, make a count or simple measurement, compare two examples, and write/draw the result.","Labeled observation, simple table, measurement, comparison sentence or diagram.",What did you observe? Which property can we measure? How are the samples similar or different?,"No tasting is required. Use clean teacher-approved samples. Wash hands before and after handling. Teachers alone control knives, graters, heat, electrical equipment, chemicals and processing machinery. Do not conduct microbial culture or unsafe food-storage experiments."
IL-160,Primary 1-3,Mint,Leaf,Investigation Challenge,"Observe and classify mint as a leaf, then use simple measurement or comparison to investigate investigation challenge.","Clean ingredient samples or images, labels, observation sheet/journal, ruler and balance where appropriate, clean trays/containers, handwashing supplies.","Use locally available produce, paper labels, clean food-grade reused containers, handmade measuring grids and simple classroom balances where suitable.","Observe teacher-approved samples, record visible properties, make a count or simple measurement, compare two examples, and write/draw the result.","Labeled observation, simple table, measurement, comparison sentence or diagram.",What did you observe? Which property can we measure? How are the samples similar or different?,"No tasting is required. Use clean teacher-approved samples. Wash hands before and after handling. Teachers alone control knives, graters, heat, electrical equipment, chemicals and processing machinery. Do not conduct microbial culture or unsafe food-storage experiments."
IL-161,Primary 1-3,Moringa,Leaf,Identity & Plant Part,"Observe and classify moringa as a leaf, then use simple measurement or comparison to investigate identity & plant part.","Clean ingredient samples or images, labels, observation sheet/journal, ruler and balance where appropriate, clean trays/containers, handwashing supplies.","Use locally available produce, paper labels, clean food-grade reused containers, handmade measuring grids and simple classroom balances where suitable.","Observe teacher-approved samples, record visible properties, make a count or simple measurement, compare two examples, and write/draw the result.","Labeled observation, simple table, measurement, comparison sentence or diagram.",What did you observe? Which property can we measure? How are the samples similar or different?,"No tasting is required. Use clean teacher-approved samples. Wash hands before and after handling. Teachers alone control knives, graters, heat, electrical equipment, chemicals and processing machinery. Do not conduct microbial culture or unsafe food-storage experiments."
IL-162,Primary 1-3,Moringa,Leaf,External Structure,"Observe and classify moringa as a leaf, then use simple measurement or comparison to investigate external structure.","Clean ingredient samples or images, labels, observation sheet/journal, ruler and balance where appropriate, clean trays/containers, handwashing supplies.","Use locally available produce, paper labels, clean food-grade reused containers, handmade measuring grids and simple classroom balances where suitable.","Observe teacher-approved samples, record visible properties, make a count or simple measurement, compare two examples, and write/draw the result.","Labeled observation, simple table, measurement, comparison sentence or diagram.",What did you observe? Which property can we measure? How are the samples similar or different?,"No tasting is required. Use clean teacher-approved samples. Wash hands before and after handling. Teachers alone control knives, graters, heat, electrical equipment, chemicals and processing machinery. Do not conduct microbial culture or unsafe food-storage experiments."
IL-163,Primary 1-3,Moringa,Leaf,Internal Structure,"Observe and classify moringa as a leaf, then use simple measurement or comparison to investigate internal structure.","Clean ingredient samples or images, labels, observation sheet/journal, ruler and balance where appropriate, clean trays/containers, handwashing supplies.","Use locally available produce, paper labels, clean food-grade reused containers, handmade measuring grids and simple classroom balances where suitable.","Observe teacher-approved samples, record visible properties, make a count or simple measurement, compare two examples, and write/draw the result.","Labeled observation, simple table, measurement, comparison sentence or diagram.",What did you observe? Which property can we measure? How are the samples similar or different?,"No tasting is required. Use clean teacher-approved samples. Wash hands before and after handling. Teachers alone control knives, graters, heat, electrical equipment, chemicals and processing machinery. Do not conduct microbial culture or unsafe food-storage experiments."
IL-164,Primary 1-3,Moringa,Leaf,Colour & Texture,"Observe and classify moringa as a leaf, then use simple measurement or comparison to investigate colour & texture.","Clean ingredient samples or images, labels, observation sheet/journal, ruler and balance where appropriate, clean trays/containers, handwashing supplies.","Use locally available produce, paper labels, clean food-grade reused containers, handmade measuring grids and simple classroom balances where suitable.","Observe teacher-approved samples, record visible properties, make a count or simple measurement, compare two examples, and write/draw the result.","Labeled observation, simple table, measurement, comparison sentence or diagram.",What did you observe? Which property can we measure? How are the samples similar or different?,"No tasting is required. Use clean teacher-approved samples. Wash hands before and after handling. Teachers alone control knives, graters, heat, electrical equipment, chemicals and processing machinery. Do not conduct microbial culture or unsafe food-storage experiments."
IL-165,Primary 1-3,Moringa,Leaf,Mass & Size,"Observe and classify moringa as a leaf, then use simple measurement or comparison to investigate mass & size.","Clean ingredient samples or images, labels, observation sheet/journal, ruler and balance where appropriate, clean trays/containers, handwashing supplies.","Use locally available produce, paper labels, clean food-grade reused containers, handmade measuring grids and simple classroom balances where suitable.","Observe teacher-approved samples, record visible properties, make a count or simple measurement, compare two examples, and write/draw the result.","Labeled observation, simple table, measurement, comparison sentence or diagram.",What did you observe? Which property can we measure? How are the samples similar or different?,"No tasting is required. Use clean teacher-approved samples. Wash hands before and after handling. Teachers alone control knives, graters, heat, electrical equipment, chemicals and processing machinery. Do not conduct microbial culture or unsafe food-storage experiments."
IL-166,Primary 1-3,Moringa,Leaf,Water/Change Observation,"Observe and classify moringa as a leaf, then use simple measurement or comparison to investigate water/change observation.","Clean ingredient samples or images, labels, observation sheet/journal, ruler and balance where appropriate, clean trays/containers, handwashing supplies.","Use locally available produce, paper labels, clean food-grade reused containers, handmade measuring grids and simple classroom balances where suitable.","Observe teacher-approved samples, record visible properties, make a count or simple measurement, compare two examples, and write/draw the result.","Labeled observation, simple table, measurement, comparison sentence or diagram.",What did you observe? Which property can we measure? How are the samples similar or different?,"No tasting is required. Use clean teacher-approved samples. Wash hands before and after handling. Teachers alone control knives, graters, heat, electrical equipment, chemicals and processing machinery. Do not conduct microbial culture or unsafe food-storage experiments."
IL-167,Primary 1-3,Moringa,Leaf,Sorting & Quality,"Observe and classify moringa as a leaf, then use simple measurement or comparison to investigate sorting & quality.","Clean ingredient samples or images, labels, observation sheet/journal, ruler and balance where appropriate, clean trays/containers, handwashing supplies.","Use locally available produce, paper labels, clean food-grade reused containers, handmade measuring grids and simple classroom balances where suitable.","Observe teacher-approved samples, record visible properties, make a count or simple measurement, compare two examples, and write/draw the result.","Labeled observation, simple table, measurement, comparison sentence or diagram.",What did you observe? Which property can we measure? How are the samples similar or different?,"No tasting is required. Use clean teacher-approved samples. Wash hands before and after handling. Teachers alone control knives, graters, heat, electrical equipment, chemicals and processing machinery. Do not conduct microbial culture or unsafe food-storage experiments."
IL-168,Primary 1-3,Moringa,Leaf,Post-Harvest Change,"Observe and classify moringa as a leaf, then use simple measurement or comparison to investigate post-harvest change.","Clean ingredient samples or images, labels, observation sheet/journal, ruler and balance where appropriate, clean trays/containers, handwashing supplies.","Use locally available produce, paper labels, clean food-grade reused containers, handmade measuring grids and simple classroom balances where suitable.","Observe teacher-approved samples, record visible properties, make a count or simple measurement, compare two examples, and write/draw the result.","Labeled observation, simple table, measurement, comparison sentence or diagram.",What did you observe? Which property can we measure? How are the samples similar or different?,"No tasting is required. Use clean teacher-approved samples. Wash hands before and after handling. Teachers alone control knives, graters, heat, electrical equipment, chemicals and processing machinery. Do not conduct microbial culture or unsafe food-storage experiments."
IL-169,Primary 1-3,Moringa,Leaf,Ingredient-to-Food Pathway,"Observe and classify moringa as a leaf, then use simple measurement or comparison to investigate ingredient-to-food pathway.","Clean ingredient samples or images, labels, observation sheet/journal, ruler and balance where appropriate, clean trays/containers, handwashing supplies.","Use locally available produce, paper labels, clean food-grade reused containers, handmade measuring grids and simple classroom balances where suitable.","Observe teacher-approved samples, record visible properties, make a count or simple measurement, compare two examples, and write/draw the result.","Labeled observation, simple table, measurement, comparison sentence or diagram.",What did you observe? Which property can we measure? How are the samples similar or different?,"No tasting is required. Use clean teacher-approved samples. Wash hands before and after handling. Teachers alone control knives, graters, heat, electrical equipment, chemicals and processing machinery. Do not conduct microbial culture or unsafe food-storage experiments."
IL-170,Primary 1-3,Moringa,Leaf,Investigation Challenge,"Observe and classify moringa as a leaf, then use simple measurement or comparison to investigate investigation challenge.","Clean ingredient samples or images, labels, observation sheet/journal, ruler and balance where appropriate, clean trays/containers, handwashing supplies.","Use locally available produce, paper labels, clean food-grade reused containers, handmade measuring grids and simple classroom balances where suitable.","Observe teacher-approved samples, record visible properties, make a count or simple measurement, compare two examples, and write/draw the result.","Labeled observation, simple table, measurement, comparison sentence or diagram.",What did you observe? Which property can we measure? How are the samples similar or different?,"No tasting is required. Use clean teacher-approved samples. Wash hands before and after handling. Teachers alone control knives, graters, heat, electrical equipment, chemicals and processing machinery. Do not conduct microbial culture or unsafe food-storage experiments."
IL-171,Primary 1-3,Watermelon,Fruit,Identity & Plant Part,"Observe and classify watermelon as a fruit, then use simple measurement or comparison to investigate identity & plant part.","Clean ingredient samples or images, labels, observation sheet/journal, ruler and balance where appropriate, clean trays/containers, handwashing supplies.","Use locally available produce, paper labels, clean food-grade reused containers, handmade measuring grids and simple classroom balances where suitable.","Observe teacher-approved samples, record visible properties, make a count or simple measurement, compare two examples, and write/draw the result.","Labeled observation, simple table, measurement, comparison sentence or diagram.",What did you observe? Which property can we measure? How are the samples similar or different?,"No tasting is required. Use clean teacher-approved samples. Wash hands before and after handling. Teachers alone control knives, graters, heat, electrical equipment, chemicals and processing machinery. Do not conduct microbial culture or unsafe food-storage experiments."
IL-172,Primary 1-3,Watermelon,Fruit,External Structure,"Observe and classify watermelon as a fruit, then use simple measurement or comparison to investigate external structure.","Clean ingredient samples or images, labels, observation sheet/journal, ruler and balance where appropriate, clean trays/containers, handwashing supplies.","Use locally available produce, paper labels, clean food-grade reused containers, handmade measuring grids and simple classroom balances where suitable.","Observe teacher-approved samples, record visible properties, make a count or simple measurement, compare two examples, and write/draw the result.","Labeled observation, simple table, measurement, comparison sentence or diagram.",What did you observe? Which property can we measure? How are the samples similar or different?,"No tasting is required. Use clean teacher-approved samples. Wash hands before and after handling. Teachers alone control knives, graters, heat, electrical equipment, chemicals and processing machinery. Do not conduct microbial culture or unsafe food-storage experiments."
IL-173,Primary 1-3,Watermelon,Fruit,Internal Structure,"Observe and classify watermelon as a fruit, then use simple measurement or comparison to investigate internal structure.","Clean ingredient samples or images, labels, observation sheet/journal, ruler and balance where appropriate, clean trays/containers, handwashing supplies.","Use locally available produce, paper labels, clean food-grade reused containers, handmade measuring grids and simple classroom balances where suitable.","Observe teacher-approved samples, record visible properties, make a count or simple measurement, compare two examples, and write/draw the result.","Labeled observation, simple table, measurement, comparison sentence or diagram.",What did you observe? Which property can we measure? How are the samples similar or different?,"No tasting is required. Use clean teacher-approved samples. Wash hands before and after handling. Teachers alone control knives, graters, heat, electrical equipment, chemicals and processing machinery. Do not conduct microbial culture or unsafe food-storage experiments."
IL-174,Primary 1-3,Watermelon,Fruit,Colour & Texture,"Observe and classify watermelon as a fruit, then use simple measurement or comparison to investigate colour & texture.","Clean ingredient samples or images, labels, observation sheet/journal, ruler and balance where appropriate, clean trays/containers, handwashing supplies.","Use locally available produce, paper labels, clean food-grade reused containers, handmade measuring grids and simple classroom balances where suitable.","Observe teacher-approved samples, record visible properties, make a count or simple measurement, compare two examples, and write/draw the result.","Labeled observation, simple table, measurement, comparison sentence or diagram.",What did you observe? Which property can we measure? How are the samples similar or different?,"No tasting is required. Use clean teacher-approved samples. Wash hands before and after handling. Teachers alone control knives, graters, heat, electrical equipment, chemicals and processing machinery. Do not conduct microbial culture or unsafe food-storage experiments."
IL-175,Primary 1-3,Watermelon,Fruit,Mass & Size,"Observe and classify watermelon as a fruit, then use simple measurement or comparison to investigate mass & size.","Clean ingredient samples or images, labels, observation sheet/journal, ruler and balance where appropriate, clean trays/containers, handwashing supplies.","Use locally available produce, paper labels, clean food-grade reused containers, handmade measuring grids and simple classroom balances where suitable.","Observe teacher-approved samples, record visible properties, make a count or simple measurement, compare two examples, and write/draw the result.","Labeled observation, simple table, measurement, comparison sentence or diagram.",What did you observe? Which property can we measure? How are the samples similar or different?,"No tasting is required. Use clean teacher-approved samples. Wash hands before and after handling. Teachers alone control knives, graters, heat, electrical equipment, chemicals and processing machinery. Do not conduct microbial culture or unsafe food-storage experiments."
IL-176,Primary 1-3,Watermelon,Fruit,Water/Change Observation,"Observe and classify watermelon as a fruit, then use simple measurement or comparison to investigate water/change observation.","Clean ingredient samples or images, labels, observation sheet/journal, ruler and balance where appropriate, clean trays/containers, handwashing supplies.","Use locally available produce, paper labels, clean food-grade reused containers, handmade measuring grids and simple classroom balances where suitable.","Observe teacher-approved samples, record visible properties, make a count or simple measurement, compare two examples, and write/draw the result.","Labeled observation, simple table, measurement, comparison sentence or diagram.",What did you observe? Which property can we measure? How are the samples similar or different?,"No tasting is required. Use clean teacher-approved samples. Wash hands before and after handling. Teachers alone control knives, graters, heat, electrical equipment, chemicals and processing machinery. Do not conduct microbial culture or unsafe food-storage experiments."
IL-177,Primary 1-3,Watermelon,Fruit,Sorting & Quality,"Observe and classify watermelon as a fruit, then use simple measurement or comparison to investigate sorting & quality.","Clean ingredient samples or images, labels, observation sheet/journal, ruler and balance where appropriate, clean trays/containers, handwashing supplies.","Use locally available produce, paper labels, clean food-grade reused containers, handmade measuring grids and simple classroom balances where suitable.","Observe teacher-approved samples, record visible properties, make a count or simple measurement, compare two examples, and write/draw the result.","Labeled observation, simple table, measurement, comparison sentence or diagram.",What did you observe? Which property can we measure? How are the samples similar or different?,"No tasting is required. Use clean teacher-approved samples. Wash hands before and after handling. Teachers alone control knives, graters, heat, electrical equipment, chemicals and processing machinery. Do not conduct microbial culture or unsafe food-storage experiments."
IL-178,Primary 1-3,Watermelon,Fruit,Post-Harvest Change,"Observe and classify watermelon as a fruit, then use simple measurement or comparison to investigate post-harvest change.","Clean ingredient samples or images, labels, observation sheet/journal, ruler and balance where appropriate, clean trays/containers, handwashing supplies.","Use locally available produce, paper labels, clean food-grade reused containers, handmade measuring grids and simple classroom balances where suitable.","Observe teacher-approved samples, record visible properties, make a count or simple measurement, compare two examples, and write/draw the result.","Labeled observation, simple table, measurement, comparison sentence or diagram.",What did you observe? Which property can we measure? How are the samples similar or different?,"No tasting is required. Use clean teacher-approved samples. Wash hands before and after handling. Teachers alone control knives, graters, heat, electrical equipment, chemicals and processing machinery. Do not conduct microbial culture or unsafe food-storage experiments."
IL-179,Primary 1-3,Watermelon,Fruit,Ingredient-to-Food Pathway,"Observe and classify watermelon as a fruit, then use simple measurement or comparison to investigate ingredient-to-food pathway.","Clean ingredient samples or images, labels, observation sheet/journal, ruler and balance where appropriate, clean trays/containers, handwashing supplies.","Use locally available produce, paper labels, clean food-grade reused containers, handmade measuring grids and simple classroom balances where suitable.","Observe teacher-approved samples, record visible properties, make a count or simple measurement, compare two examples, and write/draw the result.","Labeled observation, simple table, measurement, comparison sentence or diagram.",What did you observe? Which property can we measure? How are the samples similar or different?,"No tasting is required. Use clean teacher-approved samples. Wash hands before and after handling. Teachers alone control knives, graters, heat, electrical equipment, chemicals and processing machinery. Do not conduct microbial culture or unsafe food-storage experiments."
IL-180,Primary 1-3,Watermelon,Fruit,Investigation Challenge,"Observe and classify watermelon as a fruit, then use simple measurement or comparison to investigate investigation challenge.","Clean ingredient samples or images, labels, observation sheet/journal, ruler and balance where appropriate, clean trays/containers, handwashing supplies.","Use locally available produce, paper labels, clean food-grade reused containers, handmade measuring grids and simple classroom balances where suitable.","Observe teacher-approved samples, record visible properties, make a count or simple measurement, compare two examples, and write/draw the result.","Labeled observation, simple table, measurement, comparison sentence or diagram.",What did you observe? Which property can we measure? How are the samples similar or different?,"No tasting is required. Use clean teacher-approved samples. Wash hands before and after handling. Teachers alone control knives, graters, heat, electrical equipment, chemicals and processing machinery. Do not conduct microbial culture or unsafe food-storage experiments."
IL-181,Primary 1-3,Tomato,Fruit,Identity & Plant Part,"Observe and classify tomato as a fruit, then use simple measurement or comparison to investigate identity & plant part.","Clean ingredient samples or images, labels, observation sheet/journal, ruler and balance where appropriate, clean trays/containers, handwashing supplies.","Use locally available produce, paper labels, clean food-grade reused containers, handmade measuring grids and simple classroom balances where suitable.","Observe teacher-approved samples, record visible properties, make a count or simple measurement, compare two examples, and write/draw the result.","Labeled observation, simple table, measurement, comparison sentence or diagram.",What did you observe? Which property can we measure? How are the samples similar or different?,"No tasting is required. Use clean teacher-approved samples. Wash hands before and after handling. Teachers alone control knives, graters, heat, electrical equipment, chemicals and processing machinery. Do not conduct microbial culture or unsafe food-storage experiments."
IL-182,Primary 1-3,Tomato,Fruit,External Structure,"Observe and classify tomato as a fruit, then use simple measurement or comparison to investigate external structure.","Clean ingredient samples or images, labels, observation sheet/journal, ruler and balance where appropriate, clean trays/containers, handwashing supplies.","Use locally available produce, paper labels, clean food-grade reused containers, handmade measuring grids and simple classroom balances where suitable.","Observe teacher-approved samples, record visible properties, make a count or simple measurement, compare two examples, and write/draw the result.","Labeled observation, simple table, measurement, comparison sentence or diagram.",What did you observe? Which property can we measure? How are the samples similar or different?,"No tasting is required. Use clean teacher-approved samples. Wash hands before and after handling. Teachers alone control knives, graters, heat, electrical equipment, chemicals and processing machinery. Do not conduct microbial culture or unsafe food-storage experiments."
IL-183,Primary 1-3,Tomato,Fruit,Internal Structure,"Observe and classify tomato as a fruit, then use simple measurement or comparison to investigate internal structure.","Clean ingredient samples or images, labels, observation sheet/journal, ruler and balance where appropriate, clean trays/containers, handwashing supplies.","Use locally available produce, paper labels, clean food-grade reused containers, handmade measuring grids and simple classroom balances where suitable.","Observe teacher-approved samples, record visible properties, make a count or simple measurement, compare two examples, and write/draw the result.","Labeled observation, simple table, measurement, comparison sentence or diagram.",What did you observe? Which property can we measure? How are the samples similar or different?,"No tasting is required. Use clean teacher-approved samples. Wash hands before and after handling. Teachers alone control knives, graters, heat, electrical equipment, chemicals and processing machinery. Do not conduct microbial culture or unsafe food-storage experiments."
IL-184,Primary 1-3,Tomato,Fruit,Colour & Texture,"Observe and classify tomato as a fruit, then use simple measurement or comparison to investigate colour & texture.","Clean ingredient samples or images, labels, observation sheet/journal, ruler and balance where appropriate, clean trays/containers, handwashing supplies.","Use locally available produce, paper labels, clean food-grade reused containers, handmade measuring grids and simple classroom balances where suitable.","Observe teacher-approved samples, record visible properties, make a count or simple measurement, compare two examples, and write/draw the result.","Labeled observation, simple table, measurement, comparison sentence or diagram.",What did you observe? Which property can we measure? How are the samples similar or different?,"No tasting is required. Use clean teacher-approved samples. Wash hands before and after handling. Teachers alone control knives, graters, heat, electrical equipment, chemicals and processing machinery. Do not conduct microbial culture or unsafe food-storage experiments."
IL-185,Primary 1-3,Tomato,Fruit,Mass & Size,"Observe and classify tomato as a fruit, then use simple measurement or comparison to investigate mass & size.","Clean ingredient samples or images, labels, observation sheet/journal, ruler and balance where appropriate, clean trays/containers, handwashing supplies.","Use locally available produce, paper labels, clean food-grade reused containers, handmade measuring grids and simple classroom balances where suitable.","Observe teacher-approved samples, record visible properties, make a count or simple measurement, compare two examples, and write/draw the result.","Labeled observation, simple table, measurement, comparison sentence or diagram.",What did you observe? Which property can we measure? How are the samples similar or different?,"No tasting is required. Use clean teacher-approved samples. Wash hands before and after handling. Teachers alone control knives, graters, heat, electrical equipment, chemicals and processing machinery. Do not conduct microbial culture or unsafe food-storage experiments."
IL-186,Primary 1-3,Tomato,Fruit,Water/Change Observation,"Observe and classify tomato as a fruit, then use simple measurement or comparison to investigate water/change observation.","Clean ingredient samples or images, labels, observation sheet/journal, ruler and balance where appropriate, clean trays/containers, handwashing supplies.","Use locally available produce, paper labels, clean food-grade reused containers, handmade measuring grids and simple classroom balances where suitable.","Observe teacher-approved samples, record visible properties, make a count or simple measurement, compare two examples, and write/draw the result.","Labeled observation, simple table, measurement, comparison sentence or diagram.",What did you observe? Which property can we measure? How are the samples similar or different?,"No tasting is required. Use clean teacher-approved samples. Wash hands before and after handling. Teachers alone control knives, graters, heat, electrical equipment, chemicals and processing machinery. Do not conduct microbial culture or unsafe food-storage experiments."
IL-187,Primary 1-3,Tomato,Fruit,Sorting & Quality,"Observe and classify tomato as a fruit, then use simple measurement or comparison to investigate sorting & quality.","Clean ingredient samples or images, labels, observation sheet/journal, ruler and balance where appropriate, clean trays/containers, handwashing supplies.","Use locally available produce, paper labels, clean food-grade reused containers, handmade measuring grids and simple classroom balances where suitable.","Observe teacher-approved samples, record visible properties, make a count or simple measurement, compare two examples, and write/draw the result.","Labeled observation, simple table, measurement, comparison sentence or diagram.",What did you observe? Which property can we measure? How are the samples similar or different?,"No tasting is required. Use clean teacher-approved samples. Wash hands before and after handling. Teachers alone control knives, graters, heat, electrical equipment, chemicals and processing machinery. Do not conduct microbial culture or unsafe food-storage experiments."
IL-188,Primary 1-3,Tomato,Fruit,Post-Harvest Change,"Observe and classify tomato as a fruit, then use simple measurement or comparison to investigate post-harvest change.","Clean ingredient samples or images, labels, observation sheet/journal, ruler and balance where appropriate, clean trays/containers, handwashing supplies.","Use locally available produce, paper labels, clean food-grade reused containers, handmade measuring grids and simple classroom balances where suitable.","Observe teacher-approved samples, record visible properties, make a count or simple measurement, compare two examples, and write/draw the result.","Labeled observation, simple table, measurement, comparison sentence or diagram.",What did you observe? Which property can we measure? How are the samples similar or different?,"No tasting is required. Use clean teacher-approved samples. Wash hands before and after handling. Teachers alone control knives, graters, heat, electrical equipment, chemicals and processing machinery. Do not conduct microbial culture or unsafe food-storage experiments."
IL-189,Primary 1-3,Tomato,Fruit,Ingredient-to-Food Pathway,"Observe and classify tomato as a fruit, then use simple measurement or comparison to investigate ingredient-to-food pathway.","Clean ingredient samples or images, labels, observation sheet/journal, ruler and balance where appropriate, clean trays/containers, handwashing supplies.","Use locally available produce, paper labels, clean food-grade reused containers, handmade measuring grids and simple classroom balances where suitable.","Observe teacher-approved samples, record visible properties, make a count or simple measurement, compare two examples, and write/draw the result.","Labeled observation, simple table, measurement, comparison sentence or diagram.",What did you observe? Which property can we measure? How are the samples similar or different?,"No tasting is required. Use clean teacher-approved samples. Wash hands before and after handling. Teachers alone control knives, graters, heat, electrical equipment, chemicals and processing machinery. Do not conduct microbial culture or unsafe food-storage experiments."
IL-190,Primary 1-3,Tomato,Fruit,Investigation Challenge,"Observe and classify tomato as a fruit, then use simple measurement or comparison to investigate investigation challenge.","Clean ingredient samples or images, labels, observation sheet/journal, ruler and balance where appropriate, clean trays/containers, handwashing supplies.","Use locally available produce, paper labels, clean food-grade reused containers, handmade measuring grids and simple classroom balances where suitable.","Observe teacher-approved samples, record visible properties, make a count or simple measurement, compare two examples, and write/draw the result.","Labeled observation, simple table, measurement, comparison sentence or diagram.",What did you observe? Which property can we measure? How are the samples similar or different?,"No tasting is required. Use clean teacher-approved samples. Wash hands before and after handling. Teachers alone control knives, graters, heat, electrical equipment, chemicals and processing machinery. Do not conduct microbial culture or unsafe food-storage experiments."
IL-191,Primary 1-3,Maize,Seed/Grain,Identity & Plant Part,"Observe and classify maize as a seed/grain, then use simple measurement or comparison to investigate identity & plant part.","Clean ingredient samples or images, labels, observation sheet/journal, ruler and balance where appropriate, clean trays/containers, handwashing supplies.","Use locally available produce, paper labels, clean food-grade reused containers, handmade measuring grids and simple classroom balances where suitable.","Observe teacher-approved samples, record visible properties, make a count or simple measurement, compare two examples, and write/draw the result.","Labeled observation, simple table, measurement, comparison sentence or diagram.",What did you observe? Which property can we measure? How are the samples similar or different?,"No tasting is required. Use clean teacher-approved samples. Wash hands before and after handling. Teachers alone control knives, graters, heat, electrical equipment, chemicals and processing machinery. Do not conduct microbial culture or unsafe food-storage experiments."
IL-192,Primary 1-3,Maize,Seed/Grain,External Structure,"Observe and classify maize as a seed/grain, then use simple measurement or comparison to investigate external structure.","Clean ingredient samples or images, labels, observation sheet/journal, ruler and balance where appropriate, clean trays/containers, handwashing supplies.","Use locally available produce, paper labels, clean food-grade reused containers, handmade measuring grids and simple classroom balances where suitable.","Observe teacher-approved samples, record visible properties, make a count or simple measurement, compare two examples, and write/draw the result.","Labeled observation, simple table, measurement, comparison sentence or diagram.",What did you observe? Which property can we measure? How are the samples similar or different?,"No tasting is required. Use clean teacher-approved samples. Wash hands before and after handling. Teachers alone control knives, graters, heat, electrical equipment, chemicals and processing machinery. Do not conduct microbial culture or unsafe food-storage experiments."
IL-193,Primary 1-3,Maize,Seed/Grain,Internal Structure,"Observe and classify maize as a seed/grain, then use simple measurement or comparison to investigate internal structure.","Clean ingredient samples or images, labels, observation sheet/journal, ruler and balance where appropriate, clean trays/containers, handwashing supplies.","Use locally available produce, paper labels, clean food-grade reused containers, handmade measuring grids and simple classroom balances where suitable.","Observe teacher-approved samples, record visible properties, make a count or simple measurement, compare two examples, and write/draw the result.","Labeled observation, simple table, measurement, comparison sentence or diagram.",What did you observe? Which property can we measure? How are the samples similar or different?,"No tasting is required. Use clean teacher-approved samples. Wash hands before and after handling. Teachers alone control knives, graters, heat, electrical equipment, chemicals and processing machinery. Do not conduct microbial culture or unsafe food-storage experiments."
IL-194,Primary 1-3,Maize,Seed/Grain,Colour & Texture,"Observe and classify maize as a seed/grain, then use simple measurement or comparison to investigate colour & texture.","Clean ingredient samples or images, labels, observation sheet/journal, ruler and balance where appropriate, clean trays/containers, handwashing supplies.","Use locally available produce, paper labels, clean food-grade reused containers, handmade measuring grids and simple classroom balances where suitable.","Observe teacher-approved samples, record visible properties, make a count or simple measurement, compare two examples, and write/draw the result.","Labeled observation, simple table, measurement, comparison sentence or diagram.",What did you observe? Which property can we measure? How are the samples similar or different?,"No tasting is required. Use clean teacher-approved samples. Wash hands before and after handling. Teachers alone control knives, graters, heat, electrical equipment, chemicals and processing machinery. Do not conduct microbial culture or unsafe food-storage experiments."
IL-195,Primary 1-3,Maize,Seed/Grain,Mass & Size,"Observe and classify maize as a seed/grain, then use simple measurement or comparison to investigate mass & size.","Clean ingredient samples or images, labels, observation sheet/journal, ruler and balance where appropriate, clean trays/containers, handwashing supplies.","Use locally available produce, paper labels, clean food-grade reused containers, handmade measuring grids and simple classroom balances where suitable.","Observe teacher-approved samples, record visible properties, make a count or simple measurement, compare two examples, and write/draw the result.","Labeled observation, simple table, measurement, comparison sentence or diagram.",What did you observe? Which property can we measure? How are the samples similar or different?,"No tasting is required. Use clean teacher-approved samples. Wash hands before and after handling. Teachers alone control knives, graters, heat, electrical equipment, chemicals and processing machinery. Do not conduct microbial culture or unsafe food-storage experiments."
IL-196,Primary 1-3,Maize,Seed/Grain,Water/Change Observation,"Observe and classify maize as a seed/grain, then use simple measurement or comparison to investigate water/change observation.","Clean ingredient samples or images, labels, observation sheet/journal, ruler and balance where appropriate, clean trays/containers, handwashing supplies.","Use locally available produce, paper labels, clean food-grade reused containers, handmade measuring grids and simple classroom balances where suitable.","Observe teacher-approved samples, record visible properties, make a count or simple measurement, compare two examples, and write/draw the result.","Labeled observation, simple table, measurement, comparison sentence or diagram.",What did you observe? Which property can we measure? How are the samples similar or different?,"No tasting is required. Use clean teacher-approved samples. Wash hands before and after handling. Teachers alone control knives, graters, heat, electrical equipment, chemicals and processing machinery. Do not conduct microbial culture or unsafe food-storage experiments."
IL-197,Primary 1-3,Maize,Seed/Grain,Sorting & Quality,"Observe and classify maize as a seed/grain, then use simple measurement or comparison to investigate sorting & quality.","Clean ingredient samples or images, labels, observation sheet/journal, ruler and balance where appropriate, clean trays/containers, handwashing supplies.","Use locally available produce, paper labels, clean food-grade reused containers, handmade measuring grids and simple classroom balances where suitable.","Observe teacher-approved samples, record visible properties, make a count or simple measurement, compare two examples, and write/draw the result.","Labeled observation, simple table, measurement, comparison sentence or diagram.",What did you observe? Which property can we measure? How are the samples similar or different?,"No tasting is required. Use clean teacher-approved samples. Wash hands before and after handling. Teachers alone control knives, graters, heat, electrical equipment, chemicals and processing machinery. Do not conduct microbial culture or unsafe food-storage experiments."
IL-198,Primary 1-3,Maize,Seed/Grain,Post-Harvest Change,"Observe and classify maize as a seed/grain, then use simple measurement or comparison to investigate post-harvest change.","Clean ingredient samples or images, labels, observation sheet/journal, ruler and balance where appropriate, clean trays/containers, handwashing supplies.","Use locally available produce, paper labels, clean food-grade reused containers, handmade measuring grids and simple classroom balances where suitable.","Observe teacher-approved samples, record visible properties, make a count or simple measurement, compare two examples, and write/draw the result.","Labeled observation, simple table, measurement, comparison sentence or diagram.",What did you observe? Which property can we measure? How are the samples similar or different?,"No tasting is required. Use clean teacher-approved samples. Wash hands before and after handling. Teachers alone control knives, graters, heat, electrical equipment, chemicals and processing machinery. Do not conduct microbial culture or unsafe food-storage experiments."
IL-199,Primary 1-3,Maize,Seed/Grain,Ingredient-to-Food Pathway,"Observe and classify maize as a seed/grain, then use simple measurement or comparison to investigate ingredient-to-food pathway.","Clean ingredient samples or images, labels, observation sheet/journal, ruler and balance where appropriate, clean trays/containers, handwashing supplies.","Use locally available produce, paper labels, clean food-grade reused containers, handmade measuring grids and simple classroom balances where suitable.","Observe teacher-approved samples, record visible properties, make a count or simple measurement, compare two examples, and write/draw the result.","Labeled observation, simple table, measurement, comparison sentence or diagram.",What did you observe? Which property can we measure? How are the samples similar or different?,"No tasting is required. Use clean teacher-approved samples. Wash hands before and after handling. Teachers alone control knives, graters, heat, electrical equipment, chemicals and processing machinery. Do not conduct microbial culture or unsafe food-storage experiments."
IL-200,Primary 1-3,Maize,Seed/Grain,Investigation Challenge,"Observe and classify maize as a seed/grain, then use simple measurement or comparison to investigate investigation challenge.","Clean ingredient samples or images, labels, observation sheet/journal, ruler and balance where appropriate, clean trays/containers, handwashing supplies.","Use locally available produce, paper labels, clean food-grade reused containers, handmade measuring grids and simple classroom balances where suitable.","Observe teacher-approved samples, record visible properties, make a count or simple measurement, compare two examples, and write/draw the result.","Labeled observation, simple table, measurement, comparison sentence or diagram.",What did you observe? Which property can we measure? How are the samples similar or different?,"No tasting is required. Use clean teacher-approved samples. Wash hands before and after handling. Teachers alone control knives, graters, heat, electrical equipment, chemicals and processing machinery. Do not conduct microbial culture or unsafe food-storage experiments."
IL-201,Primary 4-6,Hibiscus,Calyx,Identity & Plant Part,"Investigate identity & plant part in hibiscus using a fair sampling method, quantitative evidence and an evidence-based explanation.","Clean ingredient samples or images, labels, observation sheet/journal, ruler and balance where appropriate, clean trays/containers, handwashing supplies.","Use locally available produce, paper labels, clean food-grade reused containers, handmade measuring grids and simple classroom balances where suitable.","Frame a question, select comparable samples, measure the relevant property, repeat observations, summarize the data and explain the pattern and one limitation.","Question, sample IDs, data table, calculation/graph, conclusion and limitation.",Is the comparison fair? What variable are you measuring? What pattern is supported by the data?,"No tasting is required. Use clean teacher-approved samples. Wash hands before and after handling. Teachers alone control knives, graters, heat, electrical equipment, chemicals and processing machinery. Do not conduct microbial culture or unsafe food-storage experiments."
IL-202,Primary 4-6,Hibiscus,Calyx,External Structure,"Investigate external structure in hibiscus using a fair sampling method, quantitative evidence and an evidence-based explanation.","Clean ingredient samples or images, labels, observation sheet/journal, ruler and balance where appropriate, clean trays/containers, handwashing supplies.","Use locally available produce, paper labels, clean food-grade reused containers, handmade measuring grids and simple classroom balances where suitable.","Frame a question, select comparable samples, measure the relevant property, repeat observations, summarize the data and explain the pattern and one limitation.","Question, sample IDs, data table, calculation/graph, conclusion and limitation.",Is the comparison fair? What variable are you measuring? What pattern is supported by the data?,"No tasting is required. Use clean teacher-approved samples. Wash hands before and after handling. Teachers alone control knives, graters, heat, electrical equipment, chemicals and processing machinery. Do not conduct microbial culture or unsafe food-storage experiments."
IL-203,Primary 4-6,Hibiscus,Calyx,Internal Structure,"Investigate internal structure in hibiscus using a fair sampling method, quantitative evidence and an evidence-based explanation.","Clean ingredient samples or images, labels, observation sheet/journal, ruler and balance where appropriate, clean trays/containers, handwashing supplies.","Use locally available produce, paper labels, clean food-grade reused containers, handmade measuring grids and simple classroom balances where suitable.","Frame a question, select comparable samples, measure the relevant property, repeat observations, summarize the data and explain the pattern and one limitation.","Question, sample IDs, data table, calculation/graph, conclusion and limitation.",Is the comparison fair? What variable are you measuring? What pattern is supported by the data?,"No tasting is required. Use clean teacher-approved samples. Wash hands before and after handling. Teachers alone control knives, graters, heat, electrical equipment, chemicals and processing machinery. Do not conduct microbial culture or unsafe food-storage experiments."
IL-204,Primary 4-6,Hibiscus,Calyx,Colour & Texture,"Investigate colour & texture in hibiscus using a fair sampling method, quantitative evidence and an evidence-based explanation.","Clean ingredient samples or images, labels, observation sheet/journal, ruler and balance where appropriate, clean trays/containers, handwashing supplies.","Use locally available produce, paper labels, clean food-grade reused containers, handmade measuring grids and simple classroom balances where suitable.","Frame a question, select comparable samples, measure the relevant property, repeat observations, summarize the data and explain the pattern and one limitation.","Question, sample IDs, data table, calculation/graph, conclusion and limitation.",Is the comparison fair? What variable are you measuring? What pattern is supported by the data?,"No tasting is required. Use clean teacher-approved samples. Wash hands before and after handling. Teachers alone control knives, graters, heat, electrical equipment, chemicals and processing machinery. Do not conduct microbial culture or unsafe food-storage experiments."
IL-205,Primary 4-6,Hibiscus,Calyx,Mass & Size,"Investigate mass & size in hibiscus using a fair sampling method, quantitative evidence and an evidence-based explanation.","Clean ingredient samples or images, labels, observation sheet/journal, ruler and balance where appropriate, clean trays/containers, handwashing supplies.","Use locally available produce, paper labels, clean food-grade reused containers, handmade measuring grids and simple classroom balances where suitable.","Frame a question, select comparable samples, measure the relevant property, repeat observations, summarize the data and explain the pattern and one limitation.","Question, sample IDs, data table, calculation/graph, conclusion and limitation.",Is the comparison fair? What variable are you measuring? What pattern is supported by the data?,"No tasting is required. Use clean teacher-approved samples. Wash hands before and after handling. Teachers alone control knives, graters, heat, electrical equipment, chemicals and processing machinery. Do not conduct microbial culture or unsafe food-storage experiments."
IL-206,Primary 4-6,Hibiscus,Calyx,Water/Change Observation,"Investigate water/change observation in hibiscus using a fair sampling method, quantitative evidence and an evidence-based explanation.","Clean ingredient samples or images, labels, observation sheet/journal, ruler and balance where appropriate, clean trays/containers, handwashing supplies.","Use locally available produce, paper labels, clean food-grade reused containers, handmade measuring grids and simple classroom balances where suitable.","Frame a question, select comparable samples, measure the relevant property, repeat observations, summarize the data and explain the pattern and one limitation.","Question, sample IDs, data table, calculation/graph, conclusion and limitation.",Is the comparison fair? What variable are you measuring? What pattern is supported by the data?,"No tasting is required. Use clean teacher-approved samples. Wash hands before and after handling. Teachers alone control knives, graters, heat, electrical equipment, chemicals and processing machinery. Do not conduct microbial culture or unsafe food-storage experiments."
IL-207,Primary 4-6,Hibiscus,Calyx,Sorting & Quality,"Investigate sorting & quality in hibiscus using a fair sampling method, quantitative evidence and an evidence-based explanation.","Clean ingredient samples or images, labels, observation sheet/journal, ruler and balance where appropriate, clean trays/containers, handwashing supplies.","Use locally available produce, paper labels, clean food-grade reused containers, handmade measuring grids and simple classroom balances where suitable.","Frame a question, select comparable samples, measure the relevant property, repeat observations, summarize the data and explain the pattern and one limitation.","Question, sample IDs, data table, calculation/graph, conclusion and limitation.",Is the comparison fair? What variable are you measuring? What pattern is supported by the data?,"No tasting is required. Use clean teacher-approved samples. Wash hands before and after handling. Teachers alone control knives, graters, heat, electrical equipment, chemicals and processing machinery. Do not conduct microbial culture or unsafe food-storage experiments."
IL-208,Primary 4-6,Hibiscus,Calyx,Post-Harvest Change,"Investigate post-harvest change in hibiscus using a fair sampling method, quantitative evidence and an evidence-based explanation.","Clean ingredient samples or images, labels, observation sheet/journal, ruler and balance where appropriate, clean trays/containers, handwashing supplies.","Use locally available produce, paper labels, clean food-grade reused containers, handmade measuring grids and simple classroom balances where suitable.","Frame a question, select comparable samples, measure the relevant property, repeat observations, summarize the data and explain the pattern and one limitation.","Question, sample IDs, data table, calculation/graph, conclusion and limitation.",Is the comparison fair? What variable are you measuring? What pattern is supported by the data?,"No tasting is required. Use clean teacher-approved samples. Wash hands before and after handling. Teachers alone control knives, graters, heat, electrical equipment, chemicals and processing machinery. Do not conduct microbial culture or unsafe food-storage experiments."
IL-209,Primary 4-6,Hibiscus,Calyx,Ingredient-to-Food Pathway,"Investigate ingredient-to-food pathway in hibiscus using a fair sampling method, quantitative evidence and an evidence-based explanation.","Clean ingredient samples or images, labels, observation sheet/journal, ruler and balance where appropriate, clean trays/containers, handwashing supplies.","Use locally available produce, paper labels, clean food-grade reused containers, handmade measuring grids and simple classroom balances where suitable.","Frame a question, select comparable samples, measure the relevant property, repeat observations, summarize the data and explain the pattern and one limitation.","Question, sample IDs, data table, calculation/graph, conclusion and limitation.",Is the comparison fair? What variable are you measuring? What pattern is supported by the data?,"No tasting is required. Use clean teacher-approved samples. Wash hands before and after handling. Teachers alone control knives, graters, heat, electrical equipment, chemicals and processing machinery. Do not conduct microbial culture or unsafe food-storage experiments."
IL-210,Primary 4-6,Hibiscus,Calyx,Investigation Challenge,"Investigate investigation challenge in hibiscus using a fair sampling method, quantitative evidence and an evidence-based explanation.","Clean ingredient samples or images, labels, observation sheet/journal, ruler and balance where appropriate, clean trays/containers, handwashing supplies.","Use locally available produce, paper labels, clean food-grade reused containers, handmade measuring grids and simple classroom balances where suitable.","Frame a question, select comparable samples, measure the relevant property, repeat observations, summarize the data and explain the pattern and one limitation.","Question, sample IDs, data table, calculation/graph, conclusion and limitation.",Is the comparison fair? What variable are you measuring? What pattern is supported by the data?,"No tasting is required. Use clean teacher-approved samples. Wash hands before and after handling. Teachers alone control knives, graters, heat, electrical equipment, chemicals and processing machinery. Do not conduct microbial culture or unsafe food-storage experiments."
IL-211,Primary 4-6,Ginger,Rhizome,Identity & Plant Part,"Investigate identity & plant part in ginger using a fair sampling method, quantitative evidence and an evidence-based explanation.","Clean ingredient samples or images, labels, observation sheet/journal, ruler and balance where appropriate, clean trays/containers, handwashing supplies.","Use locally available produce, paper labels, clean food-grade reused containers, handmade measuring grids and simple classroom balances where suitable.","Frame a question, select comparable samples, measure the relevant property, repeat observations, summarize the data and explain the pattern and one limitation.","Question, sample IDs, data table, calculation/graph, conclusion and limitation.",Is the comparison fair? What variable are you measuring? What pattern is supported by the data?,"No tasting is required. Use clean teacher-approved samples. Wash hands before and after handling. Teachers alone control knives, graters, heat, electrical equipment, chemicals and processing machinery. Do not conduct microbial culture or unsafe food-storage experiments."
IL-212,Primary 4-6,Ginger,Rhizome,External Structure,"Investigate external structure in ginger using a fair sampling method, quantitative evidence and an evidence-based explanation.","Clean ingredient samples or images, labels, observation sheet/journal, ruler and balance where appropriate, clean trays/containers, handwashing supplies.","Use locally available produce, paper labels, clean food-grade reused containers, handmade measuring grids and simple classroom balances where suitable.","Frame a question, select comparable samples, measure the relevant property, repeat observations, summarize the data and explain the pattern and one limitation.","Question, sample IDs, data table, calculation/graph, conclusion and limitation.",Is the comparison fair? What variable are you measuring? What pattern is supported by the data?,"No tasting is required. Use clean teacher-approved samples. Wash hands before and after handling. Teachers alone control knives, graters, heat, electrical equipment, chemicals and processing machinery. Do not conduct microbial culture or unsafe food-storage experiments."
IL-213,Primary 4-6,Ginger,Rhizome,Internal Structure,"Investigate internal structure in ginger using a fair sampling method, quantitative evidence and an evidence-based explanation.","Clean ingredient samples or images, labels, observation sheet/journal, ruler and balance where appropriate, clean trays/containers, handwashing supplies.","Use locally available produce, paper labels, clean food-grade reused containers, handmade measuring grids and simple classroom balances where suitable.","Frame a question, select comparable samples, measure the relevant property, repeat observations, summarize the data and explain the pattern and one limitation.","Question, sample IDs, data table, calculation/graph, conclusion and limitation.",Is the comparison fair? What variable are you measuring? What pattern is supported by the data?,"No tasting is required. Use clean teacher-approved samples. Wash hands before and after handling. Teachers alone control knives, graters, heat, electrical equipment, chemicals and processing machinery. Do not conduct microbial culture or unsafe food-storage experiments."
IL-214,Primary 4-6,Ginger,Rhizome,Colour & Texture,"Investigate colour & texture in ginger using a fair sampling method, quantitative evidence and an evidence-based explanation.","Clean ingredient samples or images, labels, observation sheet/journal, ruler and balance where appropriate, clean trays/containers, handwashing supplies.","Use locally available produce, paper labels, clean food-grade reused containers, handmade measuring grids and simple classroom balances where suitable.","Frame a question, select comparable samples, measure the relevant property, repeat observations, summarize the data and explain the pattern and one limitation.","Question, sample IDs, data table, calculation/graph, conclusion and limitation.",Is the comparison fair? What variable are you measuring? What pattern is supported by the data?,"No tasting is required. Use clean teacher-approved samples. Wash hands before and after handling. Teachers alone control knives, graters, heat, electrical equipment, chemicals and processing machinery. Do not conduct microbial culture or unsafe food-storage experiments."
IL-215,Primary 4-6,Ginger,Rhizome,Mass & Size,"Investigate mass & size in ginger using a fair sampling method, quantitative evidence and an evidence-based explanation.","Clean ingredient samples or images, labels, observation sheet/journal, ruler and balance where appropriate, clean trays/containers, handwashing supplies.","Use locally available produce, paper labels, clean food-grade reused containers, handmade measuring grids and simple classroom balances where suitable.","Frame a question, select comparable samples, measure the relevant property, repeat observations, summarize the data and explain the pattern and one limitation.","Question, sample IDs, data table, calculation/graph, conclusion and limitation.",Is the comparison fair? What variable are you measuring? What pattern is supported by the data?,"No tasting is required. Use clean teacher-approved samples. Wash hands before and after handling. Teachers alone control knives, graters, heat, electrical equipment, chemicals and processing machinery. Do not conduct microbial culture or unsafe food-storage experiments."
IL-216,Primary 4-6,Ginger,Rhizome,Water/Change Observation,"Investigate water/change observation in ginger using a fair sampling method, quantitative evidence and an evidence-based explanation.","Clean ingredient samples or images, labels, observation sheet/journal, ruler and balance where appropriate, clean trays/containers, handwashing supplies.","Use locally available produce, paper labels, clean food-grade reused containers, handmade measuring grids and simple classroom balances where suitable.","Frame a question, select comparable samples, measure the relevant property, repeat observations, summarize the data and explain the pattern and one limitation.","Question, sample IDs, data table, calculation/graph, conclusion and limitation.",Is the comparison fair? What variable are you measuring? What pattern is supported by the data?,"No tasting is required. Use clean teacher-approved samples. Wash hands before and after handling. Teachers alone control knives, graters, heat, electrical equipment, chemicals and processing machinery. Do not conduct microbial culture or unsafe food-storage experiments."
IL-217,Primary 4-6,Ginger,Rhizome,Sorting & Quality,"Investigate sorting & quality in ginger using a fair sampling method, quantitative evidence and an evidence-based explanation.","Clean ingredient samples or images, labels, observation sheet/journal, ruler and balance where appropriate, clean trays/containers, handwashing supplies.","Use locally available produce, paper labels, clean food-grade reused containers, handmade measuring grids and simple classroom balances where suitable.","Frame a question, select comparable samples, measure the relevant property, repeat observations, summarize the data and explain the pattern and one limitation.","Question, sample IDs, data table, calculation/graph, conclusion and limitation.",Is the comparison fair? What variable are you measuring? What pattern is supported by the data?,"No tasting is required. Use clean teacher-approved samples. Wash hands before and after handling. Teachers alone control knives, graters, heat, electrical equipment, chemicals and processing machinery. Do not conduct microbial culture or unsafe food-storage experiments."
IL-218,Primary 4-6,Ginger,Rhizome,Post-Harvest Change,"Investigate post-harvest change in ginger using a fair sampling method, quantitative evidence and an evidence-based explanation.","Clean ingredient samples or images, labels, observation sheet/journal, ruler and balance where appropriate, clean trays/containers, handwashing supplies.","Use locally available produce, paper labels, clean food-grade reused containers, handmade measuring grids and simple classroom balances where suitable.","Frame a question, select comparable samples, measure the relevant property, repeat observations, summarize the data and explain the pattern and one limitation.","Question, sample IDs, data table, calculation/graph, conclusion and limitation.",Is the comparison fair? What variable are you measuring? What pattern is supported by the data?,"No tasting is required. Use clean teacher-approved samples. Wash hands before and after handling. Teachers alone control knives, graters, heat, electrical equipment, chemicals and processing machinery. Do not conduct microbial culture or unsafe food-storage experiments."
IL-219,Primary 4-6,Ginger,Rhizome,Ingredient-to-Food Pathway,"Investigate ingredient-to-food pathway in ginger using a fair sampling method, quantitative evidence and an evidence-based explanation.","Clean ingredient samples or images, labels, observation sheet/journal, ruler and balance where appropriate, clean trays/containers, handwashing supplies.","Use locally available produce, paper labels, clean food-grade reused containers, handmade measuring grids and simple classroom balances where suitable.","Frame a question, select comparable samples, measure the relevant property, repeat observations, summarize the data and explain the pattern and one limitation.","Question, sample IDs, data table, calculation/graph, conclusion and limitation.",Is the comparison fair? What variable are you measuring? What pattern is supported by the data?,"No tasting is required. Use clean teacher-approved samples. Wash hands before and after handling. Teachers alone control knives, graters, heat, electrical equipment, chemicals and processing machinery. Do not conduct microbial culture or unsafe food-storage experiments."
IL-220,Primary 4-6,Ginger,Rhizome,Investigation Challenge,"Investigate investigation challenge in ginger using a fair sampling method, quantitative evidence and an evidence-based explanation.","Clean ingredient samples or images, labels, observation sheet/journal, ruler and balance where appropriate, clean trays/containers, handwashing supplies.","Use locally available produce, paper labels, clean food-grade reused containers, handmade measuring grids and simple classroom balances where suitable.","Frame a question, select comparable samples, measure the relevant property, repeat observations, summarize the data and explain the pattern and one limitation.","Question, sample IDs, data table, calculation/graph, conclusion and limitation.",Is the comparison fair? What variable are you measuring? What pattern is supported by the data?,"No tasting is required. Use clean teacher-approved samples. Wash hands before and after handling. Teachers alone control knives, graters, heat, electrical equipment, chemicals and processing machinery. Do not conduct microbial culture or unsafe food-storage experiments."
IL-221,Primary 4-6,Turmeric,Rhizome,Identity & Plant Part,"Investigate identity & plant part in turmeric using a fair sampling method, quantitative evidence and an evidence-based explanation.","Clean ingredient samples or images, labels, observation sheet/journal, ruler and balance where appropriate, clean trays/containers, handwashing supplies.","Use locally available produce, paper labels, clean food-grade reused containers, handmade measuring grids and simple classroom balances where suitable.","Frame a question, select comparable samples, measure the relevant property, repeat observations, summarize the data and explain the pattern and one limitation.","Question, sample IDs, data table, calculation/graph, conclusion and limitation.",Is the comparison fair? What variable are you measuring? What pattern is supported by the data?,"No tasting is required. Use clean teacher-approved samples. Wash hands before and after handling. Teachers alone control knives, graters, heat, electrical equipment, chemicals and processing machinery. Do not conduct microbial culture or unsafe food-storage experiments."
IL-222,Primary 4-6,Turmeric,Rhizome,External Structure,"Investigate external structure in turmeric using a fair sampling method, quantitative evidence and an evidence-based explanation.","Clean ingredient samples or images, labels, observation sheet/journal, ruler and balance where appropriate, clean trays/containers, handwashing supplies.","Use locally available produce, paper labels, clean food-grade reused containers, handmade measuring grids and simple classroom balances where suitable.","Frame a question, select comparable samples, measure the relevant property, repeat observations, summarize the data and explain the pattern and one limitation.","Question, sample IDs, data table, calculation/graph, conclusion and limitation.",Is the comparison fair? What variable are you measuring? What pattern is supported by the data?,"No tasting is required. Use clean teacher-approved samples. Wash hands before and after handling. Teachers alone control knives, graters, heat, electrical equipment, chemicals and processing machinery. Do not conduct microbial culture or unsafe food-storage experiments."
IL-223,Primary 4-6,Turmeric,Rhizome,Internal Structure,"Investigate internal structure in turmeric using a fair sampling method, quantitative evidence and an evidence-based explanation.","Clean ingredient samples or images, labels, observation sheet/journal, ruler and balance where appropriate, clean trays/containers, handwashing supplies.","Use locally available produce, paper labels, clean food-grade reused containers, handmade measuring grids and simple classroom balances where suitable.","Frame a question, select comparable samples, measure the relevant property, repeat observations, summarize the data and explain the pattern and one limitation.","Question, sample IDs, data table, calculation/graph, conclusion and limitation.",Is the comparison fair? What variable are you measuring? What pattern is supported by the data?,"No tasting is required. Use clean teacher-approved samples. Wash hands before and after handling. Teachers alone control knives, graters, heat, electrical equipment, chemicals and processing machinery. Do not conduct microbial culture or unsafe food-storage experiments."
IL-224,Primary 4-6,Turmeric,Rhizome,Colour & Texture,"Investigate colour & texture in turmeric using a fair sampling method, quantitative evidence and an evidence-based explanation.","Clean ingredient samples or images, labels, observation sheet/journal, ruler and balance where appropriate, clean trays/containers, handwashing supplies.","Use locally available produce, paper labels, clean food-grade reused containers, handmade measuring grids and simple classroom balances where suitable.","Frame a question, select comparable samples, measure the relevant property, repeat observations, summarize the data and explain the pattern and one limitation.","Question, sample IDs, data table, calculation/graph, conclusion and limitation.",Is the comparison fair? What variable are you measuring? What pattern is supported by the data?,"No tasting is required. Use clean teacher-approved samples. Wash hands before and after handling. Teachers alone control knives, graters, heat, electrical equipment, chemicals and processing machinery. Do not conduct microbial culture or unsafe food-storage experiments."
IL-225,Primary 4-6,Turmeric,Rhizome,Mass & Size,"Investigate mass & size in turmeric using a fair sampling method, quantitative evidence and an evidence-based explanation.","Clean ingredient samples or images, labels, observation sheet/journal, ruler and balance where appropriate, clean trays/containers, handwashing supplies.","Use locally available produce, paper labels, clean food-grade reused containers, handmade measuring grids and simple classroom balances where suitable.","Frame a question, select comparable samples, measure the relevant property, repeat observations, summarize the data and explain the pattern and one limitation.","Question, sample IDs, data table, calculation/graph, conclusion and limitation.",Is the comparison fair? What variable are you measuring? What pattern is supported by the data?,"No tasting is required. Use clean teacher-approved samples. Wash hands before and after handling. Teachers alone control knives, graters, heat, electrical equipment, chemicals and processing machinery. Do not conduct microbial culture or unsafe food-storage experiments."
IL-226,Primary 4-6,Turmeric,Rhizome,Water/Change Observation,"Investigate water/change observation in turmeric using a fair sampling method, quantitative evidence and an evidence-based explanation.","Clean ingredient samples or images, labels, observation sheet/journal, ruler and balance where appropriate, clean trays/containers, handwashing supplies.","Use locally available produce, paper labels, clean food-grade reused containers, handmade measuring grids and simple classroom balances where suitable.","Frame a question, select comparable samples, measure the relevant property, repeat observations, summarize the data and explain the pattern and one limitation.","Question, sample IDs, data table, calculation/graph, conclusion and limitation.",Is the comparison fair? What variable are you measuring? What pattern is supported by the data?,"No tasting is required. Use clean teacher-approved samples. Wash hands before and after handling. Teachers alone control knives, graters, heat, electrical equipment, chemicals and processing machinery. Do not conduct microbial culture or unsafe food-storage experiments."
IL-227,Primary 4-6,Turmeric,Rhizome,Sorting & Quality,"Investigate sorting & quality in turmeric using a fair sampling method, quantitative evidence and an evidence-based explanation.","Clean ingredient samples or images, labels, observation sheet/journal, ruler and balance where appropriate, clean trays/containers, handwashing supplies.","Use locally available produce, paper labels, clean food-grade reused containers, handmade measuring grids and simple classroom balances where suitable.","Frame a question, select comparable samples, measure the relevant property, repeat observations, summarize the data and explain the pattern and one limitation.","Question, sample IDs, data table, calculation/graph, conclusion and limitation.",Is the comparison fair? What variable are you measuring? What pattern is supported by the data?,"No tasting is required. Use clean teacher-approved samples. Wash hands before and after handling. Teachers alone control knives, graters, heat, electrical equipment, chemicals and processing machinery. Do not conduct microbial culture or unsafe food-storage experiments."
IL-228,Primary 4-6,Turmeric,Rhizome,Post-Harvest Change,"Investigate post-harvest change in turmeric using a fair sampling method, quantitative evidence and an evidence-based explanation.","Clean ingredient samples or images, labels, observation sheet/journal, ruler and balance where appropriate, clean trays/containers, handwashing supplies.","Use locally available produce, paper labels, clean food-grade reused containers, handmade measuring grids and simple classroom balances where suitable.","Frame a question, select comparable samples, measure the relevant property, repeat observations, summarize the data and explain the pattern and one limitation.","Question, sample IDs, data table, calculation/graph, conclusion and limitation.",Is the comparison fair? What variable are you measuring? What pattern is supported by the data?,"No tasting is required. Use clean teacher-approved samples. Wash hands before and after handling. Teachers alone control knives, graters, heat, electrical equipment, chemicals and processing machinery. Do not conduct microbial culture or unsafe food-storage experiments."
IL-229,Primary 4-6,Turmeric,Rhizome,Ingredient-to-Food Pathway,"Investigate ingredient-to-food pathway in turmeric using a fair sampling method, quantitative evidence and an evidence-based explanation.","Clean ingredient samples or images, labels, observation sheet/journal, ruler and balance where appropriate, clean trays/containers, handwashing supplies.","Use locally available produce, paper labels, clean food-grade reused containers, handmade measuring grids and simple classroom balances where suitable.","Frame a question, select comparable samples, measure the relevant property, repeat observations, summarize the data and explain the pattern and one limitation.","Question, sample IDs, data table, calculation/graph, conclusion and limitation.",Is the comparison fair? What variable are you measuring? What pattern is supported by the data?,"No tasting is required. Use clean teacher-approved samples. Wash hands before and after handling. Teachers alone control knives, graters, heat, electrical equipment, chemicals and processing machinery. Do not conduct microbial culture or unsafe food-storage experiments."
IL-230,Primary 4-6,Turmeric,Rhizome,Investigation Challenge,"Investigate investigation challenge in turmeric using a fair sampling method, quantitative evidence and an evidence-based explanation.","Clean ingredient samples or images, labels, observation sheet/journal, ruler and balance where appropriate, clean trays/containers, handwashing supplies.","Use locally available produce, paper labels, clean food-grade reused containers, handmade measuring grids and simple classroom balances where suitable.","Frame a question, select comparable samples, measure the relevant property, repeat observations, summarize the data and explain the pattern and one limitation.","Question, sample IDs, data table, calculation/graph, conclusion and limitation.",Is the comparison fair? What variable are you measuring? What pattern is supported by the data?,"No tasting is required. Use clean teacher-approved samples. Wash hands before and after handling. Teachers alone control knives, graters, heat, electrical equipment, chemicals and processing machinery. Do not conduct microbial culture or unsafe food-storage experiments."
IL-231,Primary 4-6,Pineapple,Fruit,Identity & Plant Part,"Investigate identity & plant part in pineapple using a fair sampling method, quantitative evidence and an evidence-based explanation.","Clean ingredient samples or images, labels, observation sheet/journal, ruler and balance where appropriate, clean trays/containers, handwashing supplies.","Use locally available produce, paper labels, clean food-grade reused containers, handmade measuring grids and simple classroom balances where suitable.","Frame a question, select comparable samples, measure the relevant property, repeat observations, summarize the data and explain the pattern and one limitation.","Question, sample IDs, data table, calculation/graph, conclusion and limitation.",Is the comparison fair? What variable are you measuring? What pattern is supported by the data?,"No tasting is required. Use clean teacher-approved samples. Wash hands before and after handling. Teachers alone control knives, graters, heat, electrical equipment, chemicals and processing machinery. Do not conduct microbial culture or unsafe food-storage experiments."
IL-232,Primary 4-6,Pineapple,Fruit,External Structure,"Investigate external structure in pineapple using a fair sampling method, quantitative evidence and an evidence-based explanation.","Clean ingredient samples or images, labels, observation sheet/journal, ruler and balance where appropriate, clean trays/containers, handwashing supplies.","Use locally available produce, paper labels, clean food-grade reused containers, handmade measuring grids and simple classroom balances where suitable.","Frame a question, select comparable samples, measure the relevant property, repeat observations, summarize the data and explain the pattern and one limitation.","Question, sample IDs, data table, calculation/graph, conclusion and limitation.",Is the comparison fair? What variable are you measuring? What pattern is supported by the data?,"No tasting is required. Use clean teacher-approved samples. Wash hands before and after handling. Teachers alone control knives, graters, heat, electrical equipment, chemicals and processing machinery. Do not conduct microbial culture or unsafe food-storage experiments."
IL-233,Primary 4-6,Pineapple,Fruit,Internal Structure,"Investigate internal structure in pineapple using a fair sampling method, quantitative evidence and an evidence-based explanation.","Clean ingredient samples or images, labels, observation sheet/journal, ruler and balance where appropriate, clean trays/containers, handwashing supplies.","Use locally available produce, paper labels, clean food-grade reused containers, handmade measuring grids and simple classroom balances where suitable.","Frame a question, select comparable samples, measure the relevant property, repeat observations, summarize the data and explain the pattern and one limitation.","Question, sample IDs, data table, calculation/graph, conclusion and limitation.",Is the comparison fair? What variable are you measuring? What pattern is supported by the data?,"No tasting is required. Use clean teacher-approved samples. Wash hands before and after handling. Teachers alone control knives, graters, heat, electrical equipment, chemicals and processing machinery. Do not conduct microbial culture or unsafe food-storage experiments."
IL-234,Primary 4-6,Pineapple,Fruit,Colour & Texture,"Investigate colour & texture in pineapple using a fair sampling method, quantitative evidence and an evidence-based explanation.","Clean ingredient samples or images, labels, observation sheet/journal, ruler and balance where appropriate, clean trays/containers, handwashing supplies.","Use locally available produce, paper labels, clean food-grade reused containers, handmade measuring grids and simple classroom balances where suitable.","Frame a question, select comparable samples, measure the relevant property, repeat observations, summarize the data and explain the pattern and one limitation.","Question, sample IDs, data table, calculation/graph, conclusion and limitation.",Is the comparison fair? What variable are you measuring? What pattern is supported by the data?,"No tasting is required. Use clean teacher-approved samples. Wash hands before and after handling. Teachers alone control knives, graters, heat, electrical equipment, chemicals and processing machinery. Do not conduct microbial culture or unsafe food-storage experiments."
IL-235,Primary 4-6,Pineapple,Fruit,Mass & Size,"Investigate mass & size in pineapple using a fair sampling method, quantitative evidence and an evidence-based explanation.","Clean ingredient samples or images, labels, observation sheet/journal, ruler and balance where appropriate, clean trays/containers, handwashing supplies.","Use locally available produce, paper labels, clean food-grade reused containers, handmade measuring grids and simple classroom balances where suitable.","Frame a question, select comparable samples, measure the relevant property, repeat observations, summarize the data and explain the pattern and one limitation.","Question, sample IDs, data table, calculation/graph, conclusion and limitation.",Is the comparison fair? What variable are you measuring? What pattern is supported by the data?,"No tasting is required. Use clean teacher-approved samples. Wash hands before and after handling. Teachers alone control knives, graters, heat, electrical equipment, chemicals and processing machinery. Do not conduct microbial culture or unsafe food-storage experiments."
IL-236,Primary 4-6,Pineapple,Fruit,Water/Change Observation,"Investigate water/change observation in pineapple using a fair sampling method, quantitative evidence and an evidence-based explanation.","Clean ingredient samples or images, labels, observation sheet/journal, ruler and balance where appropriate, clean trays/containers, handwashing supplies.","Use locally available produce, paper labels, clean food-grade reused containers, handmade measuring grids and simple classroom balances where suitable.","Frame a question, select comparable samples, measure the relevant property, repeat observations, summarize the data and explain the pattern and one limitation.","Question, sample IDs, data table, calculation/graph, conclusion and limitation.",Is the comparison fair? What variable are you measuring? What pattern is supported by the data?,"No tasting is required. Use clean teacher-approved samples. Wash hands before and after handling. Teachers alone control knives, graters, heat, electrical equipment, chemicals and processing machinery. Do not conduct microbial culture or unsafe food-storage experiments."
IL-237,Primary 4-6,Pineapple,Fruit,Sorting & Quality,"Investigate sorting & quality in pineapple using a fair sampling method, quantitative evidence and an evidence-based explanation.","Clean ingredient samples or images, labels, observation sheet/journal, ruler and balance where appropriate, clean trays/containers, handwashing supplies.","Use locally available produce, paper labels, clean food-grade reused containers, handmade measuring grids and simple classroom balances where suitable.","Frame a question, select comparable samples, measure the relevant property, repeat observations, summarize the data and explain the pattern and one limitation.","Question, sample IDs, data table, calculation/graph, conclusion and limitation.",Is the comparison fair? What variable are you measuring? What pattern is supported by the data?,"No tasting is required. Use clean teacher-approved samples. Wash hands before and after handling. Teachers alone control knives, graters, heat, electrical equipment, chemicals and processing machinery. Do not conduct microbial culture or unsafe food-storage experiments."
IL-238,Primary 4-6,Pineapple,Fruit,Post-Harvest Change,"Investigate post-harvest change in pineapple using a fair sampling method, quantitative evidence and an evidence-based explanation.","Clean ingredient samples or images, labels, observation sheet/journal, ruler and balance where appropriate, clean trays/containers, handwashing supplies.","Use locally available produce, paper labels, clean food-grade reused containers, handmade measuring grids and simple classroom balances where suitable.","Frame a question, select comparable samples, measure the relevant property, repeat observations, summarize the data and explain the pattern and one limitation.","Question, sample IDs, data table, calculation/graph, conclusion and limitation.",Is the comparison fair? What variable are you measuring? What pattern is supported by the data?,"No tasting is required. Use clean teacher-approved samples. Wash hands before and after handling. Teachers alone control knives, graters, heat, electrical equipment, chemicals and processing machinery. Do not conduct microbial culture or unsafe food-storage experiments."
IL-239,Primary 4-6,Pineapple,Fruit,Ingredient-to-Food Pathway,"Investigate ingredient-to-food pathway in pineapple using a fair sampling method, quantitative evidence and an evidence-based explanation.","Clean ingredient samples or images, labels, observation sheet/journal, ruler and balance where appropriate, clean trays/containers, handwashing supplies.","Use locally available produce, paper labels, clean food-grade reused containers, handmade measuring grids and simple classroom balances where suitable.","Frame a question, select comparable samples, measure the relevant property, repeat observations, summarize the data and explain the pattern and one limitation.","Question, sample IDs, data table, calculation/graph, conclusion and limitation.",Is the comparison fair? What variable are you measuring? What pattern is supported by the data?,"No tasting is required. Use clean teacher-approved samples. Wash hands before and after handling. Teachers alone control knives, graters, heat, electrical equipment, chemicals and processing machinery. Do not conduct microbial culture or unsafe food-storage experiments."
IL-240,Primary 4-6,Pineapple,Fruit,Investigation Challenge,"Investigate investigation challenge in pineapple using a fair sampling method, quantitative evidence and an evidence-based explanation.","Clean ingredient samples or images, labels, observation sheet/journal, ruler and balance where appropriate, clean trays/containers, handwashing supplies.","Use locally available produce, paper labels, clean food-grade reused containers, handmade measuring grids and simple classroom balances where suitable.","Frame a question, select comparable samples, measure the relevant property, repeat observations, summarize the data and explain the pattern and one limitation.","Question, sample IDs, data table, calculation/graph, conclusion and limitation.",Is the comparison fair? What variable are you measuring? What pattern is supported by the data?,"No tasting is required. Use clean teacher-approved samples. Wash hands before and after handling. Teachers alone control knives, graters, heat, electrical equipment, chemicals and processing machinery. Do not conduct microbial culture or unsafe food-storage experiments."
IL-241,Primary 4-6,Citrus,Fruit,Identity & Plant Part,"Investigate identity & plant part in citrus using a fair sampling method, quantitative evidence and an evidence-based explanation.","Clean ingredient samples or images, labels, observation sheet/journal, ruler and balance where appropriate, clean trays/containers, handwashing supplies.","Use locally available produce, paper labels, clean food-grade reused containers, handmade measuring grids and simple classroom balances where suitable.","Frame a question, select comparable samples, measure the relevant property, repeat observations, summarize the data and explain the pattern and one limitation.","Question, sample IDs, data table, calculation/graph, conclusion and limitation.",Is the comparison fair? What variable are you measuring? What pattern is supported by the data?,"No tasting is required. Use clean teacher-approved samples. Wash hands before and after handling. Teachers alone control knives, graters, heat, electrical equipment, chemicals and processing machinery. Do not conduct microbial culture or unsafe food-storage experiments."
IL-242,Primary 4-6,Citrus,Fruit,External Structure,"Investigate external structure in citrus using a fair sampling method, quantitative evidence and an evidence-based explanation.","Clean ingredient samples or images, labels, observation sheet/journal, ruler and balance where appropriate, clean trays/containers, handwashing supplies.","Use locally available produce, paper labels, clean food-grade reused containers, handmade measuring grids and simple classroom balances where suitable.","Frame a question, select comparable samples, measure the relevant property, repeat observations, summarize the data and explain the pattern and one limitation.","Question, sample IDs, data table, calculation/graph, conclusion and limitation.",Is the comparison fair? What variable are you measuring? What pattern is supported by the data?,"No tasting is required. Use clean teacher-approved samples. Wash hands before and after handling. Teachers alone control knives, graters, heat, electrical equipment, chemicals and processing machinery. Do not conduct microbial culture or unsafe food-storage experiments."
IL-243,Primary 4-6,Citrus,Fruit,Internal Structure,"Investigate internal structure in citrus using a fair sampling method, quantitative evidence and an evidence-based explanation.","Clean ingredient samples or images, labels, observation sheet/journal, ruler and balance where appropriate, clean trays/containers, handwashing supplies.","Use locally available produce, paper labels, clean food-grade reused containers, handmade measuring grids and simple classroom balances where suitable.","Frame a question, select comparable samples, measure the relevant property, repeat observations, summarize the data and explain the pattern and one limitation.","Question, sample IDs, data table, calculation/graph, conclusion and limitation.",Is the comparison fair? What variable are you measuring? What pattern is supported by the data?,"No tasting is required. Use clean teacher-approved samples. Wash hands before and after handling. Teachers alone control knives, graters, heat, electrical equipment, chemicals and processing machinery. Do not conduct microbial culture or unsafe food-storage experiments."
IL-244,Primary 4-6,Citrus,Fruit,Colour & Texture,"Investigate colour & texture in citrus using a fair sampling method, quantitative evidence and an evidence-based explanation.","Clean ingredient samples or images, labels, observation sheet/journal, ruler and balance where appropriate, clean trays/containers, handwashing supplies.","Use locally available produce, paper labels, clean food-grade reused containers, handmade measuring grids and simple classroom balances where suitable.","Frame a question, select comparable samples, measure the relevant property, repeat observations, summarize the data and explain the pattern and one limitation.","Question, sample IDs, data table, calculation/graph, conclusion and limitation.",Is the comparison fair? What variable are you measuring? What pattern is supported by the data?,"No tasting is required. Use clean teacher-approved samples. Wash hands before and after handling. Teachers alone control knives, graters, heat, electrical equipment, chemicals and processing machinery. Do not conduct microbial culture or unsafe food-storage experiments."
IL-245,Primary 4-6,Citrus,Fruit,Mass & Size,"Investigate mass & size in citrus using a fair sampling method, quantitative evidence and an evidence-based explanation.","Clean ingredient samples or images, labels, observation sheet/journal, ruler and balance where appropriate, clean trays/containers, handwashing supplies.","Use locally available produce, paper labels, clean food-grade reused containers, handmade measuring grids and simple classroom balances where suitable.","Frame a question, select comparable samples, measure the relevant property, repeat observations, summarize the data and explain the pattern and one limitation.","Question, sample IDs, data table, calculation/graph, conclusion and limitation.",Is the comparison fair? What variable are you measuring? What pattern is supported by the data?,"No tasting is required. Use clean teacher-approved samples. Wash hands before and after handling. Teachers alone control knives, graters, heat, electrical equipment, chemicals and processing machinery. Do not conduct microbial culture or unsafe food-storage experiments."
IL-246,Primary 4-6,Citrus,Fruit,Water/Change Observation,"Investigate water/change observation in citrus using a fair sampling method, quantitative evidence and an evidence-based explanation.","Clean ingredient samples or images, labels, observation sheet/journal, ruler and balance where appropriate, clean trays/containers, handwashing supplies.","Use locally available produce, paper labels, clean food-grade reused containers, handmade measuring grids and simple classroom balances where suitable.","Frame a question, select comparable samples, measure the relevant property, repeat observations, summarize the data and explain the pattern and one limitation.","Question, sample IDs, data table, calculation/graph, conclusion and limitation.",Is the comparison fair? What variable are you measuring? What pattern is supported by the data?,"No tasting is required. Use clean teacher-approved samples. Wash hands before and after handling. Teachers alone control knives, graters, heat, electrical equipment, chemicals and processing machinery. Do not conduct microbial culture or unsafe food-storage experiments."
IL-247,Primary 4-6,Citrus,Fruit,Sorting & Quality,"Investigate sorting & quality in citrus using a fair sampling method, quantitative evidence and an evidence-based explanation.","Clean ingredient samples or images, labels, observation sheet/journal, ruler and balance where appropriate, clean trays/containers, handwashing supplies.","Use locally available produce, paper labels, clean food-grade reused containers, handmade measuring grids and simple classroom balances where suitable.","Frame a question, select comparable samples, measure the relevant property, repeat observations, summarize the data and explain the pattern and one limitation.","Question, sample IDs, data table, calculation/graph, conclusion and limitation.",Is the comparison fair? What variable are you measuring? What pattern is supported by the data?,"No tasting is required. Use clean teacher-approved samples. Wash hands before and after handling. Teachers alone control knives, graters, heat, electrical equipment, chemicals and processing machinery. Do not conduct microbial culture or unsafe food-storage experiments."
IL-248,Primary 4-6,Citrus,Fruit,Post-Harvest Change,"Investigate post-harvest change in citrus using a fair sampling method, quantitative evidence and an evidence-based explanation.","Clean ingredient samples or images, labels, observation sheet/journal, ruler and balance where appropriate, clean trays/containers, handwashing supplies.","Use locally available produce, paper labels, clean food-grade reused containers, handmade measuring grids and simple classroom balances where suitable.","Frame a question, select comparable samples, measure the relevant property, repeat observations, summarize the data and explain the pattern and one limitation.","Question, sample IDs, data table, calculation/graph, conclusion and limitation.",Is the comparison fair? What variable are you measuring? What pattern is supported by the data?,"No tasting is required. Use clean teacher-approved samples. Wash hands before and after handling. Teachers alone control knives, graters, heat, electrical equipment, chemicals and processing machinery. Do not conduct microbial culture or unsafe food-storage experiments."
IL-249,Primary 4-6,Citrus,Fruit,Ingredient-to-Food Pathway,"Investigate ingredient-to-food pathway in citrus using a fair sampling method, quantitative evidence and an evidence-based explanation.","Clean ingredient samples or images, labels, observation sheet/journal, ruler and balance where appropriate, clean trays/containers, handwashing supplies.","Use locally available produce, paper labels, clean food-grade reused containers, handmade measuring grids and simple classroom balances where suitable.","Frame a question, select comparable samples, measure the relevant property, repeat observations, summarize the data and explain the pattern and one limitation.","Question, sample IDs, data table, calculation/graph, conclusion and limitation.",Is the comparison fair? What variable are you measuring? What pattern is supported by the data?,"No tasting is required. Use clean teacher-approved samples. Wash hands before and after handling. Teachers alone control knives, graters, heat, electrical equipment, chemicals and processing machinery. Do not conduct microbial culture or unsafe food-storage experiments."
IL-250,Primary 4-6,Citrus,Fruit,Investigation Challenge,"Investigate investigation challenge in citrus using a fair sampling method, quantitative evidence and an evidence-based explanation.","Clean ingredient samples or images, labels, observation sheet/journal, ruler and balance where appropriate, clean trays/containers, handwashing supplies.","Use locally available produce, paper labels, clean food-grade reused containers, handmade measuring grids and simple classroom balances where suitable.","Frame a question, select comparable samples, measure the relevant property, repeat observations, summarize the data and explain the pattern and one limitation.","Question, sample IDs, data table, calculation/graph, conclusion and limitation.",Is the comparison fair? What variable are you measuring? What pattern is supported by the data?,"No tasting is required. Use clean teacher-approved samples. Wash hands before and after handling. Teachers alone control knives, graters, heat, electrical equipment, chemicals and processing machinery. Do not conduct microbial culture or unsafe food-storage experiments."
IL-251,Primary 4-6,Mint,Leaf,Identity & Plant Part,"Investigate identity & plant part in mint using a fair sampling method, quantitative evidence and an evidence-based explanation.","Clean ingredient samples or images, labels, observation sheet/journal, ruler and balance where appropriate, clean trays/containers, handwashing supplies.","Use locally available produce, paper labels, clean food-grade reused containers, handmade measuring grids and simple classroom balances where suitable.","Frame a question, select comparable samples, measure the relevant property, repeat observations, summarize the data and explain the pattern and one limitation.","Question, sample IDs, data table, calculation/graph, conclusion and limitation.",Is the comparison fair? What variable are you measuring? What pattern is supported by the data?,"No tasting is required. Use clean teacher-approved samples. Wash hands before and after handling. Teachers alone control knives, graters, heat, electrical equipment, chemicals and processing machinery. Do not conduct microbial culture or unsafe food-storage experiments."
IL-252,Primary 4-6,Mint,Leaf,External Structure,"Investigate external structure in mint using a fair sampling method, quantitative evidence and an evidence-based explanation.","Clean ingredient samples or images, labels, observation sheet/journal, ruler and balance where appropriate, clean trays/containers, handwashing supplies.","Use locally available produce, paper labels, clean food-grade reused containers, handmade measuring grids and simple classroom balances where suitable.","Frame a question, select comparable samples, measure the relevant property, repeat observations, summarize the data and explain the pattern and one limitation.","Question, sample IDs, data table, calculation/graph, conclusion and limitation.",Is the comparison fair? What variable are you measuring? What pattern is supported by the data?,"No tasting is required. Use clean teacher-approved samples. Wash hands before and after handling. Teachers alone control knives, graters, heat, electrical equipment, chemicals and processing machinery. Do not conduct microbial culture or unsafe food-storage experiments."
IL-253,Primary 4-6,Mint,Leaf,Internal Structure,"Investigate internal structure in mint using a fair sampling method, quantitative evidence and an evidence-based explanation.","Clean ingredient samples or images, labels, observation sheet/journal, ruler and balance where appropriate, clean trays/containers, handwashing supplies.","Use locally available produce, paper labels, clean food-grade reused containers, handmade measuring grids and simple classroom balances where suitable.","Frame a question, select comparable samples, measure the relevant property, repeat observations, summarize the data and explain the pattern and one limitation.","Question, sample IDs, data table, calculation/graph, conclusion and limitation.",Is the comparison fair? What variable are you measuring? What pattern is supported by the data?,"No tasting is required. Use clean teacher-approved samples. Wash hands before and after handling. Teachers alone control knives, graters, heat, electrical equipment, chemicals and processing machinery. Do not conduct microbial culture or unsafe food-storage experiments."
IL-254,Primary 4-6,Mint,Leaf,Colour & Texture,"Investigate colour & texture in mint using a fair sampling method, quantitative evidence and an evidence-based explanation.","Clean ingredient samples or images, labels, observation sheet/journal, ruler and balance where appropriate, clean trays/containers, handwashing supplies.","Use locally available produce, paper labels, clean food-grade reused containers, handmade measuring grids and simple classroom balances where suitable.","Frame a question, select comparable samples, measure the relevant property, repeat observations, summarize the data and explain the pattern and one limitation.","Question, sample IDs, data table, calculation/graph, conclusion and limitation.",Is the comparison fair? What variable are you measuring? What pattern is supported by the data?,"No tasting is required. Use clean teacher-approved samples. Wash hands before and after handling. Teachers alone control knives, graters, heat, electrical equipment, chemicals and processing machinery. Do not conduct microbial culture or unsafe food-storage experiments."
IL-255,Primary 4-6,Mint,Leaf,Mass & Size,"Investigate mass & size in mint using a fair sampling method, quantitative evidence and an evidence-based explanation.","Clean ingredient samples or images, labels, observation sheet/journal, ruler and balance where appropriate, clean trays/containers, handwashing supplies.","Use locally available produce, paper labels, clean food-grade reused containers, handmade measuring grids and simple classroom balances where suitable.","Frame a question, select comparable samples, measure the relevant property, repeat observations, summarize the data and explain the pattern and one limitation.","Question, sample IDs, data table, calculation/graph, conclusion and limitation.",Is the comparison fair? What variable are you measuring? What pattern is supported by the data?,"No tasting is required. Use clean teacher-approved samples. Wash hands before and after handling. Teachers alone control knives, graters, heat, electrical equipment, chemicals and processing machinery. Do not conduct microbial culture or unsafe food-storage experiments."
IL-256,Primary 4-6,Mint,Leaf,Water/Change Observation,"Investigate water/change observation in mint using a fair sampling method, quantitative evidence and an evidence-based explanation.","Clean ingredient samples or images, labels, observation sheet/journal, ruler and balance where appropriate, clean trays/containers, handwashing supplies.","Use locally available produce, paper labels, clean food-grade reused containers, handmade measuring grids and simple classroom balances where suitable.","Frame a question, select comparable samples, measure the relevant property, repeat observations, summarize the data and explain the pattern and one limitation.","Question, sample IDs, data table, calculation/graph, conclusion and limitation.",Is the comparison fair? What variable are you measuring? What pattern is supported by the data?,"No tasting is required. Use clean teacher-approved samples. Wash hands before and after handling. Teachers alone control knives, graters, heat, electrical equipment, chemicals and processing machinery. Do not conduct microbial culture or unsafe food-storage experiments."
IL-257,Primary 4-6,Mint,Leaf,Sorting & Quality,"Investigate sorting & quality in mint using a fair sampling method, quantitative evidence and an evidence-based explanation.","Clean ingredient samples or images, labels, observation sheet/journal, ruler and balance where appropriate, clean trays/containers, handwashing supplies.","Use locally available produce, paper labels, clean food-grade reused containers, handmade measuring grids and simple classroom balances where suitable.","Frame a question, select comparable samples, measure the relevant property, repeat observations, summarize the data and explain the pattern and one limitation.","Question, sample IDs, data table, calculation/graph, conclusion and limitation.",Is the comparison fair? What variable are you measuring? What pattern is supported by the data?,"No tasting is required. Use clean teacher-approved samples. Wash hands before and after handling. Teachers alone control knives, graters, heat, electrical equipment, chemicals and processing machinery. Do not conduct microbial culture or unsafe food-storage experiments."
IL-258,Primary 4-6,Mint,Leaf,Post-Harvest Change,"Investigate post-harvest change in mint using a fair sampling method, quantitative evidence and an evidence-based explanation.","Clean ingredient samples or images, labels, observation sheet/journal, ruler and balance where appropriate, clean trays/containers, handwashing supplies.","Use locally available produce, paper labels, clean food-grade reused containers, handmade measuring grids and simple classroom balances where suitable.","Frame a question, select comparable samples, measure the relevant property, repeat observations, summarize the data and explain the pattern and one limitation.","Question, sample IDs, data table, calculation/graph, conclusion and limitation.",Is the comparison fair? What variable are you measuring? What pattern is supported by the data?,"No tasting is required. Use clean teacher-approved samples. Wash hands before and after handling. Teachers alone control knives, graters, heat, electrical equipment, chemicals and processing machinery. Do not conduct microbial culture or unsafe food-storage experiments."
IL-259,Primary 4-6,Mint,Leaf,Ingredient-to-Food Pathway,"Investigate ingredient-to-food pathway in mint using a fair sampling method, quantitative evidence and an evidence-based explanation.","Clean ingredient samples or images, labels, observation sheet/journal, ruler and balance where appropriate, clean trays/containers, handwashing supplies.","Use locally available produce, paper labels, clean food-grade reused containers, handmade measuring grids and simple classroom balances where suitable.","Frame a question, select comparable samples, measure the relevant property, repeat observations, summarize the data and explain the pattern and one limitation.","Question, sample IDs, data table, calculation/graph, conclusion and limitation.",Is the comparison fair? What variable are you measuring? What pattern is supported by the data?,"No tasting is required. Use clean teacher-approved samples. Wash hands before and after handling. Teachers alone control knives, graters, heat, electrical equipment, chemicals and processing machinery. Do not conduct microbial culture or unsafe food-storage experiments."
IL-260,Primary 4-6,Mint,Leaf,Investigation Challenge,"Investigate investigation challenge in mint using a fair sampling method, quantitative evidence and an evidence-based explanation.","Clean ingredient samples or images, labels, observation sheet/journal, ruler and balance where appropriate, clean trays/containers, handwashing supplies.","Use locally available produce, paper labels, clean food-grade reused containers, handmade measuring grids and simple classroom balances where suitable.","Frame a question, select comparable samples, measure the relevant property, repeat observations, summarize the data and explain the pattern and one limitation.","Question, sample IDs, data table, calculation/graph, conclusion and limitation.",Is the comparison fair? What variable are you measuring? What pattern is supported by the data?,"No tasting is required. Use clean teacher-approved samples. Wash hands before and after handling. Teachers alone control knives, graters, heat, electrical equipment, chemicals and processing machinery. Do not conduct microbial culture or unsafe food-storage experiments."
IL-261,Primary 4-6,Moringa,Leaf,Identity & Plant Part,"Investigate identity & plant part in moringa using a fair sampling method, quantitative evidence and an evidence-based explanation.","Clean ingredient samples or images, labels, observation sheet/journal, ruler and balance where appropriate, clean trays/containers, handwashing supplies.","Use locally available produce, paper labels, clean food-grade reused containers, handmade measuring grids and simple classroom balances where suitable.","Frame a question, select comparable samples, measure the relevant property, repeat observations, summarize the data and explain the pattern and one limitation.","Question, sample IDs, data table, calculation/graph, conclusion and limitation.",Is the comparison fair? What variable are you measuring? What pattern is supported by the data?,"No tasting is required. Use clean teacher-approved samples. Wash hands before and after handling. Teachers alone control knives, graters, heat, electrical equipment, chemicals and processing machinery. Do not conduct microbial culture or unsafe food-storage experiments."
IL-262,Primary 4-6,Moringa,Leaf,External Structure,"Investigate external structure in moringa using a fair sampling method, quantitative evidence and an evidence-based explanation.","Clean ingredient samples or images, labels, observation sheet/journal, ruler and balance where appropriate, clean trays/containers, handwashing supplies.","Use locally available produce, paper labels, clean food-grade reused containers, handmade measuring grids and simple classroom balances where suitable.","Frame a question, select comparable samples, measure the relevant property, repeat observations, summarize the data and explain the pattern and one limitation.","Question, sample IDs, data table, calculation/graph, conclusion and limitation.",Is the comparison fair? What variable are you measuring? What pattern is supported by the data?,"No tasting is required. Use clean teacher-approved samples. Wash hands before and after handling. Teachers alone control knives, graters, heat, electrical equipment, chemicals and processing machinery. Do not conduct microbial culture or unsafe food-storage experiments."
IL-263,Primary 4-6,Moringa,Leaf,Internal Structure,"Investigate internal structure in moringa using a fair sampling method, quantitative evidence and an evidence-based explanation.","Clean ingredient samples or images, labels, observation sheet/journal, ruler and balance where appropriate, clean trays/containers, handwashing supplies.","Use locally available produce, paper labels, clean food-grade reused containers, handmade measuring grids and simple classroom balances where suitable.","Frame a question, select comparable samples, measure the relevant property, repeat observations, summarize the data and explain the pattern and one limitation.","Question, sample IDs, data table, calculation/graph, conclusion and limitation.",Is the comparison fair? What variable are you measuring? What pattern is supported by the data?,"No tasting is required. Use clean teacher-approved samples. Wash hands before and after handling. Teachers alone control knives, graters, heat, electrical equipment, chemicals and processing machinery. Do not conduct microbial culture or unsafe food-storage experiments."
IL-264,Primary 4-6,Moringa,Leaf,Colour & Texture,"Investigate colour & texture in moringa using a fair sampling method, quantitative evidence and an evidence-based explanation.","Clean ingredient samples or images, labels, observation sheet/journal, ruler and balance where appropriate, clean trays/containers, handwashing supplies.","Use locally available produce, paper labels, clean food-grade reused containers, handmade measuring grids and simple classroom balances where suitable.","Frame a question, select comparable samples, measure the relevant property, repeat observations, summarize the data and explain the pattern and one limitation.","Question, sample IDs, data table, calculation/graph, conclusion and limitation.",Is the comparison fair? What variable are you measuring? What pattern is supported by the data?,"No tasting is required. Use clean teacher-approved samples. Wash hands before and after handling. Teachers alone control knives, graters, heat, electrical equipment, chemicals and processing machinery. Do not conduct microbial culture or unsafe food-storage experiments."
IL-265,Primary 4-6,Moringa,Leaf,Mass & Size,"Investigate mass & size in moringa using a fair sampling method, quantitative evidence and an evidence-based explanation.","Clean ingredient samples or images, labels, observation sheet/journal, ruler and balance where appropriate, clean trays/containers, handwashing supplies.","Use locally available produce, paper labels, clean food-grade reused containers, handmade measuring grids and simple classroom balances where suitable.","Frame a question, select comparable samples, measure the relevant property, repeat observations, summarize the data and explain the pattern and one limitation.","Question, sample IDs, data table, calculation/graph, conclusion and limitation.",Is the comparison fair? What variable are you measuring? What pattern is supported by the data?,"No tasting is required. Use clean teacher-approved samples. Wash hands before and after handling. Teachers alone control knives, graters, heat, electrical equipment, chemicals and processing machinery. Do not conduct microbial culture or unsafe food-storage experiments."
IL-266,Primary 4-6,Moringa,Leaf,Water/Change Observation,"Investigate water/change observation in moringa using a fair sampling method, quantitative evidence and an evidence-based explanation.","Clean ingredient samples or images, labels, observation sheet/journal, ruler and balance where appropriate, clean trays/containers, handwashing supplies.","Use locally available produce, paper labels, clean food-grade reused containers, handmade measuring grids and simple classroom balances where suitable.","Frame a question, select comparable samples, measure the relevant property, repeat observations, summarize the data and explain the pattern and one limitation.","Question, sample IDs, data table, calculation/graph, conclusion and limitation.",Is the comparison fair? What variable are you measuring? What pattern is supported by the data?,"No tasting is required. Use clean teacher-approved samples. Wash hands before and after handling. Teachers alone control knives, graters, heat, electrical equipment, chemicals and processing machinery. Do not conduct microbial culture or unsafe food-storage experiments."
IL-267,Primary 4-6,Moringa,Leaf,Sorting & Quality,"Investigate sorting & quality in moringa using a fair sampling method, quantitative evidence and an evidence-based explanation.","Clean ingredient samples or images, labels, observation sheet/journal, ruler and balance where appropriate, clean trays/containers, handwashing supplies.","Use locally available produce, paper labels, clean food-grade reused containers, handmade measuring grids and simple classroom balances where suitable.","Frame a question, select comparable samples, measure the relevant property, repeat observations, summarize the data and explain the pattern and one limitation.","Question, sample IDs, data table, calculation/graph, conclusion and limitation.",Is the comparison fair? What variable are you measuring? What pattern is supported by the data?,"No tasting is required. Use clean teacher-approved samples. Wash hands before and after handling. Teachers alone control knives, graters, heat, electrical equipment, chemicals and processing machinery. Do not conduct microbial culture or unsafe food-storage experiments."
IL-268,Primary 4-6,Moringa,Leaf,Post-Harvest Change,"Investigate post-harvest change in moringa using a fair sampling method, quantitative evidence and an evidence-based explanation.","Clean ingredient samples or images, labels, observation sheet/journal, ruler and balance where appropriate, clean trays/containers, handwashing supplies.","Use locally available produce, paper labels, clean food-grade reused containers, handmade measuring grids and simple classroom balances where suitable.","Frame a question, select comparable samples, measure the relevant property, repeat observations, summarize the data and explain the pattern and one limitation.","Question, sample IDs, data table, calculation/graph, conclusion and limitation.",Is the comparison fair? What variable are you measuring? What pattern is supported by the data?,"No tasting is required. Use clean teacher-approved samples. Wash hands before and after handling. Teachers alone control knives, graters, heat, electrical equipment, chemicals and processing machinery. Do not conduct microbial culture or unsafe food-storage experiments."
IL-269,Primary 4-6,Moringa,Leaf,Ingredient-to-Food Pathway,"Investigate ingredient-to-food pathway in moringa using a fair sampling method, quantitative evidence and an evidence-based explanation.","Clean ingredient samples or images, labels, observation sheet/journal, ruler and balance where appropriate, clean trays/containers, handwashing supplies.","Use locally available produce, paper labels, clean food-grade reused containers, handmade measuring grids and simple classroom balances where suitable.","Frame a question, select comparable samples, measure the relevant property, repeat observations, summarize the data and explain the pattern and one limitation.","Question, sample IDs, data table, calculation/graph, conclusion and limitation.",Is the comparison fair? What variable are you measuring? What pattern is supported by the data?,"No tasting is required. Use clean teacher-approved samples. Wash hands before and after handling. Teachers alone control knives, graters, heat, electrical equipment, chemicals and processing machinery. Do not conduct microbial culture or unsafe food-storage experiments."
IL-270,Primary 4-6,Moringa,Leaf,Investigation Challenge,"Investigate investigation challenge in moringa using a fair sampling method, quantitative evidence and an evidence-based explanation.","Clean ingredient samples or images, labels, observation sheet/journal, ruler and balance where appropriate, clean trays/containers, handwashing supplies.","Use locally available produce, paper labels, clean food-grade reused containers, handmade measuring grids and simple classroom balances where suitable.","Frame a question, select comparable samples, measure the relevant property, repeat observations, summarize the data and explain the pattern and one limitation.","Question, sample IDs, data table, calculation/graph, conclusion and limitation.",Is the comparison fair? What variable are you measuring? What pattern is supported by the data?,"No tasting is required. Use clean teacher-approved samples. Wash hands before and after handling. Teachers alone control knives, graters, heat, electrical equipment, chemicals and processing machinery. Do not conduct microbial culture or unsafe food-storage experiments."
IL-271,Primary 4-6,Watermelon,Fruit,Identity & Plant Part,"Investigate identity & plant part in watermelon using a fair sampling method, quantitative evidence and an evidence-based explanation.","Clean ingredient samples or images, labels, observation sheet/journal, ruler and balance where appropriate, clean trays/containers, handwashing supplies.","Use locally available produce, paper labels, clean food-grade reused containers, handmade measuring grids and simple classroom balances where suitable.","Frame a question, select comparable samples, measure the relevant property, repeat observations, summarize the data and explain the pattern and one limitation.","Question, sample IDs, data table, calculation/graph, conclusion and limitation.",Is the comparison fair? What variable are you measuring? What pattern is supported by the data?,"No tasting is required. Use clean teacher-approved samples. Wash hands before and after handling. Teachers alone control knives, graters, heat, electrical equipment, chemicals and processing machinery. Do not conduct microbial culture or unsafe food-storage experiments."
IL-272,Primary 4-6,Watermelon,Fruit,External Structure,"Investigate external structure in watermelon using a fair sampling method, quantitative evidence and an evidence-based explanation.","Clean ingredient samples or images, labels, observation sheet/journal, ruler and balance where appropriate, clean trays/containers, handwashing supplies.","Use locally available produce, paper labels, clean food-grade reused containers, handmade measuring grids and simple classroom balances where suitable.","Frame a question, select comparable samples, measure the relevant property, repeat observations, summarize the data and explain the pattern and one limitation.","Question, sample IDs, data table, calculation/graph, conclusion and limitation.",Is the comparison fair? What variable are you measuring? What pattern is supported by the data?,"No tasting is required. Use clean teacher-approved samples. Wash hands before and after handling. Teachers alone control knives, graters, heat, electrical equipment, chemicals and processing machinery. Do not conduct microbial culture or unsafe food-storage experiments."
IL-273,Primary 4-6,Watermelon,Fruit,Internal Structure,"Investigate internal structure in watermelon using a fair sampling method, quantitative evidence and an evidence-based explanation.","Clean ingredient samples or images, labels, observation sheet/journal, ruler and balance where appropriate, clean trays/containers, handwashing supplies.","Use locally available produce, paper labels, clean food-grade reused containers, handmade measuring grids and simple classroom balances where suitable.","Frame a question, select comparable samples, measure the relevant property, repeat observations, summarize the data and explain the pattern and one limitation.","Question, sample IDs, data table, calculation/graph, conclusion and limitation.",Is the comparison fair? What variable are you measuring? What pattern is supported by the data?,"No tasting is required. Use clean teacher-approved samples. Wash hands before and after handling. Teachers alone control knives, graters, heat, electrical equipment, chemicals and processing machinery. Do not conduct microbial culture or unsafe food-storage experiments."
IL-274,Primary 4-6,Watermelon,Fruit,Colour & Texture,"Investigate colour & texture in watermelon using a fair sampling method, quantitative evidence and an evidence-based explanation.","Clean ingredient samples or images, labels, observation sheet/journal, ruler and balance where appropriate, clean trays/containers, handwashing supplies.","Use locally available produce, paper labels, clean food-grade reused containers, handmade measuring grids and simple classroom balances where suitable.","Frame a question, select comparable samples, measure the relevant property, repeat observations, summarize the data and explain the pattern and one limitation.","Question, sample IDs, data table, calculation/graph, conclusion and limitation.",Is the comparison fair? What variable are you measuring? What pattern is supported by the data?,"No tasting is required. Use clean teacher-approved samples. Wash hands before and after handling. Teachers alone control knives, graters, heat, electrical equipment, chemicals and processing machinery. Do not conduct microbial culture or unsafe food-storage experiments."
IL-275,Primary 4-6,Watermelon,Fruit,Mass & Size,"Investigate mass & size in watermelon using a fair sampling method, quantitative evidence and an evidence-based explanation.","Clean ingredient samples or images, labels, observation sheet/journal, ruler and balance where appropriate, clean trays/containers, handwashing supplies.","Use locally available produce, paper labels, clean food-grade reused containers, handmade measuring grids and simple classroom balances where suitable.","Frame a question, select comparable samples, measure the relevant property, repeat observations, summarize the data and explain the pattern and one limitation.","Question, sample IDs, data table, calculation/graph, conclusion and limitation.",Is the comparison fair? What variable are you measuring? What pattern is supported by the data?,"No tasting is required. Use clean teacher-approved samples. Wash hands before and after handling. Teachers alone control knives, graters, heat, electrical equipment, chemicals and processing machinery. Do not conduct microbial culture or unsafe food-storage experiments."
IL-276,Primary 4-6,Watermelon,Fruit,Water/Change Observation,"Investigate water/change observation in watermelon using a fair sampling method, quantitative evidence and an evidence-based explanation.","Clean ingredient samples or images, labels, observation sheet/journal, ruler and balance where appropriate, clean trays/containers, handwashing supplies.","Use locally available produce, paper labels, clean food-grade reused containers, handmade measuring grids and simple classroom balances where suitable.","Frame a question, select comparable samples, measure the relevant property, repeat observations, summarize the data and explain the pattern and one limitation.","Question, sample IDs, data table, calculation/graph, conclusion and limitation.",Is the comparison fair? What variable are you measuring? What pattern is supported by the data?,"No tasting is required. Use clean teacher-approved samples. Wash hands before and after handling. Teachers alone control knives, graters, heat, electrical equipment, chemicals and processing machinery. Do not conduct microbial culture or unsafe food-storage experiments."
IL-277,Primary 4-6,Watermelon,Fruit,Sorting & Quality,"Investigate sorting & quality in watermelon using a fair sampling method, quantitative evidence and an evidence-based explanation.","Clean ingredient samples or images, labels, observation sheet/journal, ruler and balance where appropriate, clean trays/containers, handwashing supplies.","Use locally available produce, paper labels, clean food-grade reused containers, handmade measuring grids and simple classroom balances where suitable.","Frame a question, select comparable samples, measure the relevant property, repeat observations, summarize the data and explain the pattern and one limitation.","Question, sample IDs, data table, calculation/graph, conclusion and limitation.",Is the comparison fair? What variable are you measuring? What pattern is supported by the data?,"No tasting is required. Use clean teacher-approved samples. Wash hands before and after handling. Teachers alone control knives, graters, heat, electrical equipment, chemicals and processing machinery. Do not conduct microbial culture or unsafe food-storage experiments."
IL-278,Primary 4-6,Watermelon,Fruit,Post-Harvest Change,"Investigate post-harvest change in watermelon using a fair sampling method, quantitative evidence and an evidence-based explanation.","Clean ingredient samples or images, labels, observation sheet/journal, ruler and balance where appropriate, clean trays/containers, handwashing supplies.","Use locally available produce, paper labels, clean food-grade reused containers, handmade measuring grids and simple classroom balances where suitable.","Frame a question, select comparable samples, measure the relevant property, repeat observations, summarize the data and explain the pattern and one limitation.","Question, sample IDs, data table, calculation/graph, conclusion and limitation.",Is the comparison fair? What variable are you measuring? What pattern is supported by the data?,"No tasting is required. Use clean teacher-approved samples. Wash hands before and after handling. Teachers alone control knives, graters, heat, electrical equipment, chemicals and processing machinery. Do not conduct microbial culture or unsafe food-storage experiments."
IL-279,Primary 4-6,Watermelon,Fruit,Ingredient-to-Food Pathway,"Investigate ingredient-to-food pathway in watermelon using a fair sampling method, quantitative evidence and an evidence-based explanation.","Clean ingredient samples or images, labels, observation sheet/journal, ruler and balance where appropriate, clean trays/containers, handwashing supplies.","Use locally available produce, paper labels, clean food-grade reused containers, handmade measuring grids and simple classroom balances where suitable.","Frame a question, select comparable samples, measure the relevant property, repeat observations, summarize the data and explain the pattern and one limitation.","Question, sample IDs, data table, calculation/graph, conclusion and limitation.",Is the comparison fair? What variable are you measuring? What pattern is supported by the data?,"No tasting is required. Use clean teacher-approved samples. Wash hands before and after handling. Teachers alone control knives, graters, heat, electrical equipment, chemicals and processing machinery. Do not conduct microbial culture or unsafe food-storage experiments."
IL-280,Primary 4-6,Watermelon,Fruit,Investigation Challenge,"Investigate investigation challenge in watermelon using a fair sampling method, quantitative evidence and an evidence-based explanation.","Clean ingredient samples or images, labels, observation sheet/journal, ruler and balance where appropriate, clean trays/containers, handwashing supplies.","Use locally available produce, paper labels, clean food-grade reused containers, handmade measuring grids and simple classroom balances where suitable.","Frame a question, select comparable samples, measure the relevant property, repeat observations, summarize the data and explain the pattern and one limitation.","Question, sample IDs, data table, calculation/graph, conclusion and limitation.",Is the comparison fair? What variable are you measuring? What pattern is supported by the data?,"No tasting is required. Use clean teacher-approved samples. Wash hands before and after handling. Teachers alone control knives, graters, heat, electrical equipment, chemicals and processing machinery. Do not conduct microbial culture or unsafe food-storage experiments."
IL-281,Primary 4-6,Tomato,Fruit,Identity & Plant Part,"Investigate identity & plant part in tomato using a fair sampling method, quantitative evidence and an evidence-based explanation.","Clean ingredient samples or images, labels, observation sheet/journal, ruler and balance where appropriate, clean trays/containers, handwashing supplies.","Use locally available produce, paper labels, clean food-grade reused containers, handmade measuring grids and simple classroom balances where suitable.","Frame a question, select comparable samples, measure the relevant property, repeat observations, summarize the data and explain the pattern and one limitation.","Question, sample IDs, data table, calculation/graph, conclusion and limitation.",Is the comparison fair? What variable are you measuring? What pattern is supported by the data?,"No tasting is required. Use clean teacher-approved samples. Wash hands before and after handling. Teachers alone control knives, graters, heat, electrical equipment, chemicals and processing machinery. Do not conduct microbial culture or unsafe food-storage experiments."
IL-282,Primary 4-6,Tomato,Fruit,External Structure,"Investigate external structure in tomato using a fair sampling method, quantitative evidence and an evidence-based explanation.","Clean ingredient samples or images, labels, observation sheet/journal, ruler and balance where appropriate, clean trays/containers, handwashing supplies.","Use locally available produce, paper labels, clean food-grade reused containers, handmade measuring grids and simple classroom balances where suitable.","Frame a question, select comparable samples, measure the relevant property, repeat observations, summarize the data and explain the pattern and one limitation.","Question, sample IDs, data table, calculation/graph, conclusion and limitation.",Is the comparison fair? What variable are you measuring? What pattern is supported by the data?,"No tasting is required. Use clean teacher-approved samples. Wash hands before and after handling. Teachers alone control knives, graters, heat, electrical equipment, chemicals and processing machinery. Do not conduct microbial culture or unsafe food-storage experiments."
IL-283,Primary 4-6,Tomato,Fruit,Internal Structure,"Investigate internal structure in tomato using a fair sampling method, quantitative evidence and an evidence-based explanation.","Clean ingredient samples or images, labels, observation sheet/journal, ruler and balance where appropriate, clean trays/containers, handwashing supplies.","Use locally available produce, paper labels, clean food-grade reused containers, handmade measuring grids and simple classroom balances where suitable.","Frame a question, select comparable samples, measure the relevant property, repeat observations, summarize the data and explain the pattern and one limitation.","Question, sample IDs, data table, calculation/graph, conclusion and limitation.",Is the comparison fair? What variable are you measuring? What pattern is supported by the data?,"No tasting is required. Use clean teacher-approved samples. Wash hands before and after handling. Teachers alone control knives, graters, heat, electrical equipment, chemicals and processing machinery. Do not conduct microbial culture or unsafe food-storage experiments."
IL-284,Primary 4-6,Tomato,Fruit,Colour & Texture,"Investigate colour & texture in tomato using a fair sampling method, quantitative evidence and an evidence-based explanation.","Clean ingredient samples or images, labels, observation sheet/journal, ruler and balance where appropriate, clean trays/containers, handwashing supplies.","Use locally available produce, paper labels, clean food-grade reused containers, handmade measuring grids and simple classroom balances where suitable.","Frame a question, select comparable samples, measure the relevant property, repeat observations, summarize the data and explain the pattern and one limitation.","Question, sample IDs, data table, calculation/graph, conclusion and limitation.",Is the comparison fair? What variable are you measuring? What pattern is supported by the data?,"No tasting is required. Use clean teacher-approved samples. Wash hands before and after handling. Teachers alone control knives, graters, heat, electrical equipment, chemicals and processing machinery. Do not conduct microbial culture or unsafe food-storage experiments."
IL-285,Primary 4-6,Tomato,Fruit,Mass & Size,"Investigate mass & size in tomato using a fair sampling method, quantitative evidence and an evidence-based explanation.","Clean ingredient samples or images, labels, observation sheet/journal, ruler and balance where appropriate, clean trays/containers, handwashing supplies.","Use locally available produce, paper labels, clean food-grade reused containers, handmade measuring grids and simple classroom balances where suitable.","Frame a question, select comparable samples, measure the relevant property, repeat observations, summarize the data and explain the pattern and one limitation.","Question, sample IDs, data table, calculation/graph, conclusion and limitation.",Is the comparison fair? What variable are you measuring? What pattern is supported by the data?,"No tasting is required. Use clean teacher-approved samples. Wash hands before and after handling. Teachers alone control knives, graters, heat, electrical equipment, chemicals and processing machinery. Do not conduct microbial culture or unsafe food-storage experiments."
IL-286,Primary 4-6,Tomato,Fruit,Water/Change Observation,"Investigate water/change observation in tomato using a fair sampling method, quantitative evidence and an evidence-based explanation.","Clean ingredient samples or images, labels, observation sheet/journal, ruler and balance where appropriate, clean trays/containers, handwashing supplies.","Use locally available produce, paper labels, clean food-grade reused containers, handmade measuring grids and simple classroom balances where suitable.","Frame a question, select comparable samples, measure the relevant property, repeat observations, summarize the data and explain the pattern and one limitation.","Question, sample IDs, data table, calculation/graph, conclusion and limitation.",Is the comparison fair? What variable are you measuring? What pattern is supported by the data?,"No tasting is required. Use clean teacher-approved samples. Wash hands before and after handling. Teachers alone control knives, graters, heat, electrical equipment, chemicals and processing machinery. Do not conduct microbial culture or unsafe food-storage experiments."
IL-287,Primary 4-6,Tomato,Fruit,Sorting & Quality,"Investigate sorting & quality in tomato using a fair sampling method, quantitative evidence and an evidence-based explanation.","Clean ingredient samples or images, labels, observation sheet/journal, ruler and balance where appropriate, clean trays/containers, handwashing supplies.","Use locally available produce, paper labels, clean food-grade reused containers, handmade measuring grids and simple classroom balances where suitable.","Frame a question, select comparable samples, measure the relevant property, repeat observations, summarize the data and explain the pattern and one limitation.","Question, sample IDs, data table, calculation/graph, conclusion and limitation.",Is the comparison fair? What variable are you measuring? What pattern is supported by the data?,"No tasting is required. Use clean teacher-approved samples. Wash hands before and after handling. Teachers alone control knives, graters, heat, electrical equipment, chemicals and processing machinery. Do not conduct microbial culture or unsafe food-storage experiments."
IL-288,Primary 4-6,Tomato,Fruit,Post-Harvest Change,"Investigate post-harvest change in tomato using a fair sampling method, quantitative evidence and an evidence-based explanation.","Clean ingredient samples or images, labels, observation sheet/journal, ruler and balance where appropriate, clean trays/containers, handwashing supplies.","Use locally available produce, paper labels, clean food-grade reused containers, handmade measuring grids and simple classroom balances where suitable.","Frame a question, select comparable samples, measure the relevant property, repeat observations, summarize the data and explain the pattern and one limitation.","Question, sample IDs, data table, calculation/graph, conclusion and limitation.",Is the comparison fair? What variable are you measuring? What pattern is supported by the data?,"No tasting is required. Use clean teacher-approved samples. Wash hands before and after handling. Teachers alone control knives, graters, heat, electrical equipment, chemicals and processing machinery. Do not conduct microbial culture or unsafe food-storage experiments."
IL-289,Primary 4-6,Tomato,Fruit,Ingredient-to-Food Pathway,"Investigate ingredient-to-food pathway in tomato using a fair sampling method, quantitative evidence and an evidence-based explanation.","Clean ingredient samples or images, labels, observation sheet/journal, ruler and balance where appropriate, clean trays/containers, handwashing supplies.","Use locally available produce, paper labels, clean food-grade reused containers, handmade measuring grids and simple classroom balances where suitable.","Frame a question, select comparable samples, measure the relevant property, repeat observations, summarize the data and explain the pattern and one limitation.","Question, sample IDs, data table, calculation/graph, conclusion and limitation.",Is the comparison fair? What variable are you measuring? What pattern is supported by the data?,"No tasting is required. Use clean teacher-approved samples. Wash hands before and after handling. Teachers alone control knives, graters, heat, electrical equipment, chemicals and processing machinery. Do not conduct microbial culture or unsafe food-storage experiments."
IL-290,Primary 4-6,Tomato,Fruit,Investigation Challenge,"Investigate investigation challenge in tomato using a fair sampling method, quantitative evidence and an evidence-based explanation.","Clean ingredient samples or images, labels, observation sheet/journal, ruler and balance where appropriate, clean trays/containers, handwashing supplies.","Use locally available produce, paper labels, clean food-grade reused containers, handmade measuring grids and simple classroom balances where suitable.","Frame a question, select comparable samples, measure the relevant property, repeat observations, summarize the data and explain the pattern and one limitation.","Question, sample IDs, data table, calculation/graph, conclusion and limitation.",Is the comparison fair? What variable are you measuring? What pattern is supported by the data?,"No tasting is required. Use clean teacher-approved samples. Wash hands before and after handling. Teachers alone control knives, graters, heat, electrical equipment, chemicals and processing machinery. Do not conduct microbial culture or unsafe food-storage experiments."
IL-291,Primary 4-6,Maize,Seed/Grain,Identity & Plant Part,"Investigate identity & plant part in maize using a fair sampling method, quantitative evidence and an evidence-based explanation.","Clean ingredient samples or images, labels, observation sheet/journal, ruler and balance where appropriate, clean trays/containers, handwashing supplies.","Use locally available produce, paper labels, clean food-grade reused containers, handmade measuring grids and simple classroom balances where suitable.","Frame a question, select comparable samples, measure the relevant property, repeat observations, summarize the data and explain the pattern and one limitation.","Question, sample IDs, data table, calculation/graph, conclusion and limitation.",Is the comparison fair? What variable are you measuring? What pattern is supported by the data?,"No tasting is required. Use clean teacher-approved samples. Wash hands before and after handling. Teachers alone control knives, graters, heat, electrical equipment, chemicals and processing machinery. Do not conduct microbial culture or unsafe food-storage experiments."
IL-292,Primary 4-6,Maize,Seed/Grain,External Structure,"Investigate external structure in maize using a fair sampling method, quantitative evidence and an evidence-based explanation.","Clean ingredient samples or images, labels, observation sheet/journal, ruler and balance where appropriate, clean trays/containers, handwashing supplies.","Use locally available produce, paper labels, clean food-grade reused containers, handmade measuring grids and simple classroom balances where suitable.","Frame a question, select comparable samples, measure the relevant property, repeat observations, summarize the data and explain the pattern and one limitation.","Question, sample IDs, data table, calculation/graph, conclusion and limitation.",Is the comparison fair? What variable are you measuring? What pattern is supported by the data?,"No tasting is required. Use clean teacher-approved samples. Wash hands before and after handling. Teachers alone control knives, graters, heat, electrical equipment, chemicals and processing machinery. Do not conduct microbial culture or unsafe food-storage experiments."
IL-293,Primary 4-6,Maize,Seed/Grain,Internal Structure,"Investigate internal structure in maize using a fair sampling method, quantitative evidence and an evidence-based explanation.","Clean ingredient samples or images, labels, observation sheet/journal, ruler and balance where appropriate, clean trays/containers, handwashing supplies.","Use locally available produce, paper labels, clean food-grade reused containers, handmade measuring grids and simple classroom balances where suitable.","Frame a question, select comparable samples, measure the relevant property, repeat observations, summarize the data and explain the pattern and one limitation.","Question, sample IDs, data table, calculation/graph, conclusion and limitation.",Is the comparison fair? What variable are you measuring? What pattern is supported by the data?,"No tasting is required. Use clean teacher-approved samples. Wash hands before and after handling. Teachers alone control knives, graters, heat, electrical equipment, chemicals and processing machinery. Do not conduct microbial culture or unsafe food-storage experiments."
IL-294,Primary 4-6,Maize,Seed/Grain,Colour & Texture,"Investigate colour & texture in maize using a fair sampling method, quantitative evidence and an evidence-based explanation.","Clean ingredient samples or images, labels, observation sheet/journal, ruler and balance where appropriate, clean trays/containers, handwashing supplies.","Use locally available produce, paper labels, clean food-grade reused containers, handmade measuring grids and simple classroom balances where suitable.","Frame a question, select comparable samples, measure the relevant property, repeat observations, summarize the data and explain the pattern and one limitation.","Question, sample IDs, data table, calculation/graph, conclusion and limitation.",Is the comparison fair? What variable are you measuring? What pattern is supported by the data?,"No tasting is required. Use clean teacher-approved samples. Wash hands before and after handling. Teachers alone control knives, graters, heat, electrical equipment, chemicals and processing machinery. Do not conduct microbial culture or unsafe food-storage experiments."
IL-295,Primary 4-6,Maize,Seed/Grain,Mass & Size,"Investigate mass & size in maize using a fair sampling method, quantitative evidence and an evidence-based explanation.","Clean ingredient samples or images, labels, observation sheet/journal, ruler and balance where appropriate, clean trays/containers, handwashing supplies.","Use locally available produce, paper labels, clean food-grade reused containers, handmade measuring grids and simple classroom balances where suitable.","Frame a question, select comparable samples, measure the relevant property, repeat observations, summarize the data and explain the pattern and one limitation.","Question, sample IDs, data table, calculation/graph, conclusion and limitation.",Is the comparison fair? What variable are you measuring? What pattern is supported by the data?,"No tasting is required. Use clean teacher-approved samples. Wash hands before and after handling. Teachers alone control knives, graters, heat, electrical equipment, chemicals and processing machinery. Do not conduct microbial culture or unsafe food-storage experiments."
IL-296,Primary 4-6,Maize,Seed/Grain,Water/Change Observation,"Investigate water/change observation in maize using a fair sampling method, quantitative evidence and an evidence-based explanation.","Clean ingredient samples or images, labels, observation sheet/journal, ruler and balance where appropriate, clean trays/containers, handwashing supplies.","Use locally available produce, paper labels, clean food-grade reused containers, handmade measuring grids and simple classroom balances where suitable.","Frame a question, select comparable samples, measure the relevant property, repeat observations, summarize the data and explain the pattern and one limitation.","Question, sample IDs, data table, calculation/graph, conclusion and limitation.",Is the comparison fair? What variable are you measuring? What pattern is supported by the data?,"No tasting is required. Use clean teacher-approved samples. Wash hands before and after handling. Teachers alone control knives, graters, heat, electrical equipment, chemicals and processing machinery. Do not conduct microbial culture or unsafe food-storage experiments."
IL-297,Primary 4-6,Maize,Seed/Grain,Sorting & Quality,"Investigate sorting & quality in maize using a fair sampling method, quantitative evidence and an evidence-based explanation.","Clean ingredient samples or images, labels, observation sheet/journal, ruler and balance where appropriate, clean trays/containers, handwashing supplies.","Use locally available produce, paper labels, clean food-grade reused containers, handmade measuring grids and simple classroom balances where suitable.","Frame a question, select comparable samples, measure the relevant property, repeat observations, summarize the data and explain the pattern and one limitation.","Question, sample IDs, data table, calculation/graph, conclusion and limitation.",Is the comparison fair? What variable are you measuring? What pattern is supported by the data?,"No tasting is required. Use clean teacher-approved samples. Wash hands before and after handling. Teachers alone control knives, graters, heat, electrical equipment, chemicals and processing machinery. Do not conduct microbial culture or unsafe food-storage experiments."
IL-298,Primary 4-6,Maize,Seed/Grain,Post-Harvest Change,"Investigate post-harvest change in maize using a fair sampling method, quantitative evidence and an evidence-based explanation.","Clean ingredient samples or images, labels, observation sheet/journal, ruler and balance where appropriate, clean trays/containers, handwashing supplies.","Use locally available produce, paper labels, clean food-grade reused containers, handmade measuring grids and simple classroom balances where suitable.","Frame a question, select comparable samples, measure the relevant property, repeat observations, summarize the data and explain the pattern and one limitation.","Question, sample IDs, data table, calculation/graph, conclusion and limitation.",Is the comparison fair? What variable are you measuring? What pattern is supported by the data?,"No tasting is required. Use clean teacher-approved samples. Wash hands before and after handling. Teachers alone control knives, graters, heat, electrical equipment, chemicals and processing machinery. Do not conduct microbial culture or unsafe food-storage experiments."
IL-299,Primary 4-6,Maize,Seed/Grain,Ingredient-to-Food Pathway,"Investigate ingredient-to-food pathway in maize using a fair sampling method, quantitative evidence and an evidence-based explanation.","Clean ingredient samples or images, labels, observation sheet/journal, ruler and balance where appropriate, clean trays/containers, handwashing supplies.","Use locally available produce, paper labels, clean food-grade reused containers, handmade measuring grids and simple classroom balances where suitable.","Frame a question, select comparable samples, measure the relevant property, repeat observations, summarize the data and explain the pattern and one limitation.","Question, sample IDs, data table, calculation/graph, conclusion and limitation.",Is the comparison fair? What variable are you measuring? What pattern is supported by the data?,"No tasting is required. Use clean teacher-approved samples. Wash hands before and after handling. Teachers alone control knives, graters, heat, electrical equipment, chemicals and processing machinery. Do not conduct microbial culture or unsafe food-storage experiments."
IL-300,Primary 4-6,Maize,Seed/Grain,Investigation Challenge,"Investigate investigation challenge in maize using a fair sampling method, quantitative evidence and an evidence-based explanation.","Clean ingredient samples or images, labels, observation sheet/journal, ruler and balance where appropriate, clean trays/containers, handwashing supplies.","Use locally available produce, paper labels, clean food-grade reused containers, handmade measuring grids and simple classroom balances where suitable.","Frame a question, select comparable samples, measure the relevant property, repeat observations, summarize the data and explain the pattern and one limitation.","Question, sample IDs, data table, calculation/graph, conclusion and limitation.",Is the comparison fair? What variable are you measuring? What pattern is supported by the data?,"No tasting is required. Use clean teacher-approved samples. Wash hands before and after handling. Teachers alone control knives, graters, heat, electrical equipment, chemicals and processing machinery. Do not conduct microbial culture or unsafe food-storage experiments."
IL-301,JSS 1-3,Hibiscus,Calyx,Identity & Plant Part,"Test a hypothesis about identity & plant part in hibiscus, quantify variation or change, and evaluate implications for ingredient quality or handling.","Clean ingredient samples or images, labels, observation sheet/journal, ruler and balance where appropriate, clean trays/containers, handwashing supplies.","Use locally available produce, paper labels, clean food-grade reused containers, handmade measuring grids and simple classroom balances where suitable.",Define hypothesis and variables; label replicates; collect traceable measurements; calculate a summary/effect; graph where useful; identify uncertainty; recommend a handling or quality decision.,"Hypothesis, protocol, replicate data, quantitative analysis, graph, uncertainty and recommendation.",What is the response variable? How much variation is present? Does the evidence support the hypothesis? What decision follows?,"No tasting is required. Use clean teacher-approved samples. Wash hands before and after handling. Teachers alone control knives, graters, heat, electrical equipment, chemicals and processing machinery. Do not conduct microbial culture or unsafe food-storage experiments."
IL-302,JSS 1-3,Hibiscus,Calyx,External Structure,"Test a hypothesis about external structure in hibiscus, quantify variation or change, and evaluate implications for ingredient quality or handling.","Clean ingredient samples or images, labels, observation sheet/journal, ruler and balance where appropriate, clean trays/containers, handwashing supplies.","Use locally available produce, paper labels, clean food-grade reused containers, handmade measuring grids and simple classroom balances where suitable.",Define hypothesis and variables; label replicates; collect traceable measurements; calculate a summary/effect; graph where useful; identify uncertainty; recommend a handling or quality decision.,"Hypothesis, protocol, replicate data, quantitative analysis, graph, uncertainty and recommendation.",What is the response variable? How much variation is present? Does the evidence support the hypothesis? What decision follows?,"No tasting is required. Use clean teacher-approved samples. Wash hands before and after handling. Teachers alone control knives, graters, heat, electrical equipment, chemicals and processing machinery. Do not conduct microbial culture or unsafe food-storage experiments."
IL-303,JSS 1-3,Hibiscus,Calyx,Internal Structure,"Test a hypothesis about internal structure in hibiscus, quantify variation or change, and evaluate implications for ingredient quality or handling.","Clean ingredient samples or images, labels, observation sheet/journal, ruler and balance where appropriate, clean trays/containers, handwashing supplies.","Use locally available produce, paper labels, clean food-grade reused containers, handmade measuring grids and simple classroom balances where suitable.",Define hypothesis and variables; label replicates; collect traceable measurements; calculate a summary/effect; graph where useful; identify uncertainty; recommend a handling or quality decision.,"Hypothesis, protocol, replicate data, quantitative analysis, graph, uncertainty and recommendation.",What is the response variable? How much variation is present? Does the evidence support the hypothesis? What decision follows?,"No tasting is required. Use clean teacher-approved samples. Wash hands before and after handling. Teachers alone control knives, graters, heat, electrical equipment, chemicals and processing machinery. Do not conduct microbial culture or unsafe food-storage experiments."
IL-304,JSS 1-3,Hibiscus,Calyx,Colour & Texture,"Test a hypothesis about colour & texture in hibiscus, quantify variation or change, and evaluate implications for ingredient quality or handling.","Clean ingredient samples or images, labels, observation sheet/journal, ruler and balance where appropriate, clean trays/containers, handwashing supplies.","Use locally available produce, paper labels, clean food-grade reused containers, handmade measuring grids and simple classroom balances where suitable.",Define hypothesis and variables; label replicates; collect traceable measurements; calculate a summary/effect; graph where useful; identify uncertainty; recommend a handling or quality decision.,"Hypothesis, protocol, replicate data, quantitative analysis, graph, uncertainty and recommendation.",What is the response variable? How much variation is present? Does the evidence support the hypothesis? What decision follows?,"No tasting is required. Use clean teacher-approved samples. Wash hands before and after handling. Teachers alone control knives, graters, heat, electrical equipment, chemicals and processing machinery. Do not conduct microbial culture or unsafe food-storage experiments."
IL-305,JSS 1-3,Hibiscus,Calyx,Mass & Size,"Test a hypothesis about mass & size in hibiscus, quantify variation or change, and evaluate implications for ingredient quality or handling.","Clean ingredient samples or images, labels, observation sheet/journal, ruler and balance where appropriate, clean trays/containers, handwashing supplies.","Use locally available produce, paper labels, clean food-grade reused containers, handmade measuring grids and simple classroom balances where suitable.",Define hypothesis and variables; label replicates; collect traceable measurements; calculate a summary/effect; graph where useful; identify uncertainty; recommend a handling or quality decision.,"Hypothesis, protocol, replicate data, quantitative analysis, graph, uncertainty and recommendation.",What is the response variable? How much variation is present? Does the evidence support the hypothesis? What decision follows?,"No tasting is required. Use clean teacher-approved samples. Wash hands before and after handling. Teachers alone control knives, graters, heat, electrical equipment, chemicals and processing machinery. Do not conduct microbial culture or unsafe food-storage experiments."
IL-306,JSS 1-3,Hibiscus,Calyx,Water/Change Observation,"Test a hypothesis about water/change observation in hibiscus, quantify variation or change, and evaluate implications for ingredient quality or handling.","Clean ingredient samples or images, labels, observation sheet/journal, ruler and balance where appropriate, clean trays/containers, handwashing supplies.","Use locally available produce, paper labels, clean food-grade reused containers, handmade measuring grids and simple classroom balances where suitable.",Define hypothesis and variables; label replicates; collect traceable measurements; calculate a summary/effect; graph where useful; identify uncertainty; recommend a handling or quality decision.,"Hypothesis, protocol, replicate data, quantitative analysis, graph, uncertainty and recommendation.",What is the response variable? How much variation is present? Does the evidence support the hypothesis? What decision follows?,"No tasting is required. Use clean teacher-approved samples. Wash hands before and after handling. Teachers alone control knives, graters, heat, electrical equipment, chemicals and processing machinery. Do not conduct microbial culture or unsafe food-storage experiments."
IL-307,JSS 1-3,Hibiscus,Calyx,Sorting & Quality,"Test a hypothesis about sorting & quality in hibiscus, quantify variation or change, and evaluate implications for ingredient quality or handling.","Clean ingredient samples or images, labels, observation sheet/journal, ruler and balance where appropriate, clean trays/containers, handwashing supplies.","Use locally available produce, paper labels, clean food-grade reused containers, handmade measuring grids and simple classroom balances where suitable.",Define hypothesis and variables; label replicates; collect traceable measurements; calculate a summary/effect; graph where useful; identify uncertainty; recommend a handling or quality decision.,"Hypothesis, protocol, replicate data, quantitative analysis, graph, uncertainty and recommendation.",What is the response variable? How much variation is present? Does the evidence support the hypothesis? What decision follows?,"No tasting is required. Use clean teacher-approved samples. Wash hands before and after handling. Teachers alone control knives, graters, heat, electrical equipment, chemicals and processing machinery. Do not conduct microbial culture or unsafe food-storage experiments."
IL-308,JSS 1-3,Hibiscus,Calyx,Post-Harvest Change,"Test a hypothesis about post-harvest change in hibiscus, quantify variation or change, and evaluate implications for ingredient quality or handling.","Clean ingredient samples or images, labels, observation sheet/journal, ruler and balance where appropriate, clean trays/containers, handwashing supplies.","Use locally available produce, paper labels, clean food-grade reused containers, handmade measuring grids and simple classroom balances where suitable.",Define hypothesis and variables; label replicates; collect traceable measurements; calculate a summary/effect; graph where useful; identify uncertainty; recommend a handling or quality decision.,"Hypothesis, protocol, replicate data, quantitative analysis, graph, uncertainty and recommendation.",What is the response variable? How much variation is present? Does the evidence support the hypothesis? What decision follows?,"No tasting is required. Use clean teacher-approved samples. Wash hands before and after handling. Teachers alone control knives, graters, heat, electrical equipment, chemicals and processing machinery. Do not conduct microbial culture or unsafe food-storage experiments."
IL-309,JSS 1-3,Hibiscus,Calyx,Ingredient-to-Food Pathway,"Test a hypothesis about ingredient-to-food pathway in hibiscus, quantify variation or change, and evaluate implications for ingredient quality or handling.","Clean ingredient samples or images, labels, observation sheet/journal, ruler and balance where appropriate, clean trays/containers, handwashing supplies.","Use locally available produce, paper labels, clean food-grade reused containers, handmade measuring grids and simple classroom balances where suitable.",Define hypothesis and variables; label replicates; collect traceable measurements; calculate a summary/effect; graph where useful; identify uncertainty; recommend a handling or quality decision.,"Hypothesis, protocol, replicate data, quantitative analysis, graph, uncertainty and recommendation.",What is the response variable? How much variation is present? Does the evidence support the hypothesis? What decision follows?,"No tasting is required. Use clean teacher-approved samples. Wash hands before and after handling. Teachers alone control knives, graters, heat, electrical equipment, chemicals and processing machinery. Do not conduct microbial culture or unsafe food-storage experiments."
IL-310,JSS 1-3,Hibiscus,Calyx,Investigation Challenge,"Test a hypothesis about investigation challenge in hibiscus, quantify variation or change, and evaluate implications for ingredient quality or handling.","Clean ingredient samples or images, labels, observation sheet/journal, ruler and balance where appropriate, clean trays/containers, handwashing supplies.","Use locally available produce, paper labels, clean food-grade reused containers, handmade measuring grids and simple classroom balances where suitable.",Define hypothesis and variables; label replicates; collect traceable measurements; calculate a summary/effect; graph where useful; identify uncertainty; recommend a handling or quality decision.,"Hypothesis, protocol, replicate data, quantitative analysis, graph, uncertainty and recommendation.",What is the response variable? How much variation is present? Does the evidence support the hypothesis? What decision follows?,"No tasting is required. Use clean teacher-approved samples. Wash hands before and after handling. Teachers alone control knives, graters, heat, electrical equipment, chemicals and processing machinery. Do not conduct microbial culture or unsafe food-storage experiments."
IL-311,JSS 1-3,Ginger,Rhizome,Identity & Plant Part,"Test a hypothesis about identity & plant part in ginger, quantify variation or change, and evaluate implications for ingredient quality or handling.","Clean ingredient samples or images, labels, observation sheet/journal, ruler and balance where appropriate, clean trays/containers, handwashing supplies.","Use locally available produce, paper labels, clean food-grade reused containers, handmade measuring grids and simple classroom balances where suitable.",Define hypothesis and variables; label replicates; collect traceable measurements; calculate a summary/effect; graph where useful; identify uncertainty; recommend a handling or quality decision.,"Hypothesis, protocol, replicate data, quantitative analysis, graph, uncertainty and recommendation.",What is the response variable? How much variation is present? Does the evidence support the hypothesis? What decision follows?,"No tasting is required. Use clean teacher-approved samples. Wash hands before and after handling. Teachers alone control knives, graters, heat, electrical equipment, chemicals and processing machinery. Do not conduct microbial culture or unsafe food-storage experiments."
IL-312,JSS 1-3,Ginger,Rhizome,External Structure,"Test a hypothesis about external structure in ginger, quantify variation or change, and evaluate implications for ingredient quality or handling.","Clean ingredient samples or images, labels, observation sheet/journal, ruler and balance where appropriate, clean trays/containers, handwashing supplies.","Use locally available produce, paper labels, clean food-grade reused containers, handmade measuring grids and simple classroom balances where suitable.",Define hypothesis and variables; label replicates; collect traceable measurements; calculate a summary/effect; graph where useful; identify uncertainty; recommend a handling or quality decision.,"Hypothesis, protocol, replicate data, quantitative analysis, graph, uncertainty and recommendation.",What is the response variable? How much variation is present? Does the evidence support the hypothesis? What decision follows?,"No tasting is required. Use clean teacher-approved samples. Wash hands before and after handling. Teachers alone control knives, graters, heat, electrical equipment, chemicals and processing machinery. Do not conduct microbial culture or unsafe food-storage experiments."
IL-313,JSS 1-3,Ginger,Rhizome,Internal Structure,"Test a hypothesis about internal structure in ginger, quantify variation or change, and evaluate implications for ingredient quality or handling.","Clean ingredient samples or images, labels, observation sheet/journal, ruler and balance where appropriate, clean trays/containers, handwashing supplies.","Use locally available produce, paper labels, clean food-grade reused containers, handmade measuring grids and simple classroom balances where suitable.",Define hypothesis and variables; label replicates; collect traceable measurements; calculate a summary/effect; graph where useful; identify uncertainty; recommend a handling or quality decision.,"Hypothesis, protocol, replicate data, quantitative analysis, graph, uncertainty and recommendation.",What is the response variable? How much variation is present? Does the evidence support the hypothesis? What decision follows?,"No tasting is required. Use clean teacher-approved samples. Wash hands before and after handling. Teachers alone control knives, graters, heat, electrical equipment, chemicals and processing machinery. Do not conduct microbial culture or unsafe food-storage experiments."
IL-314,JSS 1-3,Ginger,Rhizome,Colour & Texture,"Test a hypothesis about colour & texture in ginger, quantify variation or change, and evaluate implications for ingredient quality or handling.","Clean ingredient samples or images, labels, observation sheet/journal, ruler and balance where appropriate, clean trays/containers, handwashing supplies.","Use locally available produce, paper labels, clean food-grade reused containers, handmade measuring grids and simple classroom balances where suitable.",Define hypothesis and variables; label replicates; collect traceable measurements; calculate a summary/effect; graph where useful; identify uncertainty; recommend a handling or quality decision.,"Hypothesis, protocol, replicate data, quantitative analysis, graph, uncertainty and recommendation.",What is the response variable? How much variation is present? Does the evidence support the hypothesis? What decision follows?,"No tasting is required. Use clean teacher-approved samples. Wash hands before and after handling. Teachers alone control knives, graters, heat, electrical equipment, chemicals and processing machinery. Do not conduct microbial culture or unsafe food-storage experiments."
IL-315,JSS 1-3,Ginger,Rhizome,Mass & Size,"Test a hypothesis about mass & size in ginger, quantify variation or change, and evaluate implications for ingredient quality or handling.","Clean ingredient samples or images, labels, observation sheet/journal, ruler and balance where appropriate, clean trays/containers, handwashing supplies.","Use locally available produce, paper labels, clean food-grade reused containers, handmade measuring grids and simple classroom balances where suitable.",Define hypothesis and variables; label replicates; collect traceable measurements; calculate a summary/effect; graph where useful; identify uncertainty; recommend a handling or quality decision.,"Hypothesis, protocol, replicate data, quantitative analysis, graph, uncertainty and recommendation.",What is the response variable? How much variation is present? Does the evidence support the hypothesis? What decision follows?,"No tasting is required. Use clean teacher-approved samples. Wash hands before and after handling. Teachers alone control knives, graters, heat, electrical equipment, chemicals and processing machinery. Do not conduct microbial culture or unsafe food-storage experiments."
IL-316,JSS 1-3,Ginger,Rhizome,Water/Change Observation,"Test a hypothesis about water/change observation in ginger, quantify variation or change, and evaluate implications for ingredient quality or handling.","Clean ingredient samples or images, labels, observation sheet/journal, ruler and balance where appropriate, clean trays/containers, handwashing supplies.","Use locally available produce, paper labels, clean food-grade reused containers, handmade measuring grids and simple classroom balances where suitable.",Define hypothesis and variables; label replicates; collect traceable measurements; calculate a summary/effect; graph where useful; identify uncertainty; recommend a handling or quality decision.,"Hypothesis, protocol, replicate data, quantitative analysis, graph, uncertainty and recommendation.",What is the response variable? How much variation is present? Does the evidence support the hypothesis? What decision follows?,"No tasting is required. Use clean teacher-approved samples. Wash hands before and after handling. Teachers alone control knives, graters, heat, electrical equipment, chemicals and processing machinery. Do not conduct microbial culture or unsafe food-storage experiments."
IL-317,JSS 1-3,Ginger,Rhizome,Sorting & Quality,"Test a hypothesis about sorting & quality in ginger, quantify variation or change, and evaluate implications for ingredient quality or handling.","Clean ingredient samples or images, labels, observation sheet/journal, ruler and balance where appropriate, clean trays/containers, handwashing supplies.","Use locally available produce, paper labels, clean food-grade reused containers, handmade measuring grids and simple classroom balances where suitable.",Define hypothesis and variables; label replicates; collect traceable measurements; calculate a summary/effect; graph where useful; identify uncertainty; recommend a handling or quality decision.,"Hypothesis, protocol, replicate data, quantitative analysis, graph, uncertainty and recommendation.",What is the response variable? How much variation is present? Does the evidence support the hypothesis? What decision follows?,"No tasting is required. Use clean teacher-approved samples. Wash hands before and after handling. Teachers alone control knives, graters, heat, electrical equipment, chemicals and processing machinery. Do not conduct microbial culture or unsafe food-storage experiments."
IL-318,JSS 1-3,Ginger,Rhizome,Post-Harvest Change,"Test a hypothesis about post-harvest change in ginger, quantify variation or change, and evaluate implications for ingredient quality or handling.","Clean ingredient samples or images, labels, observation sheet/journal, ruler and balance where appropriate, clean trays/containers, handwashing supplies.","Use locally available produce, paper labels, clean food-grade reused containers, handmade measuring grids and simple classroom balances where suitable.",Define hypothesis and variables; label replicates; collect traceable measurements; calculate a summary/effect; graph where useful; identify uncertainty; recommend a handling or quality decision.,"Hypothesis, protocol, replicate data, quantitative analysis, graph, uncertainty and recommendation.",What is the response variable? How much variation is present? Does the evidence support the hypothesis? What decision follows?,"No tasting is required. Use clean teacher-approved samples. Wash hands before and after handling. Teachers alone control knives, graters, heat, electrical equipment, chemicals and processing machinery. Do not conduct microbial culture or unsafe food-storage experiments."
IL-319,JSS 1-3,Ginger,Rhizome,Ingredient-to-Food Pathway,"Test a hypothesis about ingredient-to-food pathway in ginger, quantify variation or change, and evaluate implications for ingredient quality or handling.","Clean ingredient samples or images, labels, observation sheet/journal, ruler and balance where appropriate, clean trays/containers, handwashing supplies.","Use locally available produce, paper labels, clean food-grade reused containers, handmade measuring grids and simple classroom balances where suitable.",Define hypothesis and variables; label replicates; collect traceable measurements; calculate a summary/effect; graph where useful; identify uncertainty; recommend a handling or quality decision.,"Hypothesis, protocol, replicate data, quantitative analysis, graph, uncertainty and recommendation.",What is the response variable? How much variation is present? Does the evidence support the hypothesis? What decision follows?,"No tasting is required. Use clean teacher-approved samples. Wash hands before and after handling. Teachers alone control knives, graters, heat, electrical equipment, chemicals and processing machinery. Do not conduct microbial culture or unsafe food-storage experiments."
IL-320,JSS 1-3,Ginger,Rhizome,Investigation Challenge,"Test a hypothesis about investigation challenge in ginger, quantify variation or change, and evaluate implications for ingredient quality or handling.","Clean ingredient samples or images, labels, observation sheet/journal, ruler and balance where appropriate, clean trays/containers, handwashing supplies.","Use locally available produce, paper labels, clean food-grade reused containers, handmade measuring grids and simple classroom balances where suitable.",Define hypothesis and variables; label replicates; collect traceable measurements; calculate a summary/effect; graph where useful; identify uncertainty; recommend a handling or quality decision.,"Hypothesis, protocol, replicate data, quantitative analysis, graph, uncertainty and recommendation.",What is the response variable? How much variation is present? Does the evidence support the hypothesis? What decision follows?,"No tasting is required. Use clean teacher-approved samples. Wash hands before and after handling. Teachers alone control knives, graters, heat, electrical equipment, chemicals and processing machinery. Do not conduct microbial culture or unsafe food-storage experiments."
IL-321,JSS 1-3,Turmeric,Rhizome,Identity & Plant Part,"Test a hypothesis about identity & plant part in turmeric, quantify variation or change, and evaluate implications for ingredient quality or handling.","Clean ingredient samples or images, labels, observation sheet/journal, ruler and balance where appropriate, clean trays/containers, handwashing supplies.","Use locally available produce, paper labels, clean food-grade reused containers, handmade measuring grids and simple classroom balances where suitable.",Define hypothesis and variables; label replicates; collect traceable measurements; calculate a summary/effect; graph where useful; identify uncertainty; recommend a handling or quality decision.,"Hypothesis, protocol, replicate data, quantitative analysis, graph, uncertainty and recommendation.",What is the response variable? How much variation is present? Does the evidence support the hypothesis? What decision follows?,"No tasting is required. Use clean teacher-approved samples. Wash hands before and after handling. Teachers alone control knives, graters, heat, electrical equipment, chemicals and processing machinery. Do not conduct microbial culture or unsafe food-storage experiments."
IL-322,JSS 1-3,Turmeric,Rhizome,External Structure,"Test a hypothesis about external structure in turmeric, quantify variation or change, and evaluate implications for ingredient quality or handling.","Clean ingredient samples or images, labels, observation sheet/journal, ruler and balance where appropriate, clean trays/containers, handwashing supplies.","Use locally available produce, paper labels, clean food-grade reused containers, handmade measuring grids and simple classroom balances where suitable.",Define hypothesis and variables; label replicates; collect traceable measurements; calculate a summary/effect; graph where useful; identify uncertainty; recommend a handling or quality decision.,"Hypothesis, protocol, replicate data, quantitative analysis, graph, uncertainty and recommendation.",What is the response variable? How much variation is present? Does the evidence support the hypothesis? What decision follows?,"No tasting is required. Use clean teacher-approved samples. Wash hands before and after handling. Teachers alone control knives, graters, heat, electrical equipment, chemicals and processing machinery. Do not conduct microbial culture or unsafe food-storage experiments."
IL-323,JSS 1-3,Turmeric,Rhizome,Internal Structure,"Test a hypothesis about internal structure in turmeric, quantify variation or change, and evaluate implications for ingredient quality or handling.","Clean ingredient samples or images, labels, observation sheet/journal, ruler and balance where appropriate, clean trays/containers, handwashing supplies.","Use locally available produce, paper labels, clean food-grade reused containers, handmade measuring grids and simple classroom balances where suitable.",Define hypothesis and variables; label replicates; collect traceable measurements; calculate a summary/effect; graph where useful; identify uncertainty; recommend a handling or quality decision.,"Hypothesis, protocol, replicate data, quantitative analysis, graph, uncertainty and recommendation.",What is the response variable? How much variation is present? Does the evidence support the hypothesis? What decision follows?,"No tasting is required. Use clean teacher-approved samples. Wash hands before and after handling. Teachers alone control knives, graters, heat, electrical equipment, chemicals and processing machinery. Do not conduct microbial culture or unsafe food-storage experiments."
IL-324,JSS 1-3,Turmeric,Rhizome,Colour & Texture,"Test a hypothesis about colour & texture in turmeric, quantify variation or change, and evaluate implications for ingredient quality or handling.","Clean ingredient samples or images, labels, observation sheet/journal, ruler and balance where appropriate, clean trays/containers, handwashing supplies.","Use locally available produce, paper labels, clean food-grade reused containers, handmade measuring grids and simple classroom balances where suitable.",Define hypothesis and variables; label replicates; collect traceable measurements; calculate a summary/effect; graph where useful; identify uncertainty; recommend a handling or quality decision.,"Hypothesis, protocol, replicate data, quantitative analysis, graph, uncertainty and recommendation.",What is the response variable? How much variation is present? Does the evidence support the hypothesis? What decision follows?,"No tasting is required. Use clean teacher-approved samples. Wash hands before and after handling. Teachers alone control knives, graters, heat, electrical equipment, chemicals and processing machinery. Do not conduct microbial culture or unsafe food-storage experiments."
IL-325,JSS 1-3,Turmeric,Rhizome,Mass & Size,"Test a hypothesis about mass & size in turmeric, quantify variation or change, and evaluate implications for ingredient quality or handling.","Clean ingredient samples or images, labels, observation sheet/journal, ruler and balance where appropriate, clean trays/containers, handwashing supplies.","Use locally available produce, paper labels, clean food-grade reused containers, handmade measuring grids and simple classroom balances where suitable.",Define hypothesis and variables; label replicates; collect traceable measurements; calculate a summary/effect; graph where useful; identify uncertainty; recommend a handling or quality decision.,"Hypothesis, protocol, replicate data, quantitative analysis, graph, uncertainty and recommendation.",What is the response variable? How much variation is present? Does the evidence support the hypothesis? What decision follows?,"No tasting is required. Use clean teacher-approved samples. Wash hands before and after handling. Teachers alone control knives, graters, heat, electrical equipment, chemicals and processing machinery. Do not conduct microbial culture or unsafe food-storage experiments."
IL-326,JSS 1-3,Turmeric,Rhizome,Water/Change Observation,"Test a hypothesis about water/change observation in turmeric, quantify variation or change, and evaluate implications for ingredient quality or handling.","Clean ingredient samples or images, labels, observation sheet/journal, ruler and balance where appropriate, clean trays/containers, handwashing supplies.","Use locally available produce, paper labels, clean food-grade reused containers, handmade measuring grids and simple classroom balances where suitable.",Define hypothesis and variables; label replicates; collect traceable measurements; calculate a summary/effect; graph where useful; identify uncertainty; recommend a handling or quality decision.,"Hypothesis, protocol, replicate data, quantitative analysis, graph, uncertainty and recommendation.",What is the response variable? How much variation is present? Does the evidence support the hypothesis? What decision follows?,"No tasting is required. Use clean teacher-approved samples. Wash hands before and after handling. Teachers alone control knives, graters, heat, electrical equipment, chemicals and processing machinery. Do not conduct microbial culture or unsafe food-storage experiments."
IL-327,JSS 1-3,Turmeric,Rhizome,Sorting & Quality,"Test a hypothesis about sorting & quality in turmeric, quantify variation or change, and evaluate implications for ingredient quality or handling.","Clean ingredient samples or images, labels, observation sheet/journal, ruler and balance where appropriate, clean trays/containers, handwashing supplies.","Use locally available produce, paper labels, clean food-grade reused containers, handmade measuring grids and simple classroom balances where suitable.",Define hypothesis and variables; label replicates; collect traceable measurements; calculate a summary/effect; graph where useful; identify uncertainty; recommend a handling or quality decision.,"Hypothesis, protocol, replicate data, quantitative analysis, graph, uncertainty and recommendation.",What is the response variable? How much variation is present? Does the evidence support the hypothesis? What decision follows?,"No tasting is required. Use clean teacher-approved samples. Wash hands before and after handling. Teachers alone control knives, graters, heat, electrical equipment, chemicals and processing machinery. Do not conduct microbial culture or unsafe food-storage experiments."
IL-328,JSS 1-3,Turmeric,Rhizome,Post-Harvest Change,"Test a hypothesis about post-harvest change in turmeric, quantify variation or change, and evaluate implications for ingredient quality or handling.","Clean ingredient samples or images, labels, observation sheet/journal, ruler and balance where appropriate, clean trays/containers, handwashing supplies.","Use locally available produce, paper labels, clean food-grade reused containers, handmade measuring grids and simple classroom balances where suitable.",Define hypothesis and variables; label replicates; collect traceable measurements; calculate a summary/effect; graph where useful; identify uncertainty; recommend a handling or quality decision.,"Hypothesis, protocol, replicate data, quantitative analysis, graph, uncertainty and recommendation.",What is the response variable? How much variation is present? Does the evidence support the hypothesis? What decision follows?,"No tasting is required. Use clean teacher-approved samples. Wash hands before and after handling. Teachers alone control knives, graters, heat, electrical equipment, chemicals and processing machinery. Do not conduct microbial culture or unsafe food-storage experiments."
IL-329,JSS 1-3,Turmeric,Rhizome,Ingredient-to-Food Pathway,"Test a hypothesis about ingredient-to-food pathway in turmeric, quantify variation or change, and evaluate implications for ingredient quality or handling.","Clean ingredient samples or images, labels, observation sheet/journal, ruler and balance where appropriate, clean trays/containers, handwashing supplies.","Use locally available produce, paper labels, clean food-grade reused containers, handmade measuring grids and simple classroom balances where suitable.",Define hypothesis and variables; label replicates; collect traceable measurements; calculate a summary/effect; graph where useful; identify uncertainty; recommend a handling or quality decision.,"Hypothesis, protocol, replicate data, quantitative analysis, graph, uncertainty and recommendation.",What is the response variable? How much variation is present? Does the evidence support the hypothesis? What decision follows?,"No tasting is required. Use clean teacher-approved samples. Wash hands before and after handling. Teachers alone control knives, graters, heat, electrical equipment, chemicals and processing machinery. Do not conduct microbial culture or unsafe food-storage experiments."
IL-330,JSS 1-3,Turmeric,Rhizome,Investigation Challenge,"Test a hypothesis about investigation challenge in turmeric, quantify variation or change, and evaluate implications for ingredient quality or handling.","Clean ingredient samples or images, labels, observation sheet/journal, ruler and balance where appropriate, clean trays/containers, handwashing supplies.","Use locally available produce, paper labels, clean food-grade reused containers, handmade measuring grids and simple classroom balances where suitable.",Define hypothesis and variables; label replicates; collect traceable measurements; calculate a summary/effect; graph where useful; identify uncertainty; recommend a handling or quality decision.,"Hypothesis, protocol, replicate data, quantitative analysis, graph, uncertainty and recommendation.",What is the response variable? How much variation is present? Does the evidence support the hypothesis? What decision follows?,"No tasting is required. Use clean teacher-approved samples. Wash hands before and after handling. Teachers alone control knives, graters, heat, electrical equipment, chemicals and processing machinery. Do not conduct microbial culture or unsafe food-storage experiments."
IL-331,JSS 1-3,Pineapple,Fruit,Identity & Plant Part,"Test a hypothesis about identity & plant part in pineapple, quantify variation or change, and evaluate implications for ingredient quality or handling.","Clean ingredient samples or images, labels, observation sheet/journal, ruler and balance where appropriate, clean trays/containers, handwashing supplies.","Use locally available produce, paper labels, clean food-grade reused containers, handmade measuring grids and simple classroom balances where suitable.",Define hypothesis and variables; label replicates; collect traceable measurements; calculate a summary/effect; graph where useful; identify uncertainty; recommend a handling or quality decision.,"Hypothesis, protocol, replicate data, quantitative analysis, graph, uncertainty and recommendation.",What is the response variable? How much variation is present? Does the evidence support the hypothesis? What decision follows?,"No tasting is required. Use clean teacher-approved samples. Wash hands before and after handling. Teachers alone control knives, graters, heat, electrical equipment, chemicals and processing machinery. Do not conduct microbial culture or unsafe food-storage experiments."
IL-332,JSS 1-3,Pineapple,Fruit,External Structure,"Test a hypothesis about external structure in pineapple, quantify variation or change, and evaluate implications for ingredient quality or handling.","Clean ingredient samples or images, labels, observation sheet/journal, ruler and balance where appropriate, clean trays/containers, handwashing supplies.","Use locally available produce, paper labels, clean food-grade reused containers, handmade measuring grids and simple classroom balances where suitable.",Define hypothesis and variables; label replicates; collect traceable measurements; calculate a summary/effect; graph where useful; identify uncertainty; recommend a handling or quality decision.,"Hypothesis, protocol, replicate data, quantitative analysis, graph, uncertainty and recommendation.",What is the response variable? How much variation is present? Does the evidence support the hypothesis? What decision follows?,"No tasting is required. Use clean teacher-approved samples. Wash hands before and after handling. Teachers alone control knives, graters, heat, electrical equipment, chemicals and processing machinery. Do not conduct microbial culture or unsafe food-storage experiments."
IL-333,JSS 1-3,Pineapple,Fruit,Internal Structure,"Test a hypothesis about internal structure in pineapple, quantify variation or change, and evaluate implications for ingredient quality or handling.","Clean ingredient samples or images, labels, observation sheet/journal, ruler and balance where appropriate, clean trays/containers, handwashing supplies.","Use locally available produce, paper labels, clean food-grade reused containers, handmade measuring grids and simple classroom balances where suitable.",Define hypothesis and variables; label replicates; collect traceable measurements; calculate a summary/effect; graph where useful; identify uncertainty; recommend a handling or quality decision.,"Hypothesis, protocol, replicate data, quantitative analysis, graph, uncertainty and recommendation.",What is the response variable? How much variation is present? Does the evidence support the hypothesis? What decision follows?,"No tasting is required. Use clean teacher-approved samples. Wash hands before and after handling. Teachers alone control knives, graters, heat, electrical equipment, chemicals and processing machinery. Do not conduct microbial culture or unsafe food-storage experiments."
IL-334,JSS 1-3,Pineapple,Fruit,Colour & Texture,"Test a hypothesis about colour & texture in pineapple, quantify variation or change, and evaluate implications for ingredient quality or handling.","Clean ingredient samples or images, labels, observation sheet/journal, ruler and balance where appropriate, clean trays/containers, handwashing supplies.","Use locally available produce, paper labels, clean food-grade reused containers, handmade measuring grids and simple classroom balances where suitable.",Define hypothesis and variables; label replicates; collect traceable measurements; calculate a summary/effect; graph where useful; identify uncertainty; recommend a handling or quality decision.,"Hypothesis, protocol, replicate data, quantitative analysis, graph, uncertainty and recommendation.",What is the response variable? How much variation is present? Does the evidence support the hypothesis? What decision follows?,"No tasting is required. Use clean teacher-approved samples. Wash hands before and after handling. Teachers alone control knives, graters, heat, electrical equipment, chemicals and processing machinery. Do not conduct microbial culture or unsafe food-storage experiments."
IL-335,JSS 1-3,Pineapple,Fruit,Mass & Size,"Test a hypothesis about mass & size in pineapple, quantify variation or change, and evaluate implications for ingredient quality or handling.","Clean ingredient samples or images, labels, observation sheet/journal, ruler and balance where appropriate, clean trays/containers, handwashing supplies.","Use locally available produce, paper labels, clean food-grade reused containers, handmade measuring grids and simple classroom balances where suitable.",Define hypothesis and variables; label replicates; collect traceable measurements; calculate a summary/effect; graph where useful; identify uncertainty; recommend a handling or quality decision.,"Hypothesis, protocol, replicate data, quantitative analysis, graph, uncertainty and recommendation.",What is the response variable? How much variation is present? Does the evidence support the hypothesis? What decision follows?,"No tasting is required. Use clean teacher-approved samples. Wash hands before and after handling. Teachers alone control knives, graters, heat, electrical equipment, chemicals and processing machinery. Do not conduct microbial culture or unsafe food-storage experiments."
IL-336,JSS 1-3,Pineapple,Fruit,Water/Change Observation,"Test a hypothesis about water/change observation in pineapple, quantify variation or change, and evaluate implications for ingredient quality or handling.","Clean ingredient samples or images, labels, observation sheet/journal, ruler and balance where appropriate, clean trays/containers, handwashing supplies.","Use locally available produce, paper labels, clean food-grade reused containers, handmade measuring grids and simple classroom balances where suitable.",Define hypothesis and variables; label replicates; collect traceable measurements; calculate a summary/effect; graph where useful; identify uncertainty; recommend a handling or quality decision.,"Hypothesis, protocol, replicate data, quantitative analysis, graph, uncertainty and recommendation.",What is the response variable? How much variation is present? Does the evidence support the hypothesis? What decision follows?,"No tasting is required. Use clean teacher-approved samples. Wash hands before and after handling. Teachers alone control knives, graters, heat, electrical equipment, chemicals and processing machinery. Do not conduct microbial culture or unsafe food-storage experiments."
IL-337,JSS 1-3,Pineapple,Fruit,Sorting & Quality,"Test a hypothesis about sorting & quality in pineapple, quantify variation or change, and evaluate implications for ingredient quality or handling.","Clean ingredient samples or images, labels, observation sheet/journal, ruler and balance where appropriate, clean trays/containers, handwashing supplies.","Use locally available produce, paper labels, clean food-grade reused containers, handmade measuring grids and simple classroom balances where suitable.",Define hypothesis and variables; label replicates; collect traceable measurements; calculate a summary/effect; graph where useful; identify uncertainty; recommend a handling or quality decision.,"Hypothesis, protocol, replicate data, quantitative analysis, graph, uncertainty and recommendation.",What is the response variable? How much variation is present? Does the evidence support the hypothesis? What decision follows?,"No tasting is required. Use clean teacher-approved samples. Wash hands before and after handling. Teachers alone control knives, graters, heat, electrical equipment, chemicals and processing machinery. Do not conduct microbial culture or unsafe food-storage experiments."
IL-338,JSS 1-3,Pineapple,Fruit,Post-Harvest Change,"Test a hypothesis about post-harvest change in pineapple, quantify variation or change, and evaluate implications for ingredient quality or handling.","Clean ingredient samples or images, labels, observation sheet/journal, ruler and balance where appropriate, clean trays/containers, handwashing supplies.","Use locally available produce, paper labels, clean food-grade reused containers, handmade measuring grids and simple classroom balances where suitable.",Define hypothesis and variables; label replicates; collect traceable measurements; calculate a summary/effect; graph where useful; identify uncertainty; recommend a handling or quality decision.,"Hypothesis, protocol, replicate data, quantitative analysis, graph, uncertainty and recommendation.",What is the response variable? How much variation is present? Does the evidence support the hypothesis? What decision follows?,"No tasting is required. Use clean teacher-approved samples. Wash hands before and after handling. Teachers alone control knives, graters, heat, electrical equipment, chemicals and processing machinery. Do not conduct microbial culture or unsafe food-storage experiments."
IL-339,JSS 1-3,Pineapple,Fruit,Ingredient-to-Food Pathway,"Test a hypothesis about ingredient-to-food pathway in pineapple, quantify variation or change, and evaluate implications for ingredient quality or handling.","Clean ingredient samples or images, labels, observation sheet/journal, ruler and balance where appropriate, clean trays/containers, handwashing supplies.","Use locally available produce, paper labels, clean food-grade reused containers, handmade measuring grids and simple classroom balances where suitable.",Define hypothesis and variables; label replicates; collect traceable measurements; calculate a summary/effect; graph where useful; identify uncertainty; recommend a handling or quality decision.,"Hypothesis, protocol, replicate data, quantitative analysis, graph, uncertainty and recommendation.",What is the response variable? How much variation is present? Does the evidence support the hypothesis? What decision follows?,"No tasting is required. Use clean teacher-approved samples. Wash hands before and after handling. Teachers alone control knives, graters, heat, electrical equipment, chemicals and processing machinery. Do not conduct microbial culture or unsafe food-storage experiments."
IL-340,JSS 1-3,Pineapple,Fruit,Investigation Challenge,"Test a hypothesis about investigation challenge in pineapple, quantify variation or change, and evaluate implications for ingredient quality or handling.","Clean ingredient samples or images, labels, observation sheet/journal, ruler and balance where appropriate, clean trays/containers, handwashing supplies.","Use locally available produce, paper labels, clean food-grade reused containers, handmade measuring grids and simple classroom balances where suitable.",Define hypothesis and variables; label replicates; collect traceable measurements; calculate a summary/effect; graph where useful; identify uncertainty; recommend a handling or quality decision.,"Hypothesis, protocol, replicate data, quantitative analysis, graph, uncertainty and recommendation.",What is the response variable? How much variation is present? Does the evidence support the hypothesis? What decision follows?,"No tasting is required. Use clean teacher-approved samples. Wash hands before and after handling. Teachers alone control knives, graters, heat, electrical equipment, chemicals and processing machinery. Do not conduct microbial culture or unsafe food-storage experiments."
IL-341,JSS 1-3,Citrus,Fruit,Identity & Plant Part,"Test a hypothesis about identity & plant part in citrus, quantify variation or change, and evaluate implications for ingredient quality or handling.","Clean ingredient samples or images, labels, observation sheet/journal, ruler and balance where appropriate, clean trays/containers, handwashing supplies.","Use locally available produce, paper labels, clean food-grade reused containers, handmade measuring grids and simple classroom balances where suitable.",Define hypothesis and variables; label replicates; collect traceable measurements; calculate a summary/effect; graph where useful; identify uncertainty; recommend a handling or quality decision.,"Hypothesis, protocol, replicate data, quantitative analysis, graph, uncertainty and recommendation.",What is the response variable? How much variation is present? Does the evidence support the hypothesis? What decision follows?,"No tasting is required. Use clean teacher-approved samples. Wash hands before and after handling. Teachers alone control knives, graters, heat, electrical equipment, chemicals and processing machinery. Do not conduct microbial culture or unsafe food-storage experiments."
IL-342,JSS 1-3,Citrus,Fruit,External Structure,"Test a hypothesis about external structure in citrus, quantify variation or change, and evaluate implications for ingredient quality or handling.","Clean ingredient samples or images, labels, observation sheet/journal, ruler and balance where appropriate, clean trays/containers, handwashing supplies.","Use locally available produce, paper labels, clean food-grade reused containers, handmade measuring grids and simple classroom balances where suitable.",Define hypothesis and variables; label replicates; collect traceable measurements; calculate a summary/effect; graph where useful; identify uncertainty; recommend a handling or quality decision.,"Hypothesis, protocol, replicate data, quantitative analysis, graph, uncertainty and recommendation.",What is the response variable? How much variation is present? Does the evidence support the hypothesis? What decision follows?,"No tasting is required. Use clean teacher-approved samples. Wash hands before and after handling. Teachers alone control knives, graters, heat, electrical equipment, chemicals and processing machinery. Do not conduct microbial culture or unsafe food-storage experiments."
IL-343,JSS 1-3,Citrus,Fruit,Internal Structure,"Test a hypothesis about internal structure in citrus, quantify variation or change, and evaluate implications for ingredient quality or handling.","Clean ingredient samples or images, labels, observation sheet/journal, ruler and balance where appropriate, clean trays/containers, handwashing supplies.","Use locally available produce, paper labels, clean food-grade reused containers, handmade measuring grids and simple classroom balances where suitable.",Define hypothesis and variables; label replicates; collect traceable measurements; calculate a summary/effect; graph where useful; identify uncertainty; recommend a handling or quality decision.,"Hypothesis, protocol, replicate data, quantitative analysis, graph, uncertainty and recommendation.",What is the response variable? How much variation is present? Does the evidence support the hypothesis? What decision follows?,"No tasting is required. Use clean teacher-approved samples. Wash hands before and after handling. Teachers alone control knives, graters, heat, electrical equipment, chemicals and processing machinery. Do not conduct microbial culture or unsafe food-storage experiments."
IL-344,JSS 1-3,Citrus,Fruit,Colour & Texture,"Test a hypothesis about colour & texture in citrus, quantify variation or change, and evaluate implications for ingredient quality or handling.","Clean ingredient samples or images, labels, observation sheet/journal, ruler and balance where appropriate, clean trays/containers, handwashing supplies.","Use locally available produce, paper labels, clean food-grade reused containers, handmade measuring grids and simple classroom balances where suitable.",Define hypothesis and variables; label replicates; collect traceable measurements; calculate a summary/effect; graph where useful; identify uncertainty; recommend a handling or quality decision.,"Hypothesis, protocol, replicate data, quantitative analysis, graph, uncertainty and recommendation.",What is the response variable? How much variation is present? Does the evidence support the hypothesis? What decision follows?,"No tasting is required. Use clean teacher-approved samples. Wash hands before and after handling. Teachers alone control knives, graters, heat, electrical equipment, chemicals and processing machinery. Do not conduct microbial culture or unsafe food-storage experiments."
IL-345,JSS 1-3,Citrus,Fruit,Mass & Size,"Test a hypothesis about mass & size in citrus, quantify variation or change, and evaluate implications for ingredient quality or handling.","Clean ingredient samples or images, labels, observation sheet/journal, ruler and balance where appropriate, clean trays/containers, handwashing supplies.","Use locally available produce, paper labels, clean food-grade reused containers, handmade measuring grids and simple classroom balances where suitable.",Define hypothesis and variables; label replicates; collect traceable measurements; calculate a summary/effect; graph where useful; identify uncertainty; recommend a handling or quality decision.,"Hypothesis, protocol, replicate data, quantitative analysis, graph, uncertainty and recommendation.",What is the response variable? How much variation is present? Does the evidence support the hypothesis? What decision follows?,"No tasting is required. Use clean teacher-approved samples. Wash hands before and after handling. Teachers alone control knives, graters, heat, electrical equipment, chemicals and processing machinery. Do not conduct microbial culture or unsafe food-storage experiments."
IL-346,JSS 1-3,Citrus,Fruit,Water/Change Observation,"Test a hypothesis about water/change observation in citrus, quantify variation or change, and evaluate implications for ingredient quality or handling.","Clean ingredient samples or images, labels, observation sheet/journal, ruler and balance where appropriate, clean trays/containers, handwashing supplies.","Use locally available produce, paper labels, clean food-grade reused containers, handmade measuring grids and simple classroom balances where suitable.",Define hypothesis and variables; label replicates; collect traceable measurements; calculate a summary/effect; graph where useful; identify uncertainty; recommend a handling or quality decision.,"Hypothesis, protocol, replicate data, quantitative analysis, graph, uncertainty and recommendation.",What is the response variable? How much variation is present? Does the evidence support the hypothesis? What decision follows?,"No tasting is required. Use clean teacher-approved samples. Wash hands before and after handling. Teachers alone control knives, graters, heat, electrical equipment, chemicals and processing machinery. Do not conduct microbial culture or unsafe food-storage experiments."
IL-347,JSS 1-3,Citrus,Fruit,Sorting & Quality,"Test a hypothesis about sorting & quality in citrus, quantify variation or change, and evaluate implications for ingredient quality or handling.","Clean ingredient samples or images, labels, observation sheet/journal, ruler and balance where appropriate, clean trays/containers, handwashing supplies.","Use locally available produce, paper labels, clean food-grade reused containers, handmade measuring grids and simple classroom balances where suitable.",Define hypothesis and variables; label replicates; collect traceable measurements; calculate a summary/effect; graph where useful; identify uncertainty; recommend a handling or quality decision.,"Hypothesis, protocol, replicate data, quantitative analysis, graph, uncertainty and recommendation.",What is the response variable? How much variation is present? Does the evidence support the hypothesis? What decision follows?,"No tasting is required. Use clean teacher-approved samples. Wash hands before and after handling. Teachers alone control knives, graters, heat, electrical equipment, chemicals and processing machinery. Do not conduct microbial culture or unsafe food-storage experiments."
IL-348,JSS 1-3,Citrus,Fruit,Post-Harvest Change,"Test a hypothesis about post-harvest change in citrus, quantify variation or change, and evaluate implications for ingredient quality or handling.","Clean ingredient samples or images, labels, observation sheet/journal, ruler and balance where appropriate, clean trays/containers, handwashing supplies.","Use locally available produce, paper labels, clean food-grade reused containers, handmade measuring grids and simple classroom balances where suitable.",Define hypothesis and variables; label replicates; collect traceable measurements; calculate a summary/effect; graph where useful; identify uncertainty; recommend a handling or quality decision.,"Hypothesis, protocol, replicate data, quantitative analysis, graph, uncertainty and recommendation.",What is the response variable? How much variation is present? Does the evidence support the hypothesis? What decision follows?,"No tasting is required. Use clean teacher-approved samples. Wash hands before and after handling. Teachers alone control knives, graters, heat, electrical equipment, chemicals and processing machinery. Do not conduct microbial culture or unsafe food-storage experiments."
IL-349,JSS 1-3,Citrus,Fruit,Ingredient-to-Food Pathway,"Test a hypothesis about ingredient-to-food pathway in citrus, quantify variation or change, and evaluate implications for ingredient quality or handling.","Clean ingredient samples or images, labels, observation sheet/journal, ruler and balance where appropriate, clean trays/containers, handwashing supplies.","Use locally available produce, paper labels, clean food-grade reused containers, handmade measuring grids and simple classroom balances where suitable.",Define hypothesis and variables; label replicates; collect traceable measurements; calculate a summary/effect; graph where useful; identify uncertainty; recommend a handling or quality decision.,"Hypothesis, protocol, replicate data, quantitative analysis, graph, uncertainty and recommendation.",What is the response variable? How much variation is present? Does the evidence support the hypothesis? What decision follows?,"No tasting is required. Use clean teacher-approved samples. Wash hands before and after handling. Teachers alone control knives, graters, heat, electrical equipment, chemicals and processing machinery. Do not conduct microbial culture or unsafe food-storage experiments."
IL-350,JSS 1-3,Citrus,Fruit,Investigation Challenge,"Test a hypothesis about investigation challenge in citrus, quantify variation or change, and evaluate implications for ingredient quality or handling.","Clean ingredient samples or images, labels, observation sheet/journal, ruler and balance where appropriate, clean trays/containers, handwashing supplies.","Use locally available produce, paper labels, clean food-grade reused containers, handmade measuring grids and simple classroom balances where suitable.",Define hypothesis and variables; label replicates; collect traceable measurements; calculate a summary/effect; graph where useful; identify uncertainty; recommend a handling or quality decision.,"Hypothesis, protocol, replicate data, quantitative analysis, graph, uncertainty and recommendation.",What is the response variable? How much variation is present? Does the evidence support the hypothesis? What decision follows?,"No tasting is required. Use clean teacher-approved samples. Wash hands before and after handling. Teachers alone control knives, graters, heat, electrical equipment, chemicals and processing machinery. Do not conduct microbial culture or unsafe food-storage experiments."
IL-351,JSS 1-3,Mint,Leaf,Identity & Plant Part,"Test a hypothesis about identity & plant part in mint, quantify variation or change, and evaluate implications for ingredient quality or handling.","Clean ingredient samples or images, labels, observation sheet/journal, ruler and balance where appropriate, clean trays/containers, handwashing supplies.","Use locally available produce, paper labels, clean food-grade reused containers, handmade measuring grids and simple classroom balances where suitable.",Define hypothesis and variables; label replicates; collect traceable measurements; calculate a summary/effect; graph where useful; identify uncertainty; recommend a handling or quality decision.,"Hypothesis, protocol, replicate data, quantitative analysis, graph, uncertainty and recommendation.",What is the response variable? How much variation is present? Does the evidence support the hypothesis? What decision follows?,"No tasting is required. Use clean teacher-approved samples. Wash hands before and after handling. Teachers alone control knives, graters, heat, electrical equipment, chemicals and processing machinery. Do not conduct microbial culture or unsafe food-storage experiments."
IL-352,JSS 1-3,Mint,Leaf,External Structure,"Test a hypothesis about external structure in mint, quantify variation or change, and evaluate implications for ingredient quality or handling.","Clean ingredient samples or images, labels, observation sheet/journal, ruler and balance where appropriate, clean trays/containers, handwashing supplies.","Use locally available produce, paper labels, clean food-grade reused containers, handmade measuring grids and simple classroom balances where suitable.",Define hypothesis and variables; label replicates; collect traceable measurements; calculate a summary/effect; graph where useful; identify uncertainty; recommend a handling or quality decision.,"Hypothesis, protocol, replicate data, quantitative analysis, graph, uncertainty and recommendation.",What is the response variable? How much variation is present? Does the evidence support the hypothesis? What decision follows?,"No tasting is required. Use clean teacher-approved samples. Wash hands before and after handling. Teachers alone control knives, graters, heat, electrical equipment, chemicals and processing machinery. Do not conduct microbial culture or unsafe food-storage experiments."
IL-353,JSS 1-3,Mint,Leaf,Internal Structure,"Test a hypothesis about internal structure in mint, quantify variation or change, and evaluate implications for ingredient quality or handling.","Clean ingredient samples or images, labels, observation sheet/journal, ruler and balance where appropriate, clean trays/containers, handwashing supplies.","Use locally available produce, paper labels, clean food-grade reused containers, handmade measuring grids and simple classroom balances where suitable.",Define hypothesis and variables; label replicates; collect traceable measurements; calculate a summary/effect; graph where useful; identify uncertainty; recommend a handling or quality decision.,"Hypothesis, protocol, replicate data, quantitative analysis, graph, uncertainty and recommendation.",What is the response variable? How much variation is present? Does the evidence support the hypothesis? What decision follows?,"No tasting is required. Use clean teacher-approved samples. Wash hands before and after handling. Teachers alone control knives, graters, heat, electrical equipment, chemicals and processing machinery. Do not conduct microbial culture or unsafe food-storage experiments."
IL-354,JSS 1-3,Mint,Leaf,Colour & Texture,"Test a hypothesis about colour & texture in mint, quantify variation or change, and evaluate implications for ingredient quality or handling.","Clean ingredient samples or images, labels, observation sheet/journal, ruler and balance where appropriate, clean trays/containers, handwashing supplies.","Use locally available produce, paper labels, clean food-grade reused containers, handmade measuring grids and simple classroom balances where suitable.",Define hypothesis and variables; label replicates; collect traceable measurements; calculate a summary/effect; graph where useful; identify uncertainty; recommend a handling or quality decision.,"Hypothesis, protocol, replicate data, quantitative analysis, graph, uncertainty and recommendation.",What is the response variable? How much variation is present? Does the evidence support the hypothesis? What decision follows?,"No tasting is required. Use clean teacher-approved samples. Wash hands before and after handling. Teachers alone control knives, graters, heat, electrical equipment, chemicals and processing machinery. Do not conduct microbial culture or unsafe food-storage experiments."
IL-355,JSS 1-3,Mint,Leaf,Mass & Size,"Test a hypothesis about mass & size in mint, quantify variation or change, and evaluate implications for ingredient quality or handling.","Clean ingredient samples or images, labels, observation sheet/journal, ruler and balance where appropriate, clean trays/containers, handwashing supplies.","Use locally available produce, paper labels, clean food-grade reused containers, handmade measuring grids and simple classroom balances where suitable.",Define hypothesis and variables; label replicates; collect traceable measurements; calculate a summary/effect; graph where useful; identify uncertainty; recommend a handling or quality decision.,"Hypothesis, protocol, replicate data, quantitative analysis, graph, uncertainty and recommendation.",What is the response variable? How much variation is present? Does the evidence support the hypothesis? What decision follows?,"No tasting is required. Use clean teacher-approved samples. Wash hands before and after handling. Teachers alone control knives, graters, heat, electrical equipment, chemicals and processing machinery. Do not conduct microbial culture or unsafe food-storage experiments."
IL-356,JSS 1-3,Mint,Leaf,Water/Change Observation,"Test a hypothesis about water/change observation in mint, quantify variation or change, and evaluate implications for ingredient quality or handling.","Clean ingredient samples or images, labels, observation sheet/journal, ruler and balance where appropriate, clean trays/containers, handwashing supplies.","Use locally available produce, paper labels, clean food-grade reused containers, handmade measuring grids and simple classroom balances where suitable.",Define hypothesis and variables; label replicates; collect traceable measurements; calculate a summary/effect; graph where useful; identify uncertainty; recommend a handling or quality decision.,"Hypothesis, protocol, replicate data, quantitative analysis, graph, uncertainty and recommendation.",What is the response variable? How much variation is present? Does the evidence support the hypothesis? What decision follows?,"No tasting is required. Use clean teacher-approved samples. Wash hands before and after handling. Teachers alone control knives, graters, heat, electrical equipment, chemicals and processing machinery. Do not conduct microbial culture or unsafe food-storage experiments."
IL-357,JSS 1-3,Mint,Leaf,Sorting & Quality,"Test a hypothesis about sorting & quality in mint, quantify variation or change, and evaluate implications for ingredient quality or handling.","Clean ingredient samples or images, labels, observation sheet/journal, ruler and balance where appropriate, clean trays/containers, handwashing supplies.","Use locally available produce, paper labels, clean food-grade reused containers, handmade measuring grids and simple classroom balances where suitable.",Define hypothesis and variables; label replicates; collect traceable measurements; calculate a summary/effect; graph where useful; identify uncertainty; recommend a handling or quality decision.,"Hypothesis, protocol, replicate data, quantitative analysis, graph, uncertainty and recommendation.",What is the response variable? How much variation is present? Does the evidence support the hypothesis? What decision follows?,"No tasting is required. Use clean teacher-approved samples. Wash hands before and after handling. Teachers alone control knives, graters, heat, electrical equipment, chemicals and processing machinery. Do not conduct microbial culture or unsafe food-storage experiments."
IL-358,JSS 1-3,Mint,Leaf,Post-Harvest Change,"Test a hypothesis about post-harvest change in mint, quantify variation or change, and evaluate implications for ingredient quality or handling.","Clean ingredient samples or images, labels, observation sheet/journal, ruler and balance where appropriate, clean trays/containers, handwashing supplies.","Use locally available produce, paper labels, clean food-grade reused containers, handmade measuring grids and simple classroom balances where suitable.",Define hypothesis and variables; label replicates; collect traceable measurements; calculate a summary/effect; graph where useful; identify uncertainty; recommend a handling or quality decision.,"Hypothesis, protocol, replicate data, quantitative analysis, graph, uncertainty and recommendation.",What is the response variable? How much variation is present? Does the evidence support the hypothesis? What decision follows?,"No tasting is required. Use clean teacher-approved samples. Wash hands before and after handling. Teachers alone control knives, graters, heat, electrical equipment, chemicals and processing machinery. Do not conduct microbial culture or unsafe food-storage experiments."
IL-359,JSS 1-3,Mint,Leaf,Ingredient-to-Food Pathway,"Test a hypothesis about ingredient-to-food pathway in mint, quantify variation or change, and evaluate implications for ingredient quality or handling.","Clean ingredient samples or images, labels, observation sheet/journal, ruler and balance where appropriate, clean trays/containers, handwashing supplies.","Use locally available produce, paper labels, clean food-grade reused containers, handmade measuring grids and simple classroom balances where suitable.",Define hypothesis and variables; label replicates; collect traceable measurements; calculate a summary/effect; graph where useful; identify uncertainty; recommend a handling or quality decision.,"Hypothesis, protocol, replicate data, quantitative analysis, graph, uncertainty and recommendation.",What is the response variable? How much variation is present? Does the evidence support the hypothesis? What decision follows?,"No tasting is required. Use clean teacher-approved samples. Wash hands before and after handling. Teachers alone control knives, graters, heat, electrical equipment, chemicals and processing machinery. Do not conduct microbial culture or unsafe food-storage experiments."
IL-360,JSS 1-3,Mint,Leaf,Investigation Challenge,"Test a hypothesis about investigation challenge in mint, quantify variation or change, and evaluate implications for ingredient quality or handling.","Clean ingredient samples or images, labels, observation sheet/journal, ruler and balance where appropriate, clean trays/containers, handwashing supplies.","Use locally available produce, paper labels, clean food-grade reused containers, handmade measuring grids and simple classroom balances where suitable.",Define hypothesis and variables; label replicates; collect traceable measurements; calculate a summary/effect; graph where useful; identify uncertainty; recommend a handling or quality decision.,"Hypothesis, protocol, replicate data, quantitative analysis, graph, uncertainty and recommendation.",What is the response variable? How much variation is present? Does the evidence support the hypothesis? What decision follows?,"No tasting is required. Use clean teacher-approved samples. Wash hands before and after handling. Teachers alone control knives, graters, heat, electrical equipment, chemicals and processing machinery. Do not conduct microbial culture or unsafe food-storage experiments."
IL-361,JSS 1-3,Moringa,Leaf,Identity & Plant Part,"Test a hypothesis about identity & plant part in moringa, quantify variation or change, and evaluate implications for ingredient quality or handling.","Clean ingredient samples or images, labels, observation sheet/journal, ruler and balance where appropriate, clean trays/containers, handwashing supplies.","Use locally available produce, paper labels, clean food-grade reused containers, handmade measuring grids and simple classroom balances where suitable.",Define hypothesis and variables; label replicates; collect traceable measurements; calculate a summary/effect; graph where useful; identify uncertainty; recommend a handling or quality decision.,"Hypothesis, protocol, replicate data, quantitative analysis, graph, uncertainty and recommendation.",What is the response variable? How much variation is present? Does the evidence support the hypothesis? What decision follows?,"No tasting is required. Use clean teacher-approved samples. Wash hands before and after handling. Teachers alone control knives, graters, heat, electrical equipment, chemicals and processing machinery. Do not conduct microbial culture or unsafe food-storage experiments."
IL-362,JSS 1-3,Moringa,Leaf,External Structure,"Test a hypothesis about external structure in moringa, quantify variation or change, and evaluate implications for ingredient quality or handling.","Clean ingredient samples or images, labels, observation sheet/journal, ruler and balance where appropriate, clean trays/containers, handwashing supplies.","Use locally available produce, paper labels, clean food-grade reused containers, handmade measuring grids and simple classroom balances where suitable.",Define hypothesis and variables; label replicates; collect traceable measurements; calculate a summary/effect; graph where useful; identify uncertainty; recommend a handling or quality decision.,"Hypothesis, protocol, replicate data, quantitative analysis, graph, uncertainty and recommendation.",What is the response variable? How much variation is present? Does the evidence support the hypothesis? What decision follows?,"No tasting is required. Use clean teacher-approved samples. Wash hands before and after handling. Teachers alone control knives, graters, heat, electrical equipment, chemicals and processing machinery. Do not conduct microbial culture or unsafe food-storage experiments."
IL-363,JSS 1-3,Moringa,Leaf,Internal Structure,"Test a hypothesis about internal structure in moringa, quantify variation or change, and evaluate implications for ingredient quality or handling.","Clean ingredient samples or images, labels, observation sheet/journal, ruler and balance where appropriate, clean trays/containers, handwashing supplies.","Use locally available produce, paper labels, clean food-grade reused containers, handmade measuring grids and simple classroom balances where suitable.",Define hypothesis and variables; label replicates; collect traceable measurements; calculate a summary/effect; graph where useful; identify uncertainty; recommend a handling or quality decision.,"Hypothesis, protocol, replicate data, quantitative analysis, graph, uncertainty and recommendation.",What is the response variable? How much variation is present? Does the evidence support the hypothesis? What decision follows?,"No tasting is required. Use clean teacher-approved samples. Wash hands before and after handling. Teachers alone control knives, graters, heat, electrical equipment, chemicals and processing machinery. Do not conduct microbial culture or unsafe food-storage experiments."
IL-364,JSS 1-3,Moringa,Leaf,Colour & Texture,"Test a hypothesis about colour & texture in moringa, quantify variation or change, and evaluate implications for ingredient quality or handling.","Clean ingredient samples or images, labels, observation sheet/journal, ruler and balance where appropriate, clean trays/containers, handwashing supplies.","Use locally available produce, paper labels, clean food-grade reused containers, handmade measuring grids and simple classroom balances where suitable.",Define hypothesis and variables; label replicates; collect traceable measurements; calculate a summary/effect; graph where useful; identify uncertainty; recommend a handling or quality decision.,"Hypothesis, protocol, replicate data, quantitative analysis, graph, uncertainty and recommendation.",What is the response variable? How much variation is present? Does the evidence support the hypothesis? What decision follows?,"No tasting is required. Use clean teacher-approved samples. Wash hands before and after handling. Teachers alone control knives, graters, heat, electrical equipment, chemicals and processing machinery. Do not conduct microbial culture or unsafe food-storage experiments."
IL-365,JSS 1-3,Moringa,Leaf,Mass & Size,"Test a hypothesis about mass & size in moringa, quantify variation or change, and evaluate implications for ingredient quality or handling.","Clean ingredient samples or images, labels, observation sheet/journal, ruler and balance where appropriate, clean trays/containers, handwashing supplies.","Use locally available produce, paper labels, clean food-grade reused containers, handmade measuring grids and simple classroom balances where suitable.",Define hypothesis and variables; label replicates; collect traceable measurements; calculate a summary/effect; graph where useful; identify uncertainty; recommend a handling or quality decision.,"Hypothesis, protocol, replicate data, quantitative analysis, graph, uncertainty and recommendation.",What is the response variable? How much variation is present? Does the evidence support the hypothesis? What decision follows?,"No tasting is required. Use clean teacher-approved samples. Wash hands before and after handling. Teachers alone control knives, graters, heat, electrical equipment, chemicals and processing machinery. Do not conduct microbial culture or unsafe food-storage experiments."
IL-366,JSS 1-3,Moringa,Leaf,Water/Change Observation,"Test a hypothesis about water/change observation in moringa, quantify variation or change, and evaluate implications for ingredient quality or handling.","Clean ingredient samples or images, labels, observation sheet/journal, ruler and balance where appropriate, clean trays/containers, handwashing supplies.","Use locally available produce, paper labels, clean food-grade reused containers, handmade measuring grids and simple classroom balances where suitable.",Define hypothesis and variables; label replicates; collect traceable measurements; calculate a summary/effect; graph where useful; identify uncertainty; recommend a handling or quality decision.,"Hypothesis, protocol, replicate data, quantitative analysis, graph, uncertainty and recommendation.",What is the response variable? How much variation is present? Does the evidence support the hypothesis? What decision follows?,"No tasting is required. Use clean teacher-approved samples. Wash hands before and after handling. Teachers alone control knives, graters, heat, electrical equipment, chemicals and processing machinery. Do not conduct microbial culture or unsafe food-storage experiments."
IL-367,JSS 1-3,Moringa,Leaf,Sorting & Quality,"Test a hypothesis about sorting & quality in moringa, quantify variation or change, and evaluate implications for ingredient quality or handling.","Clean ingredient samples or images, labels, observation sheet/journal, ruler and balance where appropriate, clean trays/containers, handwashing supplies.","Use locally available produce, paper labels, clean food-grade reused containers, handmade measuring grids and simple classroom balances where suitable.",Define hypothesis and variables; label replicates; collect traceable measurements; calculate a summary/effect; graph where useful; identify uncertainty; recommend a handling or quality decision.,"Hypothesis, protocol, replicate data, quantitative analysis, graph, uncertainty and recommendation.",What is the response variable? How much variation is present? Does the evidence support the hypothesis? What decision follows?,"No tasting is required. Use clean teacher-approved samples. Wash hands before and after handling. Teachers alone control knives, graters, heat, electrical equipment, chemicals and processing machinery. Do not conduct microbial culture or unsafe food-storage experiments."
IL-368,JSS 1-3,Moringa,Leaf,Post-Harvest Change,"Test a hypothesis about post-harvest change in moringa, quantify variation or change, and evaluate implications for ingredient quality or handling.","Clean ingredient samples or images, labels, observation sheet/journal, ruler and balance where appropriate, clean trays/containers, handwashing supplies.","Use locally available produce, paper labels, clean food-grade reused containers, handmade measuring grids and simple classroom balances where suitable.",Define hypothesis and variables; label replicates; collect traceable measurements; calculate a summary/effect; graph where useful; identify uncertainty; recommend a handling or quality decision.,"Hypothesis, protocol, replicate data, quantitative analysis, graph, uncertainty and recommendation.",What is the response variable? How much variation is present? Does the evidence support the hypothesis? What decision follows?,"No tasting is required. Use clean teacher-approved samples. Wash hands before and after handling. Teachers alone control knives, graters, heat, electrical equipment, chemicals and processing machinery. Do not conduct microbial culture or unsafe food-storage experiments."
IL-369,JSS 1-3,Moringa,Leaf,Ingredient-to-Food Pathway,"Test a hypothesis about ingredient-to-food pathway in moringa, quantify variation or change, and evaluate implications for ingredient quality or handling.","Clean ingredient samples or images, labels, observation sheet/journal, ruler and balance where appropriate, clean trays/containers, handwashing supplies.","Use locally available produce, paper labels, clean food-grade reused containers, handmade measuring grids and simple classroom balances where suitable.",Define hypothesis and variables; label replicates; collect traceable measurements; calculate a summary/effect; graph where useful; identify uncertainty; recommend a handling or quality decision.,"Hypothesis, protocol, replicate data, quantitative analysis, graph, uncertainty and recommendation.",What is the response variable? How much variation is present? Does the evidence support the hypothesis? What decision follows?,"No tasting is required. Use clean teacher-approved samples. Wash hands before and after handling. Teachers alone control knives, graters, heat, electrical equipment, chemicals and processing machinery. Do not conduct microbial culture or unsafe food-storage experiments."
IL-370,JSS 1-3,Moringa,Leaf,Investigation Challenge,"Test a hypothesis about investigation challenge in moringa, quantify variation or change, and evaluate implications for ingredient quality or handling.","Clean ingredient samples or images, labels, observation sheet/journal, ruler and balance where appropriate, clean trays/containers, handwashing supplies.","Use locally available produce, paper labels, clean food-grade reused containers, handmade measuring grids and simple classroom balances where suitable.",Define hypothesis and variables; label replicates; collect traceable measurements; calculate a summary/effect; graph where useful; identify uncertainty; recommend a handling or quality decision.,"Hypothesis, protocol, replicate data, quantitative analysis, graph, uncertainty and recommendation.",What is the response variable? How much variation is present? Does the evidence support the hypothesis? What decision follows?,"No tasting is required. Use clean teacher-approved samples. Wash hands before and after handling. Teachers alone control knives, graters, heat, electrical equipment, chemicals and processing machinery. Do not conduct microbial culture or unsafe food-storage experiments."
IL-371,JSS 1-3,Watermelon,Fruit,Identity & Plant Part,"Test a hypothesis about identity & plant part in watermelon, quantify variation or change, and evaluate implications for ingredient quality or handling.","Clean ingredient samples or images, labels, observation sheet/journal, ruler and balance where appropriate, clean trays/containers, handwashing supplies.","Use locally available produce, paper labels, clean food-grade reused containers, handmade measuring grids and simple classroom balances where suitable.",Define hypothesis and variables; label replicates; collect traceable measurements; calculate a summary/effect; graph where useful; identify uncertainty; recommend a handling or quality decision.,"Hypothesis, protocol, replicate data, quantitative analysis, graph, uncertainty and recommendation.",What is the response variable? How much variation is present? Does the evidence support the hypothesis? What decision follows?,"No tasting is required. Use clean teacher-approved samples. Wash hands before and after handling. Teachers alone control knives, graters, heat, electrical equipment, chemicals and processing machinery. Do not conduct microbial culture or unsafe food-storage experiments."
IL-372,JSS 1-3,Watermelon,Fruit,External Structure,"Test a hypothesis about external structure in watermelon, quantify variation or change, and evaluate implications for ingredient quality or handling.","Clean ingredient samples or images, labels, observation sheet/journal, ruler and balance where appropriate, clean trays/containers, handwashing supplies.","Use locally available produce, paper labels, clean food-grade reused containers, handmade measuring grids and simple classroom balances where suitable.",Define hypothesis and variables; label replicates; collect traceable measurements; calculate a summary/effect; graph where useful; identify uncertainty; recommend a handling or quality decision.,"Hypothesis, protocol, replicate data, quantitative analysis, graph, uncertainty and recommendation.",What is the response variable? How much variation is present? Does the evidence support the hypothesis? What decision follows?,"No tasting is required. Use clean teacher-approved samples. Wash hands before and after handling. Teachers alone control knives, graters, heat, electrical equipment, chemicals and processing machinery. Do not conduct microbial culture or unsafe food-storage experiments."
IL-373,JSS 1-3,Watermelon,Fruit,Internal Structure,"Test a hypothesis about internal structure in watermelon, quantify variation or change, and evaluate implications for ingredient quality or handling.","Clean ingredient samples or images, labels, observation sheet/journal, ruler and balance where appropriate, clean trays/containers, handwashing supplies.","Use locally available produce, paper labels, clean food-grade reused containers, handmade measuring grids and simple classroom balances where suitable.",Define hypothesis and variables; label replicates; collect traceable measurements; calculate a summary/effect; graph where useful; identify uncertainty; recommend a handling or quality decision.,"Hypothesis, protocol, replicate data, quantitative analysis, graph, uncertainty and recommendation.",What is the response variable? How much variation is present? Does the evidence support the hypothesis? What decision follows?,"No tasting is required. Use clean teacher-approved samples. Wash hands before and after handling. Teachers alone control knives, graters, heat, electrical equipment, chemicals and processing machinery. Do not conduct microbial culture or unsafe food-storage experiments."
IL-374,JSS 1-3,Watermelon,Fruit,Colour & Texture,"Test a hypothesis about colour & texture in watermelon, quantify variation or change, and evaluate implications for ingredient quality or handling.","Clean ingredient samples or images, labels, observation sheet/journal, ruler and balance where appropriate, clean trays/containers, handwashing supplies.","Use locally available produce, paper labels, clean food-grade reused containers, handmade measuring grids and simple classroom balances where suitable.",Define hypothesis and variables; label replicates; collect traceable measurements; calculate a summary/effect; graph where useful; identify uncertainty; recommend a handling or quality decision.,"Hypothesis, protocol, replicate data, quantitative analysis, graph, uncertainty and recommendation.",What is the response variable? How much variation is present? Does the evidence support the hypothesis? What decision follows?,"No tasting is required. Use clean teacher-approved samples. Wash hands before and after handling. Teachers alone control knives, graters, heat, electrical equipment, chemicals and processing machinery. Do not conduct microbial culture or unsafe food-storage experiments."
IL-375,JSS 1-3,Watermelon,Fruit,Mass & Size,"Test a hypothesis about mass & size in watermelon, quantify variation or change, and evaluate implications for ingredient quality or handling.","Clean ingredient samples or images, labels, observation sheet/journal, ruler and balance where appropriate, clean trays/containers, handwashing supplies.","Use locally available produce, paper labels, clean food-grade reused containers, handmade measuring grids and simple classroom balances where suitable.",Define hypothesis and variables; label replicates; collect traceable measurements; calculate a summary/effect; graph where useful; identify uncertainty; recommend a handling or quality decision.,"Hypothesis, protocol, replicate data, quantitative analysis, graph, uncertainty and recommendation.",What is the response variable? How much variation is present? Does the evidence support the hypothesis? What decision follows?,"No tasting is required. Use clean teacher-approved samples. Wash hands before and after handling. Teachers alone control knives, graters, heat, electrical equipment, chemicals and processing machinery. Do not conduct microbial culture or unsafe food-storage experiments."
IL-376,JSS 1-3,Watermelon,Fruit,Water/Change Observation,"Test a hypothesis about water/change observation in watermelon, quantify variation or change, and evaluate implications for ingredient quality or handling.","Clean ingredient samples or images, labels, observation sheet/journal, ruler and balance where appropriate, clean trays/containers, handwashing supplies.","Use locally available produce, paper labels, clean food-grade reused containers, handmade measuring grids and simple classroom balances where suitable.",Define hypothesis and variables; label replicates; collect traceable measurements; calculate a summary/effect; graph where useful; identify uncertainty; recommend a handling or quality decision.,"Hypothesis, protocol, replicate data, quantitative analysis, graph, uncertainty and recommendation.",What is the response variable? How much variation is present? Does the evidence support the hypothesis? What decision follows?,"No tasting is required. Use clean teacher-approved samples. Wash hands before and after handling. Teachers alone control knives, graters, heat, electrical equipment, chemicals and processing machinery. Do not conduct microbial culture or unsafe food-storage experiments."
IL-377,JSS 1-3,Watermelon,Fruit,Sorting & Quality,"Test a hypothesis about sorting & quality in watermelon, quantify variation or change, and evaluate implications for ingredient quality or handling.","Clean ingredient samples or images, labels, observation sheet/journal, ruler and balance where appropriate, clean trays/containers, handwashing supplies.","Use locally available produce, paper labels, clean food-grade reused containers, handmade measuring grids and simple classroom balances where suitable.",Define hypothesis and variables; label replicates; collect traceable measurements; calculate a summary/effect; graph where useful; identify uncertainty; recommend a handling or quality decision.,"Hypothesis, protocol, replicate data, quantitative analysis, graph, uncertainty and recommendation.",What is the response variable? How much variation is present? Does the evidence support the hypothesis? What decision follows?,"No tasting is required. Use clean teacher-approved samples. Wash hands before and after handling. Teachers alone control knives, graters, heat, electrical equipment, chemicals and processing machinery. Do not conduct microbial culture or unsafe food-storage experiments."
IL-378,JSS 1-3,Watermelon,Fruit,Post-Harvest Change,"Test a hypothesis about post-harvest change in watermelon, quantify variation or change, and evaluate implications for ingredient quality or handling.","Clean ingredient samples or images, labels, observation sheet/journal, ruler and balance where appropriate, clean trays/containers, handwashing supplies.","Use locally available produce, paper labels, clean food-grade reused containers, handmade measuring grids and simple classroom balances where suitable.",Define hypothesis and variables; label replicates; collect traceable measurements; calculate a summary/effect; graph where useful; identify uncertainty; recommend a handling or quality decision.,"Hypothesis, protocol, replicate data, quantitative analysis, graph, uncertainty and recommendation.",What is the response variable? How much variation is present? Does the evidence support the hypothesis? What decision follows?,"No tasting is required. Use clean teacher-approved samples. Wash hands before and after handling. Teachers alone control knives, graters, heat, electrical equipment, chemicals and processing machinery. Do not conduct microbial culture or unsafe food-storage experiments."
IL-379,JSS 1-3,Watermelon,Fruit,Ingredient-to-Food Pathway,"Test a hypothesis about ingredient-to-food pathway in watermelon, quantify variation or change, and evaluate implications for ingredient quality or handling.","Clean ingredient samples or images, labels, observation sheet/journal, ruler and balance where appropriate, clean trays/containers, handwashing supplies.","Use locally available produce, paper labels, clean food-grade reused containers, handmade measuring grids and simple classroom balances where suitable.",Define hypothesis and variables; label replicates; collect traceable measurements; calculate a summary/effect; graph where useful; identify uncertainty; recommend a handling or quality decision.,"Hypothesis, protocol, replicate data, quantitative analysis, graph, uncertainty and recommendation.",What is the response variable? How much variation is present? Does the evidence support the hypothesis? What decision follows?,"No tasting is required. Use clean teacher-approved samples. Wash hands before and after handling. Teachers alone control knives, graters, heat, electrical equipment, chemicals and processing machinery. Do not conduct microbial culture or unsafe food-storage experiments."
IL-380,JSS 1-3,Watermelon,Fruit,Investigation Challenge,"Test a hypothesis about investigation challenge in watermelon, quantify variation or change, and evaluate implications for ingredient quality or handling.","Clean ingredient samples or images, labels, observation sheet/journal, ruler and balance where appropriate, clean trays/containers, handwashing supplies.","Use locally available produce, paper labels, clean food-grade reused containers, handmade measuring grids and simple classroom balances where suitable.",Define hypothesis and variables; label replicates; collect traceable measurements; calculate a summary/effect; graph where useful; identify uncertainty; recommend a handling or quality decision.,"Hypothesis, protocol, replicate data, quantitative analysis, graph, uncertainty and recommendation.",What is the response variable? How much variation is present? Does the evidence support the hypothesis? What decision follows?,"No tasting is required. Use clean teacher-approved samples. Wash hands before and after handling. Teachers alone control knives, graters, heat, electrical equipment, chemicals and processing machinery. Do not conduct microbial culture or unsafe food-storage experiments."
IL-381,JSS 1-3,Tomato,Fruit,Identity & Plant Part,"Test a hypothesis about identity & plant part in tomato, quantify variation or change, and evaluate implications for ingredient quality or handling.","Clean ingredient samples or images, labels, observation sheet/journal, ruler and balance where appropriate, clean trays/containers, handwashing supplies.","Use locally available produce, paper labels, clean food-grade reused containers, handmade measuring grids and simple classroom balances where suitable.",Define hypothesis and variables; label replicates; collect traceable measurements; calculate a summary/effect; graph where useful; identify uncertainty; recommend a handling or quality decision.,"Hypothesis, protocol, replicate data, quantitative analysis, graph, uncertainty and recommendation.",What is the response variable? How much variation is present? Does the evidence support the hypothesis? What decision follows?,"No tasting is required. Use clean teacher-approved samples. Wash hands before and after handling. Teachers alone control knives, graters, heat, electrical equipment, chemicals and processing machinery. Do not conduct microbial culture or unsafe food-storage experiments."
IL-382,JSS 1-3,Tomato,Fruit,External Structure,"Test a hypothesis about external structure in tomato, quantify variation or change, and evaluate implications for ingredient quality or handling.","Clean ingredient samples or images, labels, observation sheet/journal, ruler and balance where appropriate, clean trays/containers, handwashing supplies.","Use locally available produce, paper labels, clean food-grade reused containers, handmade measuring grids and simple classroom balances where suitable.",Define hypothesis and variables; label replicates; collect traceable measurements; calculate a summary/effect; graph where useful; identify uncertainty; recommend a handling or quality decision.,"Hypothesis, protocol, replicate data, quantitative analysis, graph, uncertainty and recommendation.",What is the response variable? How much variation is present? Does the evidence support the hypothesis? What decision follows?,"No tasting is required. Use clean teacher-approved samples. Wash hands before and after handling. Teachers alone control knives, graters, heat, electrical equipment, chemicals and processing machinery. Do not conduct microbial culture or unsafe food-storage experiments."
IL-383,JSS 1-3,Tomato,Fruit,Internal Structure,"Test a hypothesis about internal structure in tomato, quantify variation or change, and evaluate implications for ingredient quality or handling.","Clean ingredient samples or images, labels, observation sheet/journal, ruler and balance where appropriate, clean trays/containers, handwashing supplies.","Use locally available produce, paper labels, clean food-grade reused containers, handmade measuring grids and simple classroom balances where suitable.",Define hypothesis and variables; label replicates; collect traceable measurements; calculate a summary/effect; graph where useful; identify uncertainty; recommend a handling or quality decision.,"Hypothesis, protocol, replicate data, quantitative analysis, graph, uncertainty and recommendation.",What is the response variable? How much variation is present? Does the evidence support the hypothesis? What decision follows?,"No tasting is required. Use clean teacher-approved samples. Wash hands before and after handling. Teachers alone control knives, graters, heat, electrical equipment, chemicals and processing machinery. Do not conduct microbial culture or unsafe food-storage experiments."
IL-384,JSS 1-3,Tomato,Fruit,Colour & Texture,"Test a hypothesis about colour & texture in tomato, quantify variation or change, and evaluate implications for ingredient quality or handling.","Clean ingredient samples or images, labels, observation sheet/journal, ruler and balance where appropriate, clean trays/containers, handwashing supplies.","Use locally available produce, paper labels, clean food-grade reused containers, handmade measuring grids and simple classroom balances where suitable.",Define hypothesis and variables; label replicates; collect traceable measurements; calculate a summary/effect; graph where useful; identify uncertainty; recommend a handling or quality decision.,"Hypothesis, protocol, replicate data, quantitative analysis, graph, uncertainty and recommendation.",What is the response variable? How much variation is present? Does the evidence support the hypothesis? What decision follows?,"No tasting is required. Use clean teacher-approved samples. Wash hands before and after handling. Teachers alone control knives, graters, heat, electrical equipment, chemicals and processing machinery. Do not conduct microbial culture or unsafe food-storage experiments."
IL-385,JSS 1-3,Tomato,Fruit,Mass & Size,"Test a hypothesis about mass & size in tomato, quantify variation or change, and evaluate implications for ingredient quality or handling.","Clean ingredient samples or images, labels, observation sheet/journal, ruler and balance where appropriate, clean trays/containers, handwashing supplies.","Use locally available produce, paper labels, clean food-grade reused containers, handmade measuring grids and simple classroom balances where suitable.",Define hypothesis and variables; label replicates; collect traceable measurements; calculate a summary/effect; graph where useful; identify uncertainty; recommend a handling or quality decision.,"Hypothesis, protocol, replicate data, quantitative analysis, graph, uncertainty and recommendation.",What is the response variable? How much variation is present? Does the evidence support the hypothesis? What decision follows?,"No tasting is required. Use clean teacher-approved samples. Wash hands before and after handling. Teachers alone control knives, graters, heat, electrical equipment, chemicals and processing machinery. Do not conduct microbial culture or unsafe food-storage experiments."
IL-386,JSS 1-3,Tomato,Fruit,Water/Change Observation,"Test a hypothesis about water/change observation in tomato, quantify variation or change, and evaluate implications for ingredient quality or handling.","Clean ingredient samples or images, labels, observation sheet/journal, ruler and balance where appropriate, clean trays/containers, handwashing supplies.","Use locally available produce, paper labels, clean food-grade reused containers, handmade measuring grids and simple classroom balances where suitable.",Define hypothesis and variables; label replicates; collect traceable measurements; calculate a summary/effect; graph where useful; identify uncertainty; recommend a handling or quality decision.,"Hypothesis, protocol, replicate data, quantitative analysis, graph, uncertainty and recommendation.",What is the response variable? How much variation is present? Does the evidence support the hypothesis? What decision follows?,"No tasting is required. Use clean teacher-approved samples. Wash hands before and after handling. Teachers alone control knives, graters, heat, electrical equipment, chemicals and processing machinery. Do not conduct microbial culture or unsafe food-storage experiments."
IL-387,JSS 1-3,Tomato,Fruit,Sorting & Quality,"Test a hypothesis about sorting & quality in tomato, quantify variation or change, and evaluate implications for ingredient quality or handling.","Clean ingredient samples or images, labels, observation sheet/journal, ruler and balance where appropriate, clean trays/containers, handwashing supplies.","Use locally available produce, paper labels, clean food-grade reused containers, handmade measuring grids and simple classroom balances where suitable.",Define hypothesis and variables; label replicates; collect traceable measurements; calculate a summary/effect; graph where useful; identify uncertainty; recommend a handling or quality decision.,"Hypothesis, protocol, replicate data, quantitative analysis, graph, uncertainty and recommendation.",What is the response variable? How much variation is present? Does the evidence support the hypothesis? What decision follows?,"No tasting is required. Use clean teacher-approved samples. Wash hands before and after handling. Teachers alone control knives, graters, heat, electrical equipment, chemicals and processing machinery. Do not conduct microbial culture or unsafe food-storage experiments."
IL-388,JSS 1-3,Tomato,Fruit,Post-Harvest Change,"Test a hypothesis about post-harvest change in tomato, quantify variation or change, and evaluate implications for ingredient quality or handling.","Clean ingredient samples or images, labels, observation sheet/journal, ruler and balance where appropriate, clean trays/containers, handwashing supplies.","Use locally available produce, paper labels, clean food-grade reused containers, handmade measuring grids and simple classroom balances where suitable.",Define hypothesis and variables; label replicates; collect traceable measurements; calculate a summary/effect; graph where useful; identify uncertainty; recommend a handling or quality decision.,"Hypothesis, protocol, replicate data, quantitative analysis, graph, uncertainty and recommendation.",What is the response variable? How much variation is present? Does the evidence support the hypothesis? What decision follows?,"No tasting is required. Use clean teacher-approved samples. Wash hands before and after handling. Teachers alone control knives, graters, heat, electrical equipment, chemicals and processing machinery. Do not conduct microbial culture or unsafe food-storage experiments."
IL-389,JSS 1-3,Tomato,Fruit,Ingredient-to-Food Pathway,"Test a hypothesis about ingredient-to-food pathway in tomato, quantify variation or change, and evaluate implications for ingredient quality or handling.","Clean ingredient samples or images, labels, observation sheet/journal, ruler and balance where appropriate, clean trays/containers, handwashing supplies.","Use locally available produce, paper labels, clean food-grade reused containers, handmade measuring grids and simple classroom balances where suitable.",Define hypothesis and variables; label replicates; collect traceable measurements; calculate a summary/effect; graph where useful; identify uncertainty; recommend a handling or quality decision.,"Hypothesis, protocol, replicate data, quantitative analysis, graph, uncertainty and recommendation.",What is the response variable? How much variation is present? Does the evidence support the hypothesis? What decision follows?,"No tasting is required. Use clean teacher-approved samples. Wash hands before and after handling. Teachers alone control knives, graters, heat, electrical equipment, chemicals and processing machinery. Do not conduct microbial culture or unsafe food-storage experiments."
IL-390,JSS 1-3,Tomato,Fruit,Investigation Challenge,"Test a hypothesis about investigation challenge in tomato, quantify variation or change, and evaluate implications for ingredient quality or handling.","Clean ingredient samples or images, labels, observation sheet/journal, ruler and balance where appropriate, clean trays/containers, handwashing supplies.","Use locally available produce, paper labels, clean food-grade reused containers, handmade measuring grids and simple classroom balances where suitable.",Define hypothesis and variables; label replicates; collect traceable measurements; calculate a summary/effect; graph where useful; identify uncertainty; recommend a handling or quality decision.,"Hypothesis, protocol, replicate data, quantitative analysis, graph, uncertainty and recommendation.",What is the response variable? How much variation is present? Does the evidence support the hypothesis? What decision follows?,"No tasting is required. Use clean teacher-approved samples. Wash hands before and after handling. Teachers alone control knives, graters, heat, electrical equipment, chemicals and processing machinery. Do not conduct microbial culture or unsafe food-storage experiments."
IL-391,JSS 1-3,Maize,Seed/Grain,Identity & Plant Part,"Test a hypothesis about identity & plant part in maize, quantify variation or change, and evaluate implications for ingredient quality or handling.","Clean ingredient samples or images, labels, observation sheet/journal, ruler and balance where appropriate, clean trays/containers, handwashing supplies.","Use locally available produce, paper labels, clean food-grade reused containers, handmade measuring grids and simple classroom balances where suitable.",Define hypothesis and variables; label replicates; collect traceable measurements; calculate a summary/effect; graph where useful; identify uncertainty; recommend a handling or quality decision.,"Hypothesis, protocol, replicate data, quantitative analysis, graph, uncertainty and recommendation.",What is the response variable? How much variation is present? Does the evidence support the hypothesis? What decision follows?,"No tasting is required. Use clean teacher-approved samples. Wash hands before and after handling. Teachers alone control knives, graters, heat, electrical equipment, chemicals and processing machinery. Do not conduct microbial culture or unsafe food-storage experiments."
IL-392,JSS 1-3,Maize,Seed/Grain,External Structure,"Test a hypothesis about external structure in maize, quantify variation or change, and evaluate implications for ingredient quality or handling.","Clean ingredient samples or images, labels, observation sheet/journal, ruler and balance where appropriate, clean trays/containers, handwashing supplies.","Use locally available produce, paper labels, clean food-grade reused containers, handmade measuring grids and simple classroom balances where suitable.",Define hypothesis and variables; label replicates; collect traceable measurements; calculate a summary/effect; graph where useful; identify uncertainty; recommend a handling or quality decision.,"Hypothesis, protocol, replicate data, quantitative analysis, graph, uncertainty and recommendation.",What is the response variable? How much variation is present? Does the evidence support the hypothesis? What decision follows?,"No tasting is required. Use clean teacher-approved samples. Wash hands before and after handling. Teachers alone control knives, graters, heat, electrical equipment, chemicals and processing machinery. Do not conduct microbial culture or unsafe food-storage experiments."
IL-393,JSS 1-3,Maize,Seed/Grain,Internal Structure,"Test a hypothesis about internal structure in maize, quantify variation or change, and evaluate implications for ingredient quality or handling.","Clean ingredient samples or images, labels, observation sheet/journal, ruler and balance where appropriate, clean trays/containers, handwashing supplies.","Use locally available produce, paper labels, clean food-grade reused containers, handmade measuring grids and simple classroom balances where suitable.",Define hypothesis and variables; label replicates; collect traceable measurements; calculate a summary/effect; graph where useful; identify uncertainty; recommend a handling or quality decision.,"Hypothesis, protocol, replicate data, quantitative analysis, graph, uncertainty and recommendation.",What is the response variable? How much variation is present? Does the evidence support the hypothesis? What decision follows?,"No tasting is required. Use clean teacher-approved samples. Wash hands before and after handling. Teachers alone control knives, graters, heat, electrical equipment, chemicals and processing machinery. Do not conduct microbial culture or unsafe food-storage experiments."
IL-394,JSS 1-3,Maize,Seed/Grain,Colour & Texture,"Test a hypothesis about colour & texture in maize, quantify variation or change, and evaluate implications for ingredient quality or handling.","Clean ingredient samples or images, labels, observation sheet/journal, ruler and balance where appropriate, clean trays/containers, handwashing supplies.","Use locally available produce, paper labels, clean food-grade reused containers, handmade measuring grids and simple classroom balances where suitable.",Define hypothesis and variables; label replicates; collect traceable measurements; calculate a summary/effect; graph where useful; identify uncertainty; recommend a handling or quality decision.,"Hypothesis, protocol, replicate data, quantitative analysis, graph, uncertainty and recommendation.",What is the response variable? How much variation is present? Does the evidence support the hypothesis? What decision follows?,"No tasting is required. Use clean teacher-approved samples. Wash hands before and after handling. Teachers alone control knives, graters, heat, electrical equipment, chemicals and processing machinery. Do not conduct microbial culture or unsafe food-storage experiments."
IL-395,JSS 1-3,Maize,Seed/Grain,Mass & Size,"Test a hypothesis about mass & size in maize, quantify variation or change, and evaluate implications for ingredient quality or handling.","Clean ingredient samples or images, labels, observation sheet/journal, ruler and balance where appropriate, clean trays/containers, handwashing supplies.","Use locally available produce, paper labels, clean food-grade reused containers, handmade measuring grids and simple classroom balances where suitable.",Define hypothesis and variables; label replicates; collect traceable measurements; calculate a summary/effect; graph where useful; identify uncertainty; recommend a handling or quality decision.,"Hypothesis, protocol, replicate data, quantitative analysis, graph, uncertainty and recommendation.",What is the response variable? How much variation is present? Does the evidence support the hypothesis? What decision follows?,"No tasting is required. Use clean teacher-approved samples. Wash hands before and after handling. Teachers alone control knives, graters, heat, electrical equipment, chemicals and processing machinery. Do not conduct microbial culture or unsafe food-storage experiments."
IL-396,JSS 1-3,Maize,Seed/Grain,Water/Change Observation,"Test a hypothesis about water/change observation in maize, quantify variation or change, and evaluate implications for ingredient quality or handling.","Clean ingredient samples or images, labels, observation sheet/journal, ruler and balance where appropriate, clean trays/containers, handwashing supplies.","Use locally available produce, paper labels, clean food-grade reused containers, handmade measuring grids and simple classroom balances where suitable.",Define hypothesis and variables; label replicates; collect traceable measurements; calculate a summary/effect; graph where useful; identify uncertainty; recommend a handling or quality decision.,"Hypothesis, protocol, replicate data, quantitative analysis, graph, uncertainty and recommendation.",What is the response variable? How much variation is present? Does the evidence support the hypothesis? What decision follows?,"No tasting is required. Use clean teacher-approved samples. Wash hands before and after handling. Teachers alone control knives, graters, heat, electrical equipment, chemicals and processing machinery. Do not conduct microbial culture or unsafe food-storage experiments."
IL-397,JSS 1-3,Maize,Seed/Grain,Sorting & Quality,"Test a hypothesis about sorting & quality in maize, quantify variation or change, and evaluate implications for ingredient quality or handling.","Clean ingredient samples or images, labels, observation sheet/journal, ruler and balance where appropriate, clean trays/containers, handwashing supplies.","Use locally available produce, paper labels, clean food-grade reused containers, handmade measuring grids and simple classroom balances where suitable.",Define hypothesis and variables; label replicates; collect traceable measurements; calculate a summary/effect; graph where useful; identify uncertainty; recommend a handling or quality decision.,"Hypothesis, protocol, replicate data, quantitative analysis, graph, uncertainty and recommendation.",What is the response variable? How much variation is present? Does the evidence support the hypothesis? What decision follows?,"No tasting is required. Use clean teacher-approved samples. Wash hands before and after handling. Teachers alone control knives, graters, heat, electrical equipment, chemicals and processing machinery. Do not conduct microbial culture or unsafe food-storage experiments."
IL-398,JSS 1-3,Maize,Seed/Grain,Post-Harvest Change,"Test a hypothesis about post-harvest change in maize, quantify variation or change, and evaluate implications for ingredient quality or handling.","Clean ingredient samples or images, labels, observation sheet/journal, ruler and balance where appropriate, clean trays/containers, handwashing supplies.","Use locally available produce, paper labels, clean food-grade reused containers, handmade measuring grids and simple classroom balances where suitable.",Define hypothesis and variables; label replicates; collect traceable measurements; calculate a summary/effect; graph where useful; identify uncertainty; recommend a handling or quality decision.,"Hypothesis, protocol, replicate data, quantitative analysis, graph, uncertainty and recommendation.",What is the response variable? How much variation is present? Does the evidence support the hypothesis? What decision follows?,"No tasting is required. Use clean teacher-approved samples. Wash hands before and after handling. Teachers alone control knives, graters, heat, electrical equipment, chemicals and processing machinery. Do not conduct microbial culture or unsafe food-storage experiments."
IL-399,JSS 1-3,Maize,Seed/Grain,Ingredient-to-Food Pathway,"Test a hypothesis about ingredient-to-food pathway in maize, quantify variation or change, and evaluate implications for ingredient quality or handling.","Clean ingredient samples or images, labels, observation sheet/journal, ruler and balance where appropriate, clean trays/containers, handwashing supplies.","Use locally available produce, paper labels, clean food-grade reused containers, handmade measuring grids and simple classroom balances where suitable.",Define hypothesis and variables; label replicates; collect traceable measurements; calculate a summary/effect; graph where useful; identify uncertainty; recommend a handling or quality decision.,"Hypothesis, protocol, replicate data, quantitative analysis, graph, uncertainty and recommendation.",What is the response variable? How much variation is present? Does the evidence support the hypothesis? What decision follows?,"No tasting is required. Use clean teacher-approved samples. Wash hands before and after handling. Teachers alone control knives, graters, heat, electrical equipment, chemicals and processing machinery. Do not conduct microbial culture or unsafe food-storage experiments."
IL-400,JSS 1-3,Maize,Seed/Grain,Investigation Challenge,"Test a hypothesis about investigation challenge in maize, quantify variation or change, and evaluate implications for ingredient quality or handling.","Clean ingredient samples or images, labels, observation sheet/journal, ruler and balance where appropriate, clean trays/containers, handwashing supplies.","Use locally available produce, paper labels, clean food-grade reused containers, handmade measuring grids and simple classroom balances where suitable.",Define hypothesis and variables; label replicates; collect traceable measurements; calculate a summary/effect; graph where useful; identify uncertainty; recommend a handling or quality decision.,"Hypothesis, protocol, replicate data, quantitative analysis, graph, uncertainty and recommendation.",What is the response variable? How much variation is present? Does the evidence support the hypothesis? What decision follows?,"No tasting is required. Use clean teacher-approved samples. Wash hands before and after handling. Teachers alone control knives, graters, heat, electrical equipment, chemicals and processing machinery. Do not conduct microbial culture or unsafe food-storage experiments."
IL-401,SSS 1-3,Hibiscus,Calyx,Identity & Plant Part,"Design a research or product-development investigation of identity & plant part in hibiscus, integrating measurement quality, process flow, validation and optimization.","Clean ingredient samples or images, labels, observation sheet/journal, ruler and balance where appropriate, clean trays/containers, handwashing supplies.","Use locally available produce, paper labels, clean food-grade reused containers, handmade measuring grids and simple classroom balances where suitable.",Define performance objective and acceptance criteria; specify sample/process boundary; establish measurement/QC protocol; collect and model data; validate against reference evidence; compare scenarios; recommend optimization.,"Protocol, traceable dataset, QC/validation record, model or quantitative comparison, uncertainty and optimization recommendation.",Which decision must the evidence support? How is measurement quality verified? What trade-off constrains the preferred process or specification?,"No tasting is required. Use clean teacher-approved samples. Wash hands before and after handling. Teachers alone control knives, graters, heat, electrical equipment, chemicals and processing machinery. Do not conduct microbial culture or unsafe food-storage experiments."
IL-402,SSS 1-3,Hibiscus,Calyx,External Structure,"Design a research or product-development investigation of external structure in hibiscus, integrating measurement quality, process flow, validation and optimization.","Clean ingredient samples or images, labels, observation sheet/journal, ruler and balance where appropriate, clean trays/containers, handwashing supplies.","Use locally available produce, paper labels, clean food-grade reused containers, handmade measuring grids and simple classroom balances where suitable.",Define performance objective and acceptance criteria; specify sample/process boundary; establish measurement/QC protocol; collect and model data; validate against reference evidence; compare scenarios; recommend optimization.,"Protocol, traceable dataset, QC/validation record, model or quantitative comparison, uncertainty and optimization recommendation.",Which decision must the evidence support? How is measurement quality verified? What trade-off constrains the preferred process or specification?,"No tasting is required. Use clean teacher-approved samples. Wash hands before and after handling. Teachers alone control knives, graters, heat, electrical equipment, chemicals and processing machinery. Do not conduct microbial culture or unsafe food-storage experiments."
IL-403,SSS 1-3,Hibiscus,Calyx,Internal Structure,"Design a research or product-development investigation of internal structure in hibiscus, integrating measurement quality, process flow, validation and optimization.","Clean ingredient samples or images, labels, observation sheet/journal, ruler and balance where appropriate, clean trays/containers, handwashing supplies.","Use locally available produce, paper labels, clean food-grade reused containers, handmade measuring grids and simple classroom balances where suitable.",Define performance objective and acceptance criteria; specify sample/process boundary; establish measurement/QC protocol; collect and model data; validate against reference evidence; compare scenarios; recommend optimization.,"Protocol, traceable dataset, QC/validation record, model or quantitative comparison, uncertainty and optimization recommendation.",Which decision must the evidence support? How is measurement quality verified? What trade-off constrains the preferred process or specification?,"No tasting is required. Use clean teacher-approved samples. Wash hands before and after handling. Teachers alone control knives, graters, heat, electrical equipment, chemicals and processing machinery. Do not conduct microbial culture or unsafe food-storage experiments."
IL-404,SSS 1-3,Hibiscus,Calyx,Colour & Texture,"Design a research or product-development investigation of colour & texture in hibiscus, integrating measurement quality, process flow, validation and optimization.","Clean ingredient samples or images, labels, observation sheet/journal, ruler and balance where appropriate, clean trays/containers, handwashing supplies.","Use locally available produce, paper labels, clean food-grade reused containers, handmade measuring grids and simple classroom balances where suitable.",Define performance objective and acceptance criteria; specify sample/process boundary; establish measurement/QC protocol; collect and model data; validate against reference evidence; compare scenarios; recommend optimization.,"Protocol, traceable dataset, QC/validation record, model or quantitative comparison, uncertainty and optimization recommendation.",Which decision must the evidence support? How is measurement quality verified? What trade-off constrains the preferred process or specification?,"No tasting is required. Use clean teacher-approved samples. Wash hands before and after handling. Teachers alone control knives, graters, heat, electrical equipment, chemicals and processing machinery. Do not conduct microbial culture or unsafe food-storage experiments."
IL-405,SSS 1-3,Hibiscus,Calyx,Mass & Size,"Design a research or product-development investigation of mass & size in hibiscus, integrating measurement quality, process flow, validation and optimization.","Clean ingredient samples or images, labels, observation sheet/journal, ruler and balance where appropriate, clean trays/containers, handwashing supplies.","Use locally available produce, paper labels, clean food-grade reused containers, handmade measuring grids and simple classroom balances where suitable.",Define performance objective and acceptance criteria; specify sample/process boundary; establish measurement/QC protocol; collect and model data; validate against reference evidence; compare scenarios; recommend optimization.,"Protocol, traceable dataset, QC/validation record, model or quantitative comparison, uncertainty and optimization recommendation.",Which decision must the evidence support? How is measurement quality verified? What trade-off constrains the preferred process or specification?,"No tasting is required. Use clean teacher-approved samples. Wash hands before and after handling. Teachers alone control knives, graters, heat, electrical equipment, chemicals and processing machinery. Do not conduct microbial culture or unsafe food-storage experiments."
IL-406,SSS 1-3,Hibiscus,Calyx,Water/Change Observation,"Design a research or product-development investigation of water/change observation in hibiscus, integrating measurement quality, process flow, validation and optimization.","Clean ingredient samples or images, labels, observation sheet/journal, ruler and balance where appropriate, clean trays/containers, handwashing supplies.","Use locally available produce, paper labels, clean food-grade reused containers, handmade measuring grids and simple classroom balances where suitable.",Define performance objective and acceptance criteria; specify sample/process boundary; establish measurement/QC protocol; collect and model data; validate against reference evidence; compare scenarios; recommend optimization.,"Protocol, traceable dataset, QC/validation record, model or quantitative comparison, uncertainty and optimization recommendation.",Which decision must the evidence support? How is measurement quality verified? What trade-off constrains the preferred process or specification?,"No tasting is required. Use clean teacher-approved samples. Wash hands before and after handling. Teachers alone control knives, graters, heat, electrical equipment, chemicals and processing machinery. Do not conduct microbial culture or unsafe food-storage experiments."
IL-407,SSS 1-3,Hibiscus,Calyx,Sorting & Quality,"Design a research or product-development investigation of sorting & quality in hibiscus, integrating measurement quality, process flow, validation and optimization.","Clean ingredient samples or images, labels, observation sheet/journal, ruler and balance where appropriate, clean trays/containers, handwashing supplies.","Use locally available produce, paper labels, clean food-grade reused containers, handmade measuring grids and simple classroom balances where suitable.",Define performance objective and acceptance criteria; specify sample/process boundary; establish measurement/QC protocol; collect and model data; validate against reference evidence; compare scenarios; recommend optimization.,"Protocol, traceable dataset, QC/validation record, model or quantitative comparison, uncertainty and optimization recommendation.",Which decision must the evidence support? How is measurement quality verified? What trade-off constrains the preferred process or specification?,"No tasting is required. Use clean teacher-approved samples. Wash hands before and after handling. Teachers alone control knives, graters, heat, electrical equipment, chemicals and processing machinery. Do not conduct microbial culture or unsafe food-storage experiments."
IL-408,SSS 1-3,Hibiscus,Calyx,Post-Harvest Change,"Design a research or product-development investigation of post-harvest change in hibiscus, integrating measurement quality, process flow, validation and optimization.","Clean ingredient samples or images, labels, observation sheet/journal, ruler and balance where appropriate, clean trays/containers, handwashing supplies.","Use locally available produce, paper labels, clean food-grade reused containers, handmade measuring grids and simple classroom balances where suitable.",Define performance objective and acceptance criteria; specify sample/process boundary; establish measurement/QC protocol; collect and model data; validate against reference evidence; compare scenarios; recommend optimization.,"Protocol, traceable dataset, QC/validation record, model or quantitative comparison, uncertainty and optimization recommendation.",Which decision must the evidence support? How is measurement quality verified? What trade-off constrains the preferred process or specification?,"No tasting is required. Use clean teacher-approved samples. Wash hands before and after handling. Teachers alone control knives, graters, heat, electrical equipment, chemicals and processing machinery. Do not conduct microbial culture or unsafe food-storage experiments."
IL-409,SSS 1-3,Hibiscus,Calyx,Ingredient-to-Food Pathway,"Design a research or product-development investigation of ingredient-to-food pathway in hibiscus, integrating measurement quality, process flow, validation and optimization.","Clean ingredient samples or images, labels, observation sheet/journal, ruler and balance where appropriate, clean trays/containers, handwashing supplies.","Use locally available produce, paper labels, clean food-grade reused containers, handmade measuring grids and simple classroom balances where suitable.",Define performance objective and acceptance criteria; specify sample/process boundary; establish measurement/QC protocol; collect and model data; validate against reference evidence; compare scenarios; recommend optimization.,"Protocol, traceable dataset, QC/validation record, model or quantitative comparison, uncertainty and optimization recommendation.",Which decision must the evidence support? How is measurement quality verified? What trade-off constrains the preferred process or specification?,"No tasting is required. Use clean teacher-approved samples. Wash hands before and after handling. Teachers alone control knives, graters, heat, electrical equipment, chemicals and processing machinery. Do not conduct microbial culture or unsafe food-storage experiments."
IL-410,SSS 1-3,Hibiscus,Calyx,Investigation Challenge,"Design a research or product-development investigation of investigation challenge in hibiscus, integrating measurement quality, process flow, validation and optimization.","Clean ingredient samples or images, labels, observation sheet/journal, ruler and balance where appropriate, clean trays/containers, handwashing supplies.","Use locally available produce, paper labels, clean food-grade reused containers, handmade measuring grids and simple classroom balances where suitable.",Define performance objective and acceptance criteria; specify sample/process boundary; establish measurement/QC protocol; collect and model data; validate against reference evidence; compare scenarios; recommend optimization.,"Protocol, traceable dataset, QC/validation record, model or quantitative comparison, uncertainty and optimization recommendation.",Which decision must the evidence support? How is measurement quality verified? What trade-off constrains the preferred process or specification?,"No tasting is required. Use clean teacher-approved samples. Wash hands before and after handling. Teachers alone control knives, graters, heat, electrical equipment, chemicals and processing machinery. Do not conduct microbial culture or unsafe food-storage experiments."
IL-411,SSS 1-3,Ginger,Rhizome,Identity & Plant Part,"Design a research or product-development investigation of identity & plant part in ginger, integrating measurement quality, process flow, validation and optimization.","Clean ingredient samples or images, labels, observation sheet/journal, ruler and balance where appropriate, clean trays/containers, handwashing supplies.","Use locally available produce, paper labels, clean food-grade reused containers, handmade measuring grids and simple classroom balances where suitable.",Define performance objective and acceptance criteria; specify sample/process boundary; establish measurement/QC protocol; collect and model data; validate against reference evidence; compare scenarios; recommend optimization.,"Protocol, traceable dataset, QC/validation record, model or quantitative comparison, uncertainty and optimization recommendation.",Which decision must the evidence support? How is measurement quality verified? What trade-off constrains the preferred process or specification?,"No tasting is required. Use clean teacher-approved samples. Wash hands before and after handling. Teachers alone control knives, graters, heat, electrical equipment, chemicals and processing machinery. Do not conduct microbial culture or unsafe food-storage experiments."
IL-412,SSS 1-3,Ginger,Rhizome,External Structure,"Design a research or product-development investigation of external structure in ginger, integrating measurement quality, process flow, validation and optimization.","Clean ingredient samples or images, labels, observation sheet/journal, ruler and balance where appropriate, clean trays/containers, handwashing supplies.","Use locally available produce, paper labels, clean food-grade reused containers, handmade measuring grids and simple classroom balances where suitable.",Define performance objective and acceptance criteria; specify sample/process boundary; establish measurement/QC protocol; collect and model data; validate against reference evidence; compare scenarios; recommend optimization.,"Protocol, traceable dataset, QC/validation record, model or quantitative comparison, uncertainty and optimization recommendation.",Which decision must the evidence support? How is measurement quality verified? What trade-off constrains the preferred process or specification?,"No tasting is required. Use clean teacher-approved samples. Wash hands before and after handling. Teachers alone control knives, graters, heat, electrical equipment, chemicals and processing machinery. Do not conduct microbial culture or unsafe food-storage experiments."
IL-413,SSS 1-3,Ginger,Rhizome,Internal Structure,"Design a research or product-development investigation of internal structure in ginger, integrating measurement quality, process flow, validation and optimization.","Clean ingredient samples or images, labels, observation sheet/journal, ruler and balance where appropriate, clean trays/containers, handwashing supplies.","Use locally available produce, paper labels, clean food-grade reused containers, handmade measuring grids and simple classroom balances where suitable.",Define performance objective and acceptance criteria; specify sample/process boundary; establish measurement/QC protocol; collect and model data; validate against reference evidence; compare scenarios; recommend optimization.,"Protocol, traceable dataset, QC/validation record, model or quantitative comparison, uncertainty and optimization recommendation.",Which decision must the evidence support? How is measurement quality verified? What trade-off constrains the preferred process or specification?,"No tasting is required. Use clean teacher-approved samples. Wash hands before and after handling. Teachers alone control knives, graters, heat, electrical equipment, chemicals and processing machinery. Do not conduct microbial culture or unsafe food-storage experiments."
IL-414,SSS 1-3,Ginger,Rhizome,Colour & Texture,"Design a research or product-development investigation of colour & texture in ginger, integrating measurement quality, process flow, validation and optimization.","Clean ingredient samples or images, labels, observation sheet/journal, ruler and balance where appropriate, clean trays/containers, handwashing supplies.","Use locally available produce, paper labels, clean food-grade reused containers, handmade measuring grids and simple classroom balances where suitable.",Define performance objective and acceptance criteria; specify sample/process boundary; establish measurement/QC protocol; collect and model data; validate against reference evidence; compare scenarios; recommend optimization.,"Protocol, traceable dataset, QC/validation record, model or quantitative comparison, uncertainty and optimization recommendation.",Which decision must the evidence support? How is measurement quality verified? What trade-off constrains the preferred process or specification?,"No tasting is required. Use clean teacher-approved samples. Wash hands before and after handling. Teachers alone control knives, graters, heat, electrical equipment, chemicals and processing machinery. Do not conduct microbial culture or unsafe food-storage experiments."
IL-415,SSS 1-3,Ginger,Rhizome,Mass & Size,"Design a research or product-development investigation of mass & size in ginger, integrating measurement quality, process flow, validation and optimization.","Clean ingredient samples or images, labels, observation sheet/journal, ruler and balance where appropriate, clean trays/containers, handwashing supplies.","Use locally available produce, paper labels, clean food-grade reused containers, handmade measuring grids and simple classroom balances where suitable.",Define performance objective and acceptance criteria; specify sample/process boundary; establish measurement/QC protocol; collect and model data; validate against reference evidence; compare scenarios; recommend optimization.,"Protocol, traceable dataset, QC/validation record, model or quantitative comparison, uncertainty and optimization recommendation.",Which decision must the evidence support? How is measurement quality verified? What trade-off constrains the preferred process or specification?,"No tasting is required. Use clean teacher-approved samples. Wash hands before and after handling. Teachers alone control knives, graters, heat, electrical equipment, chemicals and processing machinery. Do not conduct microbial culture or unsafe food-storage experiments."
IL-416,SSS 1-3,Ginger,Rhizome,Water/Change Observation,"Design a research or product-development investigation of water/change observation in ginger, integrating measurement quality, process flow, validation and optimization.","Clean ingredient samples or images, labels, observation sheet/journal, ruler and balance where appropriate, clean trays/containers, handwashing supplies.","Use locally available produce, paper labels, clean food-grade reused containers, handmade measuring grids and simple classroom balances where suitable.",Define performance objective and acceptance criteria; specify sample/process boundary; establish measurement/QC protocol; collect and model data; validate against reference evidence; compare scenarios; recommend optimization.,"Protocol, traceable dataset, QC/validation record, model or quantitative comparison, uncertainty and optimization recommendation.",Which decision must the evidence support? How is measurement quality verified? What trade-off constrains the preferred process or specification?,"No tasting is required. Use clean teacher-approved samples. Wash hands before and after handling. Teachers alone control knives, graters, heat, electrical equipment, chemicals and processing machinery. Do not conduct microbial culture or unsafe food-storage experiments."
IL-417,SSS 1-3,Ginger,Rhizome,Sorting & Quality,"Design a research or product-development investigation of sorting & quality in ginger, integrating measurement quality, process flow, validation and optimization.","Clean ingredient samples or images, labels, observation sheet/journal, ruler and balance where appropriate, clean trays/containers, handwashing supplies.","Use locally available produce, paper labels, clean food-grade reused containers, handmade measuring grids and simple classroom balances where suitable.",Define performance objective and acceptance criteria; specify sample/process boundary; establish measurement/QC protocol; collect and model data; validate against reference evidence; compare scenarios; recommend optimization.,"Protocol, traceable dataset, QC/validation record, model or quantitative comparison, uncertainty and optimization recommendation.",Which decision must the evidence support? How is measurement quality verified? What trade-off constrains the preferred process or specification?,"No tasting is required. Use clean teacher-approved samples. Wash hands before and after handling. Teachers alone control knives, graters, heat, electrical equipment, chemicals and processing machinery. Do not conduct microbial culture or unsafe food-storage experiments."
IL-418,SSS 1-3,Ginger,Rhizome,Post-Harvest Change,"Design a research or product-development investigation of post-harvest change in ginger, integrating measurement quality, process flow, validation and optimization.","Clean ingredient samples or images, labels, observation sheet/journal, ruler and balance where appropriate, clean trays/containers, handwashing supplies.","Use locally available produce, paper labels, clean food-grade reused containers, handmade measuring grids and simple classroom balances where suitable.",Define performance objective and acceptance criteria; specify sample/process boundary; establish measurement/QC protocol; collect and model data; validate against reference evidence; compare scenarios; recommend optimization.,"Protocol, traceable dataset, QC/validation record, model or quantitative comparison, uncertainty and optimization recommendation.",Which decision must the evidence support? How is measurement quality verified? What trade-off constrains the preferred process or specification?,"No tasting is required. Use clean teacher-approved samples. Wash hands before and after handling. Teachers alone control knives, graters, heat, electrical equipment, chemicals and processing machinery. Do not conduct microbial culture or unsafe food-storage experiments."
IL-419,SSS 1-3,Ginger,Rhizome,Ingredient-to-Food Pathway,"Design a research or product-development investigation of ingredient-to-food pathway in ginger, integrating measurement quality, process flow, validation and optimization.","Clean ingredient samples or images, labels, observation sheet/journal, ruler and balance where appropriate, clean trays/containers, handwashing supplies.","Use locally available produce, paper labels, clean food-grade reused containers, handmade measuring grids and simple classroom balances where suitable.",Define performance objective and acceptance criteria; specify sample/process boundary; establish measurement/QC protocol; collect and model data; validate against reference evidence; compare scenarios; recommend optimization.,"Protocol, traceable dataset, QC/validation record, model or quantitative comparison, uncertainty and optimization recommendation.",Which decision must the evidence support? How is measurement quality verified? What trade-off constrains the preferred process or specification?,"No tasting is required. Use clean teacher-approved samples. Wash hands before and after handling. Teachers alone control knives, graters, heat, electrical equipment, chemicals and processing machinery. Do not conduct microbial culture or unsafe food-storage experiments."
IL-420,SSS 1-3,Ginger,Rhizome,Investigation Challenge,"Design a research or product-development investigation of investigation challenge in ginger, integrating measurement quality, process flow, validation and optimization.","Clean ingredient samples or images, labels, observation sheet/journal, ruler and balance where appropriate, clean trays/containers, handwashing supplies.","Use locally available produce, paper labels, clean food-grade reused containers, handmade measuring grids and simple classroom balances where suitable.",Define performance objective and acceptance criteria; specify sample/process boundary; establish measurement/QC protocol; collect and model data; validate against reference evidence; compare scenarios; recommend optimization.,"Protocol, traceable dataset, QC/validation record, model or quantitative comparison, uncertainty and optimization recommendation.",Which decision must the evidence support? How is measurement quality verified? What trade-off constrains the preferred process or specification?,"No tasting is required. Use clean teacher-approved samples. Wash hands before and after handling. Teachers alone control knives, graters, heat, electrical equipment, chemicals and processing machinery. Do not conduct microbial culture or unsafe food-storage experiments."
IL-421,SSS 1-3,Turmeric,Rhizome,Identity & Plant Part,"Design a research or product-development investigation of identity & plant part in turmeric, integrating measurement quality, process flow, validation and optimization.","Clean ingredient samples or images, labels, observation sheet/journal, ruler and balance where appropriate, clean trays/containers, handwashing supplies.","Use locally available produce, paper labels, clean food-grade reused containers, handmade measuring grids and simple classroom balances where suitable.",Define performance objective and acceptance criteria; specify sample/process boundary; establish measurement/QC protocol; collect and model data; validate against reference evidence; compare scenarios; recommend optimization.,"Protocol, traceable dataset, QC/validation record, model or quantitative comparison, uncertainty and optimization recommendation.",Which decision must the evidence support? How is measurement quality verified? What trade-off constrains the preferred process or specification?,"No tasting is required. Use clean teacher-approved samples. Wash hands before and after handling. Teachers alone control knives, graters, heat, electrical equipment, chemicals and processing machinery. Do not conduct microbial culture or unsafe food-storage experiments."
IL-422,SSS 1-3,Turmeric,Rhizome,External Structure,"Design a research or product-development investigation of external structure in turmeric, integrating measurement quality, process flow, validation and optimization.","Clean ingredient samples or images, labels, observation sheet/journal, ruler and balance where appropriate, clean trays/containers, handwashing supplies.","Use locally available produce, paper labels, clean food-grade reused containers, handmade measuring grids and simple classroom balances where suitable.",Define performance objective and acceptance criteria; specify sample/process boundary; establish measurement/QC protocol; collect and model data; validate against reference evidence; compare scenarios; recommend optimization.,"Protocol, traceable dataset, QC/validation record, model or quantitative comparison, uncertainty and optimization recommendation.",Which decision must the evidence support? How is measurement quality verified? What trade-off constrains the preferred process or specification?,"No tasting is required. Use clean teacher-approved samples. Wash hands before and after handling. Teachers alone control knives, graters, heat, electrical equipment, chemicals and processing machinery. Do not conduct microbial culture or unsafe food-storage experiments."
IL-423,SSS 1-3,Turmeric,Rhizome,Internal Structure,"Design a research or product-development investigation of internal structure in turmeric, integrating measurement quality, process flow, validation and optimization.","Clean ingredient samples or images, labels, observation sheet/journal, ruler and balance where appropriate, clean trays/containers, handwashing supplies.","Use locally available produce, paper labels, clean food-grade reused containers, handmade measuring grids and simple classroom balances where suitable.",Define performance objective and acceptance criteria; specify sample/process boundary; establish measurement/QC protocol; collect and model data; validate against reference evidence; compare scenarios; recommend optimization.,"Protocol, traceable dataset, QC/validation record, model or quantitative comparison, uncertainty and optimization recommendation.",Which decision must the evidence support? How is measurement quality verified? What trade-off constrains the preferred process or specification?,"No tasting is required. Use clean teacher-approved samples. Wash hands before and after handling. Teachers alone control knives, graters, heat, electrical equipment, chemicals and processing machinery. Do not conduct microbial culture or unsafe food-storage experiments."
IL-424,SSS 1-3,Turmeric,Rhizome,Colour & Texture,"Design a research or product-development investigation of colour & texture in turmeric, integrating measurement quality, process flow, validation and optimization.","Clean ingredient samples or images, labels, observation sheet/journal, ruler and balance where appropriate, clean trays/containers, handwashing supplies.","Use locally available produce, paper labels, clean food-grade reused containers, handmade measuring grids and simple classroom balances where suitable.",Define performance objective and acceptance criteria; specify sample/process boundary; establish measurement/QC protocol; collect and model data; validate against reference evidence; compare scenarios; recommend optimization.,"Protocol, traceable dataset, QC/validation record, model or quantitative comparison, uncertainty and optimization recommendation.",Which decision must the evidence support? How is measurement quality verified? What trade-off constrains the preferred process or specification?,"No tasting is required. Use clean teacher-approved samples. Wash hands before and after handling. Teachers alone control knives, graters, heat, electrical equipment, chemicals and processing machinery. Do not conduct microbial culture or unsafe food-storage experiments."
IL-425,SSS 1-3,Turmeric,Rhizome,Mass & Size,"Design a research or product-development investigation of mass & size in turmeric, integrating measurement quality, process flow, validation and optimization.","Clean ingredient samples or images, labels, observation sheet/journal, ruler and balance where appropriate, clean trays/containers, handwashing supplies.","Use locally available produce, paper labels, clean food-grade reused containers, handmade measuring grids and simple classroom balances where suitable.",Define performance objective and acceptance criteria; specify sample/process boundary; establish measurement/QC protocol; collect and model data; validate against reference evidence; compare scenarios; recommend optimization.,"Protocol, traceable dataset, QC/validation record, model or quantitative comparison, uncertainty and optimization recommendation.",Which decision must the evidence support? How is measurement quality verified? What trade-off constrains the preferred process or specification?,"No tasting is required. Use clean teacher-approved samples. Wash hands before and after handling. Teachers alone control knives, graters, heat, electrical equipment, chemicals and processing machinery. Do not conduct microbial culture or unsafe food-storage experiments."
IL-426,SSS 1-3,Turmeric,Rhizome,Water/Change Observation,"Design a research or product-development investigation of water/change observation in turmeric, integrating measurement quality, process flow, validation and optimization.","Clean ingredient samples or images, labels, observation sheet/journal, ruler and balance where appropriate, clean trays/containers, handwashing supplies.","Use locally available produce, paper labels, clean food-grade reused containers, handmade measuring grids and simple classroom balances where suitable.",Define performance objective and acceptance criteria; specify sample/process boundary; establish measurement/QC protocol; collect and model data; validate against reference evidence; compare scenarios; recommend optimization.,"Protocol, traceable dataset, QC/validation record, model or quantitative comparison, uncertainty and optimization recommendation.",Which decision must the evidence support? How is measurement quality verified? What trade-off constrains the preferred process or specification?,"No tasting is required. Use clean teacher-approved samples. Wash hands before and after handling. Teachers alone control knives, graters, heat, electrical equipment, chemicals and processing machinery. Do not conduct microbial culture or unsafe food-storage experiments."
IL-427,SSS 1-3,Turmeric,Rhizome,Sorting & Quality,"Design a research or product-development investigation of sorting & quality in turmeric, integrating measurement quality, process flow, validation and optimization.","Clean ingredient samples or images, labels, observation sheet/journal, ruler and balance where appropriate, clean trays/containers, handwashing supplies.","Use locally available produce, paper labels, clean food-grade reused containers, handmade measuring grids and simple classroom balances where suitable.",Define performance objective and acceptance criteria; specify sample/process boundary; establish measurement/QC protocol; collect and model data; validate against reference evidence; compare scenarios; recommend optimization.,"Protocol, traceable dataset, QC/validation record, model or quantitative comparison, uncertainty and optimization recommendation.",Which decision must the evidence support? How is measurement quality verified? What trade-off constrains the preferred process or specification?,"No tasting is required. Use clean teacher-approved samples. Wash hands before and after handling. Teachers alone control knives, graters, heat, electrical equipment, chemicals and processing machinery. Do not conduct microbial culture or unsafe food-storage experiments."
IL-428,SSS 1-3,Turmeric,Rhizome,Post-Harvest Change,"Design a research or product-development investigation of post-harvest change in turmeric, integrating measurement quality, process flow, validation and optimization.","Clean ingredient samples or images, labels, observation sheet/journal, ruler and balance where appropriate, clean trays/containers, handwashing supplies.","Use locally available produce, paper labels, clean food-grade reused containers, handmade measuring grids and simple classroom balances where suitable.",Define performance objective and acceptance criteria; specify sample/process boundary; establish measurement/QC protocol; collect and model data; validate against reference evidence; compare scenarios; recommend optimization.,"Protocol, traceable dataset, QC/validation record, model or quantitative comparison, uncertainty and optimization recommendation.",Which decision must the evidence support? How is measurement quality verified? What trade-off constrains the preferred process or specification?,"No tasting is required. Use clean teacher-approved samples. Wash hands before and after handling. Teachers alone control knives, graters, heat, electrical equipment, chemicals and processing machinery. Do not conduct microbial culture or unsafe food-storage experiments."
IL-429,SSS 1-3,Turmeric,Rhizome,Ingredient-to-Food Pathway,"Design a research or product-development investigation of ingredient-to-food pathway in turmeric, integrating measurement quality, process flow, validation and optimization.","Clean ingredient samples or images, labels, observation sheet/journal, ruler and balance where appropriate, clean trays/containers, handwashing supplies.","Use locally available produce, paper labels, clean food-grade reused containers, handmade measuring grids and simple classroom balances where suitable.",Define performance objective and acceptance criteria; specify sample/process boundary; establish measurement/QC protocol; collect and model data; validate against reference evidence; compare scenarios; recommend optimization.,"Protocol, traceable dataset, QC/validation record, model or quantitative comparison, uncertainty and optimization recommendation.",Which decision must the evidence support? How is measurement quality verified? What trade-off constrains the preferred process or specification?,"No tasting is required. Use clean teacher-approved samples. Wash hands before and after handling. Teachers alone control knives, graters, heat, electrical equipment, chemicals and processing machinery. Do not conduct microbial culture or unsafe food-storage experiments."
IL-430,SSS 1-3,Turmeric,Rhizome,Investigation Challenge,"Design a research or product-development investigation of investigation challenge in turmeric, integrating measurement quality, process flow, validation and optimization.","Clean ingredient samples or images, labels, observation sheet/journal, ruler and balance where appropriate, clean trays/containers, handwashing supplies.","Use locally available produce, paper labels, clean food-grade reused containers, handmade measuring grids and simple classroom balances where suitable.",Define performance objective and acceptance criteria; specify sample/process boundary; establish measurement/QC protocol; collect and model data; validate against reference evidence; compare scenarios; recommend optimization.,"Protocol, traceable dataset, QC/validation record, model or quantitative comparison, uncertainty and optimization recommendation.",Which decision must the evidence support? How is measurement quality verified? What trade-off constrains the preferred process or specification?,"No tasting is required. Use clean teacher-approved samples. Wash hands before and after handling. Teachers alone control knives, graters, heat, electrical equipment, chemicals and processing machinery. Do not conduct microbial culture or unsafe food-storage experiments."
IL-431,SSS 1-3,Pineapple,Fruit,Identity & Plant Part,"Design a research or product-development investigation of identity & plant part in pineapple, integrating measurement quality, process flow, validation and optimization.","Clean ingredient samples or images, labels, observation sheet/journal, ruler and balance where appropriate, clean trays/containers, handwashing supplies.","Use locally available produce, paper labels, clean food-grade reused containers, handmade measuring grids and simple classroom balances where suitable.",Define performance objective and acceptance criteria; specify sample/process boundary; establish measurement/QC protocol; collect and model data; validate against reference evidence; compare scenarios; recommend optimization.,"Protocol, traceable dataset, QC/validation record, model or quantitative comparison, uncertainty and optimization recommendation.",Which decision must the evidence support? How is measurement quality verified? What trade-off constrains the preferred process or specification?,"No tasting is required. Use clean teacher-approved samples. Wash hands before and after handling. Teachers alone control knives, graters, heat, electrical equipment, chemicals and processing machinery. Do not conduct microbial culture or unsafe food-storage experiments."
IL-432,SSS 1-3,Pineapple,Fruit,External Structure,"Design a research or product-development investigation of external structure in pineapple, integrating measurement quality, process flow, validation and optimization.","Clean ingredient samples or images, labels, observation sheet/journal, ruler and balance where appropriate, clean trays/containers, handwashing supplies.","Use locally available produce, paper labels, clean food-grade reused containers, handmade measuring grids and simple classroom balances where suitable.",Define performance objective and acceptance criteria; specify sample/process boundary; establish measurement/QC protocol; collect and model data; validate against reference evidence; compare scenarios; recommend optimization.,"Protocol, traceable dataset, QC/validation record, model or quantitative comparison, uncertainty and optimization recommendation.",Which decision must the evidence support? How is measurement quality verified? What trade-off constrains the preferred process or specification?,"No tasting is required. Use clean teacher-approved samples. Wash hands before and after handling. Teachers alone control knives, graters, heat, electrical equipment, chemicals and processing machinery. Do not conduct microbial culture or unsafe food-storage experiments."
IL-433,SSS 1-3,Pineapple,Fruit,Internal Structure,"Design a research or product-development investigation of internal structure in pineapple, integrating measurement quality, process flow, validation and optimization.","Clean ingredient samples or images, labels, observation sheet/journal, ruler and balance where appropriate, clean trays/containers, handwashing supplies.","Use locally available produce, paper labels, clean food-grade reused containers, handmade measuring grids and simple classroom balances where suitable.",Define performance objective and acceptance criteria; specify sample/process boundary; establish measurement/QC protocol; collect and model data; validate against reference evidence; compare scenarios; recommend optimization.,"Protocol, traceable dataset, QC/validation record, model or quantitative comparison, uncertainty and optimization recommendation.",Which decision must the evidence support? How is measurement quality verified? What trade-off constrains the preferred process or specification?,"No tasting is required. Use clean teacher-approved samples. Wash hands before and after handling. Teachers alone control knives, graters, heat, electrical equipment, chemicals and processing machinery. Do not conduct microbial culture or unsafe food-storage experiments."
IL-434,SSS 1-3,Pineapple,Fruit,Colour & Texture,"Design a research or product-development investigation of colour & texture in pineapple, integrating measurement quality, process flow, validation and optimization.","Clean ingredient samples or images, labels, observation sheet/journal, ruler and balance where appropriate, clean trays/containers, handwashing supplies.","Use locally available produce, paper labels, clean food-grade reused containers, handmade measuring grids and simple classroom balances where suitable.",Define performance objective and acceptance criteria; specify sample/process boundary; establish measurement/QC protocol; collect and model data; validate against reference evidence; compare scenarios; recommend optimization.,"Protocol, traceable dataset, QC/validation record, model or quantitative comparison, uncertainty and optimization recommendation.",Which decision must the evidence support? How is measurement quality verified? What trade-off constrains the preferred process or specification?,"No tasting is required. Use clean teacher-approved samples. Wash hands before and after handling. Teachers alone control knives, graters, heat, electrical equipment, chemicals and processing machinery. Do not conduct microbial culture or unsafe food-storage experiments."
IL-435,SSS 1-3,Pineapple,Fruit,Mass & Size,"Design a research or product-development investigation of mass & size in pineapple, integrating measurement quality, process flow, validation and optimization.","Clean ingredient samples or images, labels, observation sheet/journal, ruler and balance where appropriate, clean trays/containers, handwashing supplies.","Use locally available produce, paper labels, clean food-grade reused containers, handmade measuring grids and simple classroom balances where suitable.",Define performance objective and acceptance criteria; specify sample/process boundary; establish measurement/QC protocol; collect and model data; validate against reference evidence; compare scenarios; recommend optimization.,"Protocol, traceable dataset, QC/validation record, model or quantitative comparison, uncertainty and optimization recommendation.",Which decision must the evidence support? How is measurement quality verified? What trade-off constrains the preferred process or specification?,"No tasting is required. Use clean teacher-approved samples. Wash hands before and after handling. Teachers alone control knives, graters, heat, electrical equipment, chemicals and processing machinery. Do not conduct microbial culture or unsafe food-storage experiments."
IL-436,SSS 1-3,Pineapple,Fruit,Water/Change Observation,"Design a research or product-development investigation of water/change observation in pineapple, integrating measurement quality, process flow, validation and optimization.","Clean ingredient samples or images, labels, observation sheet/journal, ruler and balance where appropriate, clean trays/containers, handwashing supplies.","Use locally available produce, paper labels, clean food-grade reused containers, handmade measuring grids and simple classroom balances where suitable.",Define performance objective and acceptance criteria; specify sample/process boundary; establish measurement/QC protocol; collect and model data; validate against reference evidence; compare scenarios; recommend optimization.,"Protocol, traceable dataset, QC/validation record, model or quantitative comparison, uncertainty and optimization recommendation.",Which decision must the evidence support? How is measurement quality verified? What trade-off constrains the preferred process or specification?,"No tasting is required. Use clean teacher-approved samples. Wash hands before and after handling. Teachers alone control knives, graters, heat, electrical equipment, chemicals and processing machinery. Do not conduct microbial culture or unsafe food-storage experiments."
IL-437,SSS 1-3,Pineapple,Fruit,Sorting & Quality,"Design a research or product-development investigation of sorting & quality in pineapple, integrating measurement quality, process flow, validation and optimization.","Clean ingredient samples or images, labels, observation sheet/journal, ruler and balance where appropriate, clean trays/containers, handwashing supplies.","Use locally available produce, paper labels, clean food-grade reused containers, handmade measuring grids and simple classroom balances where suitable.",Define performance objective and acceptance criteria; specify sample/process boundary; establish measurement/QC protocol; collect and model data; validate against reference evidence; compare scenarios; recommend optimization.,"Protocol, traceable dataset, QC/validation record, model or quantitative comparison, uncertainty and optimization recommendation.",Which decision must the evidence support? How is measurement quality verified? What trade-off constrains the preferred process or specification?,"No tasting is required. Use clean teacher-approved samples. Wash hands before and after handling. Teachers alone control knives, graters, heat, electrical equipment, chemicals and processing machinery. Do not conduct microbial culture or unsafe food-storage experiments."
IL-438,SSS 1-3,Pineapple,Fruit,Post-Harvest Change,"Design a research or product-development investigation of post-harvest change in pineapple, integrating measurement quality, process flow, validation and optimization.","Clean ingredient samples or images, labels, observation sheet/journal, ruler and balance where appropriate, clean trays/containers, handwashing supplies.","Use locally available produce, paper labels, clean food-grade reused containers, handmade measuring grids and simple classroom balances where suitable.",Define performance objective and acceptance criteria; specify sample/process boundary; establish measurement/QC protocol; collect and model data; validate against reference evidence; compare scenarios; recommend optimization.,"Protocol, traceable dataset, QC/validation record, model or quantitative comparison, uncertainty and optimization recommendation.",Which decision must the evidence support? How is measurement quality verified? What trade-off constrains the preferred process or specification?,"No tasting is required. Use clean teacher-approved samples. Wash hands before and after handling. Teachers alone control knives, graters, heat, electrical equipment, chemicals and processing machinery. Do not conduct microbial culture or unsafe food-storage experiments."
IL-439,SSS 1-3,Pineapple,Fruit,Ingredient-to-Food Pathway,"Design a research or product-development investigation of ingredient-to-food pathway in pineapple, integrating measurement quality, process flow, validation and optimization.","Clean ingredient samples or images, labels, observation sheet/journal, ruler and balance where appropriate, clean trays/containers, handwashing supplies.","Use locally available produce, paper labels, clean food-grade reused containers, handmade measuring grids and simple classroom balances where suitable.",Define performance objective and acceptance criteria; specify sample/process boundary; establish measurement/QC protocol; collect and model data; validate against reference evidence; compare scenarios; recommend optimization.,"Protocol, traceable dataset, QC/validation record, model or quantitative comparison, uncertainty and optimization recommendation.",Which decision must the evidence support? How is measurement quality verified? What trade-off constrains the preferred process or specification?,"No tasting is required. Use clean teacher-approved samples. Wash hands before and after handling. Teachers alone control knives, graters, heat, electrical equipment, chemicals and processing machinery. Do not conduct microbial culture or unsafe food-storage experiments."
IL-440,SSS 1-3,Pineapple,Fruit,Investigation Challenge,"Design a research or product-development investigation of investigation challenge in pineapple, integrating measurement quality, process flow, validation and optimization.","Clean ingredient samples or images, labels, observation sheet/journal, ruler and balance where appropriate, clean trays/containers, handwashing supplies.","Use locally available produce, paper labels, clean food-grade reused containers, handmade measuring grids and simple classroom balances where suitable.",Define performance objective and acceptance criteria; specify sample/process boundary; establish measurement/QC protocol; collect and model data; validate against reference evidence; compare scenarios; recommend optimization.,"Protocol, traceable dataset, QC/validation record, model or quantitative comparison, uncertainty and optimization recommendation.",Which decision must the evidence support? How is measurement quality verified? What trade-off constrains the preferred process or specification?,"No tasting is required. Use clean teacher-approved samples. Wash hands before and after handling. Teachers alone control knives, graters, heat, electrical equipment, chemicals and processing machinery. Do not conduct microbial culture or unsafe food-storage experiments."
IL-441,SSS 1-3,Citrus,Fruit,Identity & Plant Part,"Design a research or product-development investigation of identity & plant part in citrus, integrating measurement quality, process flow, validation and optimization.","Clean ingredient samples or images, labels, observation sheet/journal, ruler and balance where appropriate, clean trays/containers, handwashing supplies.","Use locally available produce, paper labels, clean food-grade reused containers, handmade measuring grids and simple classroom balances where suitable.",Define performance objective and acceptance criteria; specify sample/process boundary; establish measurement/QC protocol; collect and model data; validate against reference evidence; compare scenarios; recommend optimization.,"Protocol, traceable dataset, QC/validation record, model or quantitative comparison, uncertainty and optimization recommendation.",Which decision must the evidence support? How is measurement quality verified? What trade-off constrains the preferred process or specification?,"No tasting is required. Use clean teacher-approved samples. Wash hands before and after handling. Teachers alone control knives, graters, heat, electrical equipment, chemicals and processing machinery. Do not conduct microbial culture or unsafe food-storage experiments."
IL-442,SSS 1-3,Citrus,Fruit,External Structure,"Design a research or product-development investigation of external structure in citrus, integrating measurement quality, process flow, validation and optimization.","Clean ingredient samples or images, labels, observation sheet/journal, ruler and balance where appropriate, clean trays/containers, handwashing supplies.","Use locally available produce, paper labels, clean food-grade reused containers, handmade measuring grids and simple classroom balances where suitable.",Define performance objective and acceptance criteria; specify sample/process boundary; establish measurement/QC protocol; collect and model data; validate against reference evidence; compare scenarios; recommend optimization.,"Protocol, traceable dataset, QC/validation record, model or quantitative comparison, uncertainty and optimization recommendation.",Which decision must the evidence support? How is measurement quality verified? What trade-off constrains the preferred process or specification?,"No tasting is required. Use clean teacher-approved samples. Wash hands before and after handling. Teachers alone control knives, graters, heat, electrical equipment, chemicals and processing machinery. Do not conduct microbial culture or unsafe food-storage experiments."
IL-443,SSS 1-3,Citrus,Fruit,Internal Structure,"Design a research or product-development investigation of internal structure in citrus, integrating measurement quality, process flow, validation and optimization.","Clean ingredient samples or images, labels, observation sheet/journal, ruler and balance where appropriate, clean trays/containers, handwashing supplies.","Use locally available produce, paper labels, clean food-grade reused containers, handmade measuring grids and simple classroom balances where suitable.",Define performance objective and acceptance criteria; specify sample/process boundary; establish measurement/QC protocol; collect and model data; validate against reference evidence; compare scenarios; recommend optimization.,"Protocol, traceable dataset, QC/validation record, model or quantitative comparison, uncertainty and optimization recommendation.",Which decision must the evidence support? How is measurement quality verified? What trade-off constrains the preferred process or specification?,"No tasting is required. Use clean teacher-approved samples. Wash hands before and after handling. Teachers alone control knives, graters, heat, electrical equipment, chemicals and processing machinery. Do not conduct microbial culture or unsafe food-storage experiments."
IL-444,SSS 1-3,Citrus,Fruit,Colour & Texture,"Design a research or product-development investigation of colour & texture in citrus, integrating measurement quality, process flow, validation and optimization.","Clean ingredient samples or images, labels, observation sheet/journal, ruler and balance where appropriate, clean trays/containers, handwashing supplies.","Use locally available produce, paper labels, clean food-grade reused containers, handmade measuring grids and simple classroom balances where suitable.",Define performance objective and acceptance criteria; specify sample/process boundary; establish measurement/QC protocol; collect and model data; validate against reference evidence; compare scenarios; recommend optimization.,"Protocol, traceable dataset, QC/validation record, model or quantitative comparison, uncertainty and optimization recommendation.",Which decision must the evidence support? How is measurement quality verified? What trade-off constrains the preferred process or specification?,"No tasting is required. Use clean teacher-approved samples. Wash hands before and after handling. Teachers alone control knives, graters, heat, electrical equipment, chemicals and processing machinery. Do not conduct microbial culture or unsafe food-storage experiments."
IL-445,SSS 1-3,Citrus,Fruit,Mass & Size,"Design a research or product-development investigation of mass & size in citrus, integrating measurement quality, process flow, validation and optimization.","Clean ingredient samples or images, labels, observation sheet/journal, ruler and balance where appropriate, clean trays/containers, handwashing supplies.","Use locally available produce, paper labels, clean food-grade reused containers, handmade measuring grids and simple classroom balances where suitable.",Define performance objective and acceptance criteria; specify sample/process boundary; establish measurement/QC protocol; collect and model data; validate against reference evidence; compare scenarios; recommend optimization.,"Protocol, traceable dataset, QC/validation record, model or quantitative comparison, uncertainty and optimization recommendation.",Which decision must the evidence support? How is measurement quality verified? What trade-off constrains the preferred process or specification?,"No tasting is required. Use clean teacher-approved samples. Wash hands before and after handling. Teachers alone control knives, graters, heat, electrical equipment, chemicals and processing machinery. Do not conduct microbial culture or unsafe food-storage experiments."
IL-446,SSS 1-3,Citrus,Fruit,Water/Change Observation,"Design a research or product-development investigation of water/change observation in citrus, integrating measurement quality, process flow, validation and optimization.","Clean ingredient samples or images, labels, observation sheet/journal, ruler and balance where appropriate, clean trays/containers, handwashing supplies.","Use locally available produce, paper labels, clean food-grade reused containers, handmade measuring grids and simple classroom balances where suitable.",Define performance objective and acceptance criteria; specify sample/process boundary; establish measurement/QC protocol; collect and model data; validate against reference evidence; compare scenarios; recommend optimization.,"Protocol, traceable dataset, QC/validation record, model or quantitative comparison, uncertainty and optimization recommendation.",Which decision must the evidence support? How is measurement quality verified? What trade-off constrains the preferred process or specification?,"No tasting is required. Use clean teacher-approved samples. Wash hands before and after handling. Teachers alone control knives, graters, heat, electrical equipment, chemicals and processing machinery. Do not conduct microbial culture or unsafe food-storage experiments."
IL-447,SSS 1-3,Citrus,Fruit,Sorting & Quality,"Design a research or product-development investigation of sorting & quality in citrus, integrating measurement quality, process flow, validation and optimization.","Clean ingredient samples or images, labels, observation sheet/journal, ruler and balance where appropriate, clean trays/containers, handwashing supplies.","Use locally available produce, paper labels, clean food-grade reused containers, handmade measuring grids and simple classroom balances where suitable.",Define performance objective and acceptance criteria; specify sample/process boundary; establish measurement/QC protocol; collect and model data; validate against reference evidence; compare scenarios; recommend optimization.,"Protocol, traceable dataset, QC/validation record, model or quantitative comparison, uncertainty and optimization recommendation.",Which decision must the evidence support? How is measurement quality verified? What trade-off constrains the preferred process or specification?,"No tasting is required. Use clean teacher-approved samples. Wash hands before and after handling. Teachers alone control knives, graters, heat, electrical equipment, chemicals and processing machinery. Do not conduct microbial culture or unsafe food-storage experiments."
IL-448,SSS 1-3,Citrus,Fruit,Post-Harvest Change,"Design a research or product-development investigation of post-harvest change in citrus, integrating measurement quality, process flow, validation and optimization.","Clean ingredient samples or images, labels, observation sheet/journal, ruler and balance where appropriate, clean trays/containers, handwashing supplies.","Use locally available produce, paper labels, clean food-grade reused containers, handmade measuring grids and simple classroom balances where suitable.",Define performance objective and acceptance criteria; specify sample/process boundary; establish measurement/QC protocol; collect and model data; validate against reference evidence; compare scenarios; recommend optimization.,"Protocol, traceable dataset, QC/validation record, model or quantitative comparison, uncertainty and optimization recommendation.",Which decision must the evidence support? How is measurement quality verified? What trade-off constrains the preferred process or specification?,"No tasting is required. Use clean teacher-approved samples. Wash hands before and after handling. Teachers alone control knives, graters, heat, electrical equipment, chemicals and processing machinery. Do not conduct microbial culture or unsafe food-storage experiments."
IL-449,SSS 1-3,Citrus,Fruit,Ingredient-to-Food Pathway,"Design a research or product-development investigation of ingredient-to-food pathway in citrus, integrating measurement quality, process flow, validation and optimization.","Clean ingredient samples or images, labels, observation sheet/journal, ruler and balance where appropriate, clean trays/containers, handwashing supplies.","Use locally available produce, paper labels, clean food-grade reused containers, handmade measuring grids and simple classroom balances where suitable.",Define performance objective and acceptance criteria; specify sample/process boundary; establish measurement/QC protocol; collect and model data; validate against reference evidence; compare scenarios; recommend optimization.,"Protocol, traceable dataset, QC/validation record, model or quantitative comparison, uncertainty and optimization recommendation.",Which decision must the evidence support? How is measurement quality verified? What trade-off constrains the preferred process or specification?,"No tasting is required. Use clean teacher-approved samples. Wash hands before and after handling. Teachers alone control knives, graters, heat, electrical equipment, chemicals and processing machinery. Do not conduct microbial culture or unsafe food-storage experiments."
IL-450,SSS 1-3,Citrus,Fruit,Investigation Challenge,"Design a research or product-development investigation of investigation challenge in citrus, integrating measurement quality, process flow, validation and optimization.","Clean ingredient samples or images, labels, observation sheet/journal, ruler and balance where appropriate, clean trays/containers, handwashing supplies.","Use locally available produce, paper labels, clean food-grade reused containers, handmade measuring grids and simple classroom balances where suitable.",Define performance objective and acceptance criteria; specify sample/process boundary; establish measurement/QC protocol; collect and model data; validate against reference evidence; compare scenarios; recommend optimization.,"Protocol, traceable dataset, QC/validation record, model or quantitative comparison, uncertainty and optimization recommendation.",Which decision must the evidence support? How is measurement quality verified? What trade-off constrains the preferred process or specification?,"No tasting is required. Use clean teacher-approved samples. Wash hands before and after handling. Teachers alone control knives, graters, heat, electrical equipment, chemicals and processing machinery. Do not conduct microbial culture or unsafe food-storage experiments."
IL-451,SSS 1-3,Mint,Leaf,Identity & Plant Part,"Design a research or product-development investigation of identity & plant part in mint, integrating measurement quality, process flow, validation and optimization.","Clean ingredient samples or images, labels, observation sheet/journal, ruler and balance where appropriate, clean trays/containers, handwashing supplies.","Use locally available produce, paper labels, clean food-grade reused containers, handmade measuring grids and simple classroom balances where suitable.",Define performance objective and acceptance criteria; specify sample/process boundary; establish measurement/QC protocol; collect and model data; validate against reference evidence; compare scenarios; recommend optimization.,"Protocol, traceable dataset, QC/validation record, model or quantitative comparison, uncertainty and optimization recommendation.",Which decision must the evidence support? How is measurement quality verified? What trade-off constrains the preferred process or specification?,"No tasting is required. Use clean teacher-approved samples. Wash hands before and after handling. Teachers alone control knives, graters, heat, electrical equipment, chemicals and processing machinery. Do not conduct microbial culture or unsafe food-storage experiments."
IL-452,SSS 1-3,Mint,Leaf,External Structure,"Design a research or product-development investigation of external structure in mint, integrating measurement quality, process flow, validation and optimization.","Clean ingredient samples or images, labels, observation sheet/journal, ruler and balance where appropriate, clean trays/containers, handwashing supplies.","Use locally available produce, paper labels, clean food-grade reused containers, handmade measuring grids and simple classroom balances where suitable.",Define performance objective and acceptance criteria; specify sample/process boundary; establish measurement/QC protocol; collect and model data; validate against reference evidence; compare scenarios; recommend optimization.,"Protocol, traceable dataset, QC/validation record, model or quantitative comparison, uncertainty and optimization recommendation.",Which decision must the evidence support? How is measurement quality verified? What trade-off constrains the preferred process or specification?,"No tasting is required. Use clean teacher-approved samples. Wash hands before and after handling. Teachers alone control knives, graters, heat, electrical equipment, chemicals and processing machinery. Do not conduct microbial culture or unsafe food-storage experiments."
IL-453,SSS 1-3,Mint,Leaf,Internal Structure,"Design a research or product-development investigation of internal structure in mint, integrating measurement quality, process flow, validation and optimization.","Clean ingredient samples or images, labels, observation sheet/journal, ruler and balance where appropriate, clean trays/containers, handwashing supplies.","Use locally available produce, paper labels, clean food-grade reused containers, handmade measuring grids and simple classroom balances where suitable.",Define performance objective and acceptance criteria; specify sample/process boundary; establish measurement/QC protocol; collect and model data; validate against reference evidence; compare scenarios; recommend optimization.,"Protocol, traceable dataset, QC/validation record, model or quantitative comparison, uncertainty and optimization recommendation.",Which decision must the evidence support? How is measurement quality verified? What trade-off constrains the preferred process or specification?,"No tasting is required. Use clean teacher-approved samples. Wash hands before and after handling. Teachers alone control knives, graters, heat, electrical equipment, chemicals and processing machinery. Do not conduct microbial culture or unsafe food-storage experiments."
IL-454,SSS 1-3,Mint,Leaf,Colour & Texture,"Design a research or product-development investigation of colour & texture in mint, integrating measurement quality, process flow, validation and optimization.","Clean ingredient samples or images, labels, observation sheet/journal, ruler and balance where appropriate, clean trays/containers, handwashing supplies.","Use locally available produce, paper labels, clean food-grade reused containers, handmade measuring grids and simple classroom balances where suitable.",Define performance objective and acceptance criteria; specify sample/process boundary; establish measurement/QC protocol; collect and model data; validate against reference evidence; compare scenarios; recommend optimization.,"Protocol, traceable dataset, QC/validation record, model or quantitative comparison, uncertainty and optimization recommendation.",Which decision must the evidence support? How is measurement quality verified? What trade-off constrains the preferred process or specification?,"No tasting is required. Use clean teacher-approved samples. Wash hands before and after handling. Teachers alone control knives, graters, heat, electrical equipment, chemicals and processing machinery. Do not conduct microbial culture or unsafe food-storage experiments."
IL-455,SSS 1-3,Mint,Leaf,Mass & Size,"Design a research or product-development investigation of mass & size in mint, integrating measurement quality, process flow, validation and optimization.","Clean ingredient samples or images, labels, observation sheet/journal, ruler and balance where appropriate, clean trays/containers, handwashing supplies.","Use locally available produce, paper labels, clean food-grade reused containers, handmade measuring grids and simple classroom balances where suitable.",Define performance objective and acceptance criteria; specify sample/process boundary; establish measurement/QC protocol; collect and model data; validate against reference evidence; compare scenarios; recommend optimization.,"Protocol, traceable dataset, QC/validation record, model or quantitative comparison, uncertainty and optimization recommendation.",Which decision must the evidence support? How is measurement quality verified? What trade-off constrains the preferred process or specification?,"No tasting is required. Use clean teacher-approved samples. Wash hands before and after handling. Teachers alone control knives, graters, heat, electrical equipment, chemicals and processing machinery. Do not conduct microbial culture or unsafe food-storage experiments."
IL-456,SSS 1-3,Mint,Leaf,Water/Change Observation,"Design a research or product-development investigation of water/change observation in mint, integrating measurement quality, process flow, validation and optimization.","Clean ingredient samples or images, labels, observation sheet/journal, ruler and balance where appropriate, clean trays/containers, handwashing supplies.","Use locally available produce, paper labels, clean food-grade reused containers, handmade measuring grids and simple classroom balances where suitable.",Define performance objective and acceptance criteria; specify sample/process boundary; establish measurement/QC protocol; collect and model data; validate against reference evidence; compare scenarios; recommend optimization.,"Protocol, traceable dataset, QC/validation record, model or quantitative comparison, uncertainty and optimization recommendation.",Which decision must the evidence support? How is measurement quality verified? What trade-off constrains the preferred process or specification?,"No tasting is required. Use clean teacher-approved samples. Wash hands before and after handling. Teachers alone control knives, graters, heat, electrical equipment, chemicals and processing machinery. Do not conduct microbial culture or unsafe food-storage experiments."
IL-457,SSS 1-3,Mint,Leaf,Sorting & Quality,"Design a research or product-development investigation of sorting & quality in mint, integrating measurement quality, process flow, validation and optimization.","Clean ingredient samples or images, labels, observation sheet/journal, ruler and balance where appropriate, clean trays/containers, handwashing supplies.","Use locally available produce, paper labels, clean food-grade reused containers, handmade measuring grids and simple classroom balances where suitable.",Define performance objective and acceptance criteria; specify sample/process boundary; establish measurement/QC protocol; collect and model data; validate against reference evidence; compare scenarios; recommend optimization.,"Protocol, traceable dataset, QC/validation record, model or quantitative comparison, uncertainty and optimization recommendation.",Which decision must the evidence support? How is measurement quality verified? What trade-off constrains the preferred process or specification?,"No tasting is required. Use clean teacher-approved samples. Wash hands before and after handling. Teachers alone control knives, graters, heat, electrical equipment, chemicals and processing machinery. Do not conduct microbial culture or unsafe food-storage experiments."
IL-458,SSS 1-3,Mint,Leaf,Post-Harvest Change,"Design a research or product-development investigation of post-harvest change in mint, integrating measurement quality, process flow, validation and optimization.","Clean ingredient samples or images, labels, observation sheet/journal, ruler and balance where appropriate, clean trays/containers, handwashing supplies.","Use locally available produce, paper labels, clean food-grade reused containers, handmade measuring grids and simple classroom balances where suitable.",Define performance objective and acceptance criteria; specify sample/process boundary; establish measurement/QC protocol; collect and model data; validate against reference evidence; compare scenarios; recommend optimization.,"Protocol, traceable dataset, QC/validation record, model or quantitative comparison, uncertainty and optimization recommendation.",Which decision must the evidence support? How is measurement quality verified? What trade-off constrains the preferred process or specification?,"No tasting is required. Use clean teacher-approved samples. Wash hands before and after handling. Teachers alone control knives, graters, heat, electrical equipment, chemicals and processing machinery. Do not conduct microbial culture or unsafe food-storage experiments."
IL-459,SSS 1-3,Mint,Leaf,Ingredient-to-Food Pathway,"Design a research or product-development investigation of ingredient-to-food pathway in mint, integrating measurement quality, process flow, validation and optimization.","Clean ingredient samples or images, labels, observation sheet/journal, ruler and balance where appropriate, clean trays/containers, handwashing supplies.","Use locally available produce, paper labels, clean food-grade reused containers, handmade measuring grids and simple classroom balances where suitable.",Define performance objective and acceptance criteria; specify sample/process boundary; establish measurement/QC protocol; collect and model data; validate against reference evidence; compare scenarios; recommend optimization.,"Protocol, traceable dataset, QC/validation record, model or quantitative comparison, uncertainty and optimization recommendation.",Which decision must the evidence support? How is measurement quality verified? What trade-off constrains the preferred process or specification?,"No tasting is required. Use clean teacher-approved samples. Wash hands before and after handling. Teachers alone control knives, graters, heat, electrical equipment, chemicals and processing machinery. Do not conduct microbial culture or unsafe food-storage experiments."
IL-460,SSS 1-3,Mint,Leaf,Investigation Challenge,"Design a research or product-development investigation of investigation challenge in mint, integrating measurement quality, process flow, validation and optimization.","Clean ingredient samples or images, labels, observation sheet/journal, ruler and balance where appropriate, clean trays/containers, handwashing supplies.","Use locally available produce, paper labels, clean food-grade reused containers, handmade measuring grids and simple classroom balances where suitable.",Define performance objective and acceptance criteria; specify sample/process boundary; establish measurement/QC protocol; collect and model data; validate against reference evidence; compare scenarios; recommend optimization.,"Protocol, traceable dataset, QC/validation record, model or quantitative comparison, uncertainty and optimization recommendation.",Which decision must the evidence support? How is measurement quality verified? What trade-off constrains the preferred process or specification?,"No tasting is required. Use clean teacher-approved samples. Wash hands before and after handling. Teachers alone control knives, graters, heat, electrical equipment, chemicals and processing machinery. Do not conduct microbial culture or unsafe food-storage experiments."
IL-461,SSS 1-3,Moringa,Leaf,Identity & Plant Part,"Design a research or product-development investigation of identity & plant part in moringa, integrating measurement quality, process flow, validation and optimization.","Clean ingredient samples or images, labels, observation sheet/journal, ruler and balance where appropriate, clean trays/containers, handwashing supplies.","Use locally available produce, paper labels, clean food-grade reused containers, handmade measuring grids and simple classroom balances where suitable.",Define performance objective and acceptance criteria; specify sample/process boundary; establish measurement/QC protocol; collect and model data; validate against reference evidence; compare scenarios; recommend optimization.,"Protocol, traceable dataset, QC/validation record, model or quantitative comparison, uncertainty and optimization recommendation.",Which decision must the evidence support? How is measurement quality verified? What trade-off constrains the preferred process or specification?,"No tasting is required. Use clean teacher-approved samples. Wash hands before and after handling. Teachers alone control knives, graters, heat, electrical equipment, chemicals and processing machinery. Do not conduct microbial culture or unsafe food-storage experiments."
IL-462,SSS 1-3,Moringa,Leaf,External Structure,"Design a research or product-development investigation of external structure in moringa, integrating measurement quality, process flow, validation and optimization.","Clean ingredient samples or images, labels, observation sheet/journal, ruler and balance where appropriate, clean trays/containers, handwashing supplies.","Use locally available produce, paper labels, clean food-grade reused containers, handmade measuring grids and simple classroom balances where suitable.",Define performance objective and acceptance criteria; specify sample/process boundary; establish measurement/QC protocol; collect and model data; validate against reference evidence; compare scenarios; recommend optimization.,"Protocol, traceable dataset, QC/validation record, model or quantitative comparison, uncertainty and optimization recommendation.",Which decision must the evidence support? How is measurement quality verified? What trade-off constrains the preferred process or specification?,"No tasting is required. Use clean teacher-approved samples. Wash hands before and after handling. Teachers alone control knives, graters, heat, electrical equipment, chemicals and processing machinery. Do not conduct microbial culture or unsafe food-storage experiments."
IL-463,SSS 1-3,Moringa,Leaf,Internal Structure,"Design a research or product-development investigation of internal structure in moringa, integrating measurement quality, process flow, validation and optimization.","Clean ingredient samples or images, labels, observation sheet/journal, ruler and balance where appropriate, clean trays/containers, handwashing supplies.","Use locally available produce, paper labels, clean food-grade reused containers, handmade measuring grids and simple classroom balances where suitable.",Define performance objective and acceptance criteria; specify sample/process boundary; establish measurement/QC protocol; collect and model data; validate against reference evidence; compare scenarios; recommend optimization.,"Protocol, traceable dataset, QC/validation record, model or quantitative comparison, uncertainty and optimization recommendation.",Which decision must the evidence support? How is measurement quality verified? What trade-off constrains the preferred process or specification?,"No tasting is required. Use clean teacher-approved samples. Wash hands before and after handling. Teachers alone control knives, graters, heat, electrical equipment, chemicals and processing machinery. Do not conduct microbial culture or unsafe food-storage experiments."
IL-464,SSS 1-3,Moringa,Leaf,Colour & Texture,"Design a research or product-development investigation of colour & texture in moringa, integrating measurement quality, process flow, validation and optimization.","Clean ingredient samples or images, labels, observation sheet/journal, ruler and balance where appropriate, clean trays/containers, handwashing supplies.","Use locally available produce, paper labels, clean food-grade reused containers, handmade measuring grids and simple classroom balances where suitable.",Define performance objective and acceptance criteria; specify sample/process boundary; establish measurement/QC protocol; collect and model data; validate against reference evidence; compare scenarios; recommend optimization.,"Protocol, traceable dataset, QC/validation record, model or quantitative comparison, uncertainty and optimization recommendation.",Which decision must the evidence support? How is measurement quality verified? What trade-off constrains the preferred process or specification?,"No tasting is required. Use clean teacher-approved samples. Wash hands before and after handling. Teachers alone control knives, graters, heat, electrical equipment, chemicals and processing machinery. Do not conduct microbial culture or unsafe food-storage experiments."
IL-465,SSS 1-3,Moringa,Leaf,Mass & Size,"Design a research or product-development investigation of mass & size in moringa, integrating measurement quality, process flow, validation and optimization.","Clean ingredient samples or images, labels, observation sheet/journal, ruler and balance where appropriate, clean trays/containers, handwashing supplies.","Use locally available produce, paper labels, clean food-grade reused containers, handmade measuring grids and simple classroom balances where suitable.",Define performance objective and acceptance criteria; specify sample/process boundary; establish measurement/QC protocol; collect and model data; validate against reference evidence; compare scenarios; recommend optimization.,"Protocol, traceable dataset, QC/validation record, model or quantitative comparison, uncertainty and optimization recommendation.",Which decision must the evidence support? How is measurement quality verified? What trade-off constrains the preferred process or specification?,"No tasting is required. Use clean teacher-approved samples. Wash hands before and after handling. Teachers alone control knives, graters, heat, electrical equipment, chemicals and processing machinery. Do not conduct microbial culture or unsafe food-storage experiments."
IL-466,SSS 1-3,Moringa,Leaf,Water/Change Observation,"Design a research or product-development investigation of water/change observation in moringa, integrating measurement quality, process flow, validation and optimization.","Clean ingredient samples or images, labels, observation sheet/journal, ruler and balance where appropriate, clean trays/containers, handwashing supplies.","Use locally available produce, paper labels, clean food-grade reused containers, handmade measuring grids and simple classroom balances where suitable.",Define performance objective and acceptance criteria; specify sample/process boundary; establish measurement/QC protocol; collect and model data; validate against reference evidence; compare scenarios; recommend optimization.,"Protocol, traceable dataset, QC/validation record, model or quantitative comparison, uncertainty and optimization recommendation.",Which decision must the evidence support? How is measurement quality verified? What trade-off constrains the preferred process or specification?,"No tasting is required. Use clean teacher-approved samples. Wash hands before and after handling. Teachers alone control knives, graters, heat, electrical equipment, chemicals and processing machinery. Do not conduct microbial culture or unsafe food-storage experiments."
IL-467,SSS 1-3,Moringa,Leaf,Sorting & Quality,"Design a research or product-development investigation of sorting & quality in moringa, integrating measurement quality, process flow, validation and optimization.","Clean ingredient samples or images, labels, observation sheet/journal, ruler and balance where appropriate, clean trays/containers, handwashing supplies.","Use locally available produce, paper labels, clean food-grade reused containers, handmade measuring grids and simple classroom balances where suitable.",Define performance objective and acceptance criteria; specify sample/process boundary; establish measurement/QC protocol; collect and model data; validate against reference evidence; compare scenarios; recommend optimization.,"Protocol, traceable dataset, QC/validation record, model or quantitative comparison, uncertainty and optimization recommendation.",Which decision must the evidence support? How is measurement quality verified? What trade-off constrains the preferred process or specification?,"No tasting is required. Use clean teacher-approved samples. Wash hands before and after handling. Teachers alone control knives, graters, heat, electrical equipment, chemicals and processing machinery. Do not conduct microbial culture or unsafe food-storage experiments."
IL-468,SSS 1-3,Moringa,Leaf,Post-Harvest Change,"Design a research or product-development investigation of post-harvest change in moringa, integrating measurement quality, process flow, validation and optimization.","Clean ingredient samples or images, labels, observation sheet/journal, ruler and balance where appropriate, clean trays/containers, handwashing supplies.","Use locally available produce, paper labels, clean food-grade reused containers, handmade measuring grids and simple classroom balances where suitable.",Define performance objective and acceptance criteria; specify sample/process boundary; establish measurement/QC protocol; collect and model data; validate against reference evidence; compare scenarios; recommend optimization.,"Protocol, traceable dataset, QC/validation record, model or quantitative comparison, uncertainty and optimization recommendation.",Which decision must the evidence support? How is measurement quality verified? What trade-off constrains the preferred process or specification?,"No tasting is required. Use clean teacher-approved samples. Wash hands before and after handling. Teachers alone control knives, graters, heat, electrical equipment, chemicals and processing machinery. Do not conduct microbial culture or unsafe food-storage experiments."
IL-469,SSS 1-3,Moringa,Leaf,Ingredient-to-Food Pathway,"Design a research or product-development investigation of ingredient-to-food pathway in moringa, integrating measurement quality, process flow, validation and optimization.","Clean ingredient samples or images, labels, observation sheet/journal, ruler and balance where appropriate, clean trays/containers, handwashing supplies.","Use locally available produce, paper labels, clean food-grade reused containers, handmade measuring grids and simple classroom balances where suitable.",Define performance objective and acceptance criteria; specify sample/process boundary; establish measurement/QC protocol; collect and model data; validate against reference evidence; compare scenarios; recommend optimization.,"Protocol, traceable dataset, QC/validation record, model or quantitative comparison, uncertainty and optimization recommendation.",Which decision must the evidence support? How is measurement quality verified? What trade-off constrains the preferred process or specification?,"No tasting is required. Use clean teacher-approved samples. Wash hands before and after handling. Teachers alone control knives, graters, heat, electrical equipment, chemicals and processing machinery. Do not conduct microbial culture or unsafe food-storage experiments."
IL-470,SSS 1-3,Moringa,Leaf,Investigation Challenge,"Design a research or product-development investigation of investigation challenge in moringa, integrating measurement quality, process flow, validation and optimization.","Clean ingredient samples or images, labels, observation sheet/journal, ruler and balance where appropriate, clean trays/containers, handwashing supplies.","Use locally available produce, paper labels, clean food-grade reused containers, handmade measuring grids and simple classroom balances where suitable.",Define performance objective and acceptance criteria; specify sample/process boundary; establish measurement/QC protocol; collect and model data; validate against reference evidence; compare scenarios; recommend optimization.,"Protocol, traceable dataset, QC/validation record, model or quantitative comparison, uncertainty and optimization recommendation.",Which decision must the evidence support? How is measurement quality verified? What trade-off constrains the preferred process or specification?,"No tasting is required. Use clean teacher-approved samples. Wash hands before and after handling. Teachers alone control knives, graters, heat, electrical equipment, chemicals and processing machinery. Do not conduct microbial culture or unsafe food-storage experiments."
IL-471,SSS 1-3,Watermelon,Fruit,Identity & Plant Part,"Design a research or product-development investigation of identity & plant part in watermelon, integrating measurement quality, process flow, validation and optimization.","Clean ingredient samples or images, labels, observation sheet/journal, ruler and balance where appropriate, clean trays/containers, handwashing supplies.","Use locally available produce, paper labels, clean food-grade reused containers, handmade measuring grids and simple classroom balances where suitable.",Define performance objective and acceptance criteria; specify sample/process boundary; establish measurement/QC protocol; collect and model data; validate against reference evidence; compare scenarios; recommend optimization.,"Protocol, traceable dataset, QC/validation record, model or quantitative comparison, uncertainty and optimization recommendation.",Which decision must the evidence support? How is measurement quality verified? What trade-off constrains the preferred process or specification?,"No tasting is required. Use clean teacher-approved samples. Wash hands before and after handling. Teachers alone control knives, graters, heat, electrical equipment, chemicals and processing machinery. Do not conduct microbial culture or unsafe food-storage experiments."
IL-472,SSS 1-3,Watermelon,Fruit,External Structure,"Design a research or product-development investigation of external structure in watermelon, integrating measurement quality, process flow, validation and optimization.","Clean ingredient samples or images, labels, observation sheet/journal, ruler and balance where appropriate, clean trays/containers, handwashing supplies.","Use locally available produce, paper labels, clean food-grade reused containers, handmade measuring grids and simple classroom balances where suitable.",Define performance objective and acceptance criteria; specify sample/process boundary; establish measurement/QC protocol; collect and model data; validate against reference evidence; compare scenarios; recommend optimization.,"Protocol, traceable dataset, QC/validation record, model or quantitative comparison, uncertainty and optimization recommendation.",Which decision must the evidence support? How is measurement quality verified? What trade-off constrains the preferred process or specification?,"No tasting is required. Use clean teacher-approved samples. Wash hands before and after handling. Teachers alone control knives, graters, heat, electrical equipment, chemicals and processing machinery. Do not conduct microbial culture or unsafe food-storage experiments."
IL-473,SSS 1-3,Watermelon,Fruit,Internal Structure,"Design a research or product-development investigation of internal structure in watermelon, integrating measurement quality, process flow, validation and optimization.","Clean ingredient samples or images, labels, observation sheet/journal, ruler and balance where appropriate, clean trays/containers, handwashing supplies.","Use locally available produce, paper labels, clean food-grade reused containers, handmade measuring grids and simple classroom balances where suitable.",Define performance objective and acceptance criteria; specify sample/process boundary; establish measurement/QC protocol; collect and model data; validate against reference evidence; compare scenarios; recommend optimization.,"Protocol, traceable dataset, QC/validation record, model or quantitative comparison, uncertainty and optimization recommendation.",Which decision must the evidence support? How is measurement quality verified? What trade-off constrains the preferred process or specification?,"No tasting is required. Use clean teacher-approved samples. Wash hands before and after handling. Teachers alone control knives, graters, heat, electrical equipment, chemicals and processing machinery. Do not conduct microbial culture or unsafe food-storage experiments."
IL-474,SSS 1-3,Watermelon,Fruit,Colour & Texture,"Design a research or product-development investigation of colour & texture in watermelon, integrating measurement quality, process flow, validation and optimization.","Clean ingredient samples or images, labels, observation sheet/journal, ruler and balance where appropriate, clean trays/containers, handwashing supplies.","Use locally available produce, paper labels, clean food-grade reused containers, handmade measuring grids and simple classroom balances where suitable.",Define performance objective and acceptance criteria; specify sample/process boundary; establish measurement/QC protocol; collect and model data; validate against reference evidence; compare scenarios; recommend optimization.,"Protocol, traceable dataset, QC/validation record, model or quantitative comparison, uncertainty and optimization recommendation.",Which decision must the evidence support? How is measurement quality verified? What trade-off constrains the preferred process or specification?,"No tasting is required. Use clean teacher-approved samples. Wash hands before and after handling. Teachers alone control knives, graters, heat, electrical equipment, chemicals and processing machinery. Do not conduct microbial culture or unsafe food-storage experiments."
IL-475,SSS 1-3,Watermelon,Fruit,Mass & Size,"Design a research or product-development investigation of mass & size in watermelon, integrating measurement quality, process flow, validation and optimization.","Clean ingredient samples or images, labels, observation sheet/journal, ruler and balance where appropriate, clean trays/containers, handwashing supplies.","Use locally available produce, paper labels, clean food-grade reused containers, handmade measuring grids and simple classroom balances where suitable.",Define performance objective and acceptance criteria; specify sample/process boundary; establish measurement/QC protocol; collect and model data; validate against reference evidence; compare scenarios; recommend optimization.,"Protocol, traceable dataset, QC/validation record, model or quantitative comparison, uncertainty and optimization recommendation.",Which decision must the evidence support? How is measurement quality verified? What trade-off constrains the preferred process or specification?,"No tasting is required. Use clean teacher-approved samples. Wash hands before and after handling. Teachers alone control knives, graters, heat, electrical equipment, chemicals and processing machinery. Do not conduct microbial culture or unsafe food-storage experiments."
IL-476,SSS 1-3,Watermelon,Fruit,Water/Change Observation,"Design a research or product-development investigation of water/change observation in watermelon, integrating measurement quality, process flow, validation and optimization.","Clean ingredient samples or images, labels, observation sheet/journal, ruler and balance where appropriate, clean trays/containers, handwashing supplies.","Use locally available produce, paper labels, clean food-grade reused containers, handmade measuring grids and simple classroom balances where suitable.",Define performance objective and acceptance criteria; specify sample/process boundary; establish measurement/QC protocol; collect and model data; validate against reference evidence; compare scenarios; recommend optimization.,"Protocol, traceable dataset, QC/validation record, model or quantitative comparison, uncertainty and optimization recommendation.",Which decision must the evidence support? How is measurement quality verified? What trade-off constrains the preferred process or specification?,"No tasting is required. Use clean teacher-approved samples. Wash hands before and after handling. Teachers alone control knives, graters, heat, electrical equipment, chemicals and processing machinery. Do not conduct microbial culture or unsafe food-storage experiments."
IL-477,SSS 1-3,Watermelon,Fruit,Sorting & Quality,"Design a research or product-development investigation of sorting & quality in watermelon, integrating measurement quality, process flow, validation and optimization.","Clean ingredient samples or images, labels, observation sheet/journal, ruler and balance where appropriate, clean trays/containers, handwashing supplies.","Use locally available produce, paper labels, clean food-grade reused containers, handmade measuring grids and simple classroom balances where suitable.",Define performance objective and acceptance criteria; specify sample/process boundary; establish measurement/QC protocol; collect and model data; validate against reference evidence; compare scenarios; recommend optimization.,"Protocol, traceable dataset, QC/validation record, model or quantitative comparison, uncertainty and optimization recommendation.",Which decision must the evidence support? How is measurement quality verified? What trade-off constrains the preferred process or specification?,"No tasting is required. Use clean teacher-approved samples. Wash hands before and after handling. Teachers alone control knives, graters, heat, electrical equipment, chemicals and processing machinery. Do not conduct microbial culture or unsafe food-storage experiments."
IL-478,SSS 1-3,Watermelon,Fruit,Post-Harvest Change,"Design a research or product-development investigation of post-harvest change in watermelon, integrating measurement quality, process flow, validation and optimization.","Clean ingredient samples or images, labels, observation sheet/journal, ruler and balance where appropriate, clean trays/containers, handwashing supplies.","Use locally available produce, paper labels, clean food-grade reused containers, handmade measuring grids and simple classroom balances where suitable.",Define performance objective and acceptance criteria; specify sample/process boundary; establish measurement/QC protocol; collect and model data; validate against reference evidence; compare scenarios; recommend optimization.,"Protocol, traceable dataset, QC/validation record, model or quantitative comparison, uncertainty and optimization recommendation.",Which decision must the evidence support? How is measurement quality verified? What trade-off constrains the preferred process or specification?,"No tasting is required. Use clean teacher-approved samples. Wash hands before and after handling. Teachers alone control knives, graters, heat, electrical equipment, chemicals and processing machinery. Do not conduct microbial culture or unsafe food-storage experiments."
IL-479,SSS 1-3,Watermelon,Fruit,Ingredient-to-Food Pathway,"Design a research or product-development investigation of ingredient-to-food pathway in watermelon, integrating measurement quality, process flow, validation and optimization.","Clean ingredient samples or images, labels, observation sheet/journal, ruler and balance where appropriate, clean trays/containers, handwashing supplies.","Use locally available produce, paper labels, clean food-grade reused containers, handmade measuring grids and simple classroom balances where suitable.",Define performance objective and acceptance criteria; specify sample/process boundary; establish measurement/QC protocol; collect and model data; validate against reference evidence; compare scenarios; recommend optimization.,"Protocol, traceable dataset, QC/validation record, model or quantitative comparison, uncertainty and optimization recommendation.",Which decision must the evidence support? How is measurement quality verified? What trade-off constrains the preferred process or specification?,"No tasting is required. Use clean teacher-approved samples. Wash hands before and after handling. Teachers alone control knives, graters, heat, electrical equipment, chemicals and processing machinery. Do not conduct microbial culture or unsafe food-storage experiments."
IL-480,SSS 1-3,Watermelon,Fruit,Investigation Challenge,"Design a research or product-development investigation of investigation challenge in watermelon, integrating measurement quality, process flow, validation and optimization.","Clean ingredient samples or images, labels, observation sheet/journal, ruler and balance where appropriate, clean trays/containers, handwashing supplies.","Use locally available produce, paper labels, clean food-grade reused containers, handmade measuring grids and simple classroom balances where suitable.",Define performance objective and acceptance criteria; specify sample/process boundary; establish measurement/QC protocol; collect and model data; validate against reference evidence; compare scenarios; recommend optimization.,"Protocol, traceable dataset, QC/validation record, model or quantitative comparison, uncertainty and optimization recommendation.",Which decision must the evidence support? How is measurement quality verified? What trade-off constrains the preferred process or specification?,"No tasting is required. Use clean teacher-approved samples. Wash hands before and after handling. Teachers alone control knives, graters, heat, electrical equipment, chemicals and processing machinery. Do not conduct microbial culture or unsafe food-storage experiments."
IL-481,SSS 1-3,Tomato,Fruit,Identity & Plant Part,"Design a research or product-development investigation of identity & plant part in tomato, integrating measurement quality, process flow, validation and optimization.","Clean ingredient samples or images, labels, observation sheet/journal, ruler and balance where appropriate, clean trays/containers, handwashing supplies.","Use locally available produce, paper labels, clean food-grade reused containers, handmade measuring grids and simple classroom balances where suitable.",Define performance objective and acceptance criteria; specify sample/process boundary; establish measurement/QC protocol; collect and model data; validate against reference evidence; compare scenarios; recommend optimization.,"Protocol, traceable dataset, QC/validation record, model or quantitative comparison, uncertainty and optimization recommendation.",Which decision must the evidence support? How is measurement quality verified? What trade-off constrains the preferred process or specification?,"No tasting is required. Use clean teacher-approved samples. Wash hands before and after handling. Teachers alone control knives, graters, heat, electrical equipment, chemicals and processing machinery. Do not conduct microbial culture or unsafe food-storage experiments."
IL-482,SSS 1-3,Tomato,Fruit,External Structure,"Design a research or product-development investigation of external structure in tomato, integrating measurement quality, process flow, validation and optimization.","Clean ingredient samples or images, labels, observation sheet/journal, ruler and balance where appropriate, clean trays/containers, handwashing supplies.","Use locally available produce, paper labels, clean food-grade reused containers, handmade measuring grids and simple classroom balances where suitable.",Define performance objective and acceptance criteria; specify sample/process boundary; establish measurement/QC protocol; collect and model data; validate against reference evidence; compare scenarios; recommend optimization.,"Protocol, traceable dataset, QC/validation record, model or quantitative comparison, uncertainty and optimization recommendation.",Which decision must the evidence support? How is measurement quality verified? What trade-off constrains the preferred process or specification?,"No tasting is required. Use clean teacher-approved samples. Wash hands before and after handling. Teachers alone control knives, graters, heat, electrical equipment, chemicals and processing machinery. Do not conduct microbial culture or unsafe food-storage experiments."
IL-483,SSS 1-3,Tomato,Fruit,Internal Structure,"Design a research or product-development investigation of internal structure in tomato, integrating measurement quality, process flow, validation and optimization.","Clean ingredient samples or images, labels, observation sheet/journal, ruler and balance where appropriate, clean trays/containers, handwashing supplies.","Use locally available produce, paper labels, clean food-grade reused containers, handmade measuring grids and simple classroom balances where suitable.",Define performance objective and acceptance criteria; specify sample/process boundary; establish measurement/QC protocol; collect and model data; validate against reference evidence; compare scenarios; recommend optimization.,"Protocol, traceable dataset, QC/validation record, model or quantitative comparison, uncertainty and optimization recommendation.",Which decision must the evidence support? How is measurement quality verified? What trade-off constrains the preferred process or specification?,"No tasting is required. Use clean teacher-approved samples. Wash hands before and after handling. Teachers alone control knives, graters, heat, electrical equipment, chemicals and processing machinery. Do not conduct microbial culture or unsafe food-storage experiments."
IL-484,SSS 1-3,Tomato,Fruit,Colour & Texture,"Design a research or product-development investigation of colour & texture in tomato, integrating measurement quality, process flow, validation and optimization.","Clean ingredient samples or images, labels, observation sheet/journal, ruler and balance where appropriate, clean trays/containers, handwashing supplies.","Use locally available produce, paper labels, clean food-grade reused containers, handmade measuring grids and simple classroom balances where suitable.",Define performance objective and acceptance criteria; specify sample/process boundary; establish measurement/QC protocol; collect and model data; validate against reference evidence; compare scenarios; recommend optimization.,"Protocol, traceable dataset, QC/validation record, model or quantitative comparison, uncertainty and optimization recommendation.",Which decision must the evidence support? How is measurement quality verified? What trade-off constrains the preferred process or specification?,"No tasting is required. Use clean teacher-approved samples. Wash hands before and after handling. Teachers alone control knives, graters, heat, electrical equipment, chemicals and processing machinery. Do not conduct microbial culture or unsafe food-storage experiments."
IL-485,SSS 1-3,Tomato,Fruit,Mass & Size,"Design a research or product-development investigation of mass & size in tomato, integrating measurement quality, process flow, validation and optimization.","Clean ingredient samples or images, labels, observation sheet/journal, ruler and balance where appropriate, clean trays/containers, handwashing supplies.","Use locally available produce, paper labels, clean food-grade reused containers, handmade measuring grids and simple classroom balances where suitable.",Define performance objective and acceptance criteria; specify sample/process boundary; establish measurement/QC protocol; collect and model data; validate against reference evidence; compare scenarios; recommend optimization.,"Protocol, traceable dataset, QC/validation record, model or quantitative comparison, uncertainty and optimization recommendation.",Which decision must the evidence support? How is measurement quality verified? What trade-off constrains the preferred process or specification?,"No tasting is required. Use clean teacher-approved samples. Wash hands before and after handling. Teachers alone control knives, graters, heat, electrical equipment, chemicals and processing machinery. Do not conduct microbial culture or unsafe food-storage experiments."
IL-486,SSS 1-3,Tomato,Fruit,Water/Change Observation,"Design a research or product-development investigation of water/change observation in tomato, integrating measurement quality, process flow, validation and optimization.","Clean ingredient samples or images, labels, observation sheet/journal, ruler and balance where appropriate, clean trays/containers, handwashing supplies.","Use locally available produce, paper labels, clean food-grade reused containers, handmade measuring grids and simple classroom balances where suitable.",Define performance objective and acceptance criteria; specify sample/process boundary; establish measurement/QC protocol; collect and model data; validate against reference evidence; compare scenarios; recommend optimization.,"Protocol, traceable dataset, QC/validation record, model or quantitative comparison, uncertainty and optimization recommendation.",Which decision must the evidence support? How is measurement quality verified? What trade-off constrains the preferred process or specification?,"No tasting is required. Use clean teacher-approved samples. Wash hands before and after handling. Teachers alone control knives, graters, heat, electrical equipment, chemicals and processing machinery. Do not conduct microbial culture or unsafe food-storage experiments."
IL-487,SSS 1-3,Tomato,Fruit,Sorting & Quality,"Design a research or product-development investigation of sorting & quality in tomato, integrating measurement quality, process flow, validation and optimization.","Clean ingredient samples or images, labels, observation sheet/journal, ruler and balance where appropriate, clean trays/containers, handwashing supplies.","Use locally available produce, paper labels, clean food-grade reused containers, handmade measuring grids and simple classroom balances where suitable.",Define performance objective and acceptance criteria; specify sample/process boundary; establish measurement/QC protocol; collect and model data; validate against reference evidence; compare scenarios; recommend optimization.,"Protocol, traceable dataset, QC/validation record, model or quantitative comparison, uncertainty and optimization recommendation.",Which decision must the evidence support? How is measurement quality verified? What trade-off constrains the preferred process or specification?,"No tasting is required. Use clean teacher-approved samples. Wash hands before and after handling. Teachers alone control knives, graters, heat, electrical equipment, chemicals and processing machinery. Do not conduct microbial culture or unsafe food-storage experiments."
IL-488,SSS 1-3,Tomato,Fruit,Post-Harvest Change,"Design a research or product-development investigation of post-harvest change in tomato, integrating measurement quality, process flow, validation and optimization.","Clean ingredient samples or images, labels, observation sheet/journal, ruler and balance where appropriate, clean trays/containers, handwashing supplies.","Use locally available produce, paper labels, clean food-grade reused containers, handmade measuring grids and simple classroom balances where suitable.",Define performance objective and acceptance criteria; specify sample/process boundary; establish measurement/QC protocol; collect and model data; validate against reference evidence; compare scenarios; recommend optimization.,"Protocol, traceable dataset, QC/validation record, model or quantitative comparison, uncertainty and optimization recommendation.",Which decision must the evidence support? How is measurement quality verified? What trade-off constrains the preferred process or specification?,"No tasting is required. Use clean teacher-approved samples. Wash hands before and after handling. Teachers alone control knives, graters, heat, electrical equipment, chemicals and processing machinery. Do not conduct microbial culture or unsafe food-storage experiments."
IL-489,SSS 1-3,Tomato,Fruit,Ingredient-to-Food Pathway,"Design a research or product-development investigation of ingredient-to-food pathway in tomato, integrating measurement quality, process flow, validation and optimization.","Clean ingredient samples or images, labels, observation sheet/journal, ruler and balance where appropriate, clean trays/containers, handwashing supplies.","Use locally available produce, paper labels, clean food-grade reused containers, handmade measuring grids and simple classroom balances where suitable.",Define performance objective and acceptance criteria; specify sample/process boundary; establish measurement/QC protocol; collect and model data; validate against reference evidence; compare scenarios; recommend optimization.,"Protocol, traceable dataset, QC/validation record, model or quantitative comparison, uncertainty and optimization recommendation.",Which decision must the evidence support? How is measurement quality verified? What trade-off constrains the preferred process or specification?,"No tasting is required. Use clean teacher-approved samples. Wash hands before and after handling. Teachers alone control knives, graters, heat, electrical equipment, chemicals and processing machinery. Do not conduct microbial culture or unsafe food-storage experiments."
IL-490,SSS 1-3,Tomato,Fruit,Investigation Challenge,"Design a research or product-development investigation of investigation challenge in tomato, integrating measurement quality, process flow, validation and optimization.","Clean ingredient samples or images, labels, observation sheet/journal, ruler and balance where appropriate, clean trays/containers, handwashing supplies.","Use locally available produce, paper labels, clean food-grade reused containers, handmade measuring grids and simple classroom balances where suitable.",Define performance objective and acceptance criteria; specify sample/process boundary; establish measurement/QC protocol; collect and model data; validate against reference evidence; compare scenarios; recommend optimization.,"Protocol, traceable dataset, QC/validation record, model or quantitative comparison, uncertainty and optimization recommendation.",Which decision must the evidence support? How is measurement quality verified? What trade-off constrains the preferred process or specification?,"No tasting is required. Use clean teacher-approved samples. Wash hands before and after handling. Teachers alone control knives, graters, heat, electrical equipment, chemicals and processing machinery. Do not conduct microbial culture or unsafe food-storage experiments."
IL-491,SSS 1-3,Maize,Seed/Grain,Identity & Plant Part,"Design a research or product-development investigation of identity & plant part in maize, integrating measurement quality, process flow, validation and optimization.","Clean ingredient samples or images, labels, observation sheet/journal, ruler and balance where appropriate, clean trays/containers, handwashing supplies.","Use locally available produce, paper labels, clean food-grade reused containers, handmade measuring grids and simple classroom balances where suitable.",Define performance objective and acceptance criteria; specify sample/process boundary; establish measurement/QC protocol; collect and model data; validate against reference evidence; compare scenarios; recommend optimization.,"Protocol, traceable dataset, QC/validation record, model or quantitative comparison, uncertainty and optimization recommendation.",Which decision must the evidence support? How is measurement quality verified? What trade-off constrains the preferred process or specification?,"No tasting is required. Use clean teacher-approved samples. Wash hands before and after handling. Teachers alone control knives, graters, heat, electrical equipment, chemicals and processing machinery. Do not conduct microbial culture or unsafe food-storage experiments."
IL-492,SSS 1-3,Maize,Seed/Grain,External Structure,"Design a research or product-development investigation of external structure in maize, integrating measurement quality, process flow, validation and optimization.","Clean ingredient samples or images, labels, observation sheet/journal, ruler and balance where appropriate, clean trays/containers, handwashing supplies.","Use locally available produce, paper labels, clean food-grade reused containers, handmade measuring grids and simple classroom balances where suitable.",Define performance objective and acceptance criteria; specify sample/process boundary; establish measurement/QC protocol; collect and model data; validate against reference evidence; compare scenarios; recommend optimization.,"Protocol, traceable dataset, QC/validation record, model or quantitative comparison, uncertainty and optimization recommendation.",Which decision must the evidence support? How is measurement quality verified? What trade-off constrains the preferred process or specification?,"No tasting is required. Use clean teacher-approved samples. Wash hands before and after handling. Teachers alone control knives, graters, heat, electrical equipment, chemicals and processing machinery. Do not conduct microbial culture or unsafe food-storage experiments."
IL-493,SSS 1-3,Maize,Seed/Grain,Internal Structure,"Design a research or product-development investigation of internal structure in maize, integrating measurement quality, process flow, validation and optimization.","Clean ingredient samples or images, labels, observation sheet/journal, ruler and balance where appropriate, clean trays/containers, handwashing supplies.","Use locally available produce, paper labels, clean food-grade reused containers, handmade measuring grids and simple classroom balances where suitable.",Define performance objective and acceptance criteria; specify sample/process boundary; establish measurement/QC protocol; collect and model data; validate against reference evidence; compare scenarios; recommend optimization.,"Protocol, traceable dataset, QC/validation record, model or quantitative comparison, uncertainty and optimization recommendation.",Which decision must the evidence support? How is measurement quality verified? What trade-off constrains the preferred process or specification?,"No tasting is required. Use clean teacher-approved samples. Wash hands before and after handling. Teachers alone control knives, graters, heat, electrical equipment, chemicals and processing machinery. Do not conduct microbial culture or unsafe food-storage experiments."
IL-494,SSS 1-3,Maize,Seed/Grain,Colour & Texture,"Design a research or product-development investigation of colour & texture in maize, integrating measurement quality, process flow, validation and optimization.","Clean ingredient samples or images, labels, observation sheet/journal, ruler and balance where appropriate, clean trays/containers, handwashing supplies.","Use locally available produce, paper labels, clean food-grade reused containers, handmade measuring grids and simple classroom balances where suitable.",Define performance objective and acceptance criteria; specify sample/process boundary; establish measurement/QC protocol; collect and model data; validate against reference evidence; compare scenarios; recommend optimization.,"Protocol, traceable dataset, QC/validation record, model or quantitative comparison, uncertainty and optimization recommendation.",Which decision must the evidence support? How is measurement quality verified? What trade-off constrains the preferred process or specification?,"No tasting is required. Use clean teacher-approved samples. Wash hands before and after handling. Teachers alone control knives, graters, heat, electrical equipment, chemicals and processing machinery. Do not conduct microbial culture or unsafe food-storage experiments."
IL-495,SSS 1-3,Maize,Seed/Grain,Mass & Size,"Design a research or product-development investigation of mass & size in maize, integrating measurement quality, process flow, validation and optimization.","Clean ingredient samples or images, labels, observation sheet/journal, ruler and balance where appropriate, clean trays/containers, handwashing supplies.","Use locally available produce, paper labels, clean food-grade reused containers, handmade measuring grids and simple classroom balances where suitable.",Define performance objective and acceptance criteria; specify sample/process boundary; establish measurement/QC protocol; collect and model data; validate against reference evidence; compare scenarios; recommend optimization.,"Protocol, traceable dataset, QC/validation record, model or quantitative comparison, uncertainty and optimization recommendation.",Which decision must the evidence support? How is measurement quality verified? What trade-off constrains the preferred process or specification?,"No tasting is required. Use clean teacher-approved samples. Wash hands before and after handling. Teachers alone control knives, graters, heat, electrical equipment, chemicals and processing machinery. Do not conduct microbial culture or unsafe food-storage experiments."
IL-496,SSS 1-3,Maize,Seed/Grain,Water/Change Observation,"Design a research or product-development investigation of water/change observation in maize, integrating measurement quality, process flow, validation and optimization.","Clean ingredient samples or images, labels, observation sheet/journal, ruler and balance where appropriate, clean trays/containers, handwashing supplies.","Use locally available produce, paper labels, clean food-grade reused containers, handmade measuring grids and simple classroom balances where suitable.",Define performance objective and acceptance criteria; specify sample/process boundary; establish measurement/QC protocol; collect and model data; validate against reference evidence; compare scenarios; recommend optimization.,"Protocol, traceable dataset, QC/validation record, model or quantitative comparison, uncertainty and optimization recommendation.",Which decision must the evidence support? How is measurement quality verified? What trade-off constrains the preferred process or specification?,"No tasting is required. Use clean teacher-approved samples. Wash hands before and after handling. Teachers alone control knives, graters, heat, electrical equipment, chemicals and processing machinery. Do not conduct microbial culture or unsafe food-storage experiments."
IL-497,SSS 1-3,Maize,Seed/Grain,Sorting & Quality,"Design a research or product-development investigation of sorting & quality in maize, integrating measurement quality, process flow, validation and optimization.","Clean ingredient samples or images, labels, observation sheet/journal, ruler and balance where appropriate, clean trays/containers, handwashing supplies.","Use locally available produce, paper labels, clean food-grade reused containers, handmade measuring grids and simple classroom balances where suitable.",Define performance objective and acceptance criteria; specify sample/process boundary; establish measurement/QC protocol; collect and model data; validate against reference evidence; compare scenarios; recommend optimization.,"Protocol, traceable dataset, QC/validation record, model or quantitative comparison, uncertainty and optimization recommendation.",Which decision must the evidence support? How is measurement quality verified? What trade-off constrains the preferred process or specification?,"No tasting is required. Use clean teacher-approved samples. Wash hands before and after handling. Teachers alone control knives, graters, heat, electrical equipment, chemicals and processing machinery. Do not conduct microbial culture or unsafe food-storage experiments."
IL-498,SSS 1-3,Maize,Seed/Grain,Post-Harvest Change,"Design a research or product-development investigation of post-harvest change in maize, integrating measurement quality, process flow, validation and optimization.","Clean ingredient samples or images, labels, observation sheet/journal, ruler and balance where appropriate, clean trays/containers, handwashing supplies.","Use locally available produce, paper labels, clean food-grade reused containers, handmade measuring grids and simple classroom balances where suitable.",Define performance objective and acceptance criteria; specify sample/process boundary; establish measurement/QC protocol; collect and model data; validate against reference evidence; compare scenarios; recommend optimization.,"Protocol, traceable dataset, QC/validation record, model or quantitative comparison, uncertainty and optimization recommendation.",Which decision must the evidence support? How is measurement quality verified? What trade-off constrains the preferred process or specification?,"No tasting is required. Use clean teacher-approved samples. Wash hands before and after handling. Teachers alone control knives, graters, heat, electrical equipment, chemicals and processing machinery. Do not conduct microbial culture or unsafe food-storage experiments."
IL-499,SSS 1-3,Maize,Seed/Grain,Ingredient-to-Food Pathway,"Design a research or product-development investigation of ingredient-to-food pathway in maize, integrating measurement quality, process flow, validation and optimization.","Clean ingredient samples or images, labels, observation sheet/journal, ruler and balance where appropriate, clean trays/containers, handwashing supplies.","Use locally available produce, paper labels, clean food-grade reused containers, handmade measuring grids and simple classroom balances where suitable.",Define performance objective and acceptance criteria; specify sample/process boundary; establish measurement/QC protocol; collect and model data; validate against reference evidence; compare scenarios; recommend optimization.,"Protocol, traceable dataset, QC/validation record, model or quantitative comparison, uncertainty and optimization recommendation.",Which decision must the evidence support? How is measurement quality verified? What trade-off constrains the preferred process or specification?,"No tasting is required. Use clean teacher-approved samples. Wash hands before and after handling. Teachers alone control knives, graters, heat, electrical equipment, chemicals and processing machinery. Do not conduct microbial culture or unsafe food-storage experiments."
IL-500,SSS 1-3,Maize,Seed/Grain,Investigation Challenge,"Design a research or product-development investigation of investigation challenge in maize, integrating measurement quality, process flow, validation and optimization.","Clean ingredient samples or images, labels, observation sheet/journal, ruler and balance where appropriate, clean trays/containers, handwashing supplies.","Use locally available produce, paper labels, clean food-grade reused containers, handmade measuring grids and simple classroom balances where suitable.",Define performance objective and acceptance criteria; specify sample/process boundary; establish measurement/QC protocol; collect and model data; validate against reference evidence; compare scenarios; recommend optimization.,"Protocol, traceable dataset, QC/validation record, model or quantitative comparison, uncertainty and optimization recommendation.",Which decision must the evidence support? How is measurement quality verified? What trade-off constrains the preferred process or specification?,"No tasting is required. Use clean teacher-approved samples. Wash hands before and after handling. Teachers alone control knives, graters, heat, electrical equipment, chemicals and processing machinery. Do not conduct microbial culture or unsafe food-storage experiments."
