id,level,garden,mission_no,title,mission,materials,evidence,success,safety,agrishine
GM-001,Nursery,Alphabet Garden,1,FIND THE LETTERS!,"Find something about letters and garden words. Work with your teacher or helper, then show what you noticed.","letter labels, plants",a letter or word match,I completed the challenge carefully and can tell one thing I discovered.,Find and name. Follow teacher instructions and school garden safety rules.,Help make the Alphabet Garden neat and learning-ready by completing one teacher-approved care action.
GM-002,Nursery,Alphabet Garden,2,GARDEN MATCH MISSION,"Match something about letters and garden words. Work with your teacher or helper, then show what you noticed.","letter labels, plants",a letter or word match,I completed the challenge carefully and can tell one thing I discovered.,Find and name. Follow teacher instructions and school garden safety rules.,Help make the Alphabet Garden neat and learning-ready by completing one teacher-approved care action.
GM-003,Nursery,Alphabet Garden,3,COUNT AND TELL,"Count something about letters and garden words. Work with your teacher or helper, then show what you noticed.","letter labels, plants",a letter or word match,I completed the challenge carefully and can tell one thing I discovered.,Find and name. Follow teacher instructions and school garden safety rules.,Help make the Alphabet Garden neat and learning-ready by completing one teacher-approved care action.
GM-004,Nursery,Alphabet Garden,4,SORT THE LETTERS!,"Sort something about letters and garden words. Work with your teacher or helper, then show what you noticed.","letter labels, plants",a letter or word match,I completed the challenge carefully and can tell one thing I discovered.,Find and name. Follow teacher instructions and school garden safety rules.,Help make the Alphabet Garden neat and learning-ready by completing one teacher-approved care action.
GM-005,Nursery,Alphabet Garden,5,GARDEN NOTICE MISSION,"Notice something about letters and garden words. Work with your teacher or helper, then show what you noticed.","letter labels, plants",a letter or word match,I completed the challenge carefully and can tell one thing I discovered.,Find and name. Follow teacher instructions and school garden safety rules.,Help make the Alphabet Garden neat and learning-ready by completing one teacher-approved care action.
GM-006,Nursery,Alphabet Garden,6,COMPARE AND TELL,"Compare something about letters and garden words. Work with your teacher or helper, then show what you noticed.","letter labels, plants",a letter or word match,I completed the challenge carefully and can tell one thing I discovered.,Find and name. Follow teacher instructions and school garden safety rules.,Help make the Alphabet Garden neat and learning-ready by completing one teacher-approved care action.
GM-007,Nursery,Alphabet Garden,7,CARE THE LETTERS!,"Care something about letters and garden words. Work with your teacher or helper, then show what you noticed.","letter labels, plants",a letter or word match,I completed the challenge carefully and can tell one thing I discovered.,Find and name. Follow teacher instructions and school garden safety rules.,Help make the Alphabet Garden neat and learning-ready by completing one teacher-approved care action.
GM-008,Nursery,Alphabet Garden,8,GARDEN SEARCH MISSION,"Search something about letters and garden words. Work with your teacher or helper, then show what you noticed.","letter labels, plants",a letter or word match,I completed the challenge carefully and can tell one thing I discovered.,Find and name. Follow teacher instructions and school garden safety rules.,Help make the Alphabet Garden neat and learning-ready by completing one teacher-approved care action.
GM-009,Nursery,Alphabet Garden,9,SHOW AND TELL,"Show something about letters and garden words. Work with your teacher or helper, then show what you noticed.","letter labels, plants",a letter or word match,I completed the challenge carefully and can tell one thing I discovered.,Find and name. Follow teacher instructions and school garden safety rules.,Help make the Alphabet Garden neat and learning-ready by completing one teacher-approved care action.
GM-010,Nursery,Alphabet Garden,10,DISCOVER THE LETTERS!,"Discover something about letters and garden words. Work with your teacher or helper, then show what you noticed.","letter labels, plants",a letter or word match,I completed the challenge carefully and can tell one thing I discovered.,Find and name. Follow teacher instructions and school garden safety rules.,Help make the Alphabet Garden neat and learning-ready by completing one teacher-approved care action.
GM-011,Nursery,Number Garden,1,FIND THE NUMBERS!,"Find something about numbers and quantities. Work with your teacher or helper, then show what you noticed.","plants, leaves, counters",a count from 1 to 10,I completed the challenge carefully and can tell one thing I discovered.,Count carefully. Follow teacher instructions and school garden safety rules.,Help make the Number Garden neat and learning-ready by completing one teacher-approved care action.
GM-012,Nursery,Number Garden,2,GARDEN MATCH MISSION,"Match something about numbers and quantities. Work with your teacher or helper, then show what you noticed.","plants, leaves, counters",a count from 1 to 10,I completed the challenge carefully and can tell one thing I discovered.,Count carefully. Follow teacher instructions and school garden safety rules.,Help make the Number Garden neat and learning-ready by completing one teacher-approved care action.
GM-013,Nursery,Number Garden,3,COUNT AND TELL,"Count something about numbers and quantities. Work with your teacher or helper, then show what you noticed.","plants, leaves, counters",a count from 1 to 10,I completed the challenge carefully and can tell one thing I discovered.,Count carefully. Follow teacher instructions and school garden safety rules.,Help make the Number Garden neat and learning-ready by completing one teacher-approved care action.
GM-014,Nursery,Number Garden,4,SORT THE NUMBERS!,"Sort something about numbers and quantities. Work with your teacher or helper, then show what you noticed.","plants, leaves, counters",a count from 1 to 10,I completed the challenge carefully and can tell one thing I discovered.,Count carefully. Follow teacher instructions and school garden safety rules.,Help make the Number Garden neat and learning-ready by completing one teacher-approved care action.
GM-015,Nursery,Number Garden,5,GARDEN NOTICE MISSION,"Notice something about numbers and quantities. Work with your teacher or helper, then show what you noticed.","plants, leaves, counters",a count from 1 to 10,I completed the challenge carefully and can tell one thing I discovered.,Count carefully. Follow teacher instructions and school garden safety rules.,Help make the Number Garden neat and learning-ready by completing one teacher-approved care action.
GM-016,Nursery,Number Garden,6,COMPARE AND TELL,"Compare something about numbers and quantities. Work with your teacher or helper, then show what you noticed.","plants, leaves, counters",a count from 1 to 10,I completed the challenge carefully and can tell one thing I discovered.,Count carefully. Follow teacher instructions and school garden safety rules.,Help make the Number Garden neat and learning-ready by completing one teacher-approved care action.
GM-017,Nursery,Number Garden,7,CARE THE NUMBERS!,"Care something about numbers and quantities. Work with your teacher or helper, then show what you noticed.","plants, leaves, counters",a count from 1 to 10,I completed the challenge carefully and can tell one thing I discovered.,Count carefully. Follow teacher instructions and school garden safety rules.,Help make the Number Garden neat and learning-ready by completing one teacher-approved care action.
GM-018,Nursery,Number Garden,8,GARDEN SEARCH MISSION,"Search something about numbers and quantities. Work with your teacher or helper, then show what you noticed.","plants, leaves, counters",a count from 1 to 10,I completed the challenge carefully and can tell one thing I discovered.,Count carefully. Follow teacher instructions and school garden safety rules.,Help make the Number Garden neat and learning-ready by completing one teacher-approved care action.
GM-019,Nursery,Number Garden,9,SHOW AND TELL,"Show something about numbers and quantities. Work with your teacher or helper, then show what you noticed.","plants, leaves, counters",a count from 1 to 10,I completed the challenge carefully and can tell one thing I discovered.,Count carefully. Follow teacher instructions and school garden safety rules.,Help make the Number Garden neat and learning-ready by completing one teacher-approved care action.
GM-020,Nursery,Number Garden,10,DISCOVER THE NUMBERS!,"Discover something about numbers and quantities. Work with your teacher or helper, then show what you noticed.","plants, leaves, counters",a count from 1 to 10,I completed the challenge carefully and can tell one thing I discovered.,Count carefully. Follow teacher instructions and school garden safety rules.,Help make the Number Garden neat and learning-ready by completing one teacher-approved care action.
GM-021,Nursery,Geometry Garden,1,FIND THE SHAPES!,"Find something about shapes and garden spaces. Work with your teacher or helper, then show what you noticed.","beds, paths, containers","shape, side, corner or length",I completed the challenge carefully and can tell one thing I discovered.,Use shapes to describe. Follow teacher instructions and school garden safety rules.,Help make the Geometry Garden neat and learning-ready by completing one teacher-approved care action.
GM-022,Nursery,Geometry Garden,2,GARDEN MATCH MISSION,"Match something about shapes and garden spaces. Work with your teacher or helper, then show what you noticed.","beds, paths, containers","shape, side, corner or length",I completed the challenge carefully and can tell one thing I discovered.,Use shapes to describe. Follow teacher instructions and school garden safety rules.,Help make the Geometry Garden neat and learning-ready by completing one teacher-approved care action.
GM-023,Nursery,Geometry Garden,3,COUNT AND TELL,"Count something about shapes and garden spaces. Work with your teacher or helper, then show what you noticed.","beds, paths, containers","shape, side, corner or length",I completed the challenge carefully and can tell one thing I discovered.,Use shapes to describe. Follow teacher instructions and school garden safety rules.,Help make the Geometry Garden neat and learning-ready by completing one teacher-approved care action.
GM-024,Nursery,Geometry Garden,4,SORT THE SHAPES!,"Sort something about shapes and garden spaces. Work with your teacher or helper, then show what you noticed.","beds, paths, containers","shape, side, corner or length",I completed the challenge carefully and can tell one thing I discovered.,Use shapes to describe. Follow teacher instructions and school garden safety rules.,Help make the Geometry Garden neat and learning-ready by completing one teacher-approved care action.
GM-025,Nursery,Geometry Garden,5,GARDEN NOTICE MISSION,"Notice something about shapes and garden spaces. Work with your teacher or helper, then show what you noticed.","beds, paths, containers","shape, side, corner or length",I completed the challenge carefully and can tell one thing I discovered.,Use shapes to describe. Follow teacher instructions and school garden safety rules.,Help make the Geometry Garden neat and learning-ready by completing one teacher-approved care action.
GM-026,Nursery,Geometry Garden,6,COMPARE AND TELL,"Compare something about shapes and garden spaces. Work with your teacher or helper, then show what you noticed.","beds, paths, containers","shape, side, corner or length",I completed the challenge carefully and can tell one thing I discovered.,Use shapes to describe. Follow teacher instructions and school garden safety rules.,Help make the Geometry Garden neat and learning-ready by completing one teacher-approved care action.
GM-027,Nursery,Geometry Garden,7,CARE THE SHAPES!,"Care something about shapes and garden spaces. Work with your teacher or helper, then show what you noticed.","beds, paths, containers","shape, side, corner or length",I completed the challenge carefully and can tell one thing I discovered.,Use shapes to describe. Follow teacher instructions and school garden safety rules.,Help make the Geometry Garden neat and learning-ready by completing one teacher-approved care action.
GM-028,Nursery,Geometry Garden,8,GARDEN SEARCH MISSION,"Search something about shapes and garden spaces. Work with your teacher or helper, then show what you noticed.","beds, paths, containers","shape, side, corner or length",I completed the challenge carefully and can tell one thing I discovered.,Use shapes to describe. Follow teacher instructions and school garden safety rules.,Help make the Geometry Garden neat and learning-ready by completing one teacher-approved care action.
GM-029,Nursery,Geometry Garden,9,SHOW AND TELL,"Show something about shapes and garden spaces. Work with your teacher or helper, then show what you noticed.","beds, paths, containers","shape, side, corner or length",I completed the challenge carefully and can tell one thing I discovered.,Use shapes to describe. Follow teacher instructions and school garden safety rules.,Help make the Geometry Garden neat and learning-ready by completing one teacher-approved care action.
GM-030,Nursery,Geometry Garden,10,DISCOVER THE SHAPES!,"Discover something about shapes and garden spaces. Work with your teacher or helper, then show what you noticed.","beds, paths, containers","shape, side, corner or length",I completed the challenge carefully and can tell one thing I discovered.,Use shapes to describe. Follow teacher instructions and school garden safety rules.,Help make the Geometry Garden neat and learning-ready by completing one teacher-approved care action.
GM-031,Nursery,Leaf Garden,1,FIND THE LEAF!,"Find something about leaf form and change. Work with your teacher or helper, then show what you noticed.","safe leaves, plants","leaf size, shape, color or texture",I completed the challenge carefully and can tell one thing I discovered.,Look without damaging. Follow teacher instructions and school garden safety rules.,Help make the Leaf Garden neat and learning-ready by completing one teacher-approved care action.
GM-032,Nursery,Leaf Garden,2,GARDEN MATCH MISSION,"Match something about leaf form and change. Work with your teacher or helper, then show what you noticed.","safe leaves, plants","leaf size, shape, color or texture",I completed the challenge carefully and can tell one thing I discovered.,Look without damaging. Follow teacher instructions and school garden safety rules.,Help make the Leaf Garden neat and learning-ready by completing one teacher-approved care action.
GM-033,Nursery,Leaf Garden,3,COUNT AND TELL,"Count something about leaf form and change. Work with your teacher or helper, then show what you noticed.","safe leaves, plants","leaf size, shape, color or texture",I completed the challenge carefully and can tell one thing I discovered.,Look without damaging. Follow teacher instructions and school garden safety rules.,Help make the Leaf Garden neat and learning-ready by completing one teacher-approved care action.
GM-034,Nursery,Leaf Garden,4,SORT THE LEAF!,"Sort something about leaf form and change. Work with your teacher or helper, then show what you noticed.","safe leaves, plants","leaf size, shape, color or texture",I completed the challenge carefully and can tell one thing I discovered.,Look without damaging. Follow teacher instructions and school garden safety rules.,Help make the Leaf Garden neat and learning-ready by completing one teacher-approved care action.
GM-035,Nursery,Leaf Garden,5,GARDEN NOTICE MISSION,"Notice something about leaf form and change. Work with your teacher or helper, then show what you noticed.","safe leaves, plants","leaf size, shape, color or texture",I completed the challenge carefully and can tell one thing I discovered.,Look without damaging. Follow teacher instructions and school garden safety rules.,Help make the Leaf Garden neat and learning-ready by completing one teacher-approved care action.
GM-036,Nursery,Leaf Garden,6,COMPARE AND TELL,"Compare something about leaf form and change. Work with your teacher or helper, then show what you noticed.","safe leaves, plants","leaf size, shape, color or texture",I completed the challenge carefully and can tell one thing I discovered.,Look without damaging. Follow teacher instructions and school garden safety rules.,Help make the Leaf Garden neat and learning-ready by completing one teacher-approved care action.
GM-037,Nursery,Leaf Garden,7,CARE THE LEAF!,"Care something about leaf form and change. Work with your teacher or helper, then show what you noticed.","safe leaves, plants","leaf size, shape, color or texture",I completed the challenge carefully and can tell one thing I discovered.,Look without damaging. Follow teacher instructions and school garden safety rules.,Help make the Leaf Garden neat and learning-ready by completing one teacher-approved care action.
GM-038,Nursery,Leaf Garden,8,GARDEN SEARCH MISSION,"Search something about leaf form and change. Work with your teacher or helper, then show what you noticed.","safe leaves, plants","leaf size, shape, color or texture",I completed the challenge carefully and can tell one thing I discovered.,Look without damaging. Follow teacher instructions and school garden safety rules.,Help make the Leaf Garden neat and learning-ready by completing one teacher-approved care action.
GM-039,Nursery,Leaf Garden,9,SHOW AND TELL,"Show something about leaf form and change. Work with your teacher or helper, then show what you noticed.","safe leaves, plants","leaf size, shape, color or texture",I completed the challenge carefully and can tell one thing I discovered.,Look without damaging. Follow teacher instructions and school garden safety rules.,Help make the Leaf Garden neat and learning-ready by completing one teacher-approved care action.
GM-040,Nursery,Leaf Garden,10,DISCOVER THE LEAF!,"Discover something about leaf form and change. Work with your teacher or helper, then show what you noticed.","safe leaves, plants","leaf size, shape, color or texture",I completed the challenge carefully and can tell one thing I discovered.,Look without damaging. Follow teacher instructions and school garden safety rules.,Help make the Leaf Garden neat and learning-ready by completing one teacher-approved care action.
GM-041,Nursery,Butterfly Garden,1,FIND THE FLOWERS!,"Find something about flowers and garden visitors. Work with your teacher or helper, then show what you noticed.","flowers, observation spot",flower or visitor count,I completed the challenge carefully and can tell one thing I discovered.,Observe insects without catching. Follow teacher instructions and school garden safety rules.,Help make the Butterfly Garden neat and learning-ready by completing one teacher-approved care action.
GM-042,Nursery,Butterfly Garden,2,GARDEN MATCH MISSION,"Match something about flowers and garden visitors. Work with your teacher or helper, then show what you noticed.","flowers, observation spot",flower or visitor count,I completed the challenge carefully and can tell one thing I discovered.,Observe insects without catching. Follow teacher instructions and school garden safety rules.,Help make the Butterfly Garden neat and learning-ready by completing one teacher-approved care action.
GM-043,Nursery,Butterfly Garden,3,COUNT AND TELL,"Count something about flowers and garden visitors. Work with your teacher or helper, then show what you noticed.","flowers, observation spot",flower or visitor count,I completed the challenge carefully and can tell one thing I discovered.,Observe insects without catching. Follow teacher instructions and school garden safety rules.,Help make the Butterfly Garden neat and learning-ready by completing one teacher-approved care action.
GM-044,Nursery,Butterfly Garden,4,SORT THE FLOWERS!,"Sort something about flowers and garden visitors. Work with your teacher or helper, then show what you noticed.","flowers, observation spot",flower or visitor count,I completed the challenge carefully and can tell one thing I discovered.,Observe insects without catching. Follow teacher instructions and school garden safety rules.,Help make the Butterfly Garden neat and learning-ready by completing one teacher-approved care action.
GM-045,Nursery,Butterfly Garden,5,GARDEN NOTICE MISSION,"Notice something about flowers and garden visitors. Work with your teacher or helper, then show what you noticed.","flowers, observation spot",flower or visitor count,I completed the challenge carefully and can tell one thing I discovered.,Observe insects without catching. Follow teacher instructions and school garden safety rules.,Help make the Butterfly Garden neat and learning-ready by completing one teacher-approved care action.
GM-046,Nursery,Butterfly Garden,6,COMPARE AND TELL,"Compare something about flowers and garden visitors. Work with your teacher or helper, then show what you noticed.","flowers, observation spot",flower or visitor count,I completed the challenge carefully and can tell one thing I discovered.,Observe insects without catching. Follow teacher instructions and school garden safety rules.,Help make the Butterfly Garden neat and learning-ready by completing one teacher-approved care action.
GM-047,Nursery,Butterfly Garden,7,CARE THE FLOWERS!,"Care something about flowers and garden visitors. Work with your teacher or helper, then show what you noticed.","flowers, observation spot",flower or visitor count,I completed the challenge carefully and can tell one thing I discovered.,Observe insects without catching. Follow teacher instructions and school garden safety rules.,Help make the Butterfly Garden neat and learning-ready by completing one teacher-approved care action.
GM-048,Nursery,Butterfly Garden,8,GARDEN SEARCH MISSION,"Search something about flowers and garden visitors. Work with your teacher or helper, then show what you noticed.","flowers, observation spot",flower or visitor count,I completed the challenge carefully and can tell one thing I discovered.,Observe insects without catching. Follow teacher instructions and school garden safety rules.,Help make the Butterfly Garden neat and learning-ready by completing one teacher-approved care action.
GM-049,Nursery,Butterfly Garden,9,SHOW AND TELL,"Show something about flowers and garden visitors. Work with your teacher or helper, then show what you noticed.","flowers, observation spot",flower or visitor count,I completed the challenge carefully and can tell one thing I discovered.,Observe insects without catching. Follow teacher instructions and school garden safety rules.,Help make the Butterfly Garden neat and learning-ready by completing one teacher-approved care action.
GM-050,Nursery,Butterfly Garden,10,DISCOVER THE FLOWERS!,"Discover something about flowers and garden visitors. Work with your teacher or helper, then show what you noticed.","flowers, observation spot",flower or visitor count,I completed the challenge carefully and can tell one thing I discovered.,Observe insects without catching. Follow teacher instructions and school garden safety rules.,Help make the Butterfly Garden neat and learning-ready by completing one teacher-approved care action.
GM-051,Nursery,ReBottle Garden,1,FIND THE REUSED!,"Find something about reused bottle planters. Work with your teacher or helper, then show what you noticed.","mounted bottle planters, plants","planter position, water or plant condition",I completed the challenge carefully and can tell one thing I discovered.,Do not cut or detach bottles. Follow teacher instructions and school garden safety rules.,Help make the ReBottle Garden neat and learning-ready by completing one teacher-approved care action.
GM-052,Nursery,ReBottle Garden,2,GARDEN MATCH MISSION,"Match something about reused bottle planters. Work with your teacher or helper, then show what you noticed.","mounted bottle planters, plants","planter position, water or plant condition",I completed the challenge carefully and can tell one thing I discovered.,Do not cut or detach bottles. Follow teacher instructions and school garden safety rules.,Help make the ReBottle Garden neat and learning-ready by completing one teacher-approved care action.
GM-053,Nursery,ReBottle Garden,3,COUNT AND TELL,"Count something about reused bottle planters. Work with your teacher or helper, then show what you noticed.","mounted bottle planters, plants","planter position, water or plant condition",I completed the challenge carefully and can tell one thing I discovered.,Do not cut or detach bottles. Follow teacher instructions and school garden safety rules.,Help make the ReBottle Garden neat and learning-ready by completing one teacher-approved care action.
GM-054,Nursery,ReBottle Garden,4,SORT THE REUSED!,"Sort something about reused bottle planters. Work with your teacher or helper, then show what you noticed.","mounted bottle planters, plants","planter position, water or plant condition",I completed the challenge carefully and can tell one thing I discovered.,Do not cut or detach bottles. Follow teacher instructions and school garden safety rules.,Help make the ReBottle Garden neat and learning-ready by completing one teacher-approved care action.
GM-055,Nursery,ReBottle Garden,5,GARDEN NOTICE MISSION,"Notice something about reused bottle planters. Work with your teacher or helper, then show what you noticed.","mounted bottle planters, plants","planter position, water or plant condition",I completed the challenge carefully and can tell one thing I discovered.,Do not cut or detach bottles. Follow teacher instructions and school garden safety rules.,Help make the ReBottle Garden neat and learning-ready by completing one teacher-approved care action.
GM-056,Nursery,ReBottle Garden,6,COMPARE AND TELL,"Compare something about reused bottle planters. Work with your teacher or helper, then show what you noticed.","mounted bottle planters, plants","planter position, water or plant condition",I completed the challenge carefully and can tell one thing I discovered.,Do not cut or detach bottles. Follow teacher instructions and school garden safety rules.,Help make the ReBottle Garden neat and learning-ready by completing one teacher-approved care action.
GM-057,Nursery,ReBottle Garden,7,CARE THE REUSED!,"Care something about reused bottle planters. Work with your teacher or helper, then show what you noticed.","mounted bottle planters, plants","planter position, water or plant condition",I completed the challenge carefully and can tell one thing I discovered.,Do not cut or detach bottles. Follow teacher instructions and school garden safety rules.,Help make the ReBottle Garden neat and learning-ready by completing one teacher-approved care action.
GM-058,Nursery,ReBottle Garden,8,GARDEN SEARCH MISSION,"Search something about reused bottle planters. Work with your teacher or helper, then show what you noticed.","mounted bottle planters, plants","planter position, water or plant condition",I completed the challenge carefully and can tell one thing I discovered.,Do not cut or detach bottles. Follow teacher instructions and school garden safety rules.,Help make the ReBottle Garden neat and learning-ready by completing one teacher-approved care action.
GM-059,Nursery,ReBottle Garden,9,SHOW AND TELL,"Show something about reused bottle planters. Work with your teacher or helper, then show what you noticed.","mounted bottle planters, plants","planter position, water or plant condition",I completed the challenge carefully and can tell one thing I discovered.,Do not cut or detach bottles. Follow teacher instructions and school garden safety rules.,Help make the ReBottle Garden neat and learning-ready by completing one teacher-approved care action.
GM-060,Nursery,ReBottle Garden,10,DISCOVER THE REUSED!,"Discover something about reused bottle planters. Work with your teacher or helper, then show what you noticed.","mounted bottle planters, plants","planter position, water or plant condition",I completed the challenge carefully and can tell one thing I discovered.,Do not cut or detach bottles. Follow teacher instructions and school garden safety rules.,Help make the ReBottle Garden neat and learning-ready by completing one teacher-approved care action.
GM-061,Nursery,MicroGrow Garden,1,FIND THE TINY!,"Find something about tiny seedlings. Work with your teacher or helper, then show what you noticed.","seedlings, small containers",seedling count or growth,I completed the challenge carefully and can tell one thing I discovered.,Handle only with teacher approval. Follow teacher instructions and school garden safety rules.,Help make the MicroGrow Garden neat and learning-ready by completing one teacher-approved care action.
GM-062,Nursery,MicroGrow Garden,2,GARDEN MATCH MISSION,"Match something about tiny seedlings. Work with your teacher or helper, then show what you noticed.","seedlings, small containers",seedling count or growth,I completed the challenge carefully and can tell one thing I discovered.,Handle only with teacher approval. Follow teacher instructions and school garden safety rules.,Help make the MicroGrow Garden neat and learning-ready by completing one teacher-approved care action.
GM-063,Nursery,MicroGrow Garden,3,COUNT AND TELL,"Count something about tiny seedlings. Work with your teacher or helper, then show what you noticed.","seedlings, small containers",seedling count or growth,I completed the challenge carefully and can tell one thing I discovered.,Handle only with teacher approval. Follow teacher instructions and school garden safety rules.,Help make the MicroGrow Garden neat and learning-ready by completing one teacher-approved care action.
GM-064,Nursery,MicroGrow Garden,4,SORT THE TINY!,"Sort something about tiny seedlings. Work with your teacher or helper, then show what you noticed.","seedlings, small containers",seedling count or growth,I completed the challenge carefully and can tell one thing I discovered.,Handle only with teacher approval. Follow teacher instructions and school garden safety rules.,Help make the MicroGrow Garden neat and learning-ready by completing one teacher-approved care action.
GM-065,Nursery,MicroGrow Garden,5,GARDEN NOTICE MISSION,"Notice something about tiny seedlings. Work with your teacher or helper, then show what you noticed.","seedlings, small containers",seedling count or growth,I completed the challenge carefully and can tell one thing I discovered.,Handle only with teacher approval. Follow teacher instructions and school garden safety rules.,Help make the MicroGrow Garden neat and learning-ready by completing one teacher-approved care action.
GM-066,Nursery,MicroGrow Garden,6,COMPARE AND TELL,"Compare something about tiny seedlings. Work with your teacher or helper, then show what you noticed.","seedlings, small containers",seedling count or growth,I completed the challenge carefully and can tell one thing I discovered.,Handle only with teacher approval. Follow teacher instructions and school garden safety rules.,Help make the MicroGrow Garden neat and learning-ready by completing one teacher-approved care action.
GM-067,Nursery,MicroGrow Garden,7,CARE THE TINY!,"Care something about tiny seedlings. Work with your teacher or helper, then show what you noticed.","seedlings, small containers",seedling count or growth,I completed the challenge carefully and can tell one thing I discovered.,Handle only with teacher approval. Follow teacher instructions and school garden safety rules.,Help make the MicroGrow Garden neat and learning-ready by completing one teacher-approved care action.
GM-068,Nursery,MicroGrow Garden,8,GARDEN SEARCH MISSION,"Search something about tiny seedlings. Work with your teacher or helper, then show what you noticed.","seedlings, small containers",seedling count or growth,I completed the challenge carefully and can tell one thing I discovered.,Handle only with teacher approval. Follow teacher instructions and school garden safety rules.,Help make the MicroGrow Garden neat and learning-ready by completing one teacher-approved care action.
GM-069,Nursery,MicroGrow Garden,9,SHOW AND TELL,"Show something about tiny seedlings. Work with your teacher or helper, then show what you noticed.","seedlings, small containers",seedling count or growth,I completed the challenge carefully and can tell one thing I discovered.,Handle only with teacher approval. Follow teacher instructions and school garden safety rules.,Help make the MicroGrow Garden neat and learning-ready by completing one teacher-approved care action.
GM-070,Nursery,MicroGrow Garden,10,DISCOVER THE TINY!,"Discover something about tiny seedlings. Work with your teacher or helper, then show what you noticed.","seedlings, small containers",seedling count or growth,I completed the challenge carefully and can tell one thing I discovered.,Handle only with teacher approval. Follow teacher instructions and school garden safety rules.,Help make the MicroGrow Garden neat and learning-ready by completing one teacher-approved care action.
GM-071,Nursery,Mini Table Garden,1,FIND THE SMALL!,"Find something about small table-top growing. Work with your teacher or helper, then show what you noticed.","table planters, plants","container, plant or care observation",I completed the challenge carefully and can tell one thing I discovered.,Keep containers stable. Follow teacher instructions and school garden safety rules.,Help make the Mini Table Garden neat and learning-ready by completing one teacher-approved care action.
GM-072,Nursery,Mini Table Garden,2,GARDEN MATCH MISSION,"Match something about small table-top growing. Work with your teacher or helper, then show what you noticed.","table planters, plants","container, plant or care observation",I completed the challenge carefully and can tell one thing I discovered.,Keep containers stable. Follow teacher instructions and school garden safety rules.,Help make the Mini Table Garden neat and learning-ready by completing one teacher-approved care action.
GM-073,Nursery,Mini Table Garden,3,COUNT AND TELL,"Count something about small table-top growing. Work with your teacher or helper, then show what you noticed.","table planters, plants","container, plant or care observation",I completed the challenge carefully and can tell one thing I discovered.,Keep containers stable. Follow teacher instructions and school garden safety rules.,Help make the Mini Table Garden neat and learning-ready by completing one teacher-approved care action.
GM-074,Nursery,Mini Table Garden,4,SORT THE SMALL!,"Sort something about small table-top growing. Work with your teacher or helper, then show what you noticed.","table planters, plants","container, plant or care observation",I completed the challenge carefully and can tell one thing I discovered.,Keep containers stable. Follow teacher instructions and school garden safety rules.,Help make the Mini Table Garden neat and learning-ready by completing one teacher-approved care action.
GM-075,Nursery,Mini Table Garden,5,GARDEN NOTICE MISSION,"Notice something about small table-top growing. Work with your teacher or helper, then show what you noticed.","table planters, plants","container, plant or care observation",I completed the challenge carefully and can tell one thing I discovered.,Keep containers stable. Follow teacher instructions and school garden safety rules.,Help make the Mini Table Garden neat and learning-ready by completing one teacher-approved care action.
GM-076,Nursery,Mini Table Garden,6,COMPARE AND TELL,"Compare something about small table-top growing. Work with your teacher or helper, then show what you noticed.","table planters, plants","container, plant or care observation",I completed the challenge carefully and can tell one thing I discovered.,Keep containers stable. Follow teacher instructions and school garden safety rules.,Help make the Mini Table Garden neat and learning-ready by completing one teacher-approved care action.
GM-077,Nursery,Mini Table Garden,7,CARE THE SMALL!,"Care something about small table-top growing. Work with your teacher or helper, then show what you noticed.","table planters, plants","container, plant or care observation",I completed the challenge carefully and can tell one thing I discovered.,Keep containers stable. Follow teacher instructions and school garden safety rules.,Help make the Mini Table Garden neat and learning-ready by completing one teacher-approved care action.
GM-078,Nursery,Mini Table Garden,8,GARDEN SEARCH MISSION,"Search something about small table-top growing. Work with your teacher or helper, then show what you noticed.","table planters, plants","container, plant or care observation",I completed the challenge carefully and can tell one thing I discovered.,Keep containers stable. Follow teacher instructions and school garden safety rules.,Help make the Mini Table Garden neat and learning-ready by completing one teacher-approved care action.
GM-079,Nursery,Mini Table Garden,9,SHOW AND TELL,"Show something about small table-top growing. Work with your teacher or helper, then show what you noticed.","table planters, plants","container, plant or care observation",I completed the challenge carefully and can tell one thing I discovered.,Keep containers stable. Follow teacher instructions and school garden safety rules.,Help make the Mini Table Garden neat and learning-ready by completing one teacher-approved care action.
GM-080,Nursery,Mini Table Garden,10,DISCOVER THE SMALL!,"Discover something about small table-top growing. Work with your teacher or helper, then show what you noticed.","table planters, plants","container, plant or care observation",I completed the challenge carefully and can tell one thing I discovered.,Keep containers stable. Follow teacher instructions and school garden safety rules.,Help make the Mini Table Garden neat and learning-ready by completing one teacher-approved care action.
GM-081,Nursery,Sack Garden,1,FIND THE PLANTS!,"Find something about plants growing in sacks. Work with your teacher or helper, then show what you noticed.","grow sack, plants",top/side position or plant count,I completed the challenge carefully and can tell one thing I discovered.,Do not lift the sack. Follow teacher instructions and school garden safety rules.,Help make the Sack Garden neat and learning-ready by completing one teacher-approved care action.
GM-082,Nursery,Sack Garden,2,GARDEN MATCH MISSION,"Match something about plants growing in sacks. Work with your teacher or helper, then show what you noticed.","grow sack, plants",top/side position or plant count,I completed the challenge carefully and can tell one thing I discovered.,Do not lift the sack. Follow teacher instructions and school garden safety rules.,Help make the Sack Garden neat and learning-ready by completing one teacher-approved care action.
GM-083,Nursery,Sack Garden,3,COUNT AND TELL,"Count something about plants growing in sacks. Work with your teacher or helper, then show what you noticed.","grow sack, plants",top/side position or plant count,I completed the challenge carefully and can tell one thing I discovered.,Do not lift the sack. Follow teacher instructions and school garden safety rules.,Help make the Sack Garden neat and learning-ready by completing one teacher-approved care action.
GM-084,Nursery,Sack Garden,4,SORT THE PLANTS!,"Sort something about plants growing in sacks. Work with your teacher or helper, then show what you noticed.","grow sack, plants",top/side position or plant count,I completed the challenge carefully and can tell one thing I discovered.,Do not lift the sack. Follow teacher instructions and school garden safety rules.,Help make the Sack Garden neat and learning-ready by completing one teacher-approved care action.
GM-085,Nursery,Sack Garden,5,GARDEN NOTICE MISSION,"Notice something about plants growing in sacks. Work with your teacher or helper, then show what you noticed.","grow sack, plants",top/side position or plant count,I completed the challenge carefully and can tell one thing I discovered.,Do not lift the sack. Follow teacher instructions and school garden safety rules.,Help make the Sack Garden neat and learning-ready by completing one teacher-approved care action.
GM-086,Nursery,Sack Garden,6,COMPARE AND TELL,"Compare something about plants growing in sacks. Work with your teacher or helper, then show what you noticed.","grow sack, plants",top/side position or plant count,I completed the challenge carefully and can tell one thing I discovered.,Do not lift the sack. Follow teacher instructions and school garden safety rules.,Help make the Sack Garden neat and learning-ready by completing one teacher-approved care action.
GM-087,Nursery,Sack Garden,7,CARE THE PLANTS!,"Care something about plants growing in sacks. Work with your teacher or helper, then show what you noticed.","grow sack, plants",top/side position or plant count,I completed the challenge carefully and can tell one thing I discovered.,Do not lift the sack. Follow teacher instructions and school garden safety rules.,Help make the Sack Garden neat and learning-ready by completing one teacher-approved care action.
GM-088,Nursery,Sack Garden,8,GARDEN SEARCH MISSION,"Search something about plants growing in sacks. Work with your teacher or helper, then show what you noticed.","grow sack, plants",top/side position or plant count,I completed the challenge carefully and can tell one thing I discovered.,Do not lift the sack. Follow teacher instructions and school garden safety rules.,Help make the Sack Garden neat and learning-ready by completing one teacher-approved care action.
GM-089,Nursery,Sack Garden,9,SHOW AND TELL,"Show something about plants growing in sacks. Work with your teacher or helper, then show what you noticed.","grow sack, plants",top/side position or plant count,I completed the challenge carefully and can tell one thing I discovered.,Do not lift the sack. Follow teacher instructions and school garden safety rules.,Help make the Sack Garden neat and learning-ready by completing one teacher-approved care action.
GM-090,Nursery,Sack Garden,10,DISCOVER THE PLANTS!,"Discover something about plants growing in sacks. Work with your teacher or helper, then show what you noticed.","grow sack, plants",top/side position or plant count,I completed the challenge carefully and can tell one thing I discovered.,Do not lift the sack. Follow teacher instructions and school garden safety rules.,Help make the Sack Garden neat and learning-ready by completing one teacher-approved care action.
GM-091,Nursery,Discovery Garden,1,FIND THE NEW!,"Find something about new garden discoveries. Work with your teacher or helper, then show what you noticed.",garden observation area,"a safe object, pattern or question",I completed the challenge carefully and can tell one thing I discovered.,Ask and explore safely. Follow teacher instructions and school garden safety rules.,Help make the Discovery Garden neat and learning-ready by completing one teacher-approved care action.
GM-092,Nursery,Discovery Garden,2,GARDEN MATCH MISSION,"Match something about new garden discoveries. Work with your teacher or helper, then show what you noticed.",garden observation area,"a safe object, pattern or question",I completed the challenge carefully and can tell one thing I discovered.,Ask and explore safely. Follow teacher instructions and school garden safety rules.,Help make the Discovery Garden neat and learning-ready by completing one teacher-approved care action.
GM-093,Nursery,Discovery Garden,3,COUNT AND TELL,"Count something about new garden discoveries. Work with your teacher or helper, then show what you noticed.",garden observation area,"a safe object, pattern or question",I completed the challenge carefully and can tell one thing I discovered.,Ask and explore safely. Follow teacher instructions and school garden safety rules.,Help make the Discovery Garden neat and learning-ready by completing one teacher-approved care action.
GM-094,Nursery,Discovery Garden,4,SORT THE NEW!,"Sort something about new garden discoveries. Work with your teacher or helper, then show what you noticed.",garden observation area,"a safe object, pattern or question",I completed the challenge carefully and can tell one thing I discovered.,Ask and explore safely. Follow teacher instructions and school garden safety rules.,Help make the Discovery Garden neat and learning-ready by completing one teacher-approved care action.
GM-095,Nursery,Discovery Garden,5,GARDEN NOTICE MISSION,"Notice something about new garden discoveries. Work with your teacher or helper, then show what you noticed.",garden observation area,"a safe object, pattern or question",I completed the challenge carefully and can tell one thing I discovered.,Ask and explore safely. Follow teacher instructions and school garden safety rules.,Help make the Discovery Garden neat and learning-ready by completing one teacher-approved care action.
GM-096,Nursery,Discovery Garden,6,COMPARE AND TELL,"Compare something about new garden discoveries. Work with your teacher or helper, then show what you noticed.",garden observation area,"a safe object, pattern or question",I completed the challenge carefully and can tell one thing I discovered.,Ask and explore safely. Follow teacher instructions and school garden safety rules.,Help make the Discovery Garden neat and learning-ready by completing one teacher-approved care action.
GM-097,Nursery,Discovery Garden,7,CARE THE NEW!,"Care something about new garden discoveries. Work with your teacher or helper, then show what you noticed.",garden observation area,"a safe object, pattern or question",I completed the challenge carefully and can tell one thing I discovered.,Ask and explore safely. Follow teacher instructions and school garden safety rules.,Help make the Discovery Garden neat and learning-ready by completing one teacher-approved care action.
GM-098,Nursery,Discovery Garden,8,GARDEN SEARCH MISSION,"Search something about new garden discoveries. Work with your teacher or helper, then show what you noticed.",garden observation area,"a safe object, pattern or question",I completed the challenge carefully and can tell one thing I discovered.,Ask and explore safely. Follow teacher instructions and school garden safety rules.,Help make the Discovery Garden neat and learning-ready by completing one teacher-approved care action.
GM-099,Nursery,Discovery Garden,9,SHOW AND TELL,"Show something about new garden discoveries. Work with your teacher or helper, then show what you noticed.",garden observation area,"a safe object, pattern or question",I completed the challenge carefully and can tell one thing I discovered.,Ask and explore safely. Follow teacher instructions and school garden safety rules.,Help make the Discovery Garden neat and learning-ready by completing one teacher-approved care action.
GM-100,Nursery,Discovery Garden,10,DISCOVER THE NEW!,"Discover something about new garden discoveries. Work with your teacher or helper, then show what you noticed.",garden observation area,"a safe object, pattern or question",I completed the challenge carefully and can tell one thing I discovered.,Ask and explore safely. Follow teacher instructions and school garden safety rules.,Help make the Discovery Garden neat and learning-ready by completing one teacher-approved care action.
GM-101,Primary 1-3,Alphabet Food Garden,1,OBSERVE THE EVIDENCE,Observe crop names and food-garden vocabulary. Collect simple evidence and use it to answer a garden question.,"plant labels, notebook, pencil","word, label or crop-name evidence","My record is complete, my numbers or observations are clear, and my explanation uses evidence.",Use correct garden words. Follow teacher instructions and school garden safety rules.,"Identify one small, safe improvement or care action for the Alphabet Food Garden and explain why it may help."
GM-102,Primary 1-3,Alphabet Food Garden,2,ALPHABET DATA MISSION,Count crop names and food-garden vocabulary. Collect simple evidence and use it to answer a garden question.,"plant labels, notebook, pencil","word, label or crop-name evidence","My record is complete, my numbers or observations are clear, and my explanation uses evidence.",Use correct garden words. Follow teacher instructions and school garden safety rules.,"Identify one small, safe improvement or care action for the Alphabet Food Garden and explain why it may help."
GM-103,Primary 1-3,Alphabet Food Garden,3,MEASURE & EXPLAIN,Measure crop names and food-garden vocabulary. Collect simple evidence and use it to answer a garden question.,"plant labels, notebook, pencil","word, label or crop-name evidence","My record is complete, my numbers or observations are clear, and my explanation uses evidence.",Use correct garden words. Follow teacher instructions and school garden safety rules.,"Identify one small, safe improvement or care action for the Alphabet Food Garden and explain why it may help."
GM-104,Primary 1-3,Alphabet Food Garden,4,COMPARE THE EVIDENCE,Compare crop names and food-garden vocabulary. Collect simple evidence and use it to answer a garden question.,"plant labels, notebook, pencil","word, label or crop-name evidence","My record is complete, my numbers or observations are clear, and my explanation uses evidence.",Use correct garden words. Follow teacher instructions and school garden safety rules.,"Identify one small, safe improvement or care action for the Alphabet Food Garden and explain why it may help."
GM-105,Primary 1-3,Alphabet Food Garden,5,ALPHABET DATA MISSION,Record crop names and food-garden vocabulary. Collect simple evidence and use it to answer a garden question.,"plant labels, notebook, pencil","word, label or crop-name evidence","My record is complete, my numbers or observations are clear, and my explanation uses evidence.",Use correct garden words. Follow teacher instructions and school garden safety rules.,"Identify one small, safe improvement or care action for the Alphabet Food Garden and explain why it may help."
GM-106,Primary 1-3,Alphabet Food Garden,6,MAP & EXPLAIN,Map crop names and food-garden vocabulary. Collect simple evidence and use it to answer a garden question.,"plant labels, notebook, pencil","word, label or crop-name evidence","My record is complete, my numbers or observations are clear, and my explanation uses evidence.",Use correct garden words. Follow teacher instructions and school garden safety rules.,"Identify one small, safe improvement or care action for the Alphabet Food Garden and explain why it may help."
GM-107,Primary 1-3,Alphabet Food Garden,7,CHECK THE EVIDENCE,Check crop names and food-garden vocabulary. Collect simple evidence and use it to answer a garden question.,"plant labels, notebook, pencil","word, label or crop-name evidence","My record is complete, my numbers or observations are clear, and my explanation uses evidence.",Use correct garden words. Follow teacher instructions and school garden safety rules.,"Identify one small, safe improvement or care action for the Alphabet Food Garden and explain why it may help."
GM-108,Primary 1-3,Alphabet Food Garden,8,ALPHABET DATA MISSION,Improve crop names and food-garden vocabulary. Collect simple evidence and use it to answer a garden question.,"plant labels, notebook, pencil","word, label or crop-name evidence","My record is complete, my numbers or observations are clear, and my explanation uses evidence.",Use correct garden words. Follow teacher instructions and school garden safety rules.,"Identify one small, safe improvement or care action for the Alphabet Food Garden and explain why it may help."
GM-109,Primary 1-3,Alphabet Food Garden,9,EXPLAIN & EXPLAIN,Explain crop names and food-garden vocabulary. Collect simple evidence and use it to answer a garden question.,"plant labels, notebook, pencil","word, label or crop-name evidence","My record is complete, my numbers or observations are clear, and my explanation uses evidence.",Use correct garden words. Follow teacher instructions and school garden safety rules.,"Identify one small, safe improvement or care action for the Alphabet Food Garden and explain why it may help."
GM-110,Primary 1-3,Alphabet Food Garden,10,CHALLENGE THE EVIDENCE,Challenge crop names and food-garden vocabulary. Collect simple evidence and use it to answer a garden question.,"plant labels, notebook, pencil","word, label or crop-name evidence","My record is complete, my numbers or observations are clear, and my explanation uses evidence.",Use correct garden words. Follow teacher instructions and school garden safety rules.,"Identify one small, safe improvement or care action for the Alphabet Food Garden and explain why it may help."
GM-111,Primary 1-3,Number Food Garden,1,OBSERVE THE EVIDENCE,Observe counting and simple garden data. Collect simple evidence and use it to answer a garden question.,"plants, ruler, tally sheet","count, height or simple total","My record is complete, my numbers or observations are clear, and my explanation uses evidence.",Record numbers with units when needed. Follow teacher instructions and school garden safety rules.,"Identify one small, safe improvement or care action for the Number Food Garden and explain why it may help."
GM-112,Primary 1-3,Number Food Garden,2,NUMBER DATA MISSION,Count counting and simple garden data. Collect simple evidence and use it to answer a garden question.,"plants, ruler, tally sheet","count, height or simple total","My record is complete, my numbers or observations are clear, and my explanation uses evidence.",Record numbers with units when needed. Follow teacher instructions and school garden safety rules.,"Identify one small, safe improvement or care action for the Number Food Garden and explain why it may help."
GM-113,Primary 1-3,Number Food Garden,3,MEASURE & EXPLAIN,Measure counting and simple garden data. Collect simple evidence and use it to answer a garden question.,"plants, ruler, tally sheet","count, height or simple total","My record is complete, my numbers or observations are clear, and my explanation uses evidence.",Record numbers with units when needed. Follow teacher instructions and school garden safety rules.,"Identify one small, safe improvement or care action for the Number Food Garden and explain why it may help."
GM-114,Primary 1-3,Number Food Garden,4,COMPARE THE EVIDENCE,Compare counting and simple garden data. Collect simple evidence and use it to answer a garden question.,"plants, ruler, tally sheet","count, height or simple total","My record is complete, my numbers or observations are clear, and my explanation uses evidence.",Record numbers with units when needed. Follow teacher instructions and school garden safety rules.,"Identify one small, safe improvement or care action for the Number Food Garden and explain why it may help."
GM-115,Primary 1-3,Number Food Garden,5,NUMBER DATA MISSION,Record counting and simple garden data. Collect simple evidence and use it to answer a garden question.,"plants, ruler, tally sheet","count, height or simple total","My record is complete, my numbers or observations are clear, and my explanation uses evidence.",Record numbers with units when needed. Follow teacher instructions and school garden safety rules.,"Identify one small, safe improvement or care action for the Number Food Garden and explain why it may help."
GM-116,Primary 1-3,Number Food Garden,6,MAP & EXPLAIN,Map counting and simple garden data. Collect simple evidence and use it to answer a garden question.,"plants, ruler, tally sheet","count, height or simple total","My record is complete, my numbers or observations are clear, and my explanation uses evidence.",Record numbers with units when needed. Follow teacher instructions and school garden safety rules.,"Identify one small, safe improvement or care action for the Number Food Garden and explain why it may help."
GM-117,Primary 1-3,Number Food Garden,7,CHECK THE EVIDENCE,Check counting and simple garden data. Collect simple evidence and use it to answer a garden question.,"plants, ruler, tally sheet","count, height or simple total","My record is complete, my numbers or observations are clear, and my explanation uses evidence.",Record numbers with units when needed. Follow teacher instructions and school garden safety rules.,"Identify one small, safe improvement or care action for the Number Food Garden and explain why it may help."
GM-118,Primary 1-3,Number Food Garden,8,NUMBER DATA MISSION,Improve counting and simple garden data. Collect simple evidence and use it to answer a garden question.,"plants, ruler, tally sheet","count, height or simple total","My record is complete, my numbers or observations are clear, and my explanation uses evidence.",Record numbers with units when needed. Follow teacher instructions and school garden safety rules.,"Identify one small, safe improvement or care action for the Number Food Garden and explain why it may help."
GM-119,Primary 1-3,Number Food Garden,9,EXPLAIN & EXPLAIN,Explain counting and simple garden data. Collect simple evidence and use it to answer a garden question.,"plants, ruler, tally sheet","count, height or simple total","My record is complete, my numbers or observations are clear, and my explanation uses evidence.",Record numbers with units when needed. Follow teacher instructions and school garden safety rules.,"Identify one small, safe improvement or care action for the Number Food Garden and explain why it may help."
GM-120,Primary 1-3,Number Food Garden,10,CHALLENGE THE EVIDENCE,Challenge counting and simple garden data. Collect simple evidence and use it to answer a garden question.,"plants, ruler, tally sheet","count, height or simple total","My record is complete, my numbers or observations are clear, and my explanation uses evidence.",Record numbers with units when needed. Follow teacher instructions and school garden safety rules.,"Identify one small, safe improvement or care action for the Number Food Garden and explain why it may help."
GM-121,Primary 1-3,Geometry Garden,1,OBSERVE THE EVIDENCE,Observe shapes and garden spaces. Collect simple evidence and use it to answer a garden question.,"beds, paths, containers","shape, side, corner or length","My record is complete, my numbers or observations are clear, and my explanation uses evidence.",Use shapes to describe. Follow teacher instructions and school garden safety rules.,"Identify one small, safe improvement or care action for the Geometry Garden and explain why it may help."
GM-122,Primary 1-3,Geometry Garden,2,GEOMETRY DATA MISSION,Count shapes and garden spaces. Collect simple evidence and use it to answer a garden question.,"beds, paths, containers","shape, side, corner or length","My record is complete, my numbers or observations are clear, and my explanation uses evidence.",Use shapes to describe. Follow teacher instructions and school garden safety rules.,"Identify one small, safe improvement or care action for the Geometry Garden and explain why it may help."
GM-123,Primary 1-3,Geometry Garden,3,MEASURE & EXPLAIN,Measure shapes and garden spaces. Collect simple evidence and use it to answer a garden question.,"beds, paths, containers","shape, side, corner or length","My record is complete, my numbers or observations are clear, and my explanation uses evidence.",Use shapes to describe. Follow teacher instructions and school garden safety rules.,"Identify one small, safe improvement or care action for the Geometry Garden and explain why it may help."
GM-124,Primary 1-3,Geometry Garden,4,COMPARE THE EVIDENCE,Compare shapes and garden spaces. Collect simple evidence and use it to answer a garden question.,"beds, paths, containers","shape, side, corner or length","My record is complete, my numbers or observations are clear, and my explanation uses evidence.",Use shapes to describe. Follow teacher instructions and school garden safety rules.,"Identify one small, safe improvement or care action for the Geometry Garden and explain why it may help."
GM-125,Primary 1-3,Geometry Garden,5,GEOMETRY DATA MISSION,Record shapes and garden spaces. Collect simple evidence and use it to answer a garden question.,"beds, paths, containers","shape, side, corner or length","My record is complete, my numbers or observations are clear, and my explanation uses evidence.",Use shapes to describe. Follow teacher instructions and school garden safety rules.,"Identify one small, safe improvement or care action for the Geometry Garden and explain why it may help."
GM-126,Primary 1-3,Geometry Garden,6,MAP & EXPLAIN,Map shapes and garden spaces. Collect simple evidence and use it to answer a garden question.,"beds, paths, containers","shape, side, corner or length","My record is complete, my numbers or observations are clear, and my explanation uses evidence.",Use shapes to describe. Follow teacher instructions and school garden safety rules.,"Identify one small, safe improvement or care action for the Geometry Garden and explain why it may help."
GM-127,Primary 1-3,Geometry Garden,7,CHECK THE EVIDENCE,Check shapes and garden spaces. Collect simple evidence and use it to answer a garden question.,"beds, paths, containers","shape, side, corner or length","My record is complete, my numbers or observations are clear, and my explanation uses evidence.",Use shapes to describe. Follow teacher instructions and school garden safety rules.,"Identify one small, safe improvement or care action for the Geometry Garden and explain why it may help."
GM-128,Primary 1-3,Geometry Garden,8,GEOMETRY DATA MISSION,Improve shapes and garden spaces. Collect simple evidence and use it to answer a garden question.,"beds, paths, containers","shape, side, corner or length","My record is complete, my numbers or observations are clear, and my explanation uses evidence.",Use shapes to describe. Follow teacher instructions and school garden safety rules.,"Identify one small, safe improvement or care action for the Geometry Garden and explain why it may help."
GM-129,Primary 1-3,Geometry Garden,9,EXPLAIN & EXPLAIN,Explain shapes and garden spaces. Collect simple evidence and use it to answer a garden question.,"beds, paths, containers","shape, side, corner or length","My record is complete, my numbers or observations are clear, and my explanation uses evidence.",Use shapes to describe. Follow teacher instructions and school garden safety rules.,"Identify one small, safe improvement or care action for the Geometry Garden and explain why it may help."
GM-130,Primary 1-3,Geometry Garden,10,CHALLENGE THE EVIDENCE,Challenge shapes and garden spaces. Collect simple evidence and use it to answer a garden question.,"beds, paths, containers","shape, side, corner or length","My record is complete, my numbers or observations are clear, and my explanation uses evidence.",Use shapes to describe. Follow teacher instructions and school garden safety rules.,"Identify one small, safe improvement or care action for the Geometry Garden and explain why it may help."
GM-131,Primary 1-3,Leaf Garden,1,OBSERVE THE EVIDENCE,Observe leaf form and change. Collect simple evidence and use it to answer a garden question.,"safe leaves, plants","leaf size, shape, color or texture","My record is complete, my numbers or observations are clear, and my explanation uses evidence.",Look without damaging. Follow teacher instructions and school garden safety rules.,"Identify one small, safe improvement or care action for the Leaf Garden and explain why it may help."
GM-132,Primary 1-3,Leaf Garden,2,LEAF DATA MISSION,Count leaf form and change. Collect simple evidence and use it to answer a garden question.,"safe leaves, plants","leaf size, shape, color or texture","My record is complete, my numbers or observations are clear, and my explanation uses evidence.",Look without damaging. Follow teacher instructions and school garden safety rules.,"Identify one small, safe improvement or care action for the Leaf Garden and explain why it may help."
GM-133,Primary 1-3,Leaf Garden,3,MEASURE & EXPLAIN,Measure leaf form and change. Collect simple evidence and use it to answer a garden question.,"safe leaves, plants","leaf size, shape, color or texture","My record is complete, my numbers or observations are clear, and my explanation uses evidence.",Look without damaging. Follow teacher instructions and school garden safety rules.,"Identify one small, safe improvement or care action for the Leaf Garden and explain why it may help."
GM-134,Primary 1-3,Leaf Garden,4,COMPARE THE EVIDENCE,Compare leaf form and change. Collect simple evidence and use it to answer a garden question.,"safe leaves, plants","leaf size, shape, color or texture","My record is complete, my numbers or observations are clear, and my explanation uses evidence.",Look without damaging. Follow teacher instructions and school garden safety rules.,"Identify one small, safe improvement or care action for the Leaf Garden and explain why it may help."
GM-135,Primary 1-3,Leaf Garden,5,LEAF DATA MISSION,Record leaf form and change. Collect simple evidence and use it to answer a garden question.,"safe leaves, plants","leaf size, shape, color or texture","My record is complete, my numbers or observations are clear, and my explanation uses evidence.",Look without damaging. Follow teacher instructions and school garden safety rules.,"Identify one small, safe improvement or care action for the Leaf Garden and explain why it may help."
GM-136,Primary 1-3,Leaf Garden,6,MAP & EXPLAIN,Map leaf form and change. Collect simple evidence and use it to answer a garden question.,"safe leaves, plants","leaf size, shape, color or texture","My record is complete, my numbers or observations are clear, and my explanation uses evidence.",Look without damaging. Follow teacher instructions and school garden safety rules.,"Identify one small, safe improvement or care action for the Leaf Garden and explain why it may help."
GM-137,Primary 1-3,Leaf Garden,7,CHECK THE EVIDENCE,Check leaf form and change. Collect simple evidence and use it to answer a garden question.,"safe leaves, plants","leaf size, shape, color or texture","My record is complete, my numbers or observations are clear, and my explanation uses evidence.",Look without damaging. Follow teacher instructions and school garden safety rules.,"Identify one small, safe improvement or care action for the Leaf Garden and explain why it may help."
GM-138,Primary 1-3,Leaf Garden,8,LEAF DATA MISSION,Improve leaf form and change. Collect simple evidence and use it to answer a garden question.,"safe leaves, plants","leaf size, shape, color or texture","My record is complete, my numbers or observations are clear, and my explanation uses evidence.",Look without damaging. Follow teacher instructions and school garden safety rules.,"Identify one small, safe improvement or care action for the Leaf Garden and explain why it may help."
GM-139,Primary 1-3,Leaf Garden,9,EXPLAIN & EXPLAIN,Explain leaf form and change. Collect simple evidence and use it to answer a garden question.,"safe leaves, plants","leaf size, shape, color or texture","My record is complete, my numbers or observations are clear, and my explanation uses evidence.",Look without damaging. Follow teacher instructions and school garden safety rules.,"Identify one small, safe improvement or care action for the Leaf Garden and explain why it may help."
GM-140,Primary 1-3,Leaf Garden,10,CHALLENGE THE EVIDENCE,Challenge leaf form and change. Collect simple evidence and use it to answer a garden question.,"safe leaves, plants","leaf size, shape, color or texture","My record is complete, my numbers or observations are clear, and my explanation uses evidence.",Look without damaging. Follow teacher instructions and school garden safety rules.,"Identify one small, safe improvement or care action for the Leaf Garden and explain why it may help."
GM-141,Primary 1-3,Pollinator Garden,1,OBSERVE THE EVIDENCE,Observe flowers and pollinator activity. Collect simple evidence and use it to answer a garden question.,"flowers, timer, tally sheet",flower count or visitor tally,"My record is complete, my numbers or observations are clear, and my explanation uses evidence.",Observe from a safe distance. Follow teacher instructions and school garden safety rules.,"Identify one small, safe improvement or care action for the Pollinator Garden and explain why it may help."
GM-142,Primary 1-3,Pollinator Garden,2,POLLINATOR DATA MISSION,Count flowers and pollinator activity. Collect simple evidence and use it to answer a garden question.,"flowers, timer, tally sheet",flower count or visitor tally,"My record is complete, my numbers or observations are clear, and my explanation uses evidence.",Observe from a safe distance. Follow teacher instructions and school garden safety rules.,"Identify one small, safe improvement or care action for the Pollinator Garden and explain why it may help."
GM-143,Primary 1-3,Pollinator Garden,3,MEASURE & EXPLAIN,Measure flowers and pollinator activity. Collect simple evidence and use it to answer a garden question.,"flowers, timer, tally sheet",flower count or visitor tally,"My record is complete, my numbers or observations are clear, and my explanation uses evidence.",Observe from a safe distance. Follow teacher instructions and school garden safety rules.,"Identify one small, safe improvement or care action for the Pollinator Garden and explain why it may help."
GM-144,Primary 1-3,Pollinator Garden,4,COMPARE THE EVIDENCE,Compare flowers and pollinator activity. Collect simple evidence and use it to answer a garden question.,"flowers, timer, tally sheet",flower count or visitor tally,"My record is complete, my numbers or observations are clear, and my explanation uses evidence.",Observe from a safe distance. Follow teacher instructions and school garden safety rules.,"Identify one small, safe improvement or care action for the Pollinator Garden and explain why it may help."
GM-145,Primary 1-3,Pollinator Garden,5,POLLINATOR DATA MISSION,Record flowers and pollinator activity. Collect simple evidence and use it to answer a garden question.,"flowers, timer, tally sheet",flower count or visitor tally,"My record is complete, my numbers or observations are clear, and my explanation uses evidence.",Observe from a safe distance. Follow teacher instructions and school garden safety rules.,"Identify one small, safe improvement or care action for the Pollinator Garden and explain why it may help."
GM-146,Primary 1-3,Pollinator Garden,6,MAP & EXPLAIN,Map flowers and pollinator activity. Collect simple evidence and use it to answer a garden question.,"flowers, timer, tally sheet",flower count or visitor tally,"My record is complete, my numbers or observations are clear, and my explanation uses evidence.",Observe from a safe distance. Follow teacher instructions and school garden safety rules.,"Identify one small, safe improvement or care action for the Pollinator Garden and explain why it may help."
GM-147,Primary 1-3,Pollinator Garden,7,CHECK THE EVIDENCE,Check flowers and pollinator activity. Collect simple evidence and use it to answer a garden question.,"flowers, timer, tally sheet",flower count or visitor tally,"My record is complete, my numbers or observations are clear, and my explanation uses evidence.",Observe from a safe distance. Follow teacher instructions and school garden safety rules.,"Identify one small, safe improvement or care action for the Pollinator Garden and explain why it may help."
GM-148,Primary 1-3,Pollinator Garden,8,POLLINATOR DATA MISSION,Improve flowers and pollinator activity. Collect simple evidence and use it to answer a garden question.,"flowers, timer, tally sheet",flower count or visitor tally,"My record is complete, my numbers or observations are clear, and my explanation uses evidence.",Observe from a safe distance. Follow teacher instructions and school garden safety rules.,"Identify one small, safe improvement or care action for the Pollinator Garden and explain why it may help."
GM-149,Primary 1-3,Pollinator Garden,9,EXPLAIN & EXPLAIN,Explain flowers and pollinator activity. Collect simple evidence and use it to answer a garden question.,"flowers, timer, tally sheet",flower count or visitor tally,"My record is complete, my numbers or observations are clear, and my explanation uses evidence.",Observe from a safe distance. Follow teacher instructions and school garden safety rules.,"Identify one small, safe improvement or care action for the Pollinator Garden and explain why it may help."
GM-150,Primary 1-3,Pollinator Garden,10,CHALLENGE THE EVIDENCE,Challenge flowers and pollinator activity. Collect simple evidence and use it to answer a garden question.,"flowers, timer, tally sheet",flower count or visitor tally,"My record is complete, my numbers or observations are clear, and my explanation uses evidence.",Observe from a safe distance. Follow teacher instructions and school garden safety rules.,"Identify one small, safe improvement or care action for the Pollinator Garden and explain why it may help."
GM-151,Primary 1-3,Raised Food Garden,1,OBSERVE THE EVIDENCE,Observe raised-bed production. Collect simple evidence and use it to answer a garden question.,"ruler, plants, bed","height, spacing, moisture or harvest evidence","My record is complete, my numbers or observations are clear, and my explanation uses evidence.",Use tools safely. Follow teacher instructions and school garden safety rules.,"Identify one small, safe improvement or care action for the Raised Food Garden and explain why it may help."
GM-152,Primary 1-3,Raised Food Garden,2,RAISED DATA MISSION,Count raised-bed production. Collect simple evidence and use it to answer a garden question.,"ruler, plants, bed","height, spacing, moisture or harvest evidence","My record is complete, my numbers or observations are clear, and my explanation uses evidence.",Use tools safely. Follow teacher instructions and school garden safety rules.,"Identify one small, safe improvement or care action for the Raised Food Garden and explain why it may help."
GM-153,Primary 1-3,Raised Food Garden,3,MEASURE & EXPLAIN,Measure raised-bed production. Collect simple evidence and use it to answer a garden question.,"ruler, plants, bed","height, spacing, moisture or harvest evidence","My record is complete, my numbers or observations are clear, and my explanation uses evidence.",Use tools safely. Follow teacher instructions and school garden safety rules.,"Identify one small, safe improvement or care action for the Raised Food Garden and explain why it may help."
GM-154,Primary 1-3,Raised Food Garden,4,COMPARE THE EVIDENCE,Compare raised-bed production. Collect simple evidence and use it to answer a garden question.,"ruler, plants, bed","height, spacing, moisture or harvest evidence","My record is complete, my numbers or observations are clear, and my explanation uses evidence.",Use tools safely. Follow teacher instructions and school garden safety rules.,"Identify one small, safe improvement or care action for the Raised Food Garden and explain why it may help."
GM-155,Primary 1-3,Raised Food Garden,5,RAISED DATA MISSION,Record raised-bed production. Collect simple evidence and use it to answer a garden question.,"ruler, plants, bed","height, spacing, moisture or harvest evidence","My record is complete, my numbers or observations are clear, and my explanation uses evidence.",Use tools safely. Follow teacher instructions and school garden safety rules.,"Identify one small, safe improvement or care action for the Raised Food Garden and explain why it may help."
GM-156,Primary 1-3,Raised Food Garden,6,MAP & EXPLAIN,Map raised-bed production. Collect simple evidence and use it to answer a garden question.,"ruler, plants, bed","height, spacing, moisture or harvest evidence","My record is complete, my numbers or observations are clear, and my explanation uses evidence.",Use tools safely. Follow teacher instructions and school garden safety rules.,"Identify one small, safe improvement or care action for the Raised Food Garden and explain why it may help."
GM-157,Primary 1-3,Raised Food Garden,7,CHECK THE EVIDENCE,Check raised-bed production. Collect simple evidence and use it to answer a garden question.,"ruler, plants, bed","height, spacing, moisture or harvest evidence","My record is complete, my numbers or observations are clear, and my explanation uses evidence.",Use tools safely. Follow teacher instructions and school garden safety rules.,"Identify one small, safe improvement or care action for the Raised Food Garden and explain why it may help."
GM-158,Primary 1-3,Raised Food Garden,8,RAISED DATA MISSION,Improve raised-bed production. Collect simple evidence and use it to answer a garden question.,"ruler, plants, bed","height, spacing, moisture or harvest evidence","My record is complete, my numbers or observations are clear, and my explanation uses evidence.",Use tools safely. Follow teacher instructions and school garden safety rules.,"Identify one small, safe improvement or care action for the Raised Food Garden and explain why it may help."
GM-159,Primary 1-3,Raised Food Garden,9,EXPLAIN & EXPLAIN,Explain raised-bed production. Collect simple evidence and use it to answer a garden question.,"ruler, plants, bed","height, spacing, moisture or harvest evidence","My record is complete, my numbers or observations are clear, and my explanation uses evidence.",Use tools safely. Follow teacher instructions and school garden safety rules.,"Identify one small, safe improvement or care action for the Raised Food Garden and explain why it may help."
GM-160,Primary 1-3,Raised Food Garden,10,CHALLENGE THE EVIDENCE,Challenge raised-bed production. Collect simple evidence and use it to answer a garden question.,"ruler, plants, bed","height, spacing, moisture or harvest evidence","My record is complete, my numbers or observations are clear, and my explanation uses evidence.",Use tools safely. Follow teacher instructions and school garden safety rules.,"Identify one small, safe improvement or care action for the Raised Food Garden and explain why it may help."
GM-161,Primary 1-3,ReBottle Wall Garden,1,OBSERVE THE EVIDENCE,Observe vertical reused-container growing. Collect simple evidence and use it to answer a garden question.,"wall planters, ruler, observation sheet","level, drainage or growth evidence","My record is complete, my numbers or observations are clear, and my explanation uses evidence.",Do not alter mounted supports. Follow teacher instructions and school garden safety rules.,"Identify one small, safe improvement or care action for the ReBottle Wall Garden and explain why it may help."
GM-162,Primary 1-3,ReBottle Wall Garden,2,REBOTTLE DATA MISSION,Count vertical reused-container growing. Collect simple evidence and use it to answer a garden question.,"wall planters, ruler, observation sheet","level, drainage or growth evidence","My record is complete, my numbers or observations are clear, and my explanation uses evidence.",Do not alter mounted supports. Follow teacher instructions and school garden safety rules.,"Identify one small, safe improvement or care action for the ReBottle Wall Garden and explain why it may help."
GM-163,Primary 1-3,ReBottle Wall Garden,3,MEASURE & EXPLAIN,Measure vertical reused-container growing. Collect simple evidence and use it to answer a garden question.,"wall planters, ruler, observation sheet","level, drainage or growth evidence","My record is complete, my numbers or observations are clear, and my explanation uses evidence.",Do not alter mounted supports. Follow teacher instructions and school garden safety rules.,"Identify one small, safe improvement or care action for the ReBottle Wall Garden and explain why it may help."
GM-164,Primary 1-3,ReBottle Wall Garden,4,COMPARE THE EVIDENCE,Compare vertical reused-container growing. Collect simple evidence and use it to answer a garden question.,"wall planters, ruler, observation sheet","level, drainage or growth evidence","My record is complete, my numbers or observations are clear, and my explanation uses evidence.",Do not alter mounted supports. Follow teacher instructions and school garden safety rules.,"Identify one small, safe improvement or care action for the ReBottle Wall Garden and explain why it may help."
GM-165,Primary 1-3,ReBottle Wall Garden,5,REBOTTLE DATA MISSION,Record vertical reused-container growing. Collect simple evidence and use it to answer a garden question.,"wall planters, ruler, observation sheet","level, drainage or growth evidence","My record is complete, my numbers or observations are clear, and my explanation uses evidence.",Do not alter mounted supports. Follow teacher instructions and school garden safety rules.,"Identify one small, safe improvement or care action for the ReBottle Wall Garden and explain why it may help."
GM-166,Primary 1-3,ReBottle Wall Garden,6,MAP & EXPLAIN,Map vertical reused-container growing. Collect simple evidence and use it to answer a garden question.,"wall planters, ruler, observation sheet","level, drainage or growth evidence","My record is complete, my numbers or observations are clear, and my explanation uses evidence.",Do not alter mounted supports. Follow teacher instructions and school garden safety rules.,"Identify one small, safe improvement or care action for the ReBottle Wall Garden and explain why it may help."
GM-167,Primary 1-3,ReBottle Wall Garden,7,CHECK THE EVIDENCE,Check vertical reused-container growing. Collect simple evidence and use it to answer a garden question.,"wall planters, ruler, observation sheet","level, drainage or growth evidence","My record is complete, my numbers or observations are clear, and my explanation uses evidence.",Do not alter mounted supports. Follow teacher instructions and school garden safety rules.,"Identify one small, safe improvement or care action for the ReBottle Wall Garden and explain why it may help."
GM-168,Primary 1-3,ReBottle Wall Garden,8,REBOTTLE DATA MISSION,Improve vertical reused-container growing. Collect simple evidence and use it to answer a garden question.,"wall planters, ruler, observation sheet","level, drainage or growth evidence","My record is complete, my numbers or observations are clear, and my explanation uses evidence.",Do not alter mounted supports. Follow teacher instructions and school garden safety rules.,"Identify one small, safe improvement or care action for the ReBottle Wall Garden and explain why it may help."
GM-169,Primary 1-3,ReBottle Wall Garden,9,EXPLAIN & EXPLAIN,Explain vertical reused-container growing. Collect simple evidence and use it to answer a garden question.,"wall planters, ruler, observation sheet","level, drainage or growth evidence","My record is complete, my numbers or observations are clear, and my explanation uses evidence.",Do not alter mounted supports. Follow teacher instructions and school garden safety rules.,"Identify one small, safe improvement or care action for the ReBottle Wall Garden and explain why it may help."
GM-170,Primary 1-3,ReBottle Wall Garden,10,CHALLENGE THE EVIDENCE,Challenge vertical reused-container growing. Collect simple evidence and use it to answer a garden question.,"wall planters, ruler, observation sheet","level, drainage or growth evidence","My record is complete, my numbers or observations are clear, and my explanation uses evidence.",Do not alter mounted supports. Follow teacher instructions and school garden safety rules.,"Identify one small, safe improvement or care action for the ReBottle Wall Garden and explain why it may help."
GM-171,Primary 1-3,Sack GrowBag Garden,1,OBSERVE THE EVIDENCE,Observe growbag production. Collect simple evidence and use it to answer a garden question.,"growbag, ruler, tally sheet","opening, height, moisture or harvest evidence","My record is complete, my numbers or observations are clear, and my explanation uses evidence.",Do not lift filled growbags. Follow teacher instructions and school garden safety rules.,"Identify one small, safe improvement or care action for the Sack GrowBag Garden and explain why it may help."
GM-172,Primary 1-3,Sack GrowBag Garden,2,SACK DATA MISSION,Count growbag production. Collect simple evidence and use it to answer a garden question.,"growbag, ruler, tally sheet","opening, height, moisture or harvest evidence","My record is complete, my numbers or observations are clear, and my explanation uses evidence.",Do not lift filled growbags. Follow teacher instructions and school garden safety rules.,"Identify one small, safe improvement or care action for the Sack GrowBag Garden and explain why it may help."
GM-173,Primary 1-3,Sack GrowBag Garden,3,MEASURE & EXPLAIN,Measure growbag production. Collect simple evidence and use it to answer a garden question.,"growbag, ruler, tally sheet","opening, height, moisture or harvest evidence","My record is complete, my numbers or observations are clear, and my explanation uses evidence.",Do not lift filled growbags. Follow teacher instructions and school garden safety rules.,"Identify one small, safe improvement or care action for the Sack GrowBag Garden and explain why it may help."
GM-174,Primary 1-3,Sack GrowBag Garden,4,COMPARE THE EVIDENCE,Compare growbag production. Collect simple evidence and use it to answer a garden question.,"growbag, ruler, tally sheet","opening, height, moisture or harvest evidence","My record is complete, my numbers or observations are clear, and my explanation uses evidence.",Do not lift filled growbags. Follow teacher instructions and school garden safety rules.,"Identify one small, safe improvement or care action for the Sack GrowBag Garden and explain why it may help."
GM-175,Primary 1-3,Sack GrowBag Garden,5,SACK DATA MISSION,Record growbag production. Collect simple evidence and use it to answer a garden question.,"growbag, ruler, tally sheet","opening, height, moisture or harvest evidence","My record is complete, my numbers or observations are clear, and my explanation uses evidence.",Do not lift filled growbags. Follow teacher instructions and school garden safety rules.,"Identify one small, safe improvement or care action for the Sack GrowBag Garden and explain why it may help."
GM-176,Primary 1-3,Sack GrowBag Garden,6,MAP & EXPLAIN,Map growbag production. Collect simple evidence and use it to answer a garden question.,"growbag, ruler, tally sheet","opening, height, moisture or harvest evidence","My record is complete, my numbers or observations are clear, and my explanation uses evidence.",Do not lift filled growbags. Follow teacher instructions and school garden safety rules.,"Identify one small, safe improvement or care action for the Sack GrowBag Garden and explain why it may help."
GM-177,Primary 1-3,Sack GrowBag Garden,7,CHECK THE EVIDENCE,Check growbag production. Collect simple evidence and use it to answer a garden question.,"growbag, ruler, tally sheet","opening, height, moisture or harvest evidence","My record is complete, my numbers or observations are clear, and my explanation uses evidence.",Do not lift filled growbags. Follow teacher instructions and school garden safety rules.,"Identify one small, safe improvement or care action for the Sack GrowBag Garden and explain why it may help."
GM-178,Primary 1-3,Sack GrowBag Garden,8,SACK DATA MISSION,Improve growbag production. Collect simple evidence and use it to answer a garden question.,"growbag, ruler, tally sheet","opening, height, moisture or harvest evidence","My record is complete, my numbers or observations are clear, and my explanation uses evidence.",Do not lift filled growbags. Follow teacher instructions and school garden safety rules.,"Identify one small, safe improvement or care action for the Sack GrowBag Garden and explain why it may help."
GM-179,Primary 1-3,Sack GrowBag Garden,9,EXPLAIN & EXPLAIN,Explain growbag production. Collect simple evidence and use it to answer a garden question.,"growbag, ruler, tally sheet","opening, height, moisture or harvest evidence","My record is complete, my numbers or observations are clear, and my explanation uses evidence.",Do not lift filled growbags. Follow teacher instructions and school garden safety rules.,"Identify one small, safe improvement or care action for the Sack GrowBag Garden and explain why it may help."
GM-180,Primary 1-3,Sack GrowBag Garden,10,CHALLENGE THE EVIDENCE,Challenge growbag production. Collect simple evidence and use it to answer a garden question.,"growbag, ruler, tally sheet","opening, height, moisture or harvest evidence","My record is complete, my numbers or observations are clear, and my explanation uses evidence.",Do not lift filled growbags. Follow teacher instructions and school garden safety rules.,"Identify one small, safe improvement or care action for the Sack GrowBag Garden and explain why it may help."
GM-181,Primary 1-3,Ground Production Garden,1,OBSERVE THE EVIDENCE,Observe row-based crop production. Collect simple evidence and use it to answer a garden question.,"row, ruler/tape, tally sheet","row length, spacing, stand or harvest evidence","My record is complete, my numbers or observations are clear, and my explanation uses evidence.",Stay on paths where provided. Follow teacher instructions and school garden safety rules.,"Identify one small, safe improvement or care action for the Ground Production Garden and explain why it may help."
GM-182,Primary 1-3,Ground Production Garden,2,GROUND DATA MISSION,Count row-based crop production. Collect simple evidence and use it to answer a garden question.,"row, ruler/tape, tally sheet","row length, spacing, stand or harvest evidence","My record is complete, my numbers or observations are clear, and my explanation uses evidence.",Stay on paths where provided. Follow teacher instructions and school garden safety rules.,"Identify one small, safe improvement or care action for the Ground Production Garden and explain why it may help."
GM-183,Primary 1-3,Ground Production Garden,3,MEASURE & EXPLAIN,Measure row-based crop production. Collect simple evidence and use it to answer a garden question.,"row, ruler/tape, tally sheet","row length, spacing, stand or harvest evidence","My record is complete, my numbers or observations are clear, and my explanation uses evidence.",Stay on paths where provided. Follow teacher instructions and school garden safety rules.,"Identify one small, safe improvement or care action for the Ground Production Garden and explain why it may help."
GM-184,Primary 1-3,Ground Production Garden,4,COMPARE THE EVIDENCE,Compare row-based crop production. Collect simple evidence and use it to answer a garden question.,"row, ruler/tape, tally sheet","row length, spacing, stand or harvest evidence","My record is complete, my numbers or observations are clear, and my explanation uses evidence.",Stay on paths where provided. Follow teacher instructions and school garden safety rules.,"Identify one small, safe improvement or care action for the Ground Production Garden and explain why it may help."
GM-185,Primary 1-3,Ground Production Garden,5,GROUND DATA MISSION,Record row-based crop production. Collect simple evidence and use it to answer a garden question.,"row, ruler/tape, tally sheet","row length, spacing, stand or harvest evidence","My record is complete, my numbers or observations are clear, and my explanation uses evidence.",Stay on paths where provided. Follow teacher instructions and school garden safety rules.,"Identify one small, safe improvement or care action for the Ground Production Garden and explain why it may help."
GM-186,Primary 1-3,Ground Production Garden,6,MAP & EXPLAIN,Map row-based crop production. Collect simple evidence and use it to answer a garden question.,"row, ruler/tape, tally sheet","row length, spacing, stand or harvest evidence","My record is complete, my numbers or observations are clear, and my explanation uses evidence.",Stay on paths where provided. Follow teacher instructions and school garden safety rules.,"Identify one small, safe improvement or care action for the Ground Production Garden and explain why it may help."
GM-187,Primary 1-3,Ground Production Garden,7,CHECK THE EVIDENCE,Check row-based crop production. Collect simple evidence and use it to answer a garden question.,"row, ruler/tape, tally sheet","row length, spacing, stand or harvest evidence","My record is complete, my numbers or observations are clear, and my explanation uses evidence.",Stay on paths where provided. Follow teacher instructions and school garden safety rules.,"Identify one small, safe improvement or care action for the Ground Production Garden and explain why it may help."
GM-188,Primary 1-3,Ground Production Garden,8,GROUND DATA MISSION,Improve row-based crop production. Collect simple evidence and use it to answer a garden question.,"row, ruler/tape, tally sheet","row length, spacing, stand or harvest evidence","My record is complete, my numbers or observations are clear, and my explanation uses evidence.",Stay on paths where provided. Follow teacher instructions and school garden safety rules.,"Identify one small, safe improvement or care action for the Ground Production Garden and explain why it may help."
GM-189,Primary 1-3,Ground Production Garden,9,EXPLAIN & EXPLAIN,Explain row-based crop production. Collect simple evidence and use it to answer a garden question.,"row, ruler/tape, tally sheet","row length, spacing, stand or harvest evidence","My record is complete, my numbers or observations are clear, and my explanation uses evidence.",Stay on paths where provided. Follow teacher instructions and school garden safety rules.,"Identify one small, safe improvement or care action for the Ground Production Garden and explain why it may help."
GM-190,Primary 1-3,Ground Production Garden,10,CHALLENGE THE EVIDENCE,Challenge row-based crop production. Collect simple evidence and use it to answer a garden question.,"row, ruler/tape, tally sheet","row length, spacing, stand or harvest evidence","My record is complete, my numbers or observations are clear, and my explanation uses evidence.",Stay on paths where provided. Follow teacher instructions and school garden safety rules.,"Identify one small, safe improvement or care action for the Ground Production Garden and explain why it may help."
GM-191,Primary 1-3,Discovery Production Garden,1,OBSERVE THE EVIDENCE,Observe student-led production questions. Collect simple evidence and use it to answer a garden question.,"garden plot, notebook, simple tools",a measurable observation or comparison,"My record is complete, my numbers or observations are clear, and my explanation uses evidence.",Choose a safe test. Follow teacher instructions and school garden safety rules.,"Identify one small, safe improvement or care action for the Discovery Production Garden and explain why it may help."
GM-192,Primary 1-3,Discovery Production Garden,2,DISCOVERY DATA MISSION,Count student-led production questions. Collect simple evidence and use it to answer a garden question.,"garden plot, notebook, simple tools",a measurable observation or comparison,"My record is complete, my numbers or observations are clear, and my explanation uses evidence.",Choose a safe test. Follow teacher instructions and school garden safety rules.,"Identify one small, safe improvement or care action for the Discovery Production Garden and explain why it may help."
GM-193,Primary 1-3,Discovery Production Garden,3,MEASURE & EXPLAIN,Measure student-led production questions. Collect simple evidence and use it to answer a garden question.,"garden plot, notebook, simple tools",a measurable observation or comparison,"My record is complete, my numbers or observations are clear, and my explanation uses evidence.",Choose a safe test. Follow teacher instructions and school garden safety rules.,"Identify one small, safe improvement or care action for the Discovery Production Garden and explain why it may help."
GM-194,Primary 1-3,Discovery Production Garden,4,COMPARE THE EVIDENCE,Compare student-led production questions. Collect simple evidence and use it to answer a garden question.,"garden plot, notebook, simple tools",a measurable observation or comparison,"My record is complete, my numbers or observations are clear, and my explanation uses evidence.",Choose a safe test. Follow teacher instructions and school garden safety rules.,"Identify one small, safe improvement or care action for the Discovery Production Garden and explain why it may help."
GM-195,Primary 1-3,Discovery Production Garden,5,DISCOVERY DATA MISSION,Record student-led production questions. Collect simple evidence and use it to answer a garden question.,"garden plot, notebook, simple tools",a measurable observation or comparison,"My record is complete, my numbers or observations are clear, and my explanation uses evidence.",Choose a safe test. Follow teacher instructions and school garden safety rules.,"Identify one small, safe improvement or care action for the Discovery Production Garden and explain why it may help."
GM-196,Primary 1-3,Discovery Production Garden,6,MAP & EXPLAIN,Map student-led production questions. Collect simple evidence and use it to answer a garden question.,"garden plot, notebook, simple tools",a measurable observation or comparison,"My record is complete, my numbers or observations are clear, and my explanation uses evidence.",Choose a safe test. Follow teacher instructions and school garden safety rules.,"Identify one small, safe improvement or care action for the Discovery Production Garden and explain why it may help."
GM-197,Primary 1-3,Discovery Production Garden,7,CHECK THE EVIDENCE,Check student-led production questions. Collect simple evidence and use it to answer a garden question.,"garden plot, notebook, simple tools",a measurable observation or comparison,"My record is complete, my numbers or observations are clear, and my explanation uses evidence.",Choose a safe test. Follow teacher instructions and school garden safety rules.,"Identify one small, safe improvement or care action for the Discovery Production Garden and explain why it may help."
GM-198,Primary 1-3,Discovery Production Garden,8,DISCOVERY DATA MISSION,Improve student-led production questions. Collect simple evidence and use it to answer a garden question.,"garden plot, notebook, simple tools",a measurable observation or comparison,"My record is complete, my numbers or observations are clear, and my explanation uses evidence.",Choose a safe test. Follow teacher instructions and school garden safety rules.,"Identify one small, safe improvement or care action for the Discovery Production Garden and explain why it may help."
GM-199,Primary 1-3,Discovery Production Garden,9,EXPLAIN & EXPLAIN,Explain student-led production questions. Collect simple evidence and use it to answer a garden question.,"garden plot, notebook, simple tools",a measurable observation or comparison,"My record is complete, my numbers or observations are clear, and my explanation uses evidence.",Choose a safe test. Follow teacher instructions and school garden safety rules.,"Identify one small, safe improvement or care action for the Discovery Production Garden and explain why it may help."
GM-200,Primary 1-3,Discovery Production Garden,10,CHALLENGE THE EVIDENCE,Challenge student-led production questions. Collect simple evidence and use it to answer a garden question.,"garden plot, notebook, simple tools",a measurable observation or comparison,"My record is complete, my numbers or observations are clear, and my explanation uses evidence.",Choose a safe test. Follow teacher instructions and school garden safety rules.,"Identify one small, safe improvement or care action for the Discovery Production Garden and explain why it may help."
GM-201,Primary 4-6,Raised Food Garden,1,QUESTION THE SYSTEM,"Investigate raised-bed production. Ask a testable question, collect comparable measurements, and make an evidence-based explanation.","ruler, plants, bed","height, spacing, moisture or harvest evidence","The method is repeatable, units are shown, the conclusion matches the evidence, and one limitation is identified.",Use tools safely. Follow teacher instructions and school garden safety rules.,Recommend one practical improvement to the Raised Food Garden based on your measurements.
GM-202,Primary 4-6,Raised Food Garden,2,RAISED INVESTIGATION,"Investigate raised-bed production. Ask a testable question, collect comparable measurements, and make an evidence-based explanation.","ruler, plants, bed","height, spacing, moisture or harvest evidence","The method is repeatable, units are shown, the conclusion matches the evidence, and one limitation is identified.",Use tools safely. Follow teacher instructions and school garden safety rules.,Recommend one practical improvement to the Raised Food Garden based on your measurements.
GM-203,Primary 4-6,Raised Food Garden,3,EVIDENCE MISSION: TEST,"Investigate raised-bed production. Ask a testable question, collect comparable measurements, and make an evidence-based explanation.","ruler, plants, bed","height, spacing, moisture or harvest evidence","The method is repeatable, units are shown, the conclusion matches the evidence, and one limitation is identified.",Use tools safely. Follow teacher instructions and school garden safety rules.,Recommend one practical improvement to the Raised Food Garden based on your measurements.
GM-204,Primary 4-6,Raised Food Garden,4,SAMPLE THE SYSTEM,"Investigate raised-bed production. Ask a testable question, collect comparable measurements, and make an evidence-based explanation.","ruler, plants, bed","height, spacing, moisture or harvest evidence","The method is repeatable, units are shown, the conclusion matches the evidence, and one limitation is identified.",Use tools safely. Follow teacher instructions and school garden safety rules.,Recommend one practical improvement to the Raised Food Garden based on your measurements.
GM-205,Primary 4-6,Raised Food Garden,5,RAISED INVESTIGATION,"Investigate raised-bed production. Ask a testable question, collect comparable measurements, and make an evidence-based explanation.","ruler, plants, bed","height, spacing, moisture or harvest evidence","The method is repeatable, units are shown, the conclusion matches the evidence, and one limitation is identified.",Use tools safely. Follow teacher instructions and school garden safety rules.,Recommend one practical improvement to the Raised Food Garden based on your measurements.
GM-206,Primary 4-6,Raised Food Garden,6,EVIDENCE MISSION: GRAPH,"Investigate raised-bed production. Ask a testable question, collect comparable measurements, and make an evidence-based explanation.","ruler, plants, bed","height, spacing, moisture or harvest evidence","The method is repeatable, units are shown, the conclusion matches the evidence, and one limitation is identified.",Use tools safely. Follow teacher instructions and school garden safety rules.,Recommend one practical improvement to the Raised Food Garden based on your measurements.
GM-207,Primary 4-6,Raised Food Garden,7,DIAGNOSE THE SYSTEM,"Investigate raised-bed production. Ask a testable question, collect comparable measurements, and make an evidence-based explanation.","ruler, plants, bed","height, spacing, moisture or harvest evidence","The method is repeatable, units are shown, the conclusion matches the evidence, and one limitation is identified.",Use tools safely. Follow teacher instructions and school garden safety rules.,Recommend one practical improvement to the Raised Food Garden based on your measurements.
GM-208,Primary 4-6,Raised Food Garden,8,RAISED INVESTIGATION,"Investigate raised-bed production. Ask a testable question, collect comparable measurements, and make an evidence-based explanation.","ruler, plants, bed","height, spacing, moisture or harvest evidence","The method is repeatable, units are shown, the conclusion matches the evidence, and one limitation is identified.",Use tools safely. Follow teacher instructions and school garden safety rules.,Recommend one practical improvement to the Raised Food Garden based on your measurements.
GM-209,Primary 4-6,Raised Food Garden,9,EVIDENCE MISSION: IMPROVE,"Investigate raised-bed production. Ask a testable question, collect comparable measurements, and make an evidence-based explanation.","ruler, plants, bed","height, spacing, moisture or harvest evidence","The method is repeatable, units are shown, the conclusion matches the evidence, and one limitation is identified.",Use tools safely. Follow teacher instructions and school garden safety rules.,Recommend one practical improvement to the Raised Food Garden based on your measurements.
GM-210,Primary 4-6,Raised Food Garden,10,RECOMMEND THE SYSTEM,"Investigate raised-bed production. Ask a testable question, collect comparable measurements, and make an evidence-based explanation.","ruler, plants, bed","height, spacing, moisture or harvest evidence","The method is repeatable, units are shown, the conclusion matches the evidence, and one limitation is identified.",Use tools safely. Follow teacher instructions and school garden safety rules.,Recommend one practical improvement to the Raised Food Garden based on your measurements.
GM-211,Primary 4-6,Geometry Garden,1,QUESTION THE SYSTEM,"Investigate shapes and garden spaces. Ask a testable question, collect comparable measurements, and make an evidence-based explanation.","beds, paths, containers","shape, side, corner or length","The method is repeatable, units are shown, the conclusion matches the evidence, and one limitation is identified.",Use shapes to describe. Follow teacher instructions and school garden safety rules.,Recommend one practical improvement to the Geometry Garden based on your measurements.
GM-212,Primary 4-6,Geometry Garden,2,GEOMETRY INVESTIGATION,"Investigate shapes and garden spaces. Ask a testable question, collect comparable measurements, and make an evidence-based explanation.","beds, paths, containers","shape, side, corner or length","The method is repeatable, units are shown, the conclusion matches the evidence, and one limitation is identified.",Use shapes to describe. Follow teacher instructions and school garden safety rules.,Recommend one practical improvement to the Geometry Garden based on your measurements.
GM-213,Primary 4-6,Geometry Garden,3,EVIDENCE MISSION: TEST,"Investigate shapes and garden spaces. Ask a testable question, collect comparable measurements, and make an evidence-based explanation.","beds, paths, containers","shape, side, corner or length","The method is repeatable, units are shown, the conclusion matches the evidence, and one limitation is identified.",Use shapes to describe. Follow teacher instructions and school garden safety rules.,Recommend one practical improvement to the Geometry Garden based on your measurements.
GM-214,Primary 4-6,Geometry Garden,4,SAMPLE THE SYSTEM,"Investigate shapes and garden spaces. Ask a testable question, collect comparable measurements, and make an evidence-based explanation.","beds, paths, containers","shape, side, corner or length","The method is repeatable, units are shown, the conclusion matches the evidence, and one limitation is identified.",Use shapes to describe. Follow teacher instructions and school garden safety rules.,Recommend one practical improvement to the Geometry Garden based on your measurements.
GM-215,Primary 4-6,Geometry Garden,5,GEOMETRY INVESTIGATION,"Investigate shapes and garden spaces. Ask a testable question, collect comparable measurements, and make an evidence-based explanation.","beds, paths, containers","shape, side, corner or length","The method is repeatable, units are shown, the conclusion matches the evidence, and one limitation is identified.",Use shapes to describe. Follow teacher instructions and school garden safety rules.,Recommend one practical improvement to the Geometry Garden based on your measurements.
GM-216,Primary 4-6,Geometry Garden,6,EVIDENCE MISSION: GRAPH,"Investigate shapes and garden spaces. Ask a testable question, collect comparable measurements, and make an evidence-based explanation.","beds, paths, containers","shape, side, corner or length","The method is repeatable, units are shown, the conclusion matches the evidence, and one limitation is identified.",Use shapes to describe. Follow teacher instructions and school garden safety rules.,Recommend one practical improvement to the Geometry Garden based on your measurements.
GM-217,Primary 4-6,Geometry Garden,7,DIAGNOSE THE SYSTEM,"Investigate shapes and garden spaces. Ask a testable question, collect comparable measurements, and make an evidence-based explanation.","beds, paths, containers","shape, side, corner or length","The method is repeatable, units are shown, the conclusion matches the evidence, and one limitation is identified.",Use shapes to describe. Follow teacher instructions and school garden safety rules.,Recommend one practical improvement to the Geometry Garden based on your measurements.
GM-218,Primary 4-6,Geometry Garden,8,GEOMETRY INVESTIGATION,"Investigate shapes and garden spaces. Ask a testable question, collect comparable measurements, and make an evidence-based explanation.","beds, paths, containers","shape, side, corner or length","The method is repeatable, units are shown, the conclusion matches the evidence, and one limitation is identified.",Use shapes to describe. Follow teacher instructions and school garden safety rules.,Recommend one practical improvement to the Geometry Garden based on your measurements.
GM-219,Primary 4-6,Geometry Garden,9,EVIDENCE MISSION: IMPROVE,"Investigate shapes and garden spaces. Ask a testable question, collect comparable measurements, and make an evidence-based explanation.","beds, paths, containers","shape, side, corner or length","The method is repeatable, units are shown, the conclusion matches the evidence, and one limitation is identified.",Use shapes to describe. Follow teacher instructions and school garden safety rules.,Recommend one practical improvement to the Geometry Garden based on your measurements.
GM-220,Primary 4-6,Geometry Garden,10,RECOMMEND THE SYSTEM,"Investigate shapes and garden spaces. Ask a testable question, collect comparable measurements, and make an evidence-based explanation.","beds, paths, containers","shape, side, corner or length","The method is repeatable, units are shown, the conclusion matches the evidence, and one limitation is identified.",Use shapes to describe. Follow teacher instructions and school garden safety rules.,Recommend one practical improvement to the Geometry Garden based on your measurements.
GM-221,Primary 4-6,Grid Experiment Garden,1,QUESTION THE SYSTEM,"Investigate controlled garden comparisons. Ask a testable question, collect comparable measurements, and make an evidence-based explanation.","grid labels, ruler, data sheet",treatment/control response,"The method is repeatable, units are shown, the conclusion matches the evidence, and one limitation is identified.",Keep treatments identifiable. Follow teacher instructions and school garden safety rules.,Recommend one practical improvement to the Grid Experiment Garden based on your measurements.
GM-222,Primary 4-6,Grid Experiment Garden,2,GRID INVESTIGATION,"Investigate controlled garden comparisons. Ask a testable question, collect comparable measurements, and make an evidence-based explanation.","grid labels, ruler, data sheet",treatment/control response,"The method is repeatable, units are shown, the conclusion matches the evidence, and one limitation is identified.",Keep treatments identifiable. Follow teacher instructions and school garden safety rules.,Recommend one practical improvement to the Grid Experiment Garden based on your measurements.
GM-223,Primary 4-6,Grid Experiment Garden,3,EVIDENCE MISSION: TEST,"Investigate controlled garden comparisons. Ask a testable question, collect comparable measurements, and make an evidence-based explanation.","grid labels, ruler, data sheet",treatment/control response,"The method is repeatable, units are shown, the conclusion matches the evidence, and one limitation is identified.",Keep treatments identifiable. Follow teacher instructions and school garden safety rules.,Recommend one practical improvement to the Grid Experiment Garden based on your measurements.
GM-224,Primary 4-6,Grid Experiment Garden,4,SAMPLE THE SYSTEM,"Investigate controlled garden comparisons. Ask a testable question, collect comparable measurements, and make an evidence-based explanation.","grid labels, ruler, data sheet",treatment/control response,"The method is repeatable, units are shown, the conclusion matches the evidence, and one limitation is identified.",Keep treatments identifiable. Follow teacher instructions and school garden safety rules.,Recommend one practical improvement to the Grid Experiment Garden based on your measurements.
GM-225,Primary 4-6,Grid Experiment Garden,5,GRID INVESTIGATION,"Investigate controlled garden comparisons. Ask a testable question, collect comparable measurements, and make an evidence-based explanation.","grid labels, ruler, data sheet",treatment/control response,"The method is repeatable, units are shown, the conclusion matches the evidence, and one limitation is identified.",Keep treatments identifiable. Follow teacher instructions and school garden safety rules.,Recommend one practical improvement to the Grid Experiment Garden based on your measurements.
GM-226,Primary 4-6,Grid Experiment Garden,6,EVIDENCE MISSION: GRAPH,"Investigate controlled garden comparisons. Ask a testable question, collect comparable measurements, and make an evidence-based explanation.","grid labels, ruler, data sheet",treatment/control response,"The method is repeatable, units are shown, the conclusion matches the evidence, and one limitation is identified.",Keep treatments identifiable. Follow teacher instructions and school garden safety rules.,Recommend one practical improvement to the Grid Experiment Garden based on your measurements.
GM-227,Primary 4-6,Grid Experiment Garden,7,DIAGNOSE THE SYSTEM,"Investigate controlled garden comparisons. Ask a testable question, collect comparable measurements, and make an evidence-based explanation.","grid labels, ruler, data sheet",treatment/control response,"The method is repeatable, units are shown, the conclusion matches the evidence, and one limitation is identified.",Keep treatments identifiable. Follow teacher instructions and school garden safety rules.,Recommend one practical improvement to the Grid Experiment Garden based on your measurements.
GM-228,Primary 4-6,Grid Experiment Garden,8,GRID INVESTIGATION,"Investigate controlled garden comparisons. Ask a testable question, collect comparable measurements, and make an evidence-based explanation.","grid labels, ruler, data sheet",treatment/control response,"The method is repeatable, units are shown, the conclusion matches the evidence, and one limitation is identified.",Keep treatments identifiable. Follow teacher instructions and school garden safety rules.,Recommend one practical improvement to the Grid Experiment Garden based on your measurements.
GM-229,Primary 4-6,Grid Experiment Garden,9,EVIDENCE MISSION: IMPROVE,"Investigate controlled garden comparisons. Ask a testable question, collect comparable measurements, and make an evidence-based explanation.","grid labels, ruler, data sheet",treatment/control response,"The method is repeatable, units are shown, the conclusion matches the evidence, and one limitation is identified.",Keep treatments identifiable. Follow teacher instructions and school garden safety rules.,Recommend one practical improvement to the Grid Experiment Garden based on your measurements.
GM-230,Primary 4-6,Grid Experiment Garden,10,RECOMMEND THE SYSTEM,"Investigate controlled garden comparisons. Ask a testable question, collect comparable measurements, and make an evidence-based explanation.","grid labels, ruler, data sheet",treatment/control response,"The method is repeatable, units are shown, the conclusion matches the evidence, and one limitation is identified.",Keep treatments identifiable. Follow teacher instructions and school garden safety rules.,Recommend one practical improvement to the Grid Experiment Garden based on your measurements.
GM-231,Primary 4-6,Keyhole Garden,1,QUESTION THE SYSTEM,"Investigate keyhole-bed access and resource flow. Ask a testable question, collect comparable measurements, and make an evidence-based explanation.","tape, bed map, observation sheet","reach, moisture, area or compost evidence","The method is repeatable, units are shown, the conclusion matches the evidence, and one limitation is identified.",Avoid stepping into the bed. Follow teacher instructions and school garden safety rules.,Recommend one practical improvement to the Keyhole Garden based on your measurements.
GM-232,Primary 4-6,Keyhole Garden,2,KEYHOLE INVESTIGATION,"Investigate keyhole-bed access and resource flow. Ask a testable question, collect comparable measurements, and make an evidence-based explanation.","tape, bed map, observation sheet","reach, moisture, area or compost evidence","The method is repeatable, units are shown, the conclusion matches the evidence, and one limitation is identified.",Avoid stepping into the bed. Follow teacher instructions and school garden safety rules.,Recommend one practical improvement to the Keyhole Garden based on your measurements.
GM-233,Primary 4-6,Keyhole Garden,3,EVIDENCE MISSION: TEST,"Investigate keyhole-bed access and resource flow. Ask a testable question, collect comparable measurements, and make an evidence-based explanation.","tape, bed map, observation sheet","reach, moisture, area or compost evidence","The method is repeatable, units are shown, the conclusion matches the evidence, and one limitation is identified.",Avoid stepping into the bed. Follow teacher instructions and school garden safety rules.,Recommend one practical improvement to the Keyhole Garden based on your measurements.
GM-234,Primary 4-6,Keyhole Garden,4,SAMPLE THE SYSTEM,"Investigate keyhole-bed access and resource flow. Ask a testable question, collect comparable measurements, and make an evidence-based explanation.","tape, bed map, observation sheet","reach, moisture, area or compost evidence","The method is repeatable, units are shown, the conclusion matches the evidence, and one limitation is identified.",Avoid stepping into the bed. Follow teacher instructions and school garden safety rules.,Recommend one practical improvement to the Keyhole Garden based on your measurements.
GM-235,Primary 4-6,Keyhole Garden,5,KEYHOLE INVESTIGATION,"Investigate keyhole-bed access and resource flow. Ask a testable question, collect comparable measurements, and make an evidence-based explanation.","tape, bed map, observation sheet","reach, moisture, area or compost evidence","The method is repeatable, units are shown, the conclusion matches the evidence, and one limitation is identified.",Avoid stepping into the bed. Follow teacher instructions and school garden safety rules.,Recommend one practical improvement to the Keyhole Garden based on your measurements.
GM-236,Primary 4-6,Keyhole Garden,6,EVIDENCE MISSION: GRAPH,"Investigate keyhole-bed access and resource flow. Ask a testable question, collect comparable measurements, and make an evidence-based explanation.","tape, bed map, observation sheet","reach, moisture, area or compost evidence","The method is repeatable, units are shown, the conclusion matches the evidence, and one limitation is identified.",Avoid stepping into the bed. Follow teacher instructions and school garden safety rules.,Recommend one practical improvement to the Keyhole Garden based on your measurements.
GM-237,Primary 4-6,Keyhole Garden,7,DIAGNOSE THE SYSTEM,"Investigate keyhole-bed access and resource flow. Ask a testable question, collect comparable measurements, and make an evidence-based explanation.","tape, bed map, observation sheet","reach, moisture, area or compost evidence","The method is repeatable, units are shown, the conclusion matches the evidence, and one limitation is identified.",Avoid stepping into the bed. Follow teacher instructions and school garden safety rules.,Recommend one practical improvement to the Keyhole Garden based on your measurements.
GM-238,Primary 4-6,Keyhole Garden,8,KEYHOLE INVESTIGATION,"Investigate keyhole-bed access and resource flow. Ask a testable question, collect comparable measurements, and make an evidence-based explanation.","tape, bed map, observation sheet","reach, moisture, area or compost evidence","The method is repeatable, units are shown, the conclusion matches the evidence, and one limitation is identified.",Avoid stepping into the bed. Follow teacher instructions and school garden safety rules.,Recommend one practical improvement to the Keyhole Garden based on your measurements.
GM-239,Primary 4-6,Keyhole Garden,9,EVIDENCE MISSION: IMPROVE,"Investigate keyhole-bed access and resource flow. Ask a testable question, collect comparable measurements, and make an evidence-based explanation.","tape, bed map, observation sheet","reach, moisture, area or compost evidence","The method is repeatable, units are shown, the conclusion matches the evidence, and one limitation is identified.",Avoid stepping into the bed. Follow teacher instructions and school garden safety rules.,Recommend one practical improvement to the Keyhole Garden based on your measurements.
GM-240,Primary 4-6,Keyhole Garden,10,RECOMMEND THE SYSTEM,"Investigate keyhole-bed access and resource flow. Ask a testable question, collect comparable measurements, and make an evidence-based explanation.","tape, bed map, observation sheet","reach, moisture, area or compost evidence","The method is repeatable, units are shown, the conclusion matches the evidence, and one limitation is identified.",Avoid stepping into the bed. Follow teacher instructions and school garden safety rules.,Recommend one practical improvement to the Keyhole Garden based on your measurements.
GM-241,Primary 4-6,Compost Garden,1,QUESTION THE SYSTEM,"Investigate decomposition and compost management. Ask a testable question, collect comparable measurements, and make an evidence-based explanation.","compost pile, thermometer if approved, data sheet","temperature, moisture, volume or maturity evidence","The method is repeatable, units are shown, the conclusion matches the evidence, and one limitation is identified.",Teacher supervises pile handling. Follow teacher instructions and school garden safety rules.,Recommend one practical improvement to the Compost Garden based on your measurements.
GM-242,Primary 4-6,Compost Garden,2,COMPOST INVESTIGATION,"Investigate decomposition and compost management. Ask a testable question, collect comparable measurements, and make an evidence-based explanation.","compost pile, thermometer if approved, data sheet","temperature, moisture, volume or maturity evidence","The method is repeatable, units are shown, the conclusion matches the evidence, and one limitation is identified.",Teacher supervises pile handling. Follow teacher instructions and school garden safety rules.,Recommend one practical improvement to the Compost Garden based on your measurements.
GM-243,Primary 4-6,Compost Garden,3,EVIDENCE MISSION: TEST,"Investigate decomposition and compost management. Ask a testable question, collect comparable measurements, and make an evidence-based explanation.","compost pile, thermometer if approved, data sheet","temperature, moisture, volume or maturity evidence","The method is repeatable, units are shown, the conclusion matches the evidence, and one limitation is identified.",Teacher supervises pile handling. Follow teacher instructions and school garden safety rules.,Recommend one practical improvement to the Compost Garden based on your measurements.
GM-244,Primary 4-6,Compost Garden,4,SAMPLE THE SYSTEM,"Investigate decomposition and compost management. Ask a testable question, collect comparable measurements, and make an evidence-based explanation.","compost pile, thermometer if approved, data sheet","temperature, moisture, volume or maturity evidence","The method is repeatable, units are shown, the conclusion matches the evidence, and one limitation is identified.",Teacher supervises pile handling. Follow teacher instructions and school garden safety rules.,Recommend one practical improvement to the Compost Garden based on your measurements.
GM-245,Primary 4-6,Compost Garden,5,COMPOST INVESTIGATION,"Investigate decomposition and compost management. Ask a testable question, collect comparable measurements, and make an evidence-based explanation.","compost pile, thermometer if approved, data sheet","temperature, moisture, volume or maturity evidence","The method is repeatable, units are shown, the conclusion matches the evidence, and one limitation is identified.",Teacher supervises pile handling. Follow teacher instructions and school garden safety rules.,Recommend one practical improvement to the Compost Garden based on your measurements.
GM-246,Primary 4-6,Compost Garden,6,EVIDENCE MISSION: GRAPH,"Investigate decomposition and compost management. Ask a testable question, collect comparable measurements, and make an evidence-based explanation.","compost pile, thermometer if approved, data sheet","temperature, moisture, volume or maturity evidence","The method is repeatable, units are shown, the conclusion matches the evidence, and one limitation is identified.",Teacher supervises pile handling. Follow teacher instructions and school garden safety rules.,Recommend one practical improvement to the Compost Garden based on your measurements.
GM-247,Primary 4-6,Compost Garden,7,DIAGNOSE THE SYSTEM,"Investigate decomposition and compost management. Ask a testable question, collect comparable measurements, and make an evidence-based explanation.","compost pile, thermometer if approved, data sheet","temperature, moisture, volume or maturity evidence","The method is repeatable, units are shown, the conclusion matches the evidence, and one limitation is identified.",Teacher supervises pile handling. Follow teacher instructions and school garden safety rules.,Recommend one practical improvement to the Compost Garden based on your measurements.
GM-248,Primary 4-6,Compost Garden,8,COMPOST INVESTIGATION,"Investigate decomposition and compost management. Ask a testable question, collect comparable measurements, and make an evidence-based explanation.","compost pile, thermometer if approved, data sheet","temperature, moisture, volume or maturity evidence","The method is repeatable, units are shown, the conclusion matches the evidence, and one limitation is identified.",Teacher supervises pile handling. Follow teacher instructions and school garden safety rules.,Recommend one practical improvement to the Compost Garden based on your measurements.
GM-249,Primary 4-6,Compost Garden,9,EVIDENCE MISSION: IMPROVE,"Investigate decomposition and compost management. Ask a testable question, collect comparable measurements, and make an evidence-based explanation.","compost pile, thermometer if approved, data sheet","temperature, moisture, volume or maturity evidence","The method is repeatable, units are shown, the conclusion matches the evidence, and one limitation is identified.",Teacher supervises pile handling. Follow teacher instructions and school garden safety rules.,Recommend one practical improvement to the Compost Garden based on your measurements.
GM-250,Primary 4-6,Compost Garden,10,RECOMMEND THE SYSTEM,"Investigate decomposition and compost management. Ask a testable question, collect comparable measurements, and make an evidence-based explanation.","compost pile, thermometer if approved, data sheet","temperature, moisture, volume or maturity evidence","The method is repeatable, units are shown, the conclusion matches the evidence, and one limitation is identified.",Teacher supervises pile handling. Follow teacher instructions and school garden safety rules.,Recommend one practical improvement to the Compost Garden based on your measurements.
GM-251,Primary 4-6,Gravity Drip Garden,1,QUESTION THE SYSTEM,"Investigate gravity-fed irrigation. Ask a testable question, collect comparable measurements, and make an evidence-based explanation.","container, timer, emitters","flow rate, uniformity or water volume","The method is repeatable, units are shown, the conclusion matches the evidence, and one limitation is identified.",Do not disconnect lines without approval. Follow teacher instructions and school garden safety rules.,Recommend one practical improvement to the Gravity Drip Garden based on your measurements.
GM-252,Primary 4-6,Gravity Drip Garden,2,GRAVITY INVESTIGATION,"Investigate gravity-fed irrigation. Ask a testable question, collect comparable measurements, and make an evidence-based explanation.","container, timer, emitters","flow rate, uniformity or water volume","The method is repeatable, units are shown, the conclusion matches the evidence, and one limitation is identified.",Do not disconnect lines without approval. Follow teacher instructions and school garden safety rules.,Recommend one practical improvement to the Gravity Drip Garden based on your measurements.
GM-253,Primary 4-6,Gravity Drip Garden,3,EVIDENCE MISSION: TEST,"Investigate gravity-fed irrigation. Ask a testable question, collect comparable measurements, and make an evidence-based explanation.","container, timer, emitters","flow rate, uniformity or water volume","The method is repeatable, units are shown, the conclusion matches the evidence, and one limitation is identified.",Do not disconnect lines without approval. Follow teacher instructions and school garden safety rules.,Recommend one practical improvement to the Gravity Drip Garden based on your measurements.
GM-254,Primary 4-6,Gravity Drip Garden,4,SAMPLE THE SYSTEM,"Investigate gravity-fed irrigation. Ask a testable question, collect comparable measurements, and make an evidence-based explanation.","container, timer, emitters","flow rate, uniformity or water volume","The method is repeatable, units are shown, the conclusion matches the evidence, and one limitation is identified.",Do not disconnect lines without approval. Follow teacher instructions and school garden safety rules.,Recommend one practical improvement to the Gravity Drip Garden based on your measurements.
GM-255,Primary 4-6,Gravity Drip Garden,5,GRAVITY INVESTIGATION,"Investigate gravity-fed irrigation. Ask a testable question, collect comparable measurements, and make an evidence-based explanation.","container, timer, emitters","flow rate, uniformity or water volume","The method is repeatable, units are shown, the conclusion matches the evidence, and one limitation is identified.",Do not disconnect lines without approval. Follow teacher instructions and school garden safety rules.,Recommend one practical improvement to the Gravity Drip Garden based on your measurements.
GM-256,Primary 4-6,Gravity Drip Garden,6,EVIDENCE MISSION: GRAPH,"Investigate gravity-fed irrigation. Ask a testable question, collect comparable measurements, and make an evidence-based explanation.","container, timer, emitters","flow rate, uniformity or water volume","The method is repeatable, units are shown, the conclusion matches the evidence, and one limitation is identified.",Do not disconnect lines without approval. Follow teacher instructions and school garden safety rules.,Recommend one practical improvement to the Gravity Drip Garden based on your measurements.
GM-257,Primary 4-6,Gravity Drip Garden,7,DIAGNOSE THE SYSTEM,"Investigate gravity-fed irrigation. Ask a testable question, collect comparable measurements, and make an evidence-based explanation.","container, timer, emitters","flow rate, uniformity or water volume","The method is repeatable, units are shown, the conclusion matches the evidence, and one limitation is identified.",Do not disconnect lines without approval. Follow teacher instructions and school garden safety rules.,Recommend one practical improvement to the Gravity Drip Garden based on your measurements.
GM-258,Primary 4-6,Gravity Drip Garden,8,GRAVITY INVESTIGATION,"Investigate gravity-fed irrigation. Ask a testable question, collect comparable measurements, and make an evidence-based explanation.","container, timer, emitters","flow rate, uniformity or water volume","The method is repeatable, units are shown, the conclusion matches the evidence, and one limitation is identified.",Do not disconnect lines without approval. Follow teacher instructions and school garden safety rules.,Recommend one practical improvement to the Gravity Drip Garden based on your measurements.
GM-259,Primary 4-6,Gravity Drip Garden,9,EVIDENCE MISSION: IMPROVE,"Investigate gravity-fed irrigation. Ask a testable question, collect comparable measurements, and make an evidence-based explanation.","container, timer, emitters","flow rate, uniformity or water volume","The method is repeatable, units are shown, the conclusion matches the evidence, and one limitation is identified.",Do not disconnect lines without approval. Follow teacher instructions and school garden safety rules.,Recommend one practical improvement to the Gravity Drip Garden based on your measurements.
GM-260,Primary 4-6,Gravity Drip Garden,10,RECOMMEND THE SYSTEM,"Investigate gravity-fed irrigation. Ask a testable question, collect comparable measurements, and make an evidence-based explanation.","container, timer, emitters","flow rate, uniformity or water volume","The method is repeatable, units are shown, the conclusion matches the evidence, and one limitation is identified.",Do not disconnect lines without approval. Follow teacher instructions and school garden safety rules.,Recommend one practical improvement to the Gravity Drip Garden based on your measurements.
GM-261,Primary 4-6,Vertical Garden,1,QUESTION THE SYSTEM,"Investigate multi-level production. Ask a testable question, collect comparable measurements, and make an evidence-based explanation.","ruler, level map, plants","growth, light, moisture or footprint evidence","The method is repeatable, units are shown, the conclusion matches the evidence, and one limitation is identified.",Keep structure stable. Follow teacher instructions and school garden safety rules.,Recommend one practical improvement to the Vertical Garden based on your measurements.
GM-262,Primary 4-6,Vertical Garden,2,VERTICAL INVESTIGATION,"Investigate multi-level production. Ask a testable question, collect comparable measurements, and make an evidence-based explanation.","ruler, level map, plants","growth, light, moisture or footprint evidence","The method is repeatable, units are shown, the conclusion matches the evidence, and one limitation is identified.",Keep structure stable. Follow teacher instructions and school garden safety rules.,Recommend one practical improvement to the Vertical Garden based on your measurements.
GM-263,Primary 4-6,Vertical Garden,3,EVIDENCE MISSION: TEST,"Investigate multi-level production. Ask a testable question, collect comparable measurements, and make an evidence-based explanation.","ruler, level map, plants","growth, light, moisture or footprint evidence","The method is repeatable, units are shown, the conclusion matches the evidence, and one limitation is identified.",Keep structure stable. Follow teacher instructions and school garden safety rules.,Recommend one practical improvement to the Vertical Garden based on your measurements.
GM-264,Primary 4-6,Vertical Garden,4,SAMPLE THE SYSTEM,"Investigate multi-level production. Ask a testable question, collect comparable measurements, and make an evidence-based explanation.","ruler, level map, plants","growth, light, moisture or footprint evidence","The method is repeatable, units are shown, the conclusion matches the evidence, and one limitation is identified.",Keep structure stable. Follow teacher instructions and school garden safety rules.,Recommend one practical improvement to the Vertical Garden based on your measurements.
GM-265,Primary 4-6,Vertical Garden,5,VERTICAL INVESTIGATION,"Investigate multi-level production. Ask a testable question, collect comparable measurements, and make an evidence-based explanation.","ruler, level map, plants","growth, light, moisture or footprint evidence","The method is repeatable, units are shown, the conclusion matches the evidence, and one limitation is identified.",Keep structure stable. Follow teacher instructions and school garden safety rules.,Recommend one practical improvement to the Vertical Garden based on your measurements.
GM-266,Primary 4-6,Vertical Garden,6,EVIDENCE MISSION: GRAPH,"Investigate multi-level production. Ask a testable question, collect comparable measurements, and make an evidence-based explanation.","ruler, level map, plants","growth, light, moisture or footprint evidence","The method is repeatable, units are shown, the conclusion matches the evidence, and one limitation is identified.",Keep structure stable. Follow teacher instructions and school garden safety rules.,Recommend one practical improvement to the Vertical Garden based on your measurements.
GM-267,Primary 4-6,Vertical Garden,7,DIAGNOSE THE SYSTEM,"Investigate multi-level production. Ask a testable question, collect comparable measurements, and make an evidence-based explanation.","ruler, level map, plants","growth, light, moisture or footprint evidence","The method is repeatable, units are shown, the conclusion matches the evidence, and one limitation is identified.",Keep structure stable. Follow teacher instructions and school garden safety rules.,Recommend one practical improvement to the Vertical Garden based on your measurements.
GM-268,Primary 4-6,Vertical Garden,8,VERTICAL INVESTIGATION,"Investigate multi-level production. Ask a testable question, collect comparable measurements, and make an evidence-based explanation.","ruler, level map, plants","growth, light, moisture or footprint evidence","The method is repeatable, units are shown, the conclusion matches the evidence, and one limitation is identified.",Keep structure stable. Follow teacher instructions and school garden safety rules.,Recommend one practical improvement to the Vertical Garden based on your measurements.
GM-269,Primary 4-6,Vertical Garden,9,EVIDENCE MISSION: IMPROVE,"Investigate multi-level production. Ask a testable question, collect comparable measurements, and make an evidence-based explanation.","ruler, level map, plants","growth, light, moisture or footprint evidence","The method is repeatable, units are shown, the conclusion matches the evidence, and one limitation is identified.",Keep structure stable. Follow teacher instructions and school garden safety rules.,Recommend one practical improvement to the Vertical Garden based on your measurements.
GM-270,Primary 4-6,Vertical Garden,10,RECOMMEND THE SYSTEM,"Investigate multi-level production. Ask a testable question, collect comparable measurements, and make an evidence-based explanation.","ruler, level map, plants","growth, light, moisture or footprint evidence","The method is repeatable, units are shown, the conclusion matches the evidence, and one limitation is identified.",Keep structure stable. Follow teacher instructions and school garden safety rules.,Recommend one practical improvement to the Vertical Garden based on your measurements.
GM-271,Primary 4-6,Crop Rotation Garden,1,QUESTION THE SYSTEM,"Investigate rotation planning and soil-cover logic. Ask a testable question, collect comparable measurements, and make an evidence-based explanation.","bed history, crop-family records","family sequence, interval or cover evidence","The method is repeatable, units are shown, the conclusion matches the evidence, and one limitation is identified.",Document prior crops correctly. Follow teacher instructions and school garden safety rules.,Recommend one practical improvement to the Crop Rotation Garden based on your measurements.
GM-272,Primary 4-6,Crop Rotation Garden,2,CROP INVESTIGATION,"Investigate rotation planning and soil-cover logic. Ask a testable question, collect comparable measurements, and make an evidence-based explanation.","bed history, crop-family records","family sequence, interval or cover evidence","The method is repeatable, units are shown, the conclusion matches the evidence, and one limitation is identified.",Document prior crops correctly. Follow teacher instructions and school garden safety rules.,Recommend one practical improvement to the Crop Rotation Garden based on your measurements.
GM-273,Primary 4-6,Crop Rotation Garden,3,EVIDENCE MISSION: TEST,"Investigate rotation planning and soil-cover logic. Ask a testable question, collect comparable measurements, and make an evidence-based explanation.","bed history, crop-family records","family sequence, interval or cover evidence","The method is repeatable, units are shown, the conclusion matches the evidence, and one limitation is identified.",Document prior crops correctly. Follow teacher instructions and school garden safety rules.,Recommend one practical improvement to the Crop Rotation Garden based on your measurements.
GM-274,Primary 4-6,Crop Rotation Garden,4,SAMPLE THE SYSTEM,"Investigate rotation planning and soil-cover logic. Ask a testable question, collect comparable measurements, and make an evidence-based explanation.","bed history, crop-family records","family sequence, interval or cover evidence","The method is repeatable, units are shown, the conclusion matches the evidence, and one limitation is identified.",Document prior crops correctly. Follow teacher instructions and school garden safety rules.,Recommend one practical improvement to the Crop Rotation Garden based on your measurements.
GM-275,Primary 4-6,Crop Rotation Garden,5,CROP INVESTIGATION,"Investigate rotation planning and soil-cover logic. Ask a testable question, collect comparable measurements, and make an evidence-based explanation.","bed history, crop-family records","family sequence, interval or cover evidence","The method is repeatable, units are shown, the conclusion matches the evidence, and one limitation is identified.",Document prior crops correctly. Follow teacher instructions and school garden safety rules.,Recommend one practical improvement to the Crop Rotation Garden based on your measurements.
GM-276,Primary 4-6,Crop Rotation Garden,6,EVIDENCE MISSION: GRAPH,"Investigate rotation planning and soil-cover logic. Ask a testable question, collect comparable measurements, and make an evidence-based explanation.","bed history, crop-family records","family sequence, interval or cover evidence","The method is repeatable, units are shown, the conclusion matches the evidence, and one limitation is identified.",Document prior crops correctly. Follow teacher instructions and school garden safety rules.,Recommend one practical improvement to the Crop Rotation Garden based on your measurements.
GM-277,Primary 4-6,Crop Rotation Garden,7,DIAGNOSE THE SYSTEM,"Investigate rotation planning and soil-cover logic. Ask a testable question, collect comparable measurements, and make an evidence-based explanation.","bed history, crop-family records","family sequence, interval or cover evidence","The method is repeatable, units are shown, the conclusion matches the evidence, and one limitation is identified.",Document prior crops correctly. Follow teacher instructions and school garden safety rules.,Recommend one practical improvement to the Crop Rotation Garden based on your measurements.
GM-278,Primary 4-6,Crop Rotation Garden,8,CROP INVESTIGATION,"Investigate rotation planning and soil-cover logic. Ask a testable question, collect comparable measurements, and make an evidence-based explanation.","bed history, crop-family records","family sequence, interval or cover evidence","The method is repeatable, units are shown, the conclusion matches the evidence, and one limitation is identified.",Document prior crops correctly. Follow teacher instructions and school garden safety rules.,Recommend one practical improvement to the Crop Rotation Garden based on your measurements.
GM-279,Primary 4-6,Crop Rotation Garden,9,EVIDENCE MISSION: IMPROVE,"Investigate rotation planning and soil-cover logic. Ask a testable question, collect comparable measurements, and make an evidence-based explanation.","bed history, crop-family records","family sequence, interval or cover evidence","The method is repeatable, units are shown, the conclusion matches the evidence, and one limitation is identified.",Document prior crops correctly. Follow teacher instructions and school garden safety rules.,Recommend one practical improvement to the Crop Rotation Garden based on your measurements.
GM-280,Primary 4-6,Crop Rotation Garden,10,RECOMMEND THE SYSTEM,"Investigate rotation planning and soil-cover logic. Ask a testable question, collect comparable measurements, and make an evidence-based explanation.","bed history, crop-family records","family sequence, interval or cover evidence","The method is repeatable, units are shown, the conclusion matches the evidence, and one limitation is identified.",Document prior crops correctly. Follow teacher instructions and school garden safety rules.,Recommend one practical improvement to the Crop Rotation Garden based on your measurements.
GM-281,Primary 4-6,Water-Smart Garden,1,QUESTION THE SYSTEM,"Investigate water movement and productivity. Ask a testable question, collect comparable measurements, and make an evidence-based explanation.","measuring container, timer, ruler","infiltration, applied water, runoff or productivity evidence","The method is repeatable, units are shown, the conclusion matches the evidence, and one limitation is identified.",Avoid slippery wet areas. Follow teacher instructions and school garden safety rules.,Recommend one practical improvement to the Water-Smart Garden based on your measurements.
GM-282,Primary 4-6,Water-Smart Garden,2,WATER-SMART INVESTIGATION,"Investigate water movement and productivity. Ask a testable question, collect comparable measurements, and make an evidence-based explanation.","measuring container, timer, ruler","infiltration, applied water, runoff or productivity evidence","The method is repeatable, units are shown, the conclusion matches the evidence, and one limitation is identified.",Avoid slippery wet areas. Follow teacher instructions and school garden safety rules.,Recommend one practical improvement to the Water-Smart Garden based on your measurements.
GM-283,Primary 4-6,Water-Smart Garden,3,EVIDENCE MISSION: TEST,"Investigate water movement and productivity. Ask a testable question, collect comparable measurements, and make an evidence-based explanation.","measuring container, timer, ruler","infiltration, applied water, runoff or productivity evidence","The method is repeatable, units are shown, the conclusion matches the evidence, and one limitation is identified.",Avoid slippery wet areas. Follow teacher instructions and school garden safety rules.,Recommend one practical improvement to the Water-Smart Garden based on your measurements.
GM-284,Primary 4-6,Water-Smart Garden,4,SAMPLE THE SYSTEM,"Investigate water movement and productivity. Ask a testable question, collect comparable measurements, and make an evidence-based explanation.","measuring container, timer, ruler","infiltration, applied water, runoff or productivity evidence","The method is repeatable, units are shown, the conclusion matches the evidence, and one limitation is identified.",Avoid slippery wet areas. Follow teacher instructions and school garden safety rules.,Recommend one practical improvement to the Water-Smart Garden based on your measurements.
GM-285,Primary 4-6,Water-Smart Garden,5,WATER-SMART INVESTIGATION,"Investigate water movement and productivity. Ask a testable question, collect comparable measurements, and make an evidence-based explanation.","measuring container, timer, ruler","infiltration, applied water, runoff or productivity evidence","The method is repeatable, units are shown, the conclusion matches the evidence, and one limitation is identified.",Avoid slippery wet areas. Follow teacher instructions and school garden safety rules.,Recommend one practical improvement to the Water-Smart Garden based on your measurements.
GM-286,Primary 4-6,Water-Smart Garden,6,EVIDENCE MISSION: GRAPH,"Investigate water movement and productivity. Ask a testable question, collect comparable measurements, and make an evidence-based explanation.","measuring container, timer, ruler","infiltration, applied water, runoff or productivity evidence","The method is repeatable, units are shown, the conclusion matches the evidence, and one limitation is identified.",Avoid slippery wet areas. Follow teacher instructions and school garden safety rules.,Recommend one practical improvement to the Water-Smart Garden based on your measurements.
GM-287,Primary 4-6,Water-Smart Garden,7,DIAGNOSE THE SYSTEM,"Investigate water movement and productivity. Ask a testable question, collect comparable measurements, and make an evidence-based explanation.","measuring container, timer, ruler","infiltration, applied water, runoff or productivity evidence","The method is repeatable, units are shown, the conclusion matches the evidence, and one limitation is identified.",Avoid slippery wet areas. Follow teacher instructions and school garden safety rules.,Recommend one practical improvement to the Water-Smart Garden based on your measurements.
GM-288,Primary 4-6,Water-Smart Garden,8,WATER-SMART INVESTIGATION,"Investigate water movement and productivity. Ask a testable question, collect comparable measurements, and make an evidence-based explanation.","measuring container, timer, ruler","infiltration, applied water, runoff or productivity evidence","The method is repeatable, units are shown, the conclusion matches the evidence, and one limitation is identified.",Avoid slippery wet areas. Follow teacher instructions and school garden safety rules.,Recommend one practical improvement to the Water-Smart Garden based on your measurements.
GM-289,Primary 4-6,Water-Smart Garden,9,EVIDENCE MISSION: IMPROVE,"Investigate water movement and productivity. Ask a testable question, collect comparable measurements, and make an evidence-based explanation.","measuring container, timer, ruler","infiltration, applied water, runoff or productivity evidence","The method is repeatable, units are shown, the conclusion matches the evidence, and one limitation is identified.",Avoid slippery wet areas. Follow teacher instructions and school garden safety rules.,Recommend one practical improvement to the Water-Smart Garden based on your measurements.
GM-290,Primary 4-6,Water-Smart Garden,10,RECOMMEND THE SYSTEM,"Investigate water movement and productivity. Ask a testable question, collect comparable measurements, and make an evidence-based explanation.","measuring container, timer, ruler","infiltration, applied water, runoff or productivity evidence","The method is repeatable, units are shown, the conclusion matches the evidence, and one limitation is identified.",Avoid slippery wet areas. Follow teacher instructions and school garden safety rules.,Recommend one practical improvement to the Water-Smart Garden based on your measurements.
GM-291,Primary 4-6,Intro Soilless Garden,1,QUESTION THE SYSTEM,"Investigate introductory soilless production. Ask a testable question, collect comparable measurements, and make an evidence-based explanation.","reservoir/system map, approved meter","flow, pH, EC or root-zone evidence","The method is repeatable, units are shown, the conclusion matches the evidence, and one limitation is identified.",Do not taste or touch nutrient solution. Follow teacher instructions and school garden safety rules.,Recommend one practical improvement to the Intro Soilless Garden based on your measurements.
GM-292,Primary 4-6,Intro Soilless Garden,2,INTRO INVESTIGATION,"Investigate introductory soilless production. Ask a testable question, collect comparable measurements, and make an evidence-based explanation.","reservoir/system map, approved meter","flow, pH, EC or root-zone evidence","The method is repeatable, units are shown, the conclusion matches the evidence, and one limitation is identified.",Do not taste or touch nutrient solution. Follow teacher instructions and school garden safety rules.,Recommend one practical improvement to the Intro Soilless Garden based on your measurements.
GM-293,Primary 4-6,Intro Soilless Garden,3,EVIDENCE MISSION: TEST,"Investigate introductory soilless production. Ask a testable question, collect comparable measurements, and make an evidence-based explanation.","reservoir/system map, approved meter","flow, pH, EC or root-zone evidence","The method is repeatable, units are shown, the conclusion matches the evidence, and one limitation is identified.",Do not taste or touch nutrient solution. Follow teacher instructions and school garden safety rules.,Recommend one practical improvement to the Intro Soilless Garden based on your measurements.
GM-294,Primary 4-6,Intro Soilless Garden,4,SAMPLE THE SYSTEM,"Investigate introductory soilless production. Ask a testable question, collect comparable measurements, and make an evidence-based explanation.","reservoir/system map, approved meter","flow, pH, EC or root-zone evidence","The method is repeatable, units are shown, the conclusion matches the evidence, and one limitation is identified.",Do not taste or touch nutrient solution. Follow teacher instructions and school garden safety rules.,Recommend one practical improvement to the Intro Soilless Garden based on your measurements.
GM-295,Primary 4-6,Intro Soilless Garden,5,INTRO INVESTIGATION,"Investigate introductory soilless production. Ask a testable question, collect comparable measurements, and make an evidence-based explanation.","reservoir/system map, approved meter","flow, pH, EC or root-zone evidence","The method is repeatable, units are shown, the conclusion matches the evidence, and one limitation is identified.",Do not taste or touch nutrient solution. Follow teacher instructions and school garden safety rules.,Recommend one practical improvement to the Intro Soilless Garden based on your measurements.
GM-296,Primary 4-6,Intro Soilless Garden,6,EVIDENCE MISSION: GRAPH,"Investigate introductory soilless production. Ask a testable question, collect comparable measurements, and make an evidence-based explanation.","reservoir/system map, approved meter","flow, pH, EC or root-zone evidence","The method is repeatable, units are shown, the conclusion matches the evidence, and one limitation is identified.",Do not taste or touch nutrient solution. Follow teacher instructions and school garden safety rules.,Recommend one practical improvement to the Intro Soilless Garden based on your measurements.
GM-297,Primary 4-6,Intro Soilless Garden,7,DIAGNOSE THE SYSTEM,"Investigate introductory soilless production. Ask a testable question, collect comparable measurements, and make an evidence-based explanation.","reservoir/system map, approved meter","flow, pH, EC or root-zone evidence","The method is repeatable, units are shown, the conclusion matches the evidence, and one limitation is identified.",Do not taste or touch nutrient solution. Follow teacher instructions and school garden safety rules.,Recommend one practical improvement to the Intro Soilless Garden based on your measurements.
GM-298,Primary 4-6,Intro Soilless Garden,8,INTRO INVESTIGATION,"Investigate introductory soilless production. Ask a testable question, collect comparable measurements, and make an evidence-based explanation.","reservoir/system map, approved meter","flow, pH, EC or root-zone evidence","The method is repeatable, units are shown, the conclusion matches the evidence, and one limitation is identified.",Do not taste or touch nutrient solution. Follow teacher instructions and school garden safety rules.,Recommend one practical improvement to the Intro Soilless Garden based on your measurements.
GM-299,Primary 4-6,Intro Soilless Garden,9,EVIDENCE MISSION: IMPROVE,"Investigate introductory soilless production. Ask a testable question, collect comparable measurements, and make an evidence-based explanation.","reservoir/system map, approved meter","flow, pH, EC or root-zone evidence","The method is repeatable, units are shown, the conclusion matches the evidence, and one limitation is identified.",Do not taste or touch nutrient solution. Follow teacher instructions and school garden safety rules.,Recommend one practical improvement to the Intro Soilless Garden based on your measurements.
GM-300,Primary 4-6,Intro Soilless Garden,10,RECOMMEND THE SYSTEM,"Investigate introductory soilless production. Ask a testable question, collect comparable measurements, and make an evidence-based explanation.","reservoir/system map, approved meter","flow, pH, EC or root-zone evidence","The method is repeatable, units are shown, the conclusion matches the evidence, and one limitation is identified.",Do not taste or touch nutrient solution. Follow teacher instructions and school garden safety rules.,Recommend one practical improvement to the Intro Soilless Garden based on your measurements.
GM-301,JSS 1-3,Production Garden,1,DEFINE & TEST,Use scientific investigation to define a question about crop production performance. Quantify the response and defend a recommendation.,"plot records, measuring tools","establishment, growth, yield or input-use evidence","Variables and units are defined, evidence is traceable, analysis is appropriate, and the recommendation states uncertainty.",Follow field-tool safety. Follow teacher instructions and school garden safety rules.,"Translate the result into one management decision for the Production Garden, including the evidence that triggers the decision."
GM-302,JSS 1-3,Production Garden,2,PRODUCTION SCIENCE MISSION,Use scientific investigation to hypothesize a question about crop production performance. Quantify the response and defend a recommendation.,"plot records, measuring tools","establishment, growth, yield or input-use evidence","Variables and units are defined, evidence is traceable, analysis is appropriate, and the recommendation states uncertainty.",Follow field-tool safety. Follow teacher instructions and school garden safety rules.,"Translate the result into one management decision for the Production Garden, including the evidence that triggers the decision."
GM-303,JSS 1-3,Production Garden,3,DESIGN THE EVIDENCE,Use scientific investigation to design a question about crop production performance. Quantify the response and defend a recommendation.,"plot records, measuring tools","establishment, growth, yield or input-use evidence","Variables and units are defined, evidence is traceable, analysis is appropriate, and the recommendation states uncertainty.",Follow field-tool safety. Follow teacher instructions and school garden safety rules.,"Translate the result into one management decision for the Production Garden, including the evidence that triggers the decision."
GM-304,JSS 1-3,Production Garden,4,REPLICATE & TEST,Use scientific investigation to replicate a question about crop production performance. Quantify the response and defend a recommendation.,"plot records, measuring tools","establishment, growth, yield or input-use evidence","Variables and units are defined, evidence is traceable, analysis is appropriate, and the recommendation states uncertainty.",Follow field-tool safety. Follow teacher instructions and school garden safety rules.,"Translate the result into one management decision for the Production Garden, including the evidence that triggers the decision."
GM-305,JSS 1-3,Production Garden,5,PRODUCTION SCIENCE MISSION,Use scientific investigation to quantify a question about crop production performance. Quantify the response and defend a recommendation.,"plot records, measuring tools","establishment, growth, yield or input-use evidence","Variables and units are defined, evidence is traceable, analysis is appropriate, and the recommendation states uncertainty.",Follow field-tool safety. Follow teacher instructions and school garden safety rules.,"Translate the result into one management decision for the Production Garden, including the evidence that triggers the decision."
GM-306,JSS 1-3,Production Garden,6,ANALYZE THE EVIDENCE,Use scientific investigation to analyze a question about crop production performance. Quantify the response and defend a recommendation.,"plot records, measuring tools","establishment, growth, yield or input-use evidence","Variables and units are defined, evidence is traceable, analysis is appropriate, and the recommendation states uncertainty.",Follow field-tool safety. Follow teacher instructions and school garden safety rules.,"Translate the result into one management decision for the Production Garden, including the evidence that triggers the decision."
GM-307,JSS 1-3,Production Garden,7,DIAGNOSE & TEST,Use scientific investigation to diagnose a question about crop production performance. Quantify the response and defend a recommendation.,"plot records, measuring tools","establishment, growth, yield or input-use evidence","Variables and units are defined, evidence is traceable, analysis is appropriate, and the recommendation states uncertainty.",Follow field-tool safety. Follow teacher instructions and school garden safety rules.,"Translate the result into one management decision for the Production Garden, including the evidence that triggers the decision."
GM-308,JSS 1-3,Production Garden,8,PRODUCTION SCIENCE MISSION,Use scientific investigation to model a question about crop production performance. Quantify the response and defend a recommendation.,"plot records, measuring tools","establishment, growth, yield or input-use evidence","Variables and units are defined, evidence is traceable, analysis is appropriate, and the recommendation states uncertainty.",Follow field-tool safety. Follow teacher instructions and school garden safety rules.,"Translate the result into one management decision for the Production Garden, including the evidence that triggers the decision."
GM-309,JSS 1-3,Production Garden,9,EVALUATE THE EVIDENCE,Use scientific investigation to evaluate a question about crop production performance. Quantify the response and defend a recommendation.,"plot records, measuring tools","establishment, growth, yield or input-use evidence","Variables and units are defined, evidence is traceable, analysis is appropriate, and the recommendation states uncertainty.",Follow field-tool safety. Follow teacher instructions and school garden safety rules.,"Translate the result into one management decision for the Production Garden, including the evidence that triggers the decision."
GM-310,JSS 1-3,Production Garden,10,RECOMMEND & TEST,Use scientific investigation to recommend a question about crop production performance. Quantify the response and defend a recommendation.,"plot records, measuring tools","establishment, growth, yield or input-use evidence","Variables and units are defined, evidence is traceable, analysis is appropriate, and the recommendation states uncertainty.",Follow field-tool safety. Follow teacher instructions and school garden safety rules.,"Translate the result into one management decision for the Production Garden, including the evidence that triggers the decision."
GM-311,JSS 1-3,Raised Systems Garden,1,DEFINE & TEST,Use scientific investigation to define a question about raised-bed system performance. Quantify the response and defend a recommendation.,"bed, ruler, moisture method","volume, moisture, infiltration or productivity evidence","Variables and units are defined, evidence is traceable, analysis is appropriate, and the recommendation states uncertainty.",Protect bed structure. Follow teacher instructions and school garden safety rules.,"Translate the result into one management decision for the Raised Systems Garden, including the evidence that triggers the decision."
GM-312,JSS 1-3,Raised Systems Garden,2,RAISED SCIENCE MISSION,Use scientific investigation to hypothesize a question about raised-bed system performance. Quantify the response and defend a recommendation.,"bed, ruler, moisture method","volume, moisture, infiltration or productivity evidence","Variables and units are defined, evidence is traceable, analysis is appropriate, and the recommendation states uncertainty.",Protect bed structure. Follow teacher instructions and school garden safety rules.,"Translate the result into one management decision for the Raised Systems Garden, including the evidence that triggers the decision."
GM-313,JSS 1-3,Raised Systems Garden,3,DESIGN THE EVIDENCE,Use scientific investigation to design a question about raised-bed system performance. Quantify the response and defend a recommendation.,"bed, ruler, moisture method","volume, moisture, infiltration or productivity evidence","Variables and units are defined, evidence is traceable, analysis is appropriate, and the recommendation states uncertainty.",Protect bed structure. Follow teacher instructions and school garden safety rules.,"Translate the result into one management decision for the Raised Systems Garden, including the evidence that triggers the decision."
GM-314,JSS 1-3,Raised Systems Garden,4,REPLICATE & TEST,Use scientific investigation to replicate a question about raised-bed system performance. Quantify the response and defend a recommendation.,"bed, ruler, moisture method","volume, moisture, infiltration or productivity evidence","Variables and units are defined, evidence is traceable, analysis is appropriate, and the recommendation states uncertainty.",Protect bed structure. Follow teacher instructions and school garden safety rules.,"Translate the result into one management decision for the Raised Systems Garden, including the evidence that triggers the decision."
GM-315,JSS 1-3,Raised Systems Garden,5,RAISED SCIENCE MISSION,Use scientific investigation to quantify a question about raised-bed system performance. Quantify the response and defend a recommendation.,"bed, ruler, moisture method","volume, moisture, infiltration or productivity evidence","Variables and units are defined, evidence is traceable, analysis is appropriate, and the recommendation states uncertainty.",Protect bed structure. Follow teacher instructions and school garden safety rules.,"Translate the result into one management decision for the Raised Systems Garden, including the evidence that triggers the decision."
GM-316,JSS 1-3,Raised Systems Garden,6,ANALYZE THE EVIDENCE,Use scientific investigation to analyze a question about raised-bed system performance. Quantify the response and defend a recommendation.,"bed, ruler, moisture method","volume, moisture, infiltration or productivity evidence","Variables and units are defined, evidence is traceable, analysis is appropriate, and the recommendation states uncertainty.",Protect bed structure. Follow teacher instructions and school garden safety rules.,"Translate the result into one management decision for the Raised Systems Garden, including the evidence that triggers the decision."
GM-317,JSS 1-3,Raised Systems Garden,7,DIAGNOSE & TEST,Use scientific investigation to diagnose a question about raised-bed system performance. Quantify the response and defend a recommendation.,"bed, ruler, moisture method","volume, moisture, infiltration or productivity evidence","Variables and units are defined, evidence is traceable, analysis is appropriate, and the recommendation states uncertainty.",Protect bed structure. Follow teacher instructions and school garden safety rules.,"Translate the result into one management decision for the Raised Systems Garden, including the evidence that triggers the decision."
GM-318,JSS 1-3,Raised Systems Garden,8,RAISED SCIENCE MISSION,Use scientific investigation to model a question about raised-bed system performance. Quantify the response and defend a recommendation.,"bed, ruler, moisture method","volume, moisture, infiltration or productivity evidence","Variables and units are defined, evidence is traceable, analysis is appropriate, and the recommendation states uncertainty.",Protect bed structure. Follow teacher instructions and school garden safety rules.,"Translate the result into one management decision for the Raised Systems Garden, including the evidence that triggers the decision."
GM-319,JSS 1-3,Raised Systems Garden,9,EVALUATE THE EVIDENCE,Use scientific investigation to evaluate a question about raised-bed system performance. Quantify the response and defend a recommendation.,"bed, ruler, moisture method","volume, moisture, infiltration or productivity evidence","Variables and units are defined, evidence is traceable, analysis is appropriate, and the recommendation states uncertainty.",Protect bed structure. Follow teacher instructions and school garden safety rules.,"Translate the result into one management decision for the Raised Systems Garden, including the evidence that triggers the decision."
GM-320,JSS 1-3,Raised Systems Garden,10,RECOMMEND & TEST,Use scientific investigation to recommend a question about raised-bed system performance. Quantify the response and defend a recommendation.,"bed, ruler, moisture method","volume, moisture, infiltration or productivity evidence","Variables and units are defined, evidence is traceable, analysis is appropriate, and the recommendation states uncertainty.",Protect bed structure. Follow teacher instructions and school garden safety rules.,"Translate the result into one management decision for the Raised Systems Garden, including the evidence that triggers the decision."
GM-321,JSS 1-3,Grid Experiment Garden,1,DEFINE & TEST,Use scientific investigation to define a question about controlled garden comparisons. Quantify the response and defend a recommendation.,"grid labels, ruler, data sheet",treatment/control response,"Variables and units are defined, evidence is traceable, analysis is appropriate, and the recommendation states uncertainty.",Keep treatments identifiable. Follow teacher instructions and school garden safety rules.,"Translate the result into one management decision for the Grid Experiment Garden, including the evidence that triggers the decision."
GM-322,JSS 1-3,Grid Experiment Garden,2,GRID SCIENCE MISSION,Use scientific investigation to hypothesize a question about controlled garden comparisons. Quantify the response and defend a recommendation.,"grid labels, ruler, data sheet",treatment/control response,"Variables and units are defined, evidence is traceable, analysis is appropriate, and the recommendation states uncertainty.",Keep treatments identifiable. Follow teacher instructions and school garden safety rules.,"Translate the result into one management decision for the Grid Experiment Garden, including the evidence that triggers the decision."
GM-323,JSS 1-3,Grid Experiment Garden,3,DESIGN THE EVIDENCE,Use scientific investigation to design a question about controlled garden comparisons. Quantify the response and defend a recommendation.,"grid labels, ruler, data sheet",treatment/control response,"Variables and units are defined, evidence is traceable, analysis is appropriate, and the recommendation states uncertainty.",Keep treatments identifiable. Follow teacher instructions and school garden safety rules.,"Translate the result into one management decision for the Grid Experiment Garden, including the evidence that triggers the decision."
GM-324,JSS 1-3,Grid Experiment Garden,4,REPLICATE & TEST,Use scientific investigation to replicate a question about controlled garden comparisons. Quantify the response and defend a recommendation.,"grid labels, ruler, data sheet",treatment/control response,"Variables and units are defined, evidence is traceable, analysis is appropriate, and the recommendation states uncertainty.",Keep treatments identifiable. Follow teacher instructions and school garden safety rules.,"Translate the result into one management decision for the Grid Experiment Garden, including the evidence that triggers the decision."
GM-325,JSS 1-3,Grid Experiment Garden,5,GRID SCIENCE MISSION,Use scientific investigation to quantify a question about controlled garden comparisons. Quantify the response and defend a recommendation.,"grid labels, ruler, data sheet",treatment/control response,"Variables and units are defined, evidence is traceable, analysis is appropriate, and the recommendation states uncertainty.",Keep treatments identifiable. Follow teacher instructions and school garden safety rules.,"Translate the result into one management decision for the Grid Experiment Garden, including the evidence that triggers the decision."
GM-326,JSS 1-3,Grid Experiment Garden,6,ANALYZE THE EVIDENCE,Use scientific investigation to analyze a question about controlled garden comparisons. Quantify the response and defend a recommendation.,"grid labels, ruler, data sheet",treatment/control response,"Variables and units are defined, evidence is traceable, analysis is appropriate, and the recommendation states uncertainty.",Keep treatments identifiable. Follow teacher instructions and school garden safety rules.,"Translate the result into one management decision for the Grid Experiment Garden, including the evidence that triggers the decision."
GM-327,JSS 1-3,Grid Experiment Garden,7,DIAGNOSE & TEST,Use scientific investigation to diagnose a question about controlled garden comparisons. Quantify the response and defend a recommendation.,"grid labels, ruler, data sheet",treatment/control response,"Variables and units are defined, evidence is traceable, analysis is appropriate, and the recommendation states uncertainty.",Keep treatments identifiable. Follow teacher instructions and school garden safety rules.,"Translate the result into one management decision for the Grid Experiment Garden, including the evidence that triggers the decision."
GM-328,JSS 1-3,Grid Experiment Garden,8,GRID SCIENCE MISSION,Use scientific investigation to model a question about controlled garden comparisons. Quantify the response and defend a recommendation.,"grid labels, ruler, data sheet",treatment/control response,"Variables and units are defined, evidence is traceable, analysis is appropriate, and the recommendation states uncertainty.",Keep treatments identifiable. Follow teacher instructions and school garden safety rules.,"Translate the result into one management decision for the Grid Experiment Garden, including the evidence that triggers the decision."
GM-329,JSS 1-3,Grid Experiment Garden,9,EVALUATE THE EVIDENCE,Use scientific investigation to evaluate a question about controlled garden comparisons. Quantify the response and defend a recommendation.,"grid labels, ruler, data sheet",treatment/control response,"Variables and units are defined, evidence is traceable, analysis is appropriate, and the recommendation states uncertainty.",Keep treatments identifiable. Follow teacher instructions and school garden safety rules.,"Translate the result into one management decision for the Grid Experiment Garden, including the evidence that triggers the decision."
GM-330,JSS 1-3,Grid Experiment Garden,10,RECOMMEND & TEST,Use scientific investigation to recommend a question about controlled garden comparisons. Quantify the response and defend a recommendation.,"grid labels, ruler, data sheet",treatment/control response,"Variables and units are defined, evidence is traceable, analysis is appropriate, and the recommendation states uncertainty.",Keep treatments identifiable. Follow teacher instructions and school garden safety rules.,"Translate the result into one management decision for the Grid Experiment Garden, including the evidence that triggers the decision."
GM-331,JSS 1-3,Crop Rotation Garden,1,DEFINE & TEST,Use scientific investigation to define a question about rotation planning and soil-cover logic. Quantify the response and defend a recommendation.,"bed history, crop-family records","family sequence, interval or cover evidence","Variables and units are defined, evidence is traceable, analysis is appropriate, and the recommendation states uncertainty.",Document prior crops correctly. Follow teacher instructions and school garden safety rules.,"Translate the result into one management decision for the Crop Rotation Garden, including the evidence that triggers the decision."
GM-332,JSS 1-3,Crop Rotation Garden,2,CROP SCIENCE MISSION,Use scientific investigation to hypothesize a question about rotation planning and soil-cover logic. Quantify the response and defend a recommendation.,"bed history, crop-family records","family sequence, interval or cover evidence","Variables and units are defined, evidence is traceable, analysis is appropriate, and the recommendation states uncertainty.",Document prior crops correctly. Follow teacher instructions and school garden safety rules.,"Translate the result into one management decision for the Crop Rotation Garden, including the evidence that triggers the decision."
GM-333,JSS 1-3,Crop Rotation Garden,3,DESIGN THE EVIDENCE,Use scientific investigation to design a question about rotation planning and soil-cover logic. Quantify the response and defend a recommendation.,"bed history, crop-family records","family sequence, interval or cover evidence","Variables and units are defined, evidence is traceable, analysis is appropriate, and the recommendation states uncertainty.",Document prior crops correctly. Follow teacher instructions and school garden safety rules.,"Translate the result into one management decision for the Crop Rotation Garden, including the evidence that triggers the decision."
GM-334,JSS 1-3,Crop Rotation Garden,4,REPLICATE & TEST,Use scientific investigation to replicate a question about rotation planning and soil-cover logic. Quantify the response and defend a recommendation.,"bed history, crop-family records","family sequence, interval or cover evidence","Variables and units are defined, evidence is traceable, analysis is appropriate, and the recommendation states uncertainty.",Document prior crops correctly. Follow teacher instructions and school garden safety rules.,"Translate the result into one management decision for the Crop Rotation Garden, including the evidence that triggers the decision."
GM-335,JSS 1-3,Crop Rotation Garden,5,CROP SCIENCE MISSION,Use scientific investigation to quantify a question about rotation planning and soil-cover logic. Quantify the response and defend a recommendation.,"bed history, crop-family records","family sequence, interval or cover evidence","Variables and units are defined, evidence is traceable, analysis is appropriate, and the recommendation states uncertainty.",Document prior crops correctly. Follow teacher instructions and school garden safety rules.,"Translate the result into one management decision for the Crop Rotation Garden, including the evidence that triggers the decision."
GM-336,JSS 1-3,Crop Rotation Garden,6,ANALYZE THE EVIDENCE,Use scientific investigation to analyze a question about rotation planning and soil-cover logic. Quantify the response and defend a recommendation.,"bed history, crop-family records","family sequence, interval or cover evidence","Variables and units are defined, evidence is traceable, analysis is appropriate, and the recommendation states uncertainty.",Document prior crops correctly. Follow teacher instructions and school garden safety rules.,"Translate the result into one management decision for the Crop Rotation Garden, including the evidence that triggers the decision."
GM-337,JSS 1-3,Crop Rotation Garden,7,DIAGNOSE & TEST,Use scientific investigation to diagnose a question about rotation planning and soil-cover logic. Quantify the response and defend a recommendation.,"bed history, crop-family records","family sequence, interval or cover evidence","Variables and units are defined, evidence is traceable, analysis is appropriate, and the recommendation states uncertainty.",Document prior crops correctly. Follow teacher instructions and school garden safety rules.,"Translate the result into one management decision for the Crop Rotation Garden, including the evidence that triggers the decision."
GM-338,JSS 1-3,Crop Rotation Garden,8,CROP SCIENCE MISSION,Use scientific investigation to model a question about rotation planning and soil-cover logic. Quantify the response and defend a recommendation.,"bed history, crop-family records","family sequence, interval or cover evidence","Variables and units are defined, evidence is traceable, analysis is appropriate, and the recommendation states uncertainty.",Document prior crops correctly. Follow teacher instructions and school garden safety rules.,"Translate the result into one management decision for the Crop Rotation Garden, including the evidence that triggers the decision."
GM-339,JSS 1-3,Crop Rotation Garden,9,EVALUATE THE EVIDENCE,Use scientific investigation to evaluate a question about rotation planning and soil-cover logic. Quantify the response and defend a recommendation.,"bed history, crop-family records","family sequence, interval or cover evidence","Variables and units are defined, evidence is traceable, analysis is appropriate, and the recommendation states uncertainty.",Document prior crops correctly. Follow teacher instructions and school garden safety rules.,"Translate the result into one management decision for the Crop Rotation Garden, including the evidence that triggers the decision."
GM-340,JSS 1-3,Crop Rotation Garden,10,RECOMMEND & TEST,Use scientific investigation to recommend a question about rotation planning and soil-cover logic. Quantify the response and defend a recommendation.,"bed history, crop-family records","family sequence, interval or cover evidence","Variables and units are defined, evidence is traceable, analysis is appropriate, and the recommendation states uncertainty.",Document prior crops correctly. Follow teacher instructions and school garden safety rules.,"Translate the result into one management decision for the Crop Rotation Garden, including the evidence that triggers the decision."
GM-341,JSS 1-3,Intercropping Garden,1,DEFINE & TEST,Use scientific investigation to define a question about two-crop interactions. Quantify the response and defend a recommendation.,"crop samples, ruler, harvest records","density, canopy, component yield or LER evidence","Variables and units are defined, evidence is traceable, analysis is appropriate, and the recommendation states uncertainty.",Keep crop components separate in records. Follow teacher instructions and school garden safety rules.,"Translate the result into one management decision for the Intercropping Garden, including the evidence that triggers the decision."
GM-342,JSS 1-3,Intercropping Garden,2,INTERCROPPING SCIENCE MISSION,Use scientific investigation to hypothesize a question about two-crop interactions. Quantify the response and defend a recommendation.,"crop samples, ruler, harvest records","density, canopy, component yield or LER evidence","Variables and units are defined, evidence is traceable, analysis is appropriate, and the recommendation states uncertainty.",Keep crop components separate in records. Follow teacher instructions and school garden safety rules.,"Translate the result into one management decision for the Intercropping Garden, including the evidence that triggers the decision."
GM-343,JSS 1-3,Intercropping Garden,3,DESIGN THE EVIDENCE,Use scientific investigation to design a question about two-crop interactions. Quantify the response and defend a recommendation.,"crop samples, ruler, harvest records","density, canopy, component yield or LER evidence","Variables and units are defined, evidence is traceable, analysis is appropriate, and the recommendation states uncertainty.",Keep crop components separate in records. Follow teacher instructions and school garden safety rules.,"Translate the result into one management decision for the Intercropping Garden, including the evidence that triggers the decision."
GM-344,JSS 1-3,Intercropping Garden,4,REPLICATE & TEST,Use scientific investigation to replicate a question about two-crop interactions. Quantify the response and defend a recommendation.,"crop samples, ruler, harvest records","density, canopy, component yield or LER evidence","Variables and units are defined, evidence is traceable, analysis is appropriate, and the recommendation states uncertainty.",Keep crop components separate in records. Follow teacher instructions and school garden safety rules.,"Translate the result into one management decision for the Intercropping Garden, including the evidence that triggers the decision."
GM-345,JSS 1-3,Intercropping Garden,5,INTERCROPPING SCIENCE MISSION,Use scientific investigation to quantify a question about two-crop interactions. Quantify the response and defend a recommendation.,"crop samples, ruler, harvest records","density, canopy, component yield or LER evidence","Variables and units are defined, evidence is traceable, analysis is appropriate, and the recommendation states uncertainty.",Keep crop components separate in records. Follow teacher instructions and school garden safety rules.,"Translate the result into one management decision for the Intercropping Garden, including the evidence that triggers the decision."
GM-346,JSS 1-3,Intercropping Garden,6,ANALYZE THE EVIDENCE,Use scientific investigation to analyze a question about two-crop interactions. Quantify the response and defend a recommendation.,"crop samples, ruler, harvest records","density, canopy, component yield or LER evidence","Variables and units are defined, evidence is traceable, analysis is appropriate, and the recommendation states uncertainty.",Keep crop components separate in records. Follow teacher instructions and school garden safety rules.,"Translate the result into one management decision for the Intercropping Garden, including the evidence that triggers the decision."
GM-347,JSS 1-3,Intercropping Garden,7,DIAGNOSE & TEST,Use scientific investigation to diagnose a question about two-crop interactions. Quantify the response and defend a recommendation.,"crop samples, ruler, harvest records","density, canopy, component yield or LER evidence","Variables and units are defined, evidence is traceable, analysis is appropriate, and the recommendation states uncertainty.",Keep crop components separate in records. Follow teacher instructions and school garden safety rules.,"Translate the result into one management decision for the Intercropping Garden, including the evidence that triggers the decision."
GM-348,JSS 1-3,Intercropping Garden,8,INTERCROPPING SCIENCE MISSION,Use scientific investigation to model a question about two-crop interactions. Quantify the response and defend a recommendation.,"crop samples, ruler, harvest records","density, canopy, component yield or LER evidence","Variables and units are defined, evidence is traceable, analysis is appropriate, and the recommendation states uncertainty.",Keep crop components separate in records. Follow teacher instructions and school garden safety rules.,"Translate the result into one management decision for the Intercropping Garden, including the evidence that triggers the decision."
GM-349,JSS 1-3,Intercropping Garden,9,EVALUATE THE EVIDENCE,Use scientific investigation to evaluate a question about two-crop interactions. Quantify the response and defend a recommendation.,"crop samples, ruler, harvest records","density, canopy, component yield or LER evidence","Variables and units are defined, evidence is traceable, analysis is appropriate, and the recommendation states uncertainty.",Keep crop components separate in records. Follow teacher instructions and school garden safety rules.,"Translate the result into one management decision for the Intercropping Garden, including the evidence that triggers the decision."
GM-350,JSS 1-3,Intercropping Garden,10,RECOMMEND & TEST,Use scientific investigation to recommend a question about two-crop interactions. Quantify the response and defend a recommendation.,"crop samples, ruler, harvest records","density, canopy, component yield or LER evidence","Variables and units are defined, evidence is traceable, analysis is appropriate, and the recommendation states uncertainty.",Keep crop components separate in records. Follow teacher instructions and school garden safety rules.,"Translate the result into one management decision for the Intercropping Garden, including the evidence that triggers the decision."
GM-351,JSS 1-3,Water-Smart Garden,1,DEFINE & TEST,Use scientific investigation to define a question about water movement and productivity. Quantify the response and defend a recommendation.,"measuring container, timer, ruler","infiltration, applied water, runoff or productivity evidence","Variables and units are defined, evidence is traceable, analysis is appropriate, and the recommendation states uncertainty.",Avoid slippery wet areas. Follow teacher instructions and school garden safety rules.,"Translate the result into one management decision for the Water-Smart Garden, including the evidence that triggers the decision."
GM-352,JSS 1-3,Water-Smart Garden,2,WATER-SMART SCIENCE MISSION,Use scientific investigation to hypothesize a question about water movement and productivity. Quantify the response and defend a recommendation.,"measuring container, timer, ruler","infiltration, applied water, runoff or productivity evidence","Variables and units are defined, evidence is traceable, analysis is appropriate, and the recommendation states uncertainty.",Avoid slippery wet areas. Follow teacher instructions and school garden safety rules.,"Translate the result into one management decision for the Water-Smart Garden, including the evidence that triggers the decision."
GM-353,JSS 1-3,Water-Smart Garden,3,DESIGN THE EVIDENCE,Use scientific investigation to design a question about water movement and productivity. Quantify the response and defend a recommendation.,"measuring container, timer, ruler","infiltration, applied water, runoff or productivity evidence","Variables and units are defined, evidence is traceable, analysis is appropriate, and the recommendation states uncertainty.",Avoid slippery wet areas. Follow teacher instructions and school garden safety rules.,"Translate the result into one management decision for the Water-Smart Garden, including the evidence that triggers the decision."
GM-354,JSS 1-3,Water-Smart Garden,4,REPLICATE & TEST,Use scientific investigation to replicate a question about water movement and productivity. Quantify the response and defend a recommendation.,"measuring container, timer, ruler","infiltration, applied water, runoff or productivity evidence","Variables and units are defined, evidence is traceable, analysis is appropriate, and the recommendation states uncertainty.",Avoid slippery wet areas. Follow teacher instructions and school garden safety rules.,"Translate the result into one management decision for the Water-Smart Garden, including the evidence that triggers the decision."
GM-355,JSS 1-3,Water-Smart Garden,5,WATER-SMART SCIENCE MISSION,Use scientific investigation to quantify a question about water movement and productivity. Quantify the response and defend a recommendation.,"measuring container, timer, ruler","infiltration, applied water, runoff or productivity evidence","Variables and units are defined, evidence is traceable, analysis is appropriate, and the recommendation states uncertainty.",Avoid slippery wet areas. Follow teacher instructions and school garden safety rules.,"Translate the result into one management decision for the Water-Smart Garden, including the evidence that triggers the decision."
GM-356,JSS 1-3,Water-Smart Garden,6,ANALYZE THE EVIDENCE,Use scientific investigation to analyze a question about water movement and productivity. Quantify the response and defend a recommendation.,"measuring container, timer, ruler","infiltration, applied water, runoff or productivity evidence","Variables and units are defined, evidence is traceable, analysis is appropriate, and the recommendation states uncertainty.",Avoid slippery wet areas. Follow teacher instructions and school garden safety rules.,"Translate the result into one management decision for the Water-Smart Garden, including the evidence that triggers the decision."
GM-357,JSS 1-3,Water-Smart Garden,7,DIAGNOSE & TEST,Use scientific investigation to diagnose a question about water movement and productivity. Quantify the response and defend a recommendation.,"measuring container, timer, ruler","infiltration, applied water, runoff or productivity evidence","Variables and units are defined, evidence is traceable, analysis is appropriate, and the recommendation states uncertainty.",Avoid slippery wet areas. Follow teacher instructions and school garden safety rules.,"Translate the result into one management decision for the Water-Smart Garden, including the evidence that triggers the decision."
GM-358,JSS 1-3,Water-Smart Garden,8,WATER-SMART SCIENCE MISSION,Use scientific investigation to model a question about water movement and productivity. Quantify the response and defend a recommendation.,"measuring container, timer, ruler","infiltration, applied water, runoff or productivity evidence","Variables and units are defined, evidence is traceable, analysis is appropriate, and the recommendation states uncertainty.",Avoid slippery wet areas. Follow teacher instructions and school garden safety rules.,"Translate the result into one management decision for the Water-Smart Garden, including the evidence that triggers the decision."
GM-359,JSS 1-3,Water-Smart Garden,9,EVALUATE THE EVIDENCE,Use scientific investigation to evaluate a question about water movement and productivity. Quantify the response and defend a recommendation.,"measuring container, timer, ruler","infiltration, applied water, runoff or productivity evidence","Variables and units are defined, evidence is traceable, analysis is appropriate, and the recommendation states uncertainty.",Avoid slippery wet areas. Follow teacher instructions and school garden safety rules.,"Translate the result into one management decision for the Water-Smart Garden, including the evidence that triggers the decision."
GM-360,JSS 1-3,Water-Smart Garden,10,RECOMMEND & TEST,Use scientific investigation to recommend a question about water movement and productivity. Quantify the response and defend a recommendation.,"measuring container, timer, ruler","infiltration, applied water, runoff or productivity evidence","Variables and units are defined, evidence is traceable, analysis is appropriate, and the recommendation states uncertainty.",Avoid slippery wet areas. Follow teacher instructions and school garden safety rules.,"Translate the result into one management decision for the Water-Smart Garden, including the evidence that triggers the decision."
GM-361,JSS 1-3,Compost & Soil Garden,1,DEFINE & TEST,Use scientific investigation to define a question about compost-soil processes. Quantify the response and defend a recommendation.,"compost records, soil observations","temperature, moisture, volume, maturity or soil response","Variables and units are defined, evidence is traceable, analysis is appropriate, and the recommendation states uncertainty.",Use mature compost only where instructed. Follow teacher instructions and school garden safety rules.,"Translate the result into one management decision for the Compost & Soil Garden, including the evidence that triggers the decision."
GM-362,JSS 1-3,Compost & Soil Garden,2,COMPOST SCIENCE MISSION,Use scientific investigation to hypothesize a question about compost-soil processes. Quantify the response and defend a recommendation.,"compost records, soil observations","temperature, moisture, volume, maturity or soil response","Variables and units are defined, evidence is traceable, analysis is appropriate, and the recommendation states uncertainty.",Use mature compost only where instructed. Follow teacher instructions and school garden safety rules.,"Translate the result into one management decision for the Compost & Soil Garden, including the evidence that triggers the decision."
GM-363,JSS 1-3,Compost & Soil Garden,3,DESIGN THE EVIDENCE,Use scientific investigation to design a question about compost-soil processes. Quantify the response and defend a recommendation.,"compost records, soil observations","temperature, moisture, volume, maturity or soil response","Variables and units are defined, evidence is traceable, analysis is appropriate, and the recommendation states uncertainty.",Use mature compost only where instructed. Follow teacher instructions and school garden safety rules.,"Translate the result into one management decision for the Compost & Soil Garden, including the evidence that triggers the decision."
GM-364,JSS 1-3,Compost & Soil Garden,4,REPLICATE & TEST,Use scientific investigation to replicate a question about compost-soil processes. Quantify the response and defend a recommendation.,"compost records, soil observations","temperature, moisture, volume, maturity or soil response","Variables and units are defined, evidence is traceable, analysis is appropriate, and the recommendation states uncertainty.",Use mature compost only where instructed. Follow teacher instructions and school garden safety rules.,"Translate the result into one management decision for the Compost & Soil Garden, including the evidence that triggers the decision."
GM-365,JSS 1-3,Compost & Soil Garden,5,COMPOST SCIENCE MISSION,Use scientific investigation to quantify a question about compost-soil processes. Quantify the response and defend a recommendation.,"compost records, soil observations","temperature, moisture, volume, maturity or soil response","Variables and units are defined, evidence is traceable, analysis is appropriate, and the recommendation states uncertainty.",Use mature compost only where instructed. Follow teacher instructions and school garden safety rules.,"Translate the result into one management decision for the Compost & Soil Garden, including the evidence that triggers the decision."
GM-366,JSS 1-3,Compost & Soil Garden,6,ANALYZE THE EVIDENCE,Use scientific investigation to analyze a question about compost-soil processes. Quantify the response and defend a recommendation.,"compost records, soil observations","temperature, moisture, volume, maturity or soil response","Variables and units are defined, evidence is traceable, analysis is appropriate, and the recommendation states uncertainty.",Use mature compost only where instructed. Follow teacher instructions and school garden safety rules.,"Translate the result into one management decision for the Compost & Soil Garden, including the evidence that triggers the decision."
GM-367,JSS 1-3,Compost & Soil Garden,7,DIAGNOSE & TEST,Use scientific investigation to diagnose a question about compost-soil processes. Quantify the response and defend a recommendation.,"compost records, soil observations","temperature, moisture, volume, maturity or soil response","Variables and units are defined, evidence is traceable, analysis is appropriate, and the recommendation states uncertainty.",Use mature compost only where instructed. Follow teacher instructions and school garden safety rules.,"Translate the result into one management decision for the Compost & Soil Garden, including the evidence that triggers the decision."
GM-368,JSS 1-3,Compost & Soil Garden,8,COMPOST SCIENCE MISSION,Use scientific investigation to model a question about compost-soil processes. Quantify the response and defend a recommendation.,"compost records, soil observations","temperature, moisture, volume, maturity or soil response","Variables and units are defined, evidence is traceable, analysis is appropriate, and the recommendation states uncertainty.",Use mature compost only where instructed. Follow teacher instructions and school garden safety rules.,"Translate the result into one management decision for the Compost & Soil Garden, including the evidence that triggers the decision."
GM-369,JSS 1-3,Compost & Soil Garden,9,EVALUATE THE EVIDENCE,Use scientific investigation to evaluate a question about compost-soil processes. Quantify the response and defend a recommendation.,"compost records, soil observations","temperature, moisture, volume, maturity or soil response","Variables and units are defined, evidence is traceable, analysis is appropriate, and the recommendation states uncertainty.",Use mature compost only where instructed. Follow teacher instructions and school garden safety rules.,"Translate the result into one management decision for the Compost & Soil Garden, including the evidence that triggers the decision."
GM-370,JSS 1-3,Compost & Soil Garden,10,RECOMMEND & TEST,Use scientific investigation to recommend a question about compost-soil processes. Quantify the response and defend a recommendation.,"compost records, soil observations","temperature, moisture, volume, maturity or soil response","Variables and units are defined, evidence is traceable, analysis is appropriate, and the recommendation states uncertainty.",Use mature compost only where instructed. Follow teacher instructions and school garden safety rules.,"Translate the result into one management decision for the Compost & Soil Garden, including the evidence that triggers the decision."
GM-371,JSS 1-3,Soilless Learning Garden,1,DEFINE & TEST,Use scientific investigation to define a question about recirculating soilless operation. Quantify the response and defend a recommendation.,"system map, pH/EC/flow tools","solution, flow or root-zone evidence","Variables and units are defined, evidence is traceable, analysis is appropriate, and the recommendation states uncertainty.",Teacher supervises solution measurements. Follow teacher instructions and school garden safety rules.,"Translate the result into one management decision for the Soilless Learning Garden, including the evidence that triggers the decision."
GM-372,JSS 1-3,Soilless Learning Garden,2,SOILLESS SCIENCE MISSION,Use scientific investigation to hypothesize a question about recirculating soilless operation. Quantify the response and defend a recommendation.,"system map, pH/EC/flow tools","solution, flow or root-zone evidence","Variables and units are defined, evidence is traceable, analysis is appropriate, and the recommendation states uncertainty.",Teacher supervises solution measurements. Follow teacher instructions and school garden safety rules.,"Translate the result into one management decision for the Soilless Learning Garden, including the evidence that triggers the decision."
GM-373,JSS 1-3,Soilless Learning Garden,3,DESIGN THE EVIDENCE,Use scientific investigation to design a question about recirculating soilless operation. Quantify the response and defend a recommendation.,"system map, pH/EC/flow tools","solution, flow or root-zone evidence","Variables and units are defined, evidence is traceable, analysis is appropriate, and the recommendation states uncertainty.",Teacher supervises solution measurements. Follow teacher instructions and school garden safety rules.,"Translate the result into one management decision for the Soilless Learning Garden, including the evidence that triggers the decision."
GM-374,JSS 1-3,Soilless Learning Garden,4,REPLICATE & TEST,Use scientific investigation to replicate a question about recirculating soilless operation. Quantify the response and defend a recommendation.,"system map, pH/EC/flow tools","solution, flow or root-zone evidence","Variables and units are defined, evidence is traceable, analysis is appropriate, and the recommendation states uncertainty.",Teacher supervises solution measurements. Follow teacher instructions and school garden safety rules.,"Translate the result into one management decision for the Soilless Learning Garden, including the evidence that triggers the decision."
GM-375,JSS 1-3,Soilless Learning Garden,5,SOILLESS SCIENCE MISSION,Use scientific investigation to quantify a question about recirculating soilless operation. Quantify the response and defend a recommendation.,"system map, pH/EC/flow tools","solution, flow or root-zone evidence","Variables and units are defined, evidence is traceable, analysis is appropriate, and the recommendation states uncertainty.",Teacher supervises solution measurements. Follow teacher instructions and school garden safety rules.,"Translate the result into one management decision for the Soilless Learning Garden, including the evidence that triggers the decision."
GM-376,JSS 1-3,Soilless Learning Garden,6,ANALYZE THE EVIDENCE,Use scientific investigation to analyze a question about recirculating soilless operation. Quantify the response and defend a recommendation.,"system map, pH/EC/flow tools","solution, flow or root-zone evidence","Variables and units are defined, evidence is traceable, analysis is appropriate, and the recommendation states uncertainty.",Teacher supervises solution measurements. Follow teacher instructions and school garden safety rules.,"Translate the result into one management decision for the Soilless Learning Garden, including the evidence that triggers the decision."
GM-377,JSS 1-3,Soilless Learning Garden,7,DIAGNOSE & TEST,Use scientific investigation to diagnose a question about recirculating soilless operation. Quantify the response and defend a recommendation.,"system map, pH/EC/flow tools","solution, flow or root-zone evidence","Variables and units are defined, evidence is traceable, analysis is appropriate, and the recommendation states uncertainty.",Teacher supervises solution measurements. Follow teacher instructions and school garden safety rules.,"Translate the result into one management decision for the Soilless Learning Garden, including the evidence that triggers the decision."
GM-378,JSS 1-3,Soilless Learning Garden,8,SOILLESS SCIENCE MISSION,Use scientific investigation to model a question about recirculating soilless operation. Quantify the response and defend a recommendation.,"system map, pH/EC/flow tools","solution, flow or root-zone evidence","Variables and units are defined, evidence is traceable, analysis is appropriate, and the recommendation states uncertainty.",Teacher supervises solution measurements. Follow teacher instructions and school garden safety rules.,"Translate the result into one management decision for the Soilless Learning Garden, including the evidence that triggers the decision."
GM-379,JSS 1-3,Soilless Learning Garden,9,EVALUATE THE EVIDENCE,Use scientific investigation to evaluate a question about recirculating soilless operation. Quantify the response and defend a recommendation.,"system map, pH/EC/flow tools","solution, flow or root-zone evidence","Variables and units are defined, evidence is traceable, analysis is appropriate, and the recommendation states uncertainty.",Teacher supervises solution measurements. Follow teacher instructions and school garden safety rules.,"Translate the result into one management decision for the Soilless Learning Garden, including the evidence that triggers the decision."
GM-380,JSS 1-3,Soilless Learning Garden,10,RECOMMEND & TEST,Use scientific investigation to recommend a question about recirculating soilless operation. Quantify the response and defend a recommendation.,"system map, pH/EC/flow tools","solution, flow or root-zone evidence","Variables and units are defined, evidence is traceable, analysis is appropriate, and the recommendation states uncertainty.",Teacher supervises solution measurements. Follow teacher instructions and school garden safety rules.,"Translate the result into one management decision for the Soilless Learning Garden, including the evidence that triggers the decision."
GM-381,JSS 1-3,Sensor-Ready Garden,1,DEFINE & TEST,Use scientific investigation to define a question about sensor measurement quality. Quantify the response and defend a recommendation.,"sensor, reference method, data sheet","repeatability, error, placement or drift evidence","Variables and units are defined, evidence is traceable, analysis is appropriate, and the recommendation states uncertainty.",Protect sensors and cables. Follow teacher instructions and school garden safety rules.,"Translate the result into one management decision for the Sensor-Ready Garden, including the evidence that triggers the decision."
GM-382,JSS 1-3,Sensor-Ready Garden,2,SENSOR-READY SCIENCE MISSION,Use scientific investigation to hypothesize a question about sensor measurement quality. Quantify the response and defend a recommendation.,"sensor, reference method, data sheet","repeatability, error, placement or drift evidence","Variables and units are defined, evidence is traceable, analysis is appropriate, and the recommendation states uncertainty.",Protect sensors and cables. Follow teacher instructions and school garden safety rules.,"Translate the result into one management decision for the Sensor-Ready Garden, including the evidence that triggers the decision."
GM-383,JSS 1-3,Sensor-Ready Garden,3,DESIGN THE EVIDENCE,Use scientific investigation to design a question about sensor measurement quality. Quantify the response and defend a recommendation.,"sensor, reference method, data sheet","repeatability, error, placement or drift evidence","Variables and units are defined, evidence is traceable, analysis is appropriate, and the recommendation states uncertainty.",Protect sensors and cables. Follow teacher instructions and school garden safety rules.,"Translate the result into one management decision for the Sensor-Ready Garden, including the evidence that triggers the decision."
GM-384,JSS 1-3,Sensor-Ready Garden,4,REPLICATE & TEST,Use scientific investigation to replicate a question about sensor measurement quality. Quantify the response and defend a recommendation.,"sensor, reference method, data sheet","repeatability, error, placement or drift evidence","Variables and units are defined, evidence is traceable, analysis is appropriate, and the recommendation states uncertainty.",Protect sensors and cables. Follow teacher instructions and school garden safety rules.,"Translate the result into one management decision for the Sensor-Ready Garden, including the evidence that triggers the decision."
GM-385,JSS 1-3,Sensor-Ready Garden,5,SENSOR-READY SCIENCE MISSION,Use scientific investigation to quantify a question about sensor measurement quality. Quantify the response and defend a recommendation.,"sensor, reference method, data sheet","repeatability, error, placement or drift evidence","Variables and units are defined, evidence is traceable, analysis is appropriate, and the recommendation states uncertainty.",Protect sensors and cables. Follow teacher instructions and school garden safety rules.,"Translate the result into one management decision for the Sensor-Ready Garden, including the evidence that triggers the decision."
GM-386,JSS 1-3,Sensor-Ready Garden,6,ANALYZE THE EVIDENCE,Use scientific investigation to analyze a question about sensor measurement quality. Quantify the response and defend a recommendation.,"sensor, reference method, data sheet","repeatability, error, placement or drift evidence","Variables and units are defined, evidence is traceable, analysis is appropriate, and the recommendation states uncertainty.",Protect sensors and cables. Follow teacher instructions and school garden safety rules.,"Translate the result into one management decision for the Sensor-Ready Garden, including the evidence that triggers the decision."
GM-387,JSS 1-3,Sensor-Ready Garden,7,DIAGNOSE & TEST,Use scientific investigation to diagnose a question about sensor measurement quality. Quantify the response and defend a recommendation.,"sensor, reference method, data sheet","repeatability, error, placement or drift evidence","Variables and units are defined, evidence is traceable, analysis is appropriate, and the recommendation states uncertainty.",Protect sensors and cables. Follow teacher instructions and school garden safety rules.,"Translate the result into one management decision for the Sensor-Ready Garden, including the evidence that triggers the decision."
GM-388,JSS 1-3,Sensor-Ready Garden,8,SENSOR-READY SCIENCE MISSION,Use scientific investigation to model a question about sensor measurement quality. Quantify the response and defend a recommendation.,"sensor, reference method, data sheet","repeatability, error, placement or drift evidence","Variables and units are defined, evidence is traceable, analysis is appropriate, and the recommendation states uncertainty.",Protect sensors and cables. Follow teacher instructions and school garden safety rules.,"Translate the result into one management decision for the Sensor-Ready Garden, including the evidence that triggers the decision."
GM-389,JSS 1-3,Sensor-Ready Garden,9,EVALUATE THE EVIDENCE,Use scientific investigation to evaluate a question about sensor measurement quality. Quantify the response and defend a recommendation.,"sensor, reference method, data sheet","repeatability, error, placement or drift evidence","Variables and units are defined, evidence is traceable, analysis is appropriate, and the recommendation states uncertainty.",Protect sensors and cables. Follow teacher instructions and school garden safety rules.,"Translate the result into one management decision for the Sensor-Ready Garden, including the evidence that triggers the decision."
GM-390,JSS 1-3,Sensor-Ready Garden,10,RECOMMEND & TEST,Use scientific investigation to recommend a question about sensor measurement quality. Quantify the response and defend a recommendation.,"sensor, reference method, data sheet","repeatability, error, placement or drift evidence","Variables and units are defined, evidence is traceable, analysis is appropriate, and the recommendation states uncertainty.",Protect sensors and cables. Follow teacher instructions and school garden safety rules.,"Translate the result into one management decision for the Sensor-Ready Garden, including the evidence that triggers the decision."
GM-391,JSS 1-3,Applied Systems Garden,1,DEFINE & TEST,Use scientific investigation to define a question about whole-system relationships. Quantify the response and defend a recommendation.,"system map, records, calculator","stock, flow, feedback, trade-off or scenario evidence","Variables and units are defined, evidence is traceable, analysis is appropriate, and the recommendation states uncertainty.",Define system boundary. Follow teacher instructions and school garden safety rules.,"Translate the result into one management decision for the Applied Systems Garden, including the evidence that triggers the decision."
GM-392,JSS 1-3,Applied Systems Garden,2,APPLIED SCIENCE MISSION,Use scientific investigation to hypothesize a question about whole-system relationships. Quantify the response and defend a recommendation.,"system map, records, calculator","stock, flow, feedback, trade-off or scenario evidence","Variables and units are defined, evidence is traceable, analysis is appropriate, and the recommendation states uncertainty.",Define system boundary. Follow teacher instructions and school garden safety rules.,"Translate the result into one management decision for the Applied Systems Garden, including the evidence that triggers the decision."
GM-393,JSS 1-3,Applied Systems Garden,3,DESIGN THE EVIDENCE,Use scientific investigation to design a question about whole-system relationships. Quantify the response and defend a recommendation.,"system map, records, calculator","stock, flow, feedback, trade-off or scenario evidence","Variables and units are defined, evidence is traceable, analysis is appropriate, and the recommendation states uncertainty.",Define system boundary. Follow teacher instructions and school garden safety rules.,"Translate the result into one management decision for the Applied Systems Garden, including the evidence that triggers the decision."
GM-394,JSS 1-3,Applied Systems Garden,4,REPLICATE & TEST,Use scientific investigation to replicate a question about whole-system relationships. Quantify the response and defend a recommendation.,"system map, records, calculator","stock, flow, feedback, trade-off or scenario evidence","Variables and units are defined, evidence is traceable, analysis is appropriate, and the recommendation states uncertainty.",Define system boundary. Follow teacher instructions and school garden safety rules.,"Translate the result into one management decision for the Applied Systems Garden, including the evidence that triggers the decision."
GM-395,JSS 1-3,Applied Systems Garden,5,APPLIED SCIENCE MISSION,Use scientific investigation to quantify a question about whole-system relationships. Quantify the response and defend a recommendation.,"system map, records, calculator","stock, flow, feedback, trade-off or scenario evidence","Variables and units are defined, evidence is traceable, analysis is appropriate, and the recommendation states uncertainty.",Define system boundary. Follow teacher instructions and school garden safety rules.,"Translate the result into one management decision for the Applied Systems Garden, including the evidence that triggers the decision."
GM-396,JSS 1-3,Applied Systems Garden,6,ANALYZE THE EVIDENCE,Use scientific investigation to analyze a question about whole-system relationships. Quantify the response and defend a recommendation.,"system map, records, calculator","stock, flow, feedback, trade-off or scenario evidence","Variables and units are defined, evidence is traceable, analysis is appropriate, and the recommendation states uncertainty.",Define system boundary. Follow teacher instructions and school garden safety rules.,"Translate the result into one management decision for the Applied Systems Garden, including the evidence that triggers the decision."
GM-397,JSS 1-3,Applied Systems Garden,7,DIAGNOSE & TEST,Use scientific investigation to diagnose a question about whole-system relationships. Quantify the response and defend a recommendation.,"system map, records, calculator","stock, flow, feedback, trade-off or scenario evidence","Variables and units are defined, evidence is traceable, analysis is appropriate, and the recommendation states uncertainty.",Define system boundary. Follow teacher instructions and school garden safety rules.,"Translate the result into one management decision for the Applied Systems Garden, including the evidence that triggers the decision."
GM-398,JSS 1-3,Applied Systems Garden,8,APPLIED SCIENCE MISSION,Use scientific investigation to model a question about whole-system relationships. Quantify the response and defend a recommendation.,"system map, records, calculator","stock, flow, feedback, trade-off or scenario evidence","Variables and units are defined, evidence is traceable, analysis is appropriate, and the recommendation states uncertainty.",Define system boundary. Follow teacher instructions and school garden safety rules.,"Translate the result into one management decision for the Applied Systems Garden, including the evidence that triggers the decision."
GM-399,JSS 1-3,Applied Systems Garden,9,EVALUATE THE EVIDENCE,Use scientific investigation to evaluate a question about whole-system relationships. Quantify the response and defend a recommendation.,"system map, records, calculator","stock, flow, feedback, trade-off or scenario evidence","Variables and units are defined, evidence is traceable, analysis is appropriate, and the recommendation states uncertainty.",Define system boundary. Follow teacher instructions and school garden safety rules.,"Translate the result into one management decision for the Applied Systems Garden, including the evidence that triggers the decision."
GM-400,JSS 1-3,Applied Systems Garden,10,RECOMMEND & TEST,Use scientific investigation to recommend a question about whole-system relationships. Quantify the response and defend a recommendation.,"system map, records, calculator","stock, flow, feedback, trade-off or scenario evidence","Variables and units are defined, evidence is traceable, analysis is appropriate, and the recommendation states uncertainty.",Define system boundary. Follow teacher instructions and school garden safety rules.,"Translate the result into one management decision for the Applied Systems Garden, including the evidence that triggers the decision."
GM-401,SSS 1-3,Advanced Production Garden,1,FRAME FOR PERFORMANCE,Frame and execute a research or engineering mission on advanced production efficiency. Produce quantitative evidence that can support a design or management decision.,"production records, instruments, calculator","yield component, harvest index or efficiency evidence","The method is reproducible, assumptions are explicit, uncertainty is addressed, and the recommendation is technically defensible.",Use documented methods. Follow teacher instructions and school garden safety rules.,"Propose one optimization or next-stage prototype/test for the Advanced Production Garden, including a measurable acceptance criterion."
GM-402,SSS 1-3,Advanced Production Garden,2,ADVANCED RESEARCH MISSION,Frame and execute a research or engineering mission on advanced production efficiency. Produce quantitative evidence that can support a design or management decision.,"production records, instruments, calculator","yield component, harvest index or efficiency evidence","The method is reproducible, assumptions are explicit, uncertainty is addressed, and the recommendation is technically defensible.",Use documented methods. Follow teacher instructions and school garden safety rules.,"Propose one optimization or next-stage prototype/test for the Advanced Production Garden, including a measurable acceptance criterion."
GM-403,SSS 1-3,Advanced Production Garden,3,INSTRUMENT THE DESIGN,Frame and execute a research or engineering mission on advanced production efficiency. Produce quantitative evidence that can support a design or management decision.,"production records, instruments, calculator","yield component, harvest index or efficiency evidence","The method is reproducible, assumptions are explicit, uncertainty is addressed, and the recommendation is technically defensible.",Use documented methods. Follow teacher instructions and school garden safety rules.,"Propose one optimization or next-stage prototype/test for the Advanced Production Garden, including a measurable acceptance criterion."
GM-404,SSS 1-3,Advanced Production Garden,4,CALIBRATE FOR PERFORMANCE,Frame and execute a research or engineering mission on advanced production efficiency. Produce quantitative evidence that can support a design or management decision.,"production records, instruments, calculator","yield component, harvest index or efficiency evidence","The method is reproducible, assumptions are explicit, uncertainty is addressed, and the recommendation is technically defensible.",Use documented methods. Follow teacher instructions and school garden safety rules.,"Propose one optimization or next-stage prototype/test for the Advanced Production Garden, including a measurable acceptance criterion."
GM-405,SSS 1-3,Advanced Production Garden,5,ADVANCED RESEARCH MISSION,Frame and execute a research or engineering mission on advanced production efficiency. Produce quantitative evidence that can support a design or management decision.,"production records, instruments, calculator","yield component, harvest index or efficiency evidence","The method is reproducible, assumptions are explicit, uncertainty is addressed, and the recommendation is technically defensible.",Use documented methods. Follow teacher instructions and school garden safety rules.,"Propose one optimization or next-stage prototype/test for the Advanced Production Garden, including a measurable acceptance criterion."
GM-406,SSS 1-3,Advanced Production Garden,6,VALIDATE THE DESIGN,Frame and execute a research or engineering mission on advanced production efficiency. Produce quantitative evidence that can support a design or management decision.,"production records, instruments, calculator","yield component, harvest index or efficiency evidence","The method is reproducible, assumptions are explicit, uncertainty is addressed, and the recommendation is technically defensible.",Use documented methods. Follow teacher instructions and school garden safety rules.,"Propose one optimization or next-stage prototype/test for the Advanced Production Garden, including a measurable acceptance criterion."
GM-407,SSS 1-3,Advanced Production Garden,7,EVALUATE FOR PERFORMANCE,Frame and execute a research or engineering mission on advanced production efficiency. Produce quantitative evidence that can support a design or management decision.,"production records, instruments, calculator","yield component, harvest index or efficiency evidence","The method is reproducible, assumptions are explicit, uncertainty is addressed, and the recommendation is technically defensible.",Use documented methods. Follow teacher instructions and school garden safety rules.,"Propose one optimization or next-stage prototype/test for the Advanced Production Garden, including a measurable acceptance criterion."
GM-408,SSS 1-3,Advanced Production Garden,8,ADVANCED RESEARCH MISSION,Frame and execute a research or engineering mission on advanced production efficiency. Produce quantitative evidence that can support a design or management decision.,"production records, instruments, calculator","yield component, harvest index or efficiency evidence","The method is reproducible, assumptions are explicit, uncertainty is addressed, and the recommendation is technically defensible.",Use documented methods. Follow teacher instructions and school garden safety rules.,"Propose one optimization or next-stage prototype/test for the Advanced Production Garden, including a measurable acceptance criterion."
GM-409,SSS 1-3,Advanced Production Garden,9,STRESS-TEST THE DESIGN,Frame and execute a research or engineering mission on advanced production efficiency. Produce quantitative evidence that can support a design or management decision.,"production records, instruments, calculator","yield component, harvest index or efficiency evidence","The method is reproducible, assumptions are explicit, uncertainty is addressed, and the recommendation is technically defensible.",Use documented methods. Follow teacher instructions and school garden safety rules.,"Propose one optimization or next-stage prototype/test for the Advanced Production Garden, including a measurable acceptance criterion."
GM-410,SSS 1-3,Advanced Production Garden,10,RECOMMEND FOR PERFORMANCE,Frame and execute a research or engineering mission on advanced production efficiency. Produce quantitative evidence that can support a design or management decision.,"production records, instruments, calculator","yield component, harvest index or efficiency evidence","The method is reproducible, assumptions are explicit, uncertainty is addressed, and the recommendation is technically defensible.",Use documented methods. Follow teacher instructions and school garden safety rules.,"Propose one optimization or next-stage prototype/test for the Advanced Production Garden, including a measurable acceptance criterion."
GM-411,SSS 1-3,Crop Trial Garden,1,FRAME FOR PERFORMANCE,Frame and execute a research or engineering mission on replicated crop trials. Produce quantitative evidence that can support a design or management decision.,"trial map, treatment labels, data sheet","mean, SD, treatment effect or block evidence","The method is reproducible, assumptions are explicit, uncertainty is addressed, and the recommendation is technically defensible.",Preserve treatment identity. Follow teacher instructions and school garden safety rules.,"Propose one optimization or next-stage prototype/test for the Crop Trial Garden, including a measurable acceptance criterion."
GM-412,SSS 1-3,Crop Trial Garden,2,CROP RESEARCH MISSION,Frame and execute a research or engineering mission on replicated crop trials. Produce quantitative evidence that can support a design or management decision.,"trial map, treatment labels, data sheet","mean, SD, treatment effect or block evidence","The method is reproducible, assumptions are explicit, uncertainty is addressed, and the recommendation is technically defensible.",Preserve treatment identity. Follow teacher instructions and school garden safety rules.,"Propose one optimization or next-stage prototype/test for the Crop Trial Garden, including a measurable acceptance criterion."
GM-413,SSS 1-3,Crop Trial Garden,3,INSTRUMENT THE DESIGN,Frame and execute a research or engineering mission on replicated crop trials. Produce quantitative evidence that can support a design or management decision.,"trial map, treatment labels, data sheet","mean, SD, treatment effect or block evidence","The method is reproducible, assumptions are explicit, uncertainty is addressed, and the recommendation is technically defensible.",Preserve treatment identity. Follow teacher instructions and school garden safety rules.,"Propose one optimization or next-stage prototype/test for the Crop Trial Garden, including a measurable acceptance criterion."
GM-414,SSS 1-3,Crop Trial Garden,4,CALIBRATE FOR PERFORMANCE,Frame and execute a research or engineering mission on replicated crop trials. Produce quantitative evidence that can support a design or management decision.,"trial map, treatment labels, data sheet","mean, SD, treatment effect or block evidence","The method is reproducible, assumptions are explicit, uncertainty is addressed, and the recommendation is technically defensible.",Preserve treatment identity. Follow teacher instructions and school garden safety rules.,"Propose one optimization or next-stage prototype/test for the Crop Trial Garden, including a measurable acceptance criterion."
GM-415,SSS 1-3,Crop Trial Garden,5,CROP RESEARCH MISSION,Frame and execute a research or engineering mission on replicated crop trials. Produce quantitative evidence that can support a design or management decision.,"trial map, treatment labels, data sheet","mean, SD, treatment effect or block evidence","The method is reproducible, assumptions are explicit, uncertainty is addressed, and the recommendation is technically defensible.",Preserve treatment identity. Follow teacher instructions and school garden safety rules.,"Propose one optimization or next-stage prototype/test for the Crop Trial Garden, including a measurable acceptance criterion."
GM-416,SSS 1-3,Crop Trial Garden,6,VALIDATE THE DESIGN,Frame and execute a research or engineering mission on replicated crop trials. Produce quantitative evidence that can support a design or management decision.,"trial map, treatment labels, data sheet","mean, SD, treatment effect or block evidence","The method is reproducible, assumptions are explicit, uncertainty is addressed, and the recommendation is technically defensible.",Preserve treatment identity. Follow teacher instructions and school garden safety rules.,"Propose one optimization or next-stage prototype/test for the Crop Trial Garden, including a measurable acceptance criterion."
GM-417,SSS 1-3,Crop Trial Garden,7,EVALUATE FOR PERFORMANCE,Frame and execute a research or engineering mission on replicated crop trials. Produce quantitative evidence that can support a design or management decision.,"trial map, treatment labels, data sheet","mean, SD, treatment effect or block evidence","The method is reproducible, assumptions are explicit, uncertainty is addressed, and the recommendation is technically defensible.",Preserve treatment identity. Follow teacher instructions and school garden safety rules.,"Propose one optimization or next-stage prototype/test for the Crop Trial Garden, including a measurable acceptance criterion."
GM-418,SSS 1-3,Crop Trial Garden,8,CROP RESEARCH MISSION,Frame and execute a research or engineering mission on replicated crop trials. Produce quantitative evidence that can support a design or management decision.,"trial map, treatment labels, data sheet","mean, SD, treatment effect or block evidence","The method is reproducible, assumptions are explicit, uncertainty is addressed, and the recommendation is technically defensible.",Preserve treatment identity. Follow teacher instructions and school garden safety rules.,"Propose one optimization or next-stage prototype/test for the Crop Trial Garden, including a measurable acceptance criterion."
GM-419,SSS 1-3,Crop Trial Garden,9,STRESS-TEST THE DESIGN,Frame and execute a research or engineering mission on replicated crop trials. Produce quantitative evidence that can support a design or management decision.,"trial map, treatment labels, data sheet","mean, SD, treatment effect or block evidence","The method is reproducible, assumptions are explicit, uncertainty is addressed, and the recommendation is technically defensible.",Preserve treatment identity. Follow teacher instructions and school garden safety rules.,"Propose one optimization or next-stage prototype/test for the Crop Trial Garden, including a measurable acceptance criterion."
GM-420,SSS 1-3,Crop Trial Garden,10,RECOMMEND FOR PERFORMANCE,Frame and execute a research or engineering mission on replicated crop trials. Produce quantitative evidence that can support a design or management decision.,"trial map, treatment labels, data sheet","mean, SD, treatment effect or block evidence","The method is reproducible, assumptions are explicit, uncertainty is addressed, and the recommendation is technically defensible.",Preserve treatment identity. Follow teacher instructions and school garden safety rules.,"Propose one optimization or next-stage prototype/test for the Crop Trial Garden, including a measurable acceptance criterion."
GM-421,SSS 1-3,Controlled Experiment Garden,1,FRAME FOR PERFORMANCE,Frame and execute a research or engineering mission on causal experimental design. Produce quantitative evidence that can support a design or management decision.,"experimental layout, instruments","factor effect, interaction, confounding or sensitivity evidence","The method is reproducible, assumptions are explicit, uncertainty is addressed, and the recommendation is technically defensible.",Follow protocol exactly. Follow teacher instructions and school garden safety rules.,"Propose one optimization or next-stage prototype/test for the Controlled Experiment Garden, including a measurable acceptance criterion."
GM-422,SSS 1-3,Controlled Experiment Garden,2,CONTROLLED RESEARCH MISSION,Frame and execute a research or engineering mission on causal experimental design. Produce quantitative evidence that can support a design or management decision.,"experimental layout, instruments","factor effect, interaction, confounding or sensitivity evidence","The method is reproducible, assumptions are explicit, uncertainty is addressed, and the recommendation is technically defensible.",Follow protocol exactly. Follow teacher instructions and school garden safety rules.,"Propose one optimization or next-stage prototype/test for the Controlled Experiment Garden, including a measurable acceptance criterion."
GM-423,SSS 1-3,Controlled Experiment Garden,3,INSTRUMENT THE DESIGN,Frame and execute a research or engineering mission on causal experimental design. Produce quantitative evidence that can support a design or management decision.,"experimental layout, instruments","factor effect, interaction, confounding or sensitivity evidence","The method is reproducible, assumptions are explicit, uncertainty is addressed, and the recommendation is technically defensible.",Follow protocol exactly. Follow teacher instructions and school garden safety rules.,"Propose one optimization or next-stage prototype/test for the Controlled Experiment Garden, including a measurable acceptance criterion."
GM-424,SSS 1-3,Controlled Experiment Garden,4,CALIBRATE FOR PERFORMANCE,Frame and execute a research or engineering mission on causal experimental design. Produce quantitative evidence that can support a design or management decision.,"experimental layout, instruments","factor effect, interaction, confounding or sensitivity evidence","The method is reproducible, assumptions are explicit, uncertainty is addressed, and the recommendation is technically defensible.",Follow protocol exactly. Follow teacher instructions and school garden safety rules.,"Propose one optimization or next-stage prototype/test for the Controlled Experiment Garden, including a measurable acceptance criterion."
GM-425,SSS 1-3,Controlled Experiment Garden,5,CONTROLLED RESEARCH MISSION,Frame and execute a research or engineering mission on causal experimental design. Produce quantitative evidence that can support a design or management decision.,"experimental layout, instruments","factor effect, interaction, confounding or sensitivity evidence","The method is reproducible, assumptions are explicit, uncertainty is addressed, and the recommendation is technically defensible.",Follow protocol exactly. Follow teacher instructions and school garden safety rules.,"Propose one optimization or next-stage prototype/test for the Controlled Experiment Garden, including a measurable acceptance criterion."
GM-426,SSS 1-3,Controlled Experiment Garden,6,VALIDATE THE DESIGN,Frame and execute a research or engineering mission on causal experimental design. Produce quantitative evidence that can support a design or management decision.,"experimental layout, instruments","factor effect, interaction, confounding or sensitivity evidence","The method is reproducible, assumptions are explicit, uncertainty is addressed, and the recommendation is technically defensible.",Follow protocol exactly. Follow teacher instructions and school garden safety rules.,"Propose one optimization or next-stage prototype/test for the Controlled Experiment Garden, including a measurable acceptance criterion."
GM-427,SSS 1-3,Controlled Experiment Garden,7,EVALUATE FOR PERFORMANCE,Frame and execute a research or engineering mission on causal experimental design. Produce quantitative evidence that can support a design or management decision.,"experimental layout, instruments","factor effect, interaction, confounding or sensitivity evidence","The method is reproducible, assumptions are explicit, uncertainty is addressed, and the recommendation is technically defensible.",Follow protocol exactly. Follow teacher instructions and school garden safety rules.,"Propose one optimization or next-stage prototype/test for the Controlled Experiment Garden, including a measurable acceptance criterion."
GM-428,SSS 1-3,Controlled Experiment Garden,8,CONTROLLED RESEARCH MISSION,Frame and execute a research or engineering mission on causal experimental design. Produce quantitative evidence that can support a design or management decision.,"experimental layout, instruments","factor effect, interaction, confounding or sensitivity evidence","The method is reproducible, assumptions are explicit, uncertainty is addressed, and the recommendation is technically defensible.",Follow protocol exactly. Follow teacher instructions and school garden safety rules.,"Propose one optimization or next-stage prototype/test for the Controlled Experiment Garden, including a measurable acceptance criterion."
GM-429,SSS 1-3,Controlled Experiment Garden,9,STRESS-TEST THE DESIGN,Frame and execute a research or engineering mission on causal experimental design. Produce quantitative evidence that can support a design or management decision.,"experimental layout, instruments","factor effect, interaction, confounding or sensitivity evidence","The method is reproducible, assumptions are explicit, uncertainty is addressed, and the recommendation is technically defensible.",Follow protocol exactly. Follow teacher instructions and school garden safety rules.,"Propose one optimization or next-stage prototype/test for the Controlled Experiment Garden, including a measurable acceptance criterion."
GM-430,SSS 1-3,Controlled Experiment Garden,10,RECOMMEND FOR PERFORMANCE,Frame and execute a research or engineering mission on causal experimental design. Produce quantitative evidence that can support a design or management decision.,"experimental layout, instruments","factor effect, interaction, confounding or sensitivity evidence","The method is reproducible, assumptions are explicit, uncertainty is addressed, and the recommendation is technically defensible.",Follow protocol exactly. Follow teacher instructions and school garden safety rules.,"Propose one optimization or next-stage prototype/test for the Controlled Experiment Garden, including a measurable acceptance criterion."
GM-431,SSS 1-3,Irrigation Engineering Garden,1,FRAME FOR PERFORMANCE,Frame and execute a research or engineering mission on hydraulic design and performance. Produce quantitative evidence that can support a design or management decision.,"flow tools, elevation/pipe data, calculator","flow, head, loss, uniformity or efficiency evidence","The method is reproducible, assumptions are explicit, uncertainty is addressed, and the recommendation is technically defensible.",No electrical or pressurized work without supervision. Follow teacher instructions and school garden safety rules.,"Propose one optimization or next-stage prototype/test for the Irrigation Engineering Garden, including a measurable acceptance criterion."
GM-432,SSS 1-3,Irrigation Engineering Garden,2,IRRIGATION RESEARCH MISSION,Frame and execute a research or engineering mission on hydraulic design and performance. Produce quantitative evidence that can support a design or management decision.,"flow tools, elevation/pipe data, calculator","flow, head, loss, uniformity or efficiency evidence","The method is reproducible, assumptions are explicit, uncertainty is addressed, and the recommendation is technically defensible.",No electrical or pressurized work without supervision. Follow teacher instructions and school garden safety rules.,"Propose one optimization or next-stage prototype/test for the Irrigation Engineering Garden, including a measurable acceptance criterion."
GM-433,SSS 1-3,Irrigation Engineering Garden,3,INSTRUMENT THE DESIGN,Frame and execute a research or engineering mission on hydraulic design and performance. Produce quantitative evidence that can support a design or management decision.,"flow tools, elevation/pipe data, calculator","flow, head, loss, uniformity or efficiency evidence","The method is reproducible, assumptions are explicit, uncertainty is addressed, and the recommendation is technically defensible.",No electrical or pressurized work without supervision. Follow teacher instructions and school garden safety rules.,"Propose one optimization or next-stage prototype/test for the Irrigation Engineering Garden, including a measurable acceptance criterion."
GM-434,SSS 1-3,Irrigation Engineering Garden,4,CALIBRATE FOR PERFORMANCE,Frame and execute a research or engineering mission on hydraulic design and performance. Produce quantitative evidence that can support a design or management decision.,"flow tools, elevation/pipe data, calculator","flow, head, loss, uniformity or efficiency evidence","The method is reproducible, assumptions are explicit, uncertainty is addressed, and the recommendation is technically defensible.",No electrical or pressurized work without supervision. Follow teacher instructions and school garden safety rules.,"Propose one optimization or next-stage prototype/test for the Irrigation Engineering Garden, including a measurable acceptance criterion."
GM-435,SSS 1-3,Irrigation Engineering Garden,5,IRRIGATION RESEARCH MISSION,Frame and execute a research or engineering mission on hydraulic design and performance. Produce quantitative evidence that can support a design or management decision.,"flow tools, elevation/pipe data, calculator","flow, head, loss, uniformity or efficiency evidence","The method is reproducible, assumptions are explicit, uncertainty is addressed, and the recommendation is technically defensible.",No electrical or pressurized work without supervision. Follow teacher instructions and school garden safety rules.,"Propose one optimization or next-stage prototype/test for the Irrigation Engineering Garden, including a measurable acceptance criterion."
GM-436,SSS 1-3,Irrigation Engineering Garden,6,VALIDATE THE DESIGN,Frame and execute a research or engineering mission on hydraulic design and performance. Produce quantitative evidence that can support a design or management decision.,"flow tools, elevation/pipe data, calculator","flow, head, loss, uniformity or efficiency evidence","The method is reproducible, assumptions are explicit, uncertainty is addressed, and the recommendation is technically defensible.",No electrical or pressurized work without supervision. Follow teacher instructions and school garden safety rules.,"Propose one optimization or next-stage prototype/test for the Irrigation Engineering Garden, including a measurable acceptance criterion."
GM-437,SSS 1-3,Irrigation Engineering Garden,7,EVALUATE FOR PERFORMANCE,Frame and execute a research or engineering mission on hydraulic design and performance. Produce quantitative evidence that can support a design or management decision.,"flow tools, elevation/pipe data, calculator","flow, head, loss, uniformity or efficiency evidence","The method is reproducible, assumptions are explicit, uncertainty is addressed, and the recommendation is technically defensible.",No electrical or pressurized work without supervision. Follow teacher instructions and school garden safety rules.,"Propose one optimization or next-stage prototype/test for the Irrigation Engineering Garden, including a measurable acceptance criterion."
GM-438,SSS 1-3,Irrigation Engineering Garden,8,IRRIGATION RESEARCH MISSION,Frame and execute a research or engineering mission on hydraulic design and performance. Produce quantitative evidence that can support a design or management decision.,"flow tools, elevation/pipe data, calculator","flow, head, loss, uniformity or efficiency evidence","The method is reproducible, assumptions are explicit, uncertainty is addressed, and the recommendation is technically defensible.",No electrical or pressurized work without supervision. Follow teacher instructions and school garden safety rules.,"Propose one optimization or next-stage prototype/test for the Irrigation Engineering Garden, including a measurable acceptance criterion."
GM-439,SSS 1-3,Irrigation Engineering Garden,9,STRESS-TEST THE DESIGN,Frame and execute a research or engineering mission on hydraulic design and performance. Produce quantitative evidence that can support a design or management decision.,"flow tools, elevation/pipe data, calculator","flow, head, loss, uniformity or efficiency evidence","The method is reproducible, assumptions are explicit, uncertainty is addressed, and the recommendation is technically defensible.",No electrical or pressurized work without supervision. Follow teacher instructions and school garden safety rules.,"Propose one optimization or next-stage prototype/test for the Irrigation Engineering Garden, including a measurable acceptance criterion."
GM-440,SSS 1-3,Irrigation Engineering Garden,10,RECOMMEND FOR PERFORMANCE,Frame and execute a research or engineering mission on hydraulic design and performance. Produce quantitative evidence that can support a design or management decision.,"flow tools, elevation/pipe data, calculator","flow, head, loss, uniformity or efficiency evidence","The method is reproducible, assumptions are explicit, uncertainty is addressed, and the recommendation is technically defensible.",No electrical or pressurized work without supervision. Follow teacher instructions and school garden safety rules.,"Propose one optimization or next-stage prototype/test for the Irrigation Engineering Garden, including a measurable acceptance criterion."
GM-441,SSS 1-3,Water Productivity Garden,1,FRAME FOR PERFORMANCE,Frame and execute a research or engineering mission on water-balance and productivity analysis. Produce quantitative evidence that can support a design or management decision.,"water records, yield data, calculator","water balance, ET, IWP or ETWP evidence","The method is reproducible, assumptions are explicit, uncertainty is addressed, and the recommendation is technically defensible.",State data sources and assumptions. Follow teacher instructions and school garden safety rules.,"Propose one optimization or next-stage prototype/test for the Water Productivity Garden, including a measurable acceptance criterion."
GM-442,SSS 1-3,Water Productivity Garden,2,WATER RESEARCH MISSION,Frame and execute a research or engineering mission on water-balance and productivity analysis. Produce quantitative evidence that can support a design or management decision.,"water records, yield data, calculator","water balance, ET, IWP or ETWP evidence","The method is reproducible, assumptions are explicit, uncertainty is addressed, and the recommendation is technically defensible.",State data sources and assumptions. Follow teacher instructions and school garden safety rules.,"Propose one optimization or next-stage prototype/test for the Water Productivity Garden, including a measurable acceptance criterion."
GM-443,SSS 1-3,Water Productivity Garden,3,INSTRUMENT THE DESIGN,Frame and execute a research or engineering mission on water-balance and productivity analysis. Produce quantitative evidence that can support a design or management decision.,"water records, yield data, calculator","water balance, ET, IWP or ETWP evidence","The method is reproducible, assumptions are explicit, uncertainty is addressed, and the recommendation is technically defensible.",State data sources and assumptions. Follow teacher instructions and school garden safety rules.,"Propose one optimization or next-stage prototype/test for the Water Productivity Garden, including a measurable acceptance criterion."
GM-444,SSS 1-3,Water Productivity Garden,4,CALIBRATE FOR PERFORMANCE,Frame and execute a research or engineering mission on water-balance and productivity analysis. Produce quantitative evidence that can support a design or management decision.,"water records, yield data, calculator","water balance, ET, IWP or ETWP evidence","The method is reproducible, assumptions are explicit, uncertainty is addressed, and the recommendation is technically defensible.",State data sources and assumptions. Follow teacher instructions and school garden safety rules.,"Propose one optimization or next-stage prototype/test for the Water Productivity Garden, including a measurable acceptance criterion."
GM-445,SSS 1-3,Water Productivity Garden,5,WATER RESEARCH MISSION,Frame and execute a research or engineering mission on water-balance and productivity analysis. Produce quantitative evidence that can support a design or management decision.,"water records, yield data, calculator","water balance, ET, IWP or ETWP evidence","The method is reproducible, assumptions are explicit, uncertainty is addressed, and the recommendation is technically defensible.",State data sources and assumptions. Follow teacher instructions and school garden safety rules.,"Propose one optimization or next-stage prototype/test for the Water Productivity Garden, including a measurable acceptance criterion."
GM-446,SSS 1-3,Water Productivity Garden,6,VALIDATE THE DESIGN,Frame and execute a research or engineering mission on water-balance and productivity analysis. Produce quantitative evidence that can support a design or management decision.,"water records, yield data, calculator","water balance, ET, IWP or ETWP evidence","The method is reproducible, assumptions are explicit, uncertainty is addressed, and the recommendation is technically defensible.",State data sources and assumptions. Follow teacher instructions and school garden safety rules.,"Propose one optimization or next-stage prototype/test for the Water Productivity Garden, including a measurable acceptance criterion."
GM-447,SSS 1-3,Water Productivity Garden,7,EVALUATE FOR PERFORMANCE,Frame and execute a research or engineering mission on water-balance and productivity analysis. Produce quantitative evidence that can support a design or management decision.,"water records, yield data, calculator","water balance, ET, IWP or ETWP evidence","The method is reproducible, assumptions are explicit, uncertainty is addressed, and the recommendation is technically defensible.",State data sources and assumptions. Follow teacher instructions and school garden safety rules.,"Propose one optimization or next-stage prototype/test for the Water Productivity Garden, including a measurable acceptance criterion."
GM-448,SSS 1-3,Water Productivity Garden,8,WATER RESEARCH MISSION,Frame and execute a research or engineering mission on water-balance and productivity analysis. Produce quantitative evidence that can support a design or management decision.,"water records, yield data, calculator","water balance, ET, IWP or ETWP evidence","The method is reproducible, assumptions are explicit, uncertainty is addressed, and the recommendation is technically defensible.",State data sources and assumptions. Follow teacher instructions and school garden safety rules.,"Propose one optimization or next-stage prototype/test for the Water Productivity Garden, including a measurable acceptance criterion."
GM-449,SSS 1-3,Water Productivity Garden,9,STRESS-TEST THE DESIGN,Frame and execute a research or engineering mission on water-balance and productivity analysis. Produce quantitative evidence that can support a design or management decision.,"water records, yield data, calculator","water balance, ET, IWP or ETWP evidence","The method is reproducible, assumptions are explicit, uncertainty is addressed, and the recommendation is technically defensible.",State data sources and assumptions. Follow teacher instructions and school garden safety rules.,"Propose one optimization or next-stage prototype/test for the Water Productivity Garden, including a measurable acceptance criterion."
GM-450,SSS 1-3,Water Productivity Garden,10,RECOMMEND FOR PERFORMANCE,Frame and execute a research or engineering mission on water-balance and productivity analysis. Produce quantitative evidence that can support a design or management decision.,"water records, yield data, calculator","water balance, ET, IWP or ETWP evidence","The method is reproducible, assumptions are explicit, uncertainty is addressed, and the recommendation is technically defensible.",State data sources and assumptions. Follow teacher instructions and school garden safety rules.,"Propose one optimization or next-stage prototype/test for the Water Productivity Garden, including a measurable acceptance criterion."
GM-451,SSS 1-3,Advanced Soilless Garden,1,FRAME FOR PERFORMANCE,Frame and execute a research or engineering mission on recirculating soilless control. Produce quantitative evidence that can support a design or management decision.,"pH/EC meters, flow data, system map","pH/EC dynamics, residence time or diagnostic evidence","The method is reproducible, assumptions are explicit, uncertainty is addressed, and the recommendation is technically defensible.",Teacher supervises nutrient-solution work. Follow teacher instructions and school garden safety rules.,"Propose one optimization or next-stage prototype/test for the Advanced Soilless Garden, including a measurable acceptance criterion."
GM-452,SSS 1-3,Advanced Soilless Garden,2,ADVANCED RESEARCH MISSION,Frame and execute a research or engineering mission on recirculating soilless control. Produce quantitative evidence that can support a design or management decision.,"pH/EC meters, flow data, system map","pH/EC dynamics, residence time or diagnostic evidence","The method is reproducible, assumptions are explicit, uncertainty is addressed, and the recommendation is technically defensible.",Teacher supervises nutrient-solution work. Follow teacher instructions and school garden safety rules.,"Propose one optimization or next-stage prototype/test for the Advanced Soilless Garden, including a measurable acceptance criterion."
GM-453,SSS 1-3,Advanced Soilless Garden,3,INSTRUMENT THE DESIGN,Frame and execute a research or engineering mission on recirculating soilless control. Produce quantitative evidence that can support a design or management decision.,"pH/EC meters, flow data, system map","pH/EC dynamics, residence time or diagnostic evidence","The method is reproducible, assumptions are explicit, uncertainty is addressed, and the recommendation is technically defensible.",Teacher supervises nutrient-solution work. Follow teacher instructions and school garden safety rules.,"Propose one optimization or next-stage prototype/test for the Advanced Soilless Garden, including a measurable acceptance criterion."
GM-454,SSS 1-3,Advanced Soilless Garden,4,CALIBRATE FOR PERFORMANCE,Frame and execute a research or engineering mission on recirculating soilless control. Produce quantitative evidence that can support a design or management decision.,"pH/EC meters, flow data, system map","pH/EC dynamics, residence time or diagnostic evidence","The method is reproducible, assumptions are explicit, uncertainty is addressed, and the recommendation is technically defensible.",Teacher supervises nutrient-solution work. Follow teacher instructions and school garden safety rules.,"Propose one optimization or next-stage prototype/test for the Advanced Soilless Garden, including a measurable acceptance criterion."
GM-455,SSS 1-3,Advanced Soilless Garden,5,ADVANCED RESEARCH MISSION,Frame and execute a research or engineering mission on recirculating soilless control. Produce quantitative evidence that can support a design or management decision.,"pH/EC meters, flow data, system map","pH/EC dynamics, residence time or diagnostic evidence","The method is reproducible, assumptions are explicit, uncertainty is addressed, and the recommendation is technically defensible.",Teacher supervises nutrient-solution work. Follow teacher instructions and school garden safety rules.,"Propose one optimization or next-stage prototype/test for the Advanced Soilless Garden, including a measurable acceptance criterion."
GM-456,SSS 1-3,Advanced Soilless Garden,6,VALIDATE THE DESIGN,Frame and execute a research or engineering mission on recirculating soilless control. Produce quantitative evidence that can support a design or management decision.,"pH/EC meters, flow data, system map","pH/EC dynamics, residence time or diagnostic evidence","The method is reproducible, assumptions are explicit, uncertainty is addressed, and the recommendation is technically defensible.",Teacher supervises nutrient-solution work. Follow teacher instructions and school garden safety rules.,"Propose one optimization or next-stage prototype/test for the Advanced Soilless Garden, including a measurable acceptance criterion."
GM-457,SSS 1-3,Advanced Soilless Garden,7,EVALUATE FOR PERFORMANCE,Frame and execute a research or engineering mission on recirculating soilless control. Produce quantitative evidence that can support a design or management decision.,"pH/EC meters, flow data, system map","pH/EC dynamics, residence time or diagnostic evidence","The method is reproducible, assumptions are explicit, uncertainty is addressed, and the recommendation is technically defensible.",Teacher supervises nutrient-solution work. Follow teacher instructions and school garden safety rules.,"Propose one optimization or next-stage prototype/test for the Advanced Soilless Garden, including a measurable acceptance criterion."
GM-458,SSS 1-3,Advanced Soilless Garden,8,ADVANCED RESEARCH MISSION,Frame and execute a research or engineering mission on recirculating soilless control. Produce quantitative evidence that can support a design or management decision.,"pH/EC meters, flow data, system map","pH/EC dynamics, residence time or diagnostic evidence","The method is reproducible, assumptions are explicit, uncertainty is addressed, and the recommendation is technically defensible.",Teacher supervises nutrient-solution work. Follow teacher instructions and school garden safety rules.,"Propose one optimization or next-stage prototype/test for the Advanced Soilless Garden, including a measurable acceptance criterion."
GM-459,SSS 1-3,Advanced Soilless Garden,9,STRESS-TEST THE DESIGN,Frame and execute a research or engineering mission on recirculating soilless control. Produce quantitative evidence that can support a design or management decision.,"pH/EC meters, flow data, system map","pH/EC dynamics, residence time or diagnostic evidence","The method is reproducible, assumptions are explicit, uncertainty is addressed, and the recommendation is technically defensible.",Teacher supervises nutrient-solution work. Follow teacher instructions and school garden safety rules.,"Propose one optimization or next-stage prototype/test for the Advanced Soilless Garden, including a measurable acceptance criterion."
GM-460,SSS 1-3,Advanced Soilless Garden,10,RECOMMEND FOR PERFORMANCE,Frame and execute a research or engineering mission on recirculating soilless control. Produce quantitative evidence that can support a design or management decision.,"pH/EC meters, flow data, system map","pH/EC dynamics, residence time or diagnostic evidence","The method is reproducible, assumptions are explicit, uncertainty is addressed, and the recommendation is technically defensible.",Teacher supervises nutrient-solution work. Follow teacher instructions and school garden safety rules.,"Propose one optimization or next-stage prototype/test for the Advanced Soilless Garden, including a measurable acceptance criterion."
GM-461,SSS 1-3,Sensor & Monitoring Garden,1,FRAME FOR PERFORMANCE,Frame and execute a research or engineering mission on instrumentation and monitoring quality. Produce quantitative evidence that can support a design or management decision.,"sensor, reference, calibration data","bias, precision, calibration, MAE/RMSE or placement evidence","The method is reproducible, assumptions are explicit, uncertainty is addressed, and the recommendation is technically defensible.",Protect instruments. Follow teacher instructions and school garden safety rules.,"Propose one optimization or next-stage prototype/test for the Sensor & Monitoring Garden, including a measurable acceptance criterion."
GM-462,SSS 1-3,Sensor & Monitoring Garden,2,SENSOR RESEARCH MISSION,Frame and execute a research or engineering mission on instrumentation and monitoring quality. Produce quantitative evidence that can support a design or management decision.,"sensor, reference, calibration data","bias, precision, calibration, MAE/RMSE or placement evidence","The method is reproducible, assumptions are explicit, uncertainty is addressed, and the recommendation is technically defensible.",Protect instruments. Follow teacher instructions and school garden safety rules.,"Propose one optimization or next-stage prototype/test for the Sensor & Monitoring Garden, including a measurable acceptance criterion."
GM-463,SSS 1-3,Sensor & Monitoring Garden,3,INSTRUMENT THE DESIGN,Frame and execute a research or engineering mission on instrumentation and monitoring quality. Produce quantitative evidence that can support a design or management decision.,"sensor, reference, calibration data","bias, precision, calibration, MAE/RMSE or placement evidence","The method is reproducible, assumptions are explicit, uncertainty is addressed, and the recommendation is technically defensible.",Protect instruments. Follow teacher instructions and school garden safety rules.,"Propose one optimization or next-stage prototype/test for the Sensor & Monitoring Garden, including a measurable acceptance criterion."
GM-464,SSS 1-3,Sensor & Monitoring Garden,4,CALIBRATE FOR PERFORMANCE,Frame and execute a research or engineering mission on instrumentation and monitoring quality. Produce quantitative evidence that can support a design or management decision.,"sensor, reference, calibration data","bias, precision, calibration, MAE/RMSE or placement evidence","The method is reproducible, assumptions are explicit, uncertainty is addressed, and the recommendation is technically defensible.",Protect instruments. Follow teacher instructions and school garden safety rules.,"Propose one optimization or next-stage prototype/test for the Sensor & Monitoring Garden, including a measurable acceptance criterion."
GM-465,SSS 1-3,Sensor & Monitoring Garden,5,SENSOR RESEARCH MISSION,Frame and execute a research or engineering mission on instrumentation and monitoring quality. Produce quantitative evidence that can support a design or management decision.,"sensor, reference, calibration data","bias, precision, calibration, MAE/RMSE or placement evidence","The method is reproducible, assumptions are explicit, uncertainty is addressed, and the recommendation is technically defensible.",Protect instruments. Follow teacher instructions and school garden safety rules.,"Propose one optimization or next-stage prototype/test for the Sensor & Monitoring Garden, including a measurable acceptance criterion."
GM-466,SSS 1-3,Sensor & Monitoring Garden,6,VALIDATE THE DESIGN,Frame and execute a research or engineering mission on instrumentation and monitoring quality. Produce quantitative evidence that can support a design or management decision.,"sensor, reference, calibration data","bias, precision, calibration, MAE/RMSE or placement evidence","The method is reproducible, assumptions are explicit, uncertainty is addressed, and the recommendation is technically defensible.",Protect instruments. Follow teacher instructions and school garden safety rules.,"Propose one optimization or next-stage prototype/test for the Sensor & Monitoring Garden, including a measurable acceptance criterion."
GM-467,SSS 1-3,Sensor & Monitoring Garden,7,EVALUATE FOR PERFORMANCE,Frame and execute a research or engineering mission on instrumentation and monitoring quality. Produce quantitative evidence that can support a design or management decision.,"sensor, reference, calibration data","bias, precision, calibration, MAE/RMSE or placement evidence","The method is reproducible, assumptions are explicit, uncertainty is addressed, and the recommendation is technically defensible.",Protect instruments. Follow teacher instructions and school garden safety rules.,"Propose one optimization or next-stage prototype/test for the Sensor & Monitoring Garden, including a measurable acceptance criterion."
GM-468,SSS 1-3,Sensor & Monitoring Garden,8,SENSOR RESEARCH MISSION,Frame and execute a research or engineering mission on instrumentation and monitoring quality. Produce quantitative evidence that can support a design or management decision.,"sensor, reference, calibration data","bias, precision, calibration, MAE/RMSE or placement evidence","The method is reproducible, assumptions are explicit, uncertainty is addressed, and the recommendation is technically defensible.",Protect instruments. Follow teacher instructions and school garden safety rules.,"Propose one optimization or next-stage prototype/test for the Sensor & Monitoring Garden, including a measurable acceptance criterion."
GM-469,SSS 1-3,Sensor & Monitoring Garden,9,STRESS-TEST THE DESIGN,Frame and execute a research or engineering mission on instrumentation and monitoring quality. Produce quantitative evidence that can support a design or management decision.,"sensor, reference, calibration data","bias, precision, calibration, MAE/RMSE or placement evidence","The method is reproducible, assumptions are explicit, uncertainty is addressed, and the recommendation is technically defensible.",Protect instruments. Follow teacher instructions and school garden safety rules.,"Propose one optimization or next-stage prototype/test for the Sensor & Monitoring Garden, including a measurable acceptance criterion."
GM-470,SSS 1-3,Sensor & Monitoring Garden,10,RECOMMEND FOR PERFORMANCE,Frame and execute a research or engineering mission on instrumentation and monitoring quality. Produce quantitative evidence that can support a design or management decision.,"sensor, reference, calibration data","bias, precision, calibration, MAE/RMSE or placement evidence","The method is reproducible, assumptions are explicit, uncertainty is addressed, and the recommendation is technically defensible.",Protect instruments. Follow teacher instructions and school garden safety rules.,"Propose one optimization or next-stage prototype/test for the Sensor & Monitoring Garden, including a measurable acceptance criterion."
GM-471,SSS 1-3,Smart Irrigation Demonstrator,1,FRAME FOR PERFORMANCE,Frame and execute a research or engineering mission on feedback irrigation control. Produce quantitative evidence that can support a design or management decision.,"controller logs, sensors, calculator","threshold, hysteresis, response or performance evidence","The method is reproducible, assumptions are explicit, uncertainty is addressed, and the recommendation is technically defensible.",Do not bypass safety controls. Follow teacher instructions and school garden safety rules.,"Propose one optimization or next-stage prototype/test for the Smart Irrigation Demonstrator, including a measurable acceptance criterion."
GM-472,SSS 1-3,Smart Irrigation Demonstrator,2,SMART RESEARCH MISSION,Frame and execute a research or engineering mission on feedback irrigation control. Produce quantitative evidence that can support a design or management decision.,"controller logs, sensors, calculator","threshold, hysteresis, response or performance evidence","The method is reproducible, assumptions are explicit, uncertainty is addressed, and the recommendation is technically defensible.",Do not bypass safety controls. Follow teacher instructions and school garden safety rules.,"Propose one optimization or next-stage prototype/test for the Smart Irrigation Demonstrator, including a measurable acceptance criterion."
GM-473,SSS 1-3,Smart Irrigation Demonstrator,3,INSTRUMENT THE DESIGN,Frame and execute a research or engineering mission on feedback irrigation control. Produce quantitative evidence that can support a design or management decision.,"controller logs, sensors, calculator","threshold, hysteresis, response or performance evidence","The method is reproducible, assumptions are explicit, uncertainty is addressed, and the recommendation is technically defensible.",Do not bypass safety controls. Follow teacher instructions and school garden safety rules.,"Propose one optimization or next-stage prototype/test for the Smart Irrigation Demonstrator, including a measurable acceptance criterion."
GM-474,SSS 1-3,Smart Irrigation Demonstrator,4,CALIBRATE FOR PERFORMANCE,Frame and execute a research or engineering mission on feedback irrigation control. Produce quantitative evidence that can support a design or management decision.,"controller logs, sensors, calculator","threshold, hysteresis, response or performance evidence","The method is reproducible, assumptions are explicit, uncertainty is addressed, and the recommendation is technically defensible.",Do not bypass safety controls. Follow teacher instructions and school garden safety rules.,"Propose one optimization or next-stage prototype/test for the Smart Irrigation Demonstrator, including a measurable acceptance criterion."
GM-475,SSS 1-3,Smart Irrigation Demonstrator,5,SMART RESEARCH MISSION,Frame and execute a research or engineering mission on feedback irrigation control. Produce quantitative evidence that can support a design or management decision.,"controller logs, sensors, calculator","threshold, hysteresis, response or performance evidence","The method is reproducible, assumptions are explicit, uncertainty is addressed, and the recommendation is technically defensible.",Do not bypass safety controls. Follow teacher instructions and school garden safety rules.,"Propose one optimization or next-stage prototype/test for the Smart Irrigation Demonstrator, including a measurable acceptance criterion."
GM-476,SSS 1-3,Smart Irrigation Demonstrator,6,VALIDATE THE DESIGN,Frame and execute a research or engineering mission on feedback irrigation control. Produce quantitative evidence that can support a design or management decision.,"controller logs, sensors, calculator","threshold, hysteresis, response or performance evidence","The method is reproducible, assumptions are explicit, uncertainty is addressed, and the recommendation is technically defensible.",Do not bypass safety controls. Follow teacher instructions and school garden safety rules.,"Propose one optimization or next-stage prototype/test for the Smart Irrigation Demonstrator, including a measurable acceptance criterion."
GM-477,SSS 1-3,Smart Irrigation Demonstrator,7,EVALUATE FOR PERFORMANCE,Frame and execute a research or engineering mission on feedback irrigation control. Produce quantitative evidence that can support a design or management decision.,"controller logs, sensors, calculator","threshold, hysteresis, response or performance evidence","The method is reproducible, assumptions are explicit, uncertainty is addressed, and the recommendation is technically defensible.",Do not bypass safety controls. Follow teacher instructions and school garden safety rules.,"Propose one optimization or next-stage prototype/test for the Smart Irrigation Demonstrator, including a measurable acceptance criterion."
GM-478,SSS 1-3,Smart Irrigation Demonstrator,8,SMART RESEARCH MISSION,Frame and execute a research or engineering mission on feedback irrigation control. Produce quantitative evidence that can support a design or management decision.,"controller logs, sensors, calculator","threshold, hysteresis, response or performance evidence","The method is reproducible, assumptions are explicit, uncertainty is addressed, and the recommendation is technically defensible.",Do not bypass safety controls. Follow teacher instructions and school garden safety rules.,"Propose one optimization or next-stage prototype/test for the Smart Irrigation Demonstrator, including a measurable acceptance criterion."
GM-479,SSS 1-3,Smart Irrigation Demonstrator,9,STRESS-TEST THE DESIGN,Frame and execute a research or engineering mission on feedback irrigation control. Produce quantitative evidence that can support a design or management decision.,"controller logs, sensors, calculator","threshold, hysteresis, response or performance evidence","The method is reproducible, assumptions are explicit, uncertainty is addressed, and the recommendation is technically defensible.",Do not bypass safety controls. Follow teacher instructions and school garden safety rules.,"Propose one optimization or next-stage prototype/test for the Smart Irrigation Demonstrator, including a measurable acceptance criterion."
GM-480,SSS 1-3,Smart Irrigation Demonstrator,10,RECOMMEND FOR PERFORMANCE,Frame and execute a research or engineering mission on feedback irrigation control. Produce quantitative evidence that can support a design or management decision.,"controller logs, sensors, calculator","threshold, hysteresis, response or performance evidence","The method is reproducible, assumptions are explicit, uncertainty is addressed, and the recommendation is technically defensible.",Do not bypass safety controls. Follow teacher instructions and school garden safety rules.,"Propose one optimization or next-stage prototype/test for the Smart Irrigation Demonstrator, including a measurable acceptance criterion."
GM-481,SSS 1-3,Research & Design Garden,1,FRAME FOR PERFORMANCE,Frame and execute a research or engineering mission on engineering design decisions. Produce quantitative evidence that can support a design or management decision.,"requirements sheet, decision matrix","requirement, score, test or techno-economic evidence","The method is reproducible, assumptions are explicit, uncertainty is addressed, and the recommendation is technically defensible.",Document assumptions. Follow teacher instructions and school garden safety rules.,"Propose one optimization or next-stage prototype/test for the Research & Design Garden, including a measurable acceptance criterion."
GM-482,SSS 1-3,Research & Design Garden,2,RESEARCH RESEARCH MISSION,Frame and execute a research or engineering mission on engineering design decisions. Produce quantitative evidence that can support a design or management decision.,"requirements sheet, decision matrix","requirement, score, test or techno-economic evidence","The method is reproducible, assumptions are explicit, uncertainty is addressed, and the recommendation is technically defensible.",Document assumptions. Follow teacher instructions and school garden safety rules.,"Propose one optimization or next-stage prototype/test for the Research & Design Garden, including a measurable acceptance criterion."
GM-483,SSS 1-3,Research & Design Garden,3,INSTRUMENT THE DESIGN,Frame and execute a research or engineering mission on engineering design decisions. Produce quantitative evidence that can support a design or management decision.,"requirements sheet, decision matrix","requirement, score, test or techno-economic evidence","The method is reproducible, assumptions are explicit, uncertainty is addressed, and the recommendation is technically defensible.",Document assumptions. Follow teacher instructions and school garden safety rules.,"Propose one optimization or next-stage prototype/test for the Research & Design Garden, including a measurable acceptance criterion."
GM-484,SSS 1-3,Research & Design Garden,4,CALIBRATE FOR PERFORMANCE,Frame and execute a research or engineering mission on engineering design decisions. Produce quantitative evidence that can support a design or management decision.,"requirements sheet, decision matrix","requirement, score, test or techno-economic evidence","The method is reproducible, assumptions are explicit, uncertainty is addressed, and the recommendation is technically defensible.",Document assumptions. Follow teacher instructions and school garden safety rules.,"Propose one optimization or next-stage prototype/test for the Research & Design Garden, including a measurable acceptance criterion."
GM-485,SSS 1-3,Research & Design Garden,5,RESEARCH RESEARCH MISSION,Frame and execute a research or engineering mission on engineering design decisions. Produce quantitative evidence that can support a design or management decision.,"requirements sheet, decision matrix","requirement, score, test or techno-economic evidence","The method is reproducible, assumptions are explicit, uncertainty is addressed, and the recommendation is technically defensible.",Document assumptions. Follow teacher instructions and school garden safety rules.,"Propose one optimization or next-stage prototype/test for the Research & Design Garden, including a measurable acceptance criterion."
GM-486,SSS 1-3,Research & Design Garden,6,VALIDATE THE DESIGN,Frame and execute a research or engineering mission on engineering design decisions. Produce quantitative evidence that can support a design or management decision.,"requirements sheet, decision matrix","requirement, score, test or techno-economic evidence","The method is reproducible, assumptions are explicit, uncertainty is addressed, and the recommendation is technically defensible.",Document assumptions. Follow teacher instructions and school garden safety rules.,"Propose one optimization or next-stage prototype/test for the Research & Design Garden, including a measurable acceptance criterion."
GM-487,SSS 1-3,Research & Design Garden,7,EVALUATE FOR PERFORMANCE,Frame and execute a research or engineering mission on engineering design decisions. Produce quantitative evidence that can support a design or management decision.,"requirements sheet, decision matrix","requirement, score, test or techno-economic evidence","The method is reproducible, assumptions are explicit, uncertainty is addressed, and the recommendation is technically defensible.",Document assumptions. Follow teacher instructions and school garden safety rules.,"Propose one optimization or next-stage prototype/test for the Research & Design Garden, including a measurable acceptance criterion."
GM-488,SSS 1-3,Research & Design Garden,8,RESEARCH RESEARCH MISSION,Frame and execute a research or engineering mission on engineering design decisions. Produce quantitative evidence that can support a design or management decision.,"requirements sheet, decision matrix","requirement, score, test or techno-economic evidence","The method is reproducible, assumptions are explicit, uncertainty is addressed, and the recommendation is technically defensible.",Document assumptions. Follow teacher instructions and school garden safety rules.,"Propose one optimization or next-stage prototype/test for the Research & Design Garden, including a measurable acceptance criterion."
GM-489,SSS 1-3,Research & Design Garden,9,STRESS-TEST THE DESIGN,Frame and execute a research or engineering mission on engineering design decisions. Produce quantitative evidence that can support a design or management decision.,"requirements sheet, decision matrix","requirement, score, test or techno-economic evidence","The method is reproducible, assumptions are explicit, uncertainty is addressed, and the recommendation is technically defensible.",Document assumptions. Follow teacher instructions and school garden safety rules.,"Propose one optimization or next-stage prototype/test for the Research & Design Garden, including a measurable acceptance criterion."
GM-490,SSS 1-3,Research & Design Garden,10,RECOMMEND FOR PERFORMANCE,Frame and execute a research or engineering mission on engineering design decisions. Produce quantitative evidence that can support a design or management decision.,"requirements sheet, decision matrix","requirement, score, test or techno-economic evidence","The method is reproducible, assumptions are explicit, uncertainty is addressed, and the recommendation is technically defensible.",Document assumptions. Follow teacher instructions and school garden safety rules.,"Propose one optimization or next-stage prototype/test for the Research & Design Garden, including a measurable acceptance criterion."
GM-491,SSS 1-3,Integrated Food Systems Laboratory,1,FRAME FOR PERFORMANCE,Frame and execute a research or engineering mission on integrated food-water-energy system behavior. Produce quantitative evidence that can support a design or management decision.,"system map, time series, calculator","balance, mismatch, cascade or scenario evidence","The method is reproducible, assumptions are explicit, uncertainty is addressed, and the recommendation is technically defensible.",Respect laboratory procedures. Follow teacher instructions and school garden safety rules.,"Propose one optimization or next-stage prototype/test for the Integrated Food Systems Laboratory, including a measurable acceptance criterion."
GM-492,SSS 1-3,Integrated Food Systems Laboratory,2,INTEGRATED RESEARCH MISSION,Frame and execute a research or engineering mission on integrated food-water-energy system behavior. Produce quantitative evidence that can support a design or management decision.,"system map, time series, calculator","balance, mismatch, cascade or scenario evidence","The method is reproducible, assumptions are explicit, uncertainty is addressed, and the recommendation is technically defensible.",Respect laboratory procedures. Follow teacher instructions and school garden safety rules.,"Propose one optimization or next-stage prototype/test for the Integrated Food Systems Laboratory, including a measurable acceptance criterion."
GM-493,SSS 1-3,Integrated Food Systems Laboratory,3,INSTRUMENT THE DESIGN,Frame and execute a research or engineering mission on integrated food-water-energy system behavior. Produce quantitative evidence that can support a design or management decision.,"system map, time series, calculator","balance, mismatch, cascade or scenario evidence","The method is reproducible, assumptions are explicit, uncertainty is addressed, and the recommendation is technically defensible.",Respect laboratory procedures. Follow teacher instructions and school garden safety rules.,"Propose one optimization or next-stage prototype/test for the Integrated Food Systems Laboratory, including a measurable acceptance criterion."
GM-494,SSS 1-3,Integrated Food Systems Laboratory,4,CALIBRATE FOR PERFORMANCE,Frame and execute a research or engineering mission on integrated food-water-energy system behavior. Produce quantitative evidence that can support a design or management decision.,"system map, time series, calculator","balance, mismatch, cascade or scenario evidence","The method is reproducible, assumptions are explicit, uncertainty is addressed, and the recommendation is technically defensible.",Respect laboratory procedures. Follow teacher instructions and school garden safety rules.,"Propose one optimization or next-stage prototype/test for the Integrated Food Systems Laboratory, including a measurable acceptance criterion."
GM-495,SSS 1-3,Integrated Food Systems Laboratory,5,INTEGRATED RESEARCH MISSION,Frame and execute a research or engineering mission on integrated food-water-energy system behavior. Produce quantitative evidence that can support a design or management decision.,"system map, time series, calculator","balance, mismatch, cascade or scenario evidence","The method is reproducible, assumptions are explicit, uncertainty is addressed, and the recommendation is technically defensible.",Respect laboratory procedures. Follow teacher instructions and school garden safety rules.,"Propose one optimization or next-stage prototype/test for the Integrated Food Systems Laboratory, including a measurable acceptance criterion."
GM-496,SSS 1-3,Integrated Food Systems Laboratory,6,VALIDATE THE DESIGN,Frame and execute a research or engineering mission on integrated food-water-energy system behavior. Produce quantitative evidence that can support a design or management decision.,"system map, time series, calculator","balance, mismatch, cascade or scenario evidence","The method is reproducible, assumptions are explicit, uncertainty is addressed, and the recommendation is technically defensible.",Respect laboratory procedures. Follow teacher instructions and school garden safety rules.,"Propose one optimization or next-stage prototype/test for the Integrated Food Systems Laboratory, including a measurable acceptance criterion."
GM-497,SSS 1-3,Integrated Food Systems Laboratory,7,EVALUATE FOR PERFORMANCE,Frame and execute a research or engineering mission on integrated food-water-energy system behavior. Produce quantitative evidence that can support a design or management decision.,"system map, time series, calculator","balance, mismatch, cascade or scenario evidence","The method is reproducible, assumptions are explicit, uncertainty is addressed, and the recommendation is technically defensible.",Respect laboratory procedures. Follow teacher instructions and school garden safety rules.,"Propose one optimization or next-stage prototype/test for the Integrated Food Systems Laboratory, including a measurable acceptance criterion."
GM-498,SSS 1-3,Integrated Food Systems Laboratory,8,INTEGRATED RESEARCH MISSION,Frame and execute a research or engineering mission on integrated food-water-energy system behavior. Produce quantitative evidence that can support a design or management decision.,"system map, time series, calculator","balance, mismatch, cascade or scenario evidence","The method is reproducible, assumptions are explicit, uncertainty is addressed, and the recommendation is technically defensible.",Respect laboratory procedures. Follow teacher instructions and school garden safety rules.,"Propose one optimization or next-stage prototype/test for the Integrated Food Systems Laboratory, including a measurable acceptance criterion."
GM-499,SSS 1-3,Integrated Food Systems Laboratory,9,STRESS-TEST THE DESIGN,Frame and execute a research or engineering mission on integrated food-water-energy system behavior. Produce quantitative evidence that can support a design or management decision.,"system map, time series, calculator","balance, mismatch, cascade or scenario evidence","The method is reproducible, assumptions are explicit, uncertainty is addressed, and the recommendation is technically defensible.",Respect laboratory procedures. Follow teacher instructions and school garden safety rules.,"Propose one optimization or next-stage prototype/test for the Integrated Food Systems Laboratory, including a measurable acceptance criterion."
GM-500,SSS 1-3,Integrated Food Systems Laboratory,10,RECOMMEND FOR PERFORMANCE,Frame and execute a research or engineering mission on integrated food-water-energy system behavior. Produce quantitative evidence that can support a design or management decision.,"system map, time series, calculator","balance, mismatch, cascade or scenario evidence","The method is reproducible, assumptions are explicit, uncertainty is addressed, and the recommendation is technically defensible.",Respect laboratory procedures. Follow teacher instructions and school garden safety rules.,"Propose one optimization or next-stage prototype/test for the Integrated Food Systems Laboratory, including a measurable acceptance criterion."
